company,post_no,date,days_ago,type,reactions,comments,reposts,total_engagement,title,post_url,company_url
Truvio,1,2026-09-09,1,Multi-image,77,2,3,82,"Today, developers from across our partner community have taken over Aarhus",https://www.linkedin.com/feed/update/urn:li:activity:7503415053665099776/,https://www.linkedin.com/company/truvio-official/posts/
Truvio,2,2026-09-08,2,Image,19,0,2,21,En hel dag væk fra indbakken skal være tiden værd. Derfor har vi sammen med,https://www.linkedin.com/feed/update/urn:li:activity:7502994197914923008/,https://www.linkedin.com/company/truvio-official/posts/
Truvio,3,2026-09-07,3,Image,24,1,6,31,"For St Vincent de Paul Society NSW, modernising Accounts Payable meant more",https://www.linkedin.com/feed/update/urn:li:activity:7502591635537555456/,https://www.linkedin.com/company/truvio-official/posts/
Truvio,4,2026-09-04,6,Text,4,1,0,5,See you in Nashville this October? We're excited to be heading to,https://www.linkedin.com/feed/update/urn:li:activity:7501599238544351232/,https://www.linkedin.com/company/truvio-official/posts/
Truvio,5,2026-09-04,6,Image,59,4,2,65,What an energising few days for the Truvio team at Days of Knowledge ANZ!,https://www.linkedin.com/feed/update/urn:li:activity:7501436968182894592/,https://www.linkedin.com/company/truvio-official/posts/
Truvio,6,2026-09-03,7,Multi-image,66,4,2,72,"Great start to Days of Knowledge ANZ! Today, David Williams, GAICD. and I had",https://www.linkedin.com/feed/update/urn:li:activity:7501197893987368961/,https://www.linkedin.com/company/truvio-official/posts/
Truvio,7,2026-09-03,7,Multi-image,22,0,5,27,Day 1 at Days of Knowledge - ANZ is well underway! We've just wrapped up our,https://www.linkedin.com/feed/update/urn:li:activity:7501115371299495936/,https://www.linkedin.com/company/truvio-official/posts/
Truvio,8,2026-09-02,8,Image,13,0,2,15,"Your AP dashboard might say ""automated."" Your AP team might tell a different",https://www.linkedin.com/feed/update/urn:li:activity:7500825109536894976/,https://www.linkedin.com/company/truvio-official/posts/
Truvio,9,2026-09-01,9,Image,16,0,2,18,Remember when waiting was just part of the process? Waiting on approvals.,https://www.linkedin.com/feed/update/urn:li:activity:7500615198873985024/,https://www.linkedin.com/company/truvio-official/posts/
Truvio,10,2026-09-01,9,Image,13,0,1,14,"How do you manage more than 200,000 products across your own webshop and a",https://www.linkedin.com/feed/update/urn:li:activity:7500454932307681280/,https://www.linkedin.com/company/truvio-official/posts/
Truvio,11,2026-08-31,10,Image,11,0,1,12,"November 14, 2026. From that date, SWIFT CBPR+ will no longer accept",https://www.linkedin.com/feed/update/urn:li:activity:7500112134568058880/,https://www.linkedin.com/company/truvio-official/posts/
Truvio,12,2026-08-28,13,Video,16,0,3,19,4 minutes versus 17 minutes per invoice. That was the difference measured,https://www.linkedin.com/feed/update/urn:li:activity:7498998431638556673/,https://www.linkedin.com/company/truvio-official/posts/
Truvio,13,2026-08-27,14,Video,10,2,3,15,There's a lot happening at Truvio-and it goes beyond bringing several trusted,https://www.linkedin.com/feed/update/urn:li:activity:7498744694827319296/,https://www.linkedin.com/company/truvio-official/posts/
Truvio,14,2026-08-27,14,Image,10,2,0,12,B2B-kunder begynder ikke nødvendigvis deres købsrejse på jeres webshop. De,https://www.linkedin.com/feed/update/urn:li:activity:7498643056674402304/,https://www.linkedin.com/company/truvio-official/posts/
Truvio,15,2026-08-27,14,Image,35,2,6,43,Invoice capture is only one part of accounts payable automation. What happens,https://www.linkedin.com/feed/update/urn:li:activity:7498529844528398336/,https://www.linkedin.com/company/truvio-official/posts/
Truvio,16,2026-08-25,16,Text,2,0,0,2,One last episode. One last chance to enter! We're wrapping up our Truvio,https://www.linkedin.com/feed/update/urn:li:activity:7498084830446899201/,https://www.linkedin.com/company/truvio-official/posts/
Truvio,17,2026-08-25,16,Image,27,0,2,29,"A keynote worth joining us in Aarhus for. On September 11, Truvio Commerce",https://www.linkedin.com/feed/update/urn:li:activity:7497918214878978048/,https://www.linkedin.com/company/truvio-official/posts/
Truvio,18,2026-08-24,17,Image,21,1,2,24,Truvio is heading to Columbus for DynamicsCon Regional: Ohio Valley! On,https://www.linkedin.com/feed/update/urn:li:activity:7497653978923696129/,https://www.linkedin.com/company/truvio-official/posts/
Truvio,19,2026-08-24,17,Image,28,3,1,32,"We're proud to sponsor the 4PS Customer Day 2026! On 15 September, our",https://www.linkedin.com/feed/update/urn:li:activity:7497573188978118656/,https://www.linkedin.com/company/truvio-official/posts/
Truvio,20,2026-08-21,20,Multi-image,79,0,1,80,"Running, walking and cheering each other on. This week, colleagues",https://www.linkedin.com/feed/update/urn:li:activity:7496468884510789632/,https://www.linkedin.com/company/truvio-official/posts/
Truvio,21,2026-08-20,21,Image,15,0,3,18,One last conversation before we officially close out summer. We're,https://www.linkedin.com/feed/update/urn:li:activity:7496269124956913664/,https://www.linkedin.com/company/truvio-official/posts/
Truvio,22,2026-08-20,21,Image,16,0,1,17,"AI er allerede ved at ændre den måde, B2B-kunder finder, sammenligner og",https://www.linkedin.com/feed/update/urn:li:activity:7496135681115860994/,https://www.linkedin.com/company/truvio-official/posts/
Truvio,23,2026-08-20,21,Image,17,0,5,22,The Commerce Product Brief is already next week. Our Product Managers are,https://www.linkedin.com/feed/update/urn:li:activity:7496113825079918592/,https://www.linkedin.com/company/truvio-official/posts/
Truvio,24,2026-08-19,22,Event,24,0,4,28,Remember when waiting was just part of the process? Waiting for invoice,https://www.linkedin.com/feed/update/urn:li:activity:7495897408086851584/,https://www.linkedin.com/company/truvio-official/posts/
Truvio,25,2026-08-19,22,Image,16,0,3,19,Nine steps. Zero manual touchpoints. That's what an automated payment,https://www.linkedin.com/feed/update/urn:li:activity:7495744057663631360/,https://www.linkedin.com/company/truvio-official/posts/
Truvio,26,2026-08-18,23,Image,19,0,4,23,A little sneak peek at what's coming next to Truvio Talks... We're not done,https://www.linkedin.com/feed/update/urn:li:activity:7495570246632775680/,https://www.linkedin.com/company/truvio-official/posts/
Truvio,27,2026-08-18,23,Text,3,0,0,3,Only 2 more days until the next episode of Truvio Talks! Vacation,https://www.linkedin.com/feed/update/urn:li:activity:7495529000841420801/,https://www.linkedin.com/company/truvio-official/posts/
Truvio,28,2026-08-18,23,Image,18,0,0,18,"When you're in the middle of a complex ERP transformation, a smooth",https://www.linkedin.com/feed/update/urn:li:activity:7495404151665905664/,https://www.linkedin.com/company/truvio-official/posts/
Truvio,29,2026-08-18,23,Image,22,0,1,23,"Vi glæder os til at være med, når Computerworld Events sætter fokus på vejen",https://www.linkedin.com/feed/update/urn:li:activity:7495374176422113280/,https://www.linkedin.com/company/truvio-official/posts/
Truvio,30,2026-08-17,24,Image,28,0,2,30,Hylke Britstra is taking the stage at Directions for Enterprise 2026 in,https://www.linkedin.com/feed/update/urn:li:activity:7495084086164627457/,https://www.linkedin.com/company/truvio-official/posts/
Truvio,31,2026-08-14,27,Image,16,0,5,21,"Summer isn't over yet, and neither is your chance to win! The Truvio Talks",https://www.linkedin.com/feed/update/urn:li:activity:7494099208589774848/,https://www.linkedin.com/company/truvio-official/posts/
Truvio,32,2026-08-14,27,Image,19,0,3,22,We're excited to share that Truvio is a Gold Sponsor at Days of Knowledge -,https://www.linkedin.com/feed/update/urn:li:activity:7493833803094994944/,https://www.linkedin.com/company/truvio-official/posts/
Truvio,33,2026-08-13,28,Image,128,6,11,145,"This year I started working for Truvio, currently focusing on the ExFlow AP",https://www.linkedin.com/feed/update/urn:li:activity:7493648978950123520/,https://www.linkedin.com/company/truvio-official/posts/
Truvio,34,2026-08-13,28,Image,27,0,5,32,"Manual payments cost more than money. Every file upload, spreadsheet update,",https://www.linkedin.com/feed/update/urn:li:activity:7493645057619566592/,https://www.linkedin.com/company/truvio-official/posts/
Truvio,35,2026-08-12,29,Image,27,0,2,29,Less than one month to go until Truvio Commerce Partner Days 2026! On,https://www.linkedin.com/feed/update/urn:li:activity:7493261372697444352/,https://www.linkedin.com/company/truvio-official/posts/
Truvio,36,2026-08-11,30,Image,16,0,7,23,"Tomorrow, new EU packaging rules begin to apply. From 12th of August, 2026,",https://www.linkedin.com/feed/update/urn:li:activity:7492920578803220480/,https://www.linkedin.com/company/truvio-official/posts/
Truvio,37,2026-08-10,31,Image,14,0,3,17,"This week, we're hosting two APJ Partner Training sessions for D365 F&O",https://www.linkedin.com/feed/update/urn:li:activity:7492399403820007424/,https://www.linkedin.com/company/truvio-official/posts/
Truvio,38,2026-08-07,34,Image,52,2,2,56,Truvio is heading to Directions for Enterprise 2026 in Copenhagen! From 23-25,https://www.linkedin.com/feed/update/urn:li:activity:7491402783993290752/,https://www.linkedin.com/company/truvio-official/posts/
Truvio,39,2026-08-06,35,Image,8,0,2,10,"Summer may be winding down, but there's still time to make your finance",https://www.linkedin.com/feed/update/urn:li:activity:7491203629517987840/,https://www.linkedin.com/company/truvio-official/posts/
Truvio,40,2026-08-06,35,Image,30,0,9,39,A 4.65/5 score is one thing. Understanding what drives enterprise fit is,https://www.linkedin.com/feed/update/urn:li:activity:7491048167564726273/,https://www.linkedin.com/company/truvio-official/posts/
Truvio,41,2026-08-05,36,Image,13,0,0,13,Every quarter brings new improvements across Truvio Commerce. Our Commerce,https://www.linkedin.com/feed/update/urn:li:activity:7490693248349356032/,https://www.linkedin.com/company/truvio-official/posts/
Truvio,42,2026-08-04,37,Event,11,0,4,15,Ready to shorten your order-to-cash cycle? Join us on August 13th to see how,https://www.linkedin.com/feed/update/urn:li:activity:7490449961004875776/,https://www.linkedin.com/company/truvio-official/posts/
Truvio,43,2026-08-04,37,Image,20,0,2,22,We are excited to be attending the Dynamics 365 ERP/CE & AI Summit NA,https://www.linkedin.com/feed/update/urn:li:activity:7490391135408934912/,https://www.linkedin.com/company/truvio-official/posts/
Truvio,44,2026-08-04,37,Video,27,0,8,35,"When customers need a spare part, finding the right one should be simple -",https://www.linkedin.com/feed/update/urn:li:activity:7490308577312546817/,https://www.linkedin.com/company/truvio-official/posts/
Truvio,45,2026-08-03,38,Image,26,0,1,27,"This September, we're bringing the Truvio Commerce partner community together",https://www.linkedin.com/feed/update/urn:li:activity:7489939705556344832/,https://www.linkedin.com/company/truvio-official/posts/
Truvio,46,2026-08-03,38,Image,19,1,2,22,Where are the untapped opportunities within your customers' Dynamics 365,https://www.linkedin.com/feed/update/urn:li:activity:7489870224968798208/,https://www.linkedin.com/company/truvio-official/posts/
Truvio,47,2026-08-01,40,Multi-image,45,3,4,52,What a way to close out the educational sessions at the AI Business Solutions,https://www.linkedin.com/feed/update/urn:li:activity:7489268700416589824/,https://www.linkedin.com/company/truvio-official/posts/
Truvio,48,2026-07-30,42,Event,20,0,9,29,Finance teams shouldn't have to spend their day chasing information. When,https://www.linkedin.com/feed/update/urn:li:activity:7488611199828303873/,https://www.linkedin.com/company/truvio-official/posts/
Truvio,49,2026-07-30,42,Multi-image,39,0,8,47,The final session of Day 1 at the Partner Executive Summit didn't end with a,https://www.linkedin.com/feed/update/urn:li:activity:7488483907298811904/,https://www.linkedin.com/company/truvio-official/posts/
Truvio,50,2026-07-28,44,Event,22,0,6,28,Ready for a vacation... but worried your finance operations might not be?,https://www.linkedin.com/feed/update/urn:li:activity:7487951357560393728/,https://www.linkedin.com/company/truvio-official/posts/
Continia Software A/S,1,2026-09-04,6,Multi-image,86,0,0,86,"Thank you, Days of Knowledge ANZ It's a wrap on",https://www.linkedin.com/feed/update/urn:li:activity:7501566572784771072/,https://www.linkedin.com/company/continia-software-a-s/posts/
Continia Software A/S,2,2026-09-01,9,Image,17,0,2,19,Protecting the world's water shouldn't,https://www.linkedin.com/feed/update/urn:li:activity:7500522912907460608/,https://www.linkedin.com/company/continia-software-a-s/posts/
Continia Software A/S,3,2026-08-27,14,Multi-image,98,0,0,98,It's about time... we found out who's,https://www.linkedin.com/feed/update/urn:li:activity:7498714244956303360/,https://www.linkedin.com/company/continia-software-a-s/posts/
Continia Software A/S,4,2026-08-21,20,Multi-image,82,2,0,84,"Colleagues, vineyards, and a glass (or two)",https://www.linkedin.com/feed/update/urn:li:activity:7496515169880023040/,https://www.linkedin.com/company/continia-software-a-s/posts/
Continia Software A/S,5,2026-08-18,23,Carousel,36,2,1,39,It's about time you stopped doing these 5,https://www.linkedin.com/feed/update/urn:li:activity:7495449544915226624/,https://www.linkedin.com/company/continia-software-a-s/posts/
Continia Software A/S,6,2026-08-12,29,Carousel,41,0,5,46,12 free features your Business Central,https://www.linkedin.com/feed/update/urn:li:activity:7493277173751951360/,https://www.linkedin.com/company/continia-software-a-s/posts/
Continia Software A/S,7,2026-08-06,35,Carousel,34,0,4,38,We've got room left on the team! If the summer,https://www.linkedin.com/feed/update/urn:li:activity:7491099509893156864/,https://www.linkedin.com/company/continia-software-a-s/posts/
Continia Software A/S,8,2026-08-04,37,Image,28,0,3,31,Your e-invoicing data is only as safe as,https://www.linkedin.com/feed/update/urn:li:activity:7490376084551577602/,https://www.linkedin.com/company/continia-software-a-s/posts/
Continia Software A/S,9,2026-07-30,42,Image,21,0,2,23,Every AP automation pitch this year,https://www.linkedin.com/feed/update/urn:li:activity:7488564108284473345/,https://www.linkedin.com/company/continia-software-a-s/posts/
Continia Software A/S,10,2026-07-28,44,Multi-image,63,2,2,67,We're back from a great DynamicsCon in,https://www.linkedin.com/feed/update/urn:li:activity:7487839356519354369/,https://www.linkedin.com/company/continia-software-a-s/posts/
Continia Software A/S,11,2026-07-27,45,Image,30,0,1,31,"Same Monday, two very different workdays",https://www.linkedin.com/feed/update/urn:li:activity:7487476939503538177/,https://www.linkedin.com/company/continia-software-a-s/posts/
Continia Software A/S,12,2026-07-23,49,Image,23,0,0,23,The office is quiet. Why not spend the,https://www.linkedin.com/feed/update/urn:li:activity:7486027425286533121/,https://www.linkedin.com/company/continia-software-a-s/posts/
Continia Software A/S,13,2026-07-21,51,Image,33,1,5,39,Separate accounts—but it’s one,https://www.linkedin.com/feed/update/urn:li:activity:7485302625081466880/,https://www.linkedin.com/company/continia-software-a-s/posts/
Continia Software A/S,14,2026-07-16,56,Multi-image,119,1,8,128,"More than 1,000 active Continia solutions",https://www.linkedin.com/feed/update/urn:li:activity:7483490893254291456/,https://www.linkedin.com/company/continia-software-a-s/posts/
Continia Software A/S,15,2026-07-14,58,Carousel,37,5,8,50,Submitting expenses just got even easier!,https://www.linkedin.com/feed/update/urn:li:activity:7482762545431351296/,https://www.linkedin.com/company/continia-software-a-s/posts/
Continia Software A/S,16,2026-07-08,64,Image,36,1,4,41,"See Continia in action, at your own pace",https://www.linkedin.com/feed/update/urn:li:activity:7480591520149151744/,https://www.linkedin.com/company/continia-software-a-s/posts/
Continia Software A/S,17,2026-07-01,71,Multi-image,70,1,0,71,It's about time... for an ice-cream break!,https://www.linkedin.com/feed/update/urn:li:activity:7478062480389279744/,https://www.linkedin.com/company/continia-software-a-s/posts/
Continia Software A/S,18,2026-06-29,73,Image,23,0,3,26,Fake invoices don't always look fake They,https://www.linkedin.com/feed/update/urn:li:activity:7477333822297169922/,https://www.linkedin.com/company/continia-software-a-s/posts/
Continia Software A/S,19,2026-06-23,79,Multi-image,243,4,6,253,"Our biggest team meetup yet Last week, we brought",https://www.linkedin.com/feed/update/urn:li:activity:7475112920251772928/,https://www.linkedin.com/company/continia-software-a-s/posts/
Continia Software A/S,20,2026-06-11,91,Image,23,0,3,26,From a full-time AP person to automation,https://www.linkedin.com/feed/update/urn:li:activity:7470809611818905600/,https://www.linkedin.com/company/continia-software-a-s/posts/
Continia Software A/S,21,2026-06-10,92,Multi-image,71,1,0,72,The Elevate tour continues — this time in,https://www.linkedin.com/feed/update/urn:li:activity:7470444661824913410/,https://www.linkedin.com/company/continia-software-a-s/posts/
Continia Software A/S,22,2026-06-09,93,Video,53,2,1,56,Kicking off Continia Elevate in the UK,https://www.linkedin.com/feed/update/urn:li:activity:7470074789961973760/,https://www.linkedin.com/company/continia-software-a-s/posts/
Continia Software A/S,23,2026-06-04,98,Multi-image,195,2,1,198,We're ISO 27001 certified After months of hard work,https://www.linkedin.com/feed/update/urn:li:activity:7468284352783761408/,https://www.linkedin.com/company/continia-software-a-s/posts/
Continia Software A/S,24,2026-06-02,100,Multi-image,69,1,0,70,"It's about time ... we cycled to work In May,",https://www.linkedin.com/feed/update/urn:li:activity:7467545726575759360/,https://www.linkedin.com/company/continia-software-a-s/posts/
Continia Software A/S,25,2026-05-28,105,Multi-image,70,1,2,73,250 Continia-løsninger er en god grund til,https://www.linkedin.com/feed/update/urn:li:activity:7465688326994460672/,https://www.linkedin.com/company/continia-software-a-s/posts/
Continia Software A/S,26,2026-05-27,106,Multi-image,93,2,0,95,Thanks for a great time at DynamicsMinds!,https://www.linkedin.com/feed/update/urn:li:activity:7465360837474566144/,https://www.linkedin.com/company/continia-software-a-s/posts/
Continia Software A/S,27,2026-05-21,112,Carousel,42,0,0,42,Continia is growing — swipe to find your,https://www.linkedin.com/feed/update/urn:li:activity:7463196907054600192/,https://www.linkedin.com/company/continia-software-a-s/posts/
Continia Software A/S,28,2026-05-20,113,Video,34,0,4,38,Your BC setup is almost there. Why not,https://www.linkedin.com/feed/update/urn:li:activity:7462849736732082179/,https://www.linkedin.com/company/continia-software-a-s/posts/
Continia Software A/S,29,2026-05-19,114,Image,47,4,2,53,Continia Elevate comes to Warsaw! Elevate,https://www.linkedin.com/feed/update/urn:li:activity:7462472156136902656/,https://www.linkedin.com/company/continia-software-a-s/posts/
Continia Software A/S,30,2026-05-15,118,Multi-image,59,0,0,59,That’s a wrap on Directions ASIA A big thank you,https://www.linkedin.com/feed/update/urn:li:activity:7460977299979509761/,https://www.linkedin.com/company/continia-software-a-s/posts/
Continia Software A/S,31,2026-05-13,120,Image,69,0,2,71,The Continia Expense App now supports,https://www.linkedin.com/feed/update/urn:li:activity:7460297900410109954/,https://www.linkedin.com/company/continia-software-a-s/posts/
Continia Software A/S,32,2026-05-12,121,Carousel,39,0,0,39,Is your Accounts Receivable setup as,https://www.linkedin.com/feed/update/urn:li:activity:7459935482685259777/,https://www.linkedin.com/company/continia-software-a-s/posts/
Continia Software A/S,33,2026-05-07,126,Multi-image,217,17,1,235,Celebrating our very own Microsoft MVP,https://www.linkedin.com/feed/update/urn:li:activity:7458127078098415616/,https://www.linkedin.com/company/continia-software-a-s/posts/
Continia Software A/S,34,2026-05-06,127,Image,27,0,2,29,Catch up on 2026 R1 and showcase your,https://www.linkedin.com/feed/update/urn:li:activity:7457762342773350400/,https://www.linkedin.com/company/continia-software-a-s/posts/
Continia Software A/S,35,2026-04-28,135,Image,66,1,1,68,"Let's catch up at DynamicsMinds! From May 25-27,",https://www.linkedin.com/feed/update/urn:li:activity:7454863943778533376/,https://www.linkedin.com/company/continia-software-a-s/posts/
Continia Software A/S,36,2026-04-27,136,Image,32,0,1,33,Spend 30 minutes learning and save hours,https://www.linkedin.com/feed/update/urn:li:activity:7454499717926985728/,https://www.linkedin.com/company/continia-software-a-s/posts/
Continia Software A/S,37,2026-04-23,140,Image,31,0,1,32,"Did you miss our 2026 R1 ""What's New""",https://www.linkedin.com/feed/update/urn:li:activity:7453059289675587584/,https://www.linkedin.com/company/continia-software-a-s/posts/
Continia Software A/S,38,2026-04-14,149,Multi-image,75,2,2,79,25 års samarbejde og +500 aktive,https://www.linkedin.com/feed/update/urn:li:activity:7449810332358897664/,https://www.linkedin.com/company/continia-software-a-s/posts/
Continia Software A/S,39,2026-04-13,150,Multi-image,80,0,1,81,Celebrating the first release of 2026 2026,https://www.linkedin.com/feed/update/urn:li:activity:7449425551938740225/,https://www.linkedin.com/company/continia-software-a-s/posts/
Continia Software A/S,40,2026-04-08,155,Video,84,2,6,92,2026 R1: A big step forward for AR,https://www.linkedin.com/feed/update/urn:li:activity:7447612965991854080/,https://www.linkedin.com/company/continia-software-a-s/posts/
Continia Software A/S,41,2026-04-01,162,Multi-image,61,0,2,63,"Hopping into Easter... This week, a little Easter",https://www.linkedin.com/feed/update/urn:li:activity:7445077523211685889/,https://www.linkedin.com/company/continia-software-a-s/posts/
Continia Software A/S,42,2026-03-24,170,Image,27,0,1,28,"Handling 15,000 invoices every month is no",https://www.linkedin.com/feed/update/urn:li:activity:7442193520951595008/,https://www.linkedin.com/company/continia-software-a-s/posts/
Continia Software A/S,43,2026-03-23,171,Image,33,0,1,34,Join us at Days of Knowledge Nordic In just a,https://www.linkedin.com/feed/update/urn:li:activity:7441831220042186752/,https://www.linkedin.com/company/continia-software-a-s/posts/
Continia Software A/S,44,2026-03-18,176,Multi-image,208,20,0,228,"Happy birthday to our CEO! Last week, we celebrated a",https://www.linkedin.com/feed/update/urn:li:activity:7440017920887296000/,https://www.linkedin.com/company/continia-software-a-s/posts/
Continia Software A/S,45,2026-03-12,182,Carousel,31,0,3,34,Get a first look at 2026 R1! Continia's first release,https://www.linkedin.com/feed/update/urn:li:activity:7437845004946989056/,https://www.linkedin.com/company/continia-software-a-s/posts/
Continia Software A/S,46,2026-03-09,185,Image,67,2,0,69,"Football shirts for a good cause Last week, we",https://www.linkedin.com/feed/update/urn:li:activity:7436757687792578560/,https://www.linkedin.com/company/continia-software-a-s/posts/
Continia Software A/S,47,2026-03-06,188,Multi-image,77,0,3,80,Vi fejrer +500 implementerede,https://www.linkedin.com/feed/update/urn:li:activity:7435649052156784640/,https://www.linkedin.com/company/continia-software-a-s/posts/
Continia Software A/S,48,2026-03-05,189,Carousel,34,0,3,37,Where to meet Continia this spring and,https://www.linkedin.com/feed/update/urn:li:activity:7435317830352261120/,https://www.linkedin.com/company/continia-software-a-s/posts/
Continia Software A/S,49,2026-03-04,190,Multi-image,53,0,1,54,Lap times (almost) as quick as our invoice,https://www.linkedin.com/feed/update/urn:li:activity:7434945850356908033/,https://www.linkedin.com/company/continia-software-a-s/posts/
Continia Software A/S,50,2026-02-27,195,Image,27,0,3,30,Vi inviterer til danske webinarer Vil du,https://www.linkedin.com/feed/update/urn:li:activity:7433089343373606912/,https://www.linkedin.com/company/continia-software-a-s/posts/
Equisys (Zetadocs),1,2026-09-08,2,Image,1,0,3,4,Whether you're just starting to consider a change to your processes or,https://www.linkedin.com/feed/update/urn:li:activity:7503052041250934806/,https://www.linkedin.com/company/equisys/posts/
Equisys (Zetadocs),2,2026-09-01,9,Image,2,0,3,5,Join us as our panel of product experts and support specialists answer your,https://www.linkedin.com/feed/update/urn:li:activity:7500515319464058880/,https://www.linkedin.com/company/equisys/posts/
Equisys (Zetadocs),3,2026-08-14,27,Image,4,0,3,7,"Our Implementation Services help Business Central partners deliver faster,",https://www.linkedin.com/feed/update/urn:li:activity:7494015007639334912/,https://www.linkedin.com/company/equisys/posts/
Equisys (Zetadocs),4,2026-07-28,44,Image,3,0,4,7,"Manage your documents more effectively, rather than just storing them in a",https://www.linkedin.com/feed/update/urn:li:activity:7487800383118032896/,https://www.linkedin.com/company/equisys/posts/
Equisys (Zetadocs),5,2026-07-14,58,Image,4,0,2,6,Cut costs without compromising control. Discover how AP automation reduces,https://www.linkedin.com/feed/update/urn:li:activity:7482758322664869890/,https://www.linkedin.com/company/equisys/posts/
Equisys (Zetadocs),6,2026-07-07,65,Image,4,1,2,7,"With Zetadocs, you can drag and drop supporting documents against a journal",https://www.linkedin.com/feed/update/urn:li:activity:7480225562238685185/,https://www.linkedin.com/company/equisys/posts/
Equisys (Zetadocs),7,2026-06-25,77,Video,6,0,2,8,Missed our recent webinar? Catch up now! Discover the best AP automation,https://www.linkedin.com/feed/update/urn:li:activity:7475873917270822912/,https://www.linkedin.com/company/equisys/posts/
Equisys (Zetadocs),8,2026-06-10,92,Image,0,0,1,1,"We're just a few hours away from our webinar, 'Discover THE BEST AP",https://www.linkedin.com/feed/update/urn:li:activity:7470403616667947009/,https://www.linkedin.com/company/equisys/posts/
Equisys (Zetadocs),9,2026-06-09,93,Image,2,0,3,5,There's less than 24 hours left to register for our webinar - 'Discover THE,https://www.linkedin.com/feed/update/urn:li:activity:7470126776522788865/,https://www.linkedin.com/company/equisys/posts/
Equisys (Zetadocs),10,2026-05-14,119,Image,3,0,3,6,Looking for a smarter way to manage employee expenses and ensure compliant,https://www.linkedin.com/feed/update/urn:li:activity:7460660212190830592/,https://www.linkedin.com/company/equisys/posts/
Equisys (Zetadocs),11,2026-05-07,126,Multi-image,12,0,2,14,"Last week, we had a great time sponsoring Directions North America 2026!",https://www.linkedin.com/feed/update/urn:li:activity:7458143787702243328/,https://www.linkedin.com/company/equisys/posts/
Equisys (Zetadocs),12,2026-04-28,135,Image,15,0,5,20,We had an amazing first day at Directions North America and can't wait to see,https://www.linkedin.com/feed/update/urn:li:activity:7454815678991347713/,https://www.linkedin.com/company/equisys/posts/
Equisys (Zetadocs),13,2026-04-23,140,Image,5,0,3,8,"We'll be in Orlando, Florida next week for Directions North America, and we'd",https://www.linkedin.com/feed/update/urn:li:activity:7453097367190401024/,https://www.linkedin.com/company/equisys/posts/
Equisys (Zetadocs),14,2026-04-15,148,Image,6,0,4,10,"We're headed to Directions in Orlando, Florida in 2 weeks. We'll be at Booth",https://www.linkedin.com/feed/update/urn:li:activity:7450105668079927296/,https://www.linkedin.com/company/equisys/posts/
Equisys (Zetadocs),15,2026-04-01,162,Image,2,0,0,2,"Deliver smarter, not harder! Customize how your documents reach the right",https://www.linkedin.com/feed/update/urn:li:activity:7445116539613175808/,https://www.linkedin.com/company/equisys/posts/
Equisys (Zetadocs),16,2026-03-27,167,Image,3,0,1,4,We're delighted to be part of this exciting event that takes an in-depth look,https://www.linkedin.com/feed/update/urn:li:activity:7443317734987345920/,https://www.linkedin.com/company/equisys/posts/
Equisys (Zetadocs),17,2026-03-18,176,Image,4,0,1,5,"Zetadocs Expenses offers a smooth expense workflow right out-of-the-box, with",https://www.linkedin.com/feed/update/urn:li:activity:7440030525597220865/,https://www.linkedin.com/company/equisys/posts/
Equisys (Zetadocs),18,2026-03-11,183,Image,3,0,5,8,It's not too late to reserve your space on today's Lunch & Learn event! This,https://www.linkedin.com/feed/update/urn:li:activity:7437459098012631040/,https://www.linkedin.com/company/equisys/posts/
Equisys (Zetadocs),19,2026-03-10,184,Image,3,0,2,5,It's not too late - join a Lunch & Learn event this week to learn how to get,https://www.linkedin.com/feed/update/urn:li:activity:7437080598629793792/,https://www.linkedin.com/company/equisys/posts/
Equisys (Zetadocs),20,2026-03-06,188,Image,0,0,1,1,Our Lunch & Learn series starts next week! Are you registered yet? Each,https://www.linkedin.com/feed/update/urn:li:activity:7435682886860673024/,https://www.linkedin.com/company/equisys/posts/
Equisys (Zetadocs),21,2026-03-02,192,Text,1,0,0,1,Looking forward to being part of this great event!,https://www.linkedin.com/feed/update/urn:li:activity:7434258762414338049/,https://www.linkedin.com/company/equisys/posts/
Equisys (Zetadocs),22,2026-02-27,195,Image,4,2,1,7,"The AP Automation for Dynamics 365 BC/NAV Comparison Showcase is coming up,",https://www.linkedin.com/feed/update/urn:li:activity:7433260909025869824/,https://www.linkedin.com/company/equisys/posts/
Equisys (Zetadocs),23,2026-02-26,196,Image,7,0,2,9,"Looking for an expense management solution built for Business Central, ready",https://www.linkedin.com/feed/update/urn:li:activity:7432808568292204545/,https://www.linkedin.com/company/equisys/posts/
Equisys (Zetadocs),24,2026-01-28,225,Image,7,0,4,11,Even the most well-written expense policies can prove difficult to enforce,https://www.linkedin.com/feed/update/urn:li:activity:7422311288229396481/,https://www.linkedin.com/company/equisys/posts/
Equisys (Zetadocs),25,2026-01-20,233,Image,6,0,4,10,See how Zetadocs can transform the way you work. Book a demo today to explore,https://www.linkedin.com/feed/update/urn:li:activity:7419404126649769985/,https://www.linkedin.com/company/equisys/posts/
Equisys (Zetadocs),26,2026-01-14,239,Link/Article,2,0,0,2,The future of accounts payable is automated. Explore expert perspectives on,https://www.linkedin.com/feed/update/urn:li:activity:7417152357836201984/,https://www.linkedin.com/company/equisys/posts/
Equisys (Zetadocs),27,2026-01-13,240,Image,3,0,2,5,Zetadocs Delivery helps finance teams spend less time on admin and more time,https://www.linkedin.com/feed/update/urn:li:activity:7416827007893700608/,https://www.linkedin.com/company/equisys/posts/
Equisys (Zetadocs),28,2026-01-08,245,Image,1,0,1,2,Learn how to build a clear travel and entertainment expenses policy that's,https://www.linkedin.com/feed/update/urn:li:activity:7415045518608969728/,https://www.linkedin.com/company/equisys/posts/
Equisys (Zetadocs),29,2026-01-07,246,Link/Article,0,0,0,0,"Still chasing approvals and fixing errors? AP automation removes bottlenecks,",https://www.linkedin.com/feed/update/urn:li:activity:7414695566208811009/,https://www.linkedin.com/company/equisys/posts/
Equisys (Zetadocs),30,2025-12-10,274,Image,1,0,1,2,"Many employees feel unsure about what they can expense, even if upper",https://www.linkedin.com/feed/update/urn:li:activity:7404554818054422528/,https://www.linkedin.com/company/equisys/posts/
Equisys (Zetadocs),31,2025-12-05,279,Link/Article,3,0,2,5,"AI in ERP is accelerating fast, and ISVs are leading the way with practical,",https://www.linkedin.com/feed/update/urn:li:activity:7402705536359571457/,https://www.linkedin.com/company/equisys/posts/
Equisys (Zetadocs),32,2025-11-26,288,Carousel,3,0,1,4,This month we're celebrating 15 years of the Equisys blog! Here's some of the,https://www.linkedin.com/feed/update/urn:li:activity:7399460639901130752/,https://www.linkedin.com/company/equisys/posts/
Equisys (Zetadocs),33,2025-11-14,300,Link/Article,1,0,0,1,Accounting teams in the manufacturing industry (and beyond) are facing,https://www.linkedin.com/feed/update/urn:li:activity:7395127780033789953/,https://www.linkedin.com/company/equisys/posts/
Equisys (Zetadocs),34,2025-11-06,308,Image,11,0,2,13,Thank you to all who stopped by our booth at Directions #EMEA2025! Our team,https://www.linkedin.com/feed/update/urn:li:activity:7392223608443674624/,https://www.linkedin.com/company/equisys/posts/
Equisys (Zetadocs),35,2025-11-05,309,Image,1,0,0,1,Our team is really enjoying the informative sessions and great conversations,https://www.linkedin.com/feed/update/urn:li:activity:7391845502817837056/,https://www.linkedin.com/company/equisys/posts/
Equisys (Zetadocs),36,2025-11-04,310,Image,23,0,5,28,We're delighted to be at Directions #EMEA2025 in Poznan! Be sure to come and,https://www.linkedin.com/feed/update/urn:li:activity:7391441694900256768/,https://www.linkedin.com/company/equisys/posts/
Equisys (Zetadocs),37,2025-10-22,323,Image,14,0,7,21,We're excited to be heading to Directions EMEA next week! If you're,https://www.linkedin.com/feed/update/urn:li:activity:7386740316340645889/,https://www.linkedin.com/company/equisys/posts/
Equisys (Zetadocs),38,2025-10-17,328,Image,3,0,2,5,"It's almost time for Demo Week! From October 20-24, we're offering live,",https://www.linkedin.com/feed/update/urn:li:activity:7384963993129472000/,https://www.linkedin.com/company/equisys/posts/
Equisys (Zetadocs),39,2025-09-25,350,Link/Article,0,0,1,1,"Join us for our webinar! On Tuesday 30 September, we will host a webinar:",https://www.linkedin.com/feed/update/urn:li:activity:7376986386958295041/,https://www.linkedin.com/company/equisys/posts/
Equisys (Zetadocs),40,2025-09-25,350,Text,0,0,0,0,We're delighted to partner with Z9Works Inc. and look forward to helping your,https://www.linkedin.com/feed/update/urn:li:activity:7376939640907382784/,https://www.linkedin.com/company/equisys/posts/
Equisys (Zetadocs),41,2025-09-24,351,Image,5,0,1,6,"We're thrilled to announce that Z9Works Inc.. has partnered with Equisys, a",https://www.linkedin.com/feed/update/urn:li:activity:7376704039763238912/,https://www.linkedin.com/company/equisys/posts/
Equisys (Zetadocs),42,2025-09-12,363,Image,5,0,1,6,We're excited to take part in the Expense Reporting Comparison Showcase for,https://www.linkedin.com/feed/update/urn:li:activity:7372262560055836672/,https://www.linkedin.com/company/equisys/posts/
Equisys (Zetadocs),43,2025-09-11,364,Image,7,0,1,8,Our customers love how easy it is to attach documents to the right Business,https://www.linkedin.com/feed/update/urn:li:activity:7371892382734376960/,https://www.linkedin.com/company/equisys/posts/
Equisys (Zetadocs),44,2025-09-10,365,Image,3,0,2,5,Zetadocs Expenses provides a powerful solution that's simple to manage. Learn,https://www.linkedin.com/feed/update/urn:li:activity:7371552777178701824/,https://www.linkedin.com/company/equisys/posts/
Medius,1,2026-09-09,1,Image,84,0,20,104,We're excited to announce that Medius and Thomson Reuters have extended their,https://www.linkedin.com/feed/update/urn:li:activity:7503459817491955712/,https://www.linkedin.com/company/medius/posts/
Medius,2,2026-09-07,3,Image,40,0,10,50,"""Within the first days of France's e-invoicing mandate, thousands of invoices",https://www.linkedin.com/feed/update/urn:li:activity:7502681502728601600/,https://www.linkedin.com/company/medius/posts/
Medius,3,2026-09-04,6,Carousel,8,0,0,8,"87% of finance leaders have personally ignored a small expense,",https://www.linkedin.com/feed/update/urn:li:activity:7501696715742351362/,https://www.linkedin.com/company/medius/posts/
Medius,4,2026-09-03,7,Carousel,22,0,1,23,Managing expenses across a large organization is no small task. How did Elior,https://www.linkedin.com/feed/update/urn:li:activity:7501251415520993280/,https://www.linkedin.com/company/medius/posts/
Medius,5,2026-09-02,8,Image,21,0,2,23,"Are you a leader in finance, tax, tech, or compliance? We've got the perfect",https://www.linkedin.com/feed/update/urn:li:activity:7500908195511578624/,https://www.linkedin.com/company/medius/posts/
Medius,6,2026-09-02,8,Image,36,1,9,46,We're thrilled to announce that Medius has earned three prestigious G2 badges,https://www.linkedin.com/feed/update/urn:li:activity:7500790878840664064/,https://www.linkedin.com/company/medius/posts/
Medius,7,2026-09-01,9,Poll,2,0,0,2,Finance leaders know fraud when they see it. But what happens when the line,https://www.linkedin.com/feed/update/urn:li:activity:7500605341773025280/,https://www.linkedin.com/company/medius/posts/
Medius,8,2026-08-31,10,Carousel,14,0,3,17,September is a good month to sort out AP. We have a full webinar lineup,https://www.linkedin.com/feed/update/urn:li:activity:7500075470428991488/,https://www.linkedin.com/company/medius/posts/
Medius,9,2026-08-27,14,Image,8,0,2,10,"Not sure which AP automation features actually matter, and which are just on",https://www.linkedin.com/feed/update/urn:li:activity:7498738675896385536/,https://www.linkedin.com/company/medius/posts/
Medius,10,2026-08-25,16,Carousel,39,0,15,54,"Medius' Financial Census 2026 is officially here. Across 2,386 senior finance",https://www.linkedin.com/feed/update/urn:li:activity:7498041306196135936/,https://www.linkedin.com/company/medius/posts/
Medius,11,2026-08-24,17,Image,12,1,0,13,"Join the Medius team at the upcoming inPOWER User Conference, taking place",https://www.linkedin.com/feed/update/urn:li:activity:7497646475758157824/,https://www.linkedin.com/company/medius/posts/
Medius,12,2026-08-21,20,Carousel,13,0,3,16,What better way to close out the week than with a new edition of,https://www.linkedin.com/feed/update/urn:li:activity:7496600050375176192/,https://www.linkedin.com/company/medius/posts/
Medius,13,2026-08-20,21,Image,12,0,4,16,Mark your calendars! Our Top Tips in Action live interactive webinar is,https://www.linkedin.com/feed/update/urn:li:activity:7496196895950934016/,https://www.linkedin.com/company/medius/posts/
Medius,14,2026-08-19,22,Image,26,0,9,35,Invoices processed in one day. 99%+ touchless capture. Approval routing that,https://www.linkedin.com/feed/update/urn:li:activity:7495809285231308800/,https://www.linkedin.com/company/medius/posts/
Medius,15,2026-08-18,23,Link/Article,6,0,0,6,"What are the most common causes of late payments in B2B? Invoice errors,",https://www.linkedin.com/feed/update/urn:li:activity:7495468528150568961/,https://www.linkedin.com/company/medius/posts/
Medius,16,2026-08-17,24,Image,16,0,0,16,"Medius will be at JDE INFOCUS 2026, taking place September 21-23 in Denver,",https://www.linkedin.com/feed/update/urn:li:activity:7495109706479218688/,https://www.linkedin.com/company/medius/posts/
Medius,17,2026-08-13,28,Link/Article,7,0,2,9,A failed invoice match in manufacturing isn't just an AP problem. It delays,https://www.linkedin.com/feed/update/urn:li:activity:7493633738174742530/,https://www.linkedin.com/company/medius/posts/
Medius,18,2026-08-12,29,Image,12,0,1,13,58% of AP teams are already using or piloting AI. The other 42% are watching,https://www.linkedin.com/feed/update/urn:li:activity:7493312928813719553/,https://www.linkedin.com/company/medius/posts/
Medius,19,2026-08-11,30,Image,68,0,5,73,Join us on August 26 for our Explore Medius: Compliance & E-invoicing live,https://www.linkedin.com/feed/update/urn:li:activity:7492935358167347201/,https://www.linkedin.com/company/medius/posts/
Medius,20,2026-08-10,31,Link/Article,7,0,0,7,Duplicate payments in retail don't usually look like duplicates. Same,https://www.linkedin.com/feed/update/urn:li:activity:7492573025675157504/,https://www.linkedin.com/company/medius/posts/
Medius,21,2026-08-06,35,Image,35,2,4,41,"Join us on August 20 for our Medius Momentum: Q3 2026 Product Update, a live",https://www.linkedin.com/feed/update/urn:li:activity:7491123449978015744/,https://www.linkedin.com/company/medius/posts/
Medius,22,2026-08-04,37,Image,5,1,0,6,Most enterprise finance teams aren't waiting on budget to modernize AP.,https://www.linkedin.com/feed/update/urn:li:activity:7490379801422180353/,https://www.linkedin.com/company/medius/posts/
Medius,23,2026-08-04,37,Image,33,0,10,43,"Great Northern Equipment: small team, big efficiency gains. As a leading",https://www.linkedin.com/feed/update/urn:li:activity:7490338242291089408/,https://www.linkedin.com/company/medius/posts/
Medius,24,2026-07-31,41,Multi-image,63,0,1,64,We had a great time this week at the Microsoft AI Business Solutions Partner,https://www.linkedin.com/feed/update/urn:li:activity:7488956699341660160/,https://www.linkedin.com/company/medius/posts/
Medius,25,2026-07-29,43,Link/Article,6,0,0,6,AP fraud doesn't announce itself. It hides in duplicate invoices and,https://www.linkedin.com/feed/update/urn:li:activity:7488284719449739264/,https://www.linkedin.com/company/medius/posts/
Medius,26,2026-07-29,43,Link/Article,13,0,3,16,"The accounts payable process covers a lot of ground: purchase orders, invoice",https://www.linkedin.com/feed/update/urn:li:activity:7488194155492478976/,https://www.linkedin.com/company/medius/posts/
Medius,27,2026-07-28,44,Image,11,0,4,15,Still chasing invoice approvals and manually keying payments? There's a live,https://www.linkedin.com/feed/update/urn:li:activity:7487892173103738880/,https://www.linkedin.com/company/medius/posts/
Medius,28,2026-07-27,45,Image,18,0,3,21,Innovation meets efficiency: Marshalls plc's AP automation journey. For,https://www.linkedin.com/feed/update/urn:li:activity:7487439141299830784/,https://www.linkedin.com/company/medius/posts/
Medius,29,2026-07-22,50,Video,20,0,1,21,We're excited to return with a new edition of our MediusAsks series. This,https://www.linkedin.com/feed/update/urn:li:activity:7485757066792316929/,https://www.linkedin.com/company/medius/posts/
Medius,30,2026-07-22,50,Link/Article,11,0,1,12,The industry average for invoice cycle time is 8.2 days. That gap isn't just,https://www.linkedin.com/feed/update/urn:li:activity:7485585679586897920/,https://www.linkedin.com/company/medius/posts/
Medius,31,2026-07-21,51,Image,7,0,0,7,"In the food and beverage industry, fast-moving operations require real-time",https://www.linkedin.com/feed/update/urn:li:activity:7485219532903632897/,https://www.linkedin.com/company/medius/posts/
Medius,32,2026-07-16,56,Image,34,0,6,40,"Choosing AP solutions can be as complex and confusing as managing AP itself,",https://www.linkedin.com/feed/update/urn:li:activity:7483517063592824833/,https://www.linkedin.com/company/medius/posts/
Medius,33,2026-07-15,57,Image,44,0,6,50,"You're already running AP on Medius. Invoices are moving, approvals are",https://www.linkedin.com/feed/update/urn:li:activity:7483162210786148352/,https://www.linkedin.com/company/medius/posts/
Medius,34,2026-07-14,58,Image,15,0,1,16,Say goodbye to AP exceptions with intelligent automation. Exception,https://www.linkedin.com/feed/update/urn:li:activity:7482731871072747520/,https://www.linkedin.com/company/medius/posts/
Medius,35,2026-07-03,69,Multi-image,137,1,7,145,Finance and diplomacy have more in common than you'd think. Both run on,https://www.linkedin.com/feed/update/urn:li:activity:7478700357691465729/,https://www.linkedin.com/company/medius/posts/
Medius,36,2026-06-29,73,Carousel,10,0,1,11,"If July gives you a little breathing room, why not use it to learn something",https://www.linkedin.com/feed/update/urn:li:activity:7477254531911929858/,https://www.linkedin.com/company/medius/posts/
Medius,37,2026-06-25,77,Carousel,13,0,1,14,"A new edition of MediusExplains? Don't mind if we do! Today, we're discussing",https://www.linkedin.com/feed/update/urn:li:activity:7475958568970571777/,https://www.linkedin.com/company/medius/posts/
Medius,38,2026-06-25,77,Link/Article,9,0,3,12,"In a recent webinar, Yvonne Gockel-Jans our Director of Global Partners",https://www.linkedin.com/feed/update/urn:li:activity:7475782358181261312/,https://www.linkedin.com/company/medius/posts/
Medius,39,2026-06-24,78,Link/Article,7,0,0,7,Your working capital strategy is only as strong as your invoice execution.,https://www.linkedin.com/feed/update/urn:li:activity:7475435064198328320/,https://www.linkedin.com/company/medius/posts/
Medius,40,2026-06-18,84,Link/Article,10,0,2,12,"In 2026, why is it that most of the AI that AP teams are shipping won't pass",https://www.linkedin.com/feed/update/urn:li:activity:7473514003378368513/,https://www.linkedin.com/company/medius/posts/
Medius,41,2026-06-18,84,Carousel,7,1,1,9,Rapid growth in logistics often masks a dangerous reality: operational,https://www.linkedin.com/feed/update/urn:li:activity:7473309798055391232/,https://www.linkedin.com/company/medius/posts/
Medius,42,2026-06-15,87,Text,25,0,5,30,Looking forward to this. Hope to see you join us on July 15.,https://www.linkedin.com/feed/update/urn:li:activity:7472292462192156673/,https://www.linkedin.com/company/medius/posts/
Medius,43,2026-06-15,87,Image,4,0,1,5,NEW WEBINAR: Through Trust and Governance: How AI Agents are Redefining,https://www.linkedin.com/feed/update/urn:li:activity:7472286812959481856/,https://www.linkedin.com/company/medius/posts/
Medius,44,2026-06-08,94,Multi-image,65,0,3,68,"Speed used to be the whole AP conversation. Process faster, close faster,",https://www.linkedin.com/feed/update/urn:li:activity:7469694250100871168/,https://www.linkedin.com/company/medius/posts/
Medius,45,2026-06-01,101,Link/Article,10,1,0,11,"""AI-powered"" has become the default claim in AP automation. But the question",https://www.linkedin.com/feed/update/urn:li:activity:7467243332553924608/,https://www.linkedin.com/company/medius/posts/
Medius,46,2026-05-29,104,Carousel,12,0,0,12,Got 30 minutes? We've got plenty of reasons to spend them with us in June. We,https://www.linkedin.com/feed/update/urn:li:activity:7466069605963280385/,https://www.linkedin.com/company/medius/posts/
Medius,47,2026-05-28,105,Text,2,1,1,4,Excited to work with Antaras for our webinar on June 11 where finance teams,https://www.linkedin.com/feed/update/urn:li:activity:7465886157067685888/,https://www.linkedin.com/company/medius/posts/
Medius,48,2026-05-28,105,Multi-image,69,7,0,76,Three days. A very nice corner of Slovenia. And more AP conversations than we,https://www.linkedin.com/feed/update/urn:li:activity:7465684547872055299/,https://www.linkedin.com/company/medius/posts/
Medius,49,2026-05-28,105,Image,20,4,8,32,Many AP teams still spend too much time manually validating invoices. Even in,https://www.linkedin.com/feed/update/urn:li:activity:7465680777465483265/,https://www.linkedin.com/company/medius/posts/
Medius,50,2026-05-28,105,Multi-image,108,0,5,113,We had an amazing day 1 at the Gartner Finance Symposium/Xpo 2026! We,https://www.linkedin.com/feed/update/urn:li:activity:7465647587761655828/,https://www.linkedin.com/company/medius/posts/
Qvalia,1,2026-09-04,6,Image,8,0,1,9,Peppol for developers: 10 common invoice errors and how to fix them. From,https://www.linkedin.com/feed/update/urn:li:activity:7501550906727923712/,https://www.linkedin.com/company/qvalia/posts/
Qvalia,2,2026-06-10,92,Image,5,0,1,6,E-invoicing mandates are becoming infrastructure decisions. As Slovakia,https://www.linkedin.com/feed/update/urn:li:activity:7470388817791860737/,https://www.linkedin.com/company/qvalia/posts/
Qvalia,3,2026-06-09,93,Image,8,2,0,10,The new Billentis report on the global e-invoicing market is here.,https://www.linkedin.com/feed/update/urn:li:activity:7470004295195734017/,https://www.linkedin.com/company/qvalia/posts/
Qvalia,4,2026-06-01,101,Image,28,0,2,30,Slovakia's eFaktura framework is another important step in Europe's,https://www.linkedin.com/feed/update/urn:li:activity:7467127330210078722/,https://www.linkedin.com/company/qvalia/posts/
Qvalia,5,2026-05-28,105,Image,32,1,6,39,Qvalia is now certified for Slovakia e-invoicing under the eFaktura,https://www.linkedin.com/feed/update/urn:li:activity:7465660148884291585/,https://www.linkedin.com/company/qvalia/posts/
Qvalia,6,2026-05-12,121,Image,6,0,1,7,Qvalia's Business Continuity Management System has now been certified,https://www.linkedin.com/feed/update/urn:li:activity:7459872521908281345/,https://www.linkedin.com/company/qvalia/posts/
Qvalia,7,2026-04-30,133,Image,8,1,0,9,Qvalia is now listed in the Cloud Security Alliance STAR Registry. It's an,https://www.linkedin.com/feed/update/urn:li:activity:7455513854815506432/,https://www.linkedin.com/company/qvalia/posts/
Qvalia,8,2026-04-21,142,Image,42,5,5,52,Qvalia is now available on iPhone and Android. Approve invoices in,https://www.linkedin.com/feed/update/urn:li:activity:7452261177042104321/,https://www.linkedin.com/company/qvalia/posts/
Qvalia,9,2025-12-19,265,Image,13,1,2,16,"In 2025, we expanded Qvalia's platform across nearly all fronts. Fredrik",https://www.linkedin.com/feed/update/urn:li:activity:7407699784410664961/,https://www.linkedin.com/company/qvalia/posts/
Qvalia,10,2025-12-01,283,Image,9,0,1,10,[Peppol for developers] How to get started with Peppol API. Learn how to:,https://www.linkedin.com/feed/update/urn:li:activity:7401157892222922752/,https://www.linkedin.com/company/qvalia/posts/
Qvalia,11,2025-11-21,293,Image,9,0,1,10,Belgium mandates #Peppol e-invoicing for most B2B transactions on January,https://www.linkedin.com/feed/update/urn:li:activity:7397534958996750336/,https://www.linkedin.com/company/qvalia/posts/
Qvalia,12,2025-11-13,301,Image,14,0,0,14,"The 2026 Peppol country guide - full list, status, and coverage map. Learn",https://www.linkedin.com/feed/update/urn:li:activity:7394721214583193601/,https://www.linkedin.com/company/qvalia/posts/
Qvalia,13,2025-10-16,329,Multi-image,29,3,3,35,Thank you to everyone who joined today's webinar with Julius Nilsson from,https://www.linkedin.com/feed/update/urn:li:activity:7384600983856742400/,https://www.linkedin.com/company/qvalia/posts/
Qvalia,14,2025-10-07,338,Image,25,0,7,32,[Upcoming webinar] AI-ready finance with Intelligent Document Processing. AI,https://www.linkedin.com/feed/update/urn:li:activity:7381297311949336576/,https://www.linkedin.com/company/qvalia/posts/
Qvalia,15,2025-09-24,351,Image,81,3,8,92,Great day at Qvalia together with our friends from Amazon Web Services (AWS).,https://www.linkedin.com/feed/update/urn:li:activity:7376610103166197760/,https://www.linkedin.com/company/qvalia/posts/
Qvalia,16,2025-09-24,351,Link/Article,4,1,0,5,"Connect is more than digital invoicing. It's your gateway to automation,",https://www.linkedin.com/feed/update/urn:li:activity:7376501398773010432/,https://www.linkedin.com/company/qvalia/posts/
AMC Banking,1,2026-09-07,3,Text,4,0,0,4,Working with multiple banks shouldn't mean working with multiple banking,https://www.linkedin.com/feed/update/urn:li:activity:7502693793981186048/,https://www.linkedin.com/company/amc-banking/posts/
AMC Banking,2,2026-08-25,16,Image,18,1,1,20,What do you learn from 30+ years of working with bank integration? Probably,https://www.linkedin.com/feed/update/urn:li:activity:7497926223285673984/,https://www.linkedin.com/company/amc-banking/posts/
AMC Banking,3,2026-08-13,28,Link/Article,12,1,0,13,How many systems does your finance team touch just to make a payment? The,https://www.linkedin.com/feed/update/urn:li:activity:7493591110922133504/,https://www.linkedin.com/company/amc-banking/posts/
AMC Banking,4,2026-06-23,79,Image,13,2,2,17,"Before summer kicks off, we wanted to share a small milestone from AMC",https://www.linkedin.com/feed/update/urn:li:activity:7475138045273374721/,https://www.linkedin.com/company/amc-banking/posts/
AMC Banking,5,2026-06-15,87,Link/Article,6,0,2,8,Your biggest compliance risk might be a process nobody questions anymore. Not,https://www.linkedin.com/feed/update/urn:li:activity:7472204084519968769/,https://www.linkedin.com/company/amc-banking/posts/
AMC Banking,6,2026-06-02,100,Multi-image,29,1,0,30,Thanks to everybody who showed up for the reception in our new building! We,https://www.linkedin.com/feed/update/urn:li:activity:7467477699570143232/,https://www.linkedin.com/company/amc-banking/posts/
AMC Banking,7,2026-05-18,115,Text,0,0,0,0,You can still register for our reception next week if you would like to swing,https://www.linkedin.com/feed/update/urn:li:activity:7462042992778936320/,https://www.linkedin.com/company/amc-banking/posts/
AMC Banking,8,2026-05-06,127,Text,9,0,0,9,"AMC Banking operates under Service Provider Agreements with selected banks,",https://www.linkedin.com/feed/update/urn:li:activity:7457789357861732352/,https://www.linkedin.com/company/amc-banking/posts/
AMC Banking,9,2026-04-23,140,Link/Article,12,0,3,15,AMC is expanding and we are currently looking for a java developer. If you,https://www.linkedin.com/feed/update/urn:li:activity:7453073407216349184/,https://www.linkedin.com/company/amc-banking/posts/
AMC Banking,10,2026-04-15,148,Link/Article,6,0,0,6,"Still uploading payment files manually? At some point, it stops scaling. More",https://www.linkedin.com/feed/update/urn:li:activity:7450125207387746304/,https://www.linkedin.com/company/amc-banking/posts/
AMC Banking,11,2026-04-14,149,Event,12,0,1,13,We're moving and we'd love to celebrate with you. Join us for a reception,https://www.linkedin.com/feed/update/urn:li:activity:7449723431580745728/,https://www.linkedin.com/company/amc-banking/posts/
AMC Banking,12,2026-04-08,155,Image,56,4,1,61,The torch has officially been passed. We're excited to move into,https://www.linkedin.com/feed/update/urn:li:activity:7447639293805621248/,https://www.linkedin.com/company/amc-banking/posts/
AMC Banking,13,2026-02-16,206,Image,7,0,0,7,"Enterprise treasury demands structure, visibility, and control. For large",https://www.linkedin.com/feed/update/urn:li:activity:7429109810337447936/,https://www.linkedin.com/company/amc-banking/posts/
AMC Banking,14,2026-02-05,217,Video,11,0,3,14,Bank integration: Myth vs reality. Many finance teams treat bank connectivity,https://www.linkedin.com/feed/update/urn:li:activity:7425123553756282881/,https://www.linkedin.com/company/amc-banking/posts/
AMC Banking,15,2026-02-03,219,Video,10,0,1,11,"The AMC Banking webinar series offers: demos, new features, use cases and",https://www.linkedin.com/feed/update/urn:li:activity:7424455443017641984/,https://www.linkedin.com/company/amc-banking/posts/
AMC Banking,16,2026-01-30,223,Carousel,4,0,0,4,(no text),https://www.linkedin.com/feed/update/urn:li:activity:7422946553084166144/,https://www.linkedin.com/company/amc-banking/posts/
AMC Banking,17,2026-01-28,225,Image,23,0,0,23,ERP bank integration is rarely 'plug-and-play'. That's why AMC Banking's,https://www.linkedin.com/feed/update/urn:li:activity:7422231777206988800/,https://www.linkedin.com/company/amc-banking/posts/
AMC Banking,18,2025-12-12,272,Link/Article,30,3,2,35,We bought The White House... at Frederiksberg. We are looking forward to,https://www.linkedin.com/feed/update/urn:li:activity:7405175559128883200/,https://www.linkedin.com/company/amc-banking/posts/
AMC Banking,19,2025-12-03,281,Link/Article,4,0,0,4,You can still sign up for our webinar tomorrow where we take a deep dive into,https://www.linkedin.com/feed/update/urn:li:activity:7401954468214489088/,https://www.linkedin.com/company/amc-banking/posts/
AMC Banking,20,2025-11-20,294,Video,6,0,0,6,Discover our new app designed to simplify and automate cash management,https://www.linkedin.com/feed/update/urn:li:activity:7397249382703697920/,https://www.linkedin.com/company/amc-banking/posts/
AMC Banking,21,2025-10-28,317,Link/Article,5,0,0,5,In case you have not yet signed up for our treasury extension webinar,https://www.linkedin.com/feed/update/urn:li:activity:7388930410455502848/,https://www.linkedin.com/company/amc-banking/posts/
AMC Banking,22,2025-10-14,331,Video,10,0,0,10,"In this webinar, we'll take you through how AMC Banking's intelligent cash",https://www.linkedin.com/feed/update/urn:li:activity:7383844399052521472/,https://www.linkedin.com/company/amc-banking/posts/
B2Brouter,1,2026-09-10,0,Carousel,2,0,0,2,"Deutsche E-Rechnung: Was sollten Produktteams klären, bevor die Entwicklung",https://www.linkedin.com/feed/update/urn:li:activity:7503739590260781057/,https://www.linkedin.com/company/b2brouter/posts/
B2Brouter,2,2026-09-09,1,Text,2,0,1,3,"France is only the beginning. For ERP teams, the real challenge isn't",https://www.linkedin.com/feed/update/urn:li:activity:7503384247764930560/,https://www.linkedin.com/company/b2brouter/posts/
B2Brouter,3,2026-09-09,1,Text,1,0,0,1,Si crees que la factura electrónica obligatoria es solo subir un archivo a un,https://www.linkedin.com/feed/update/urn:li:activity:7503377107079675905/,https://www.linkedin.com/company/b2brouter/posts/
B2Brouter,4,2026-09-08,2,Text,1,0,0,1,Vos clients ne veulent pas changer de logiciel. Ils veulent être conformes,https://www.linkedin.com/feed/update/urn:li:activity:7503014724427612160/,https://www.linkedin.com/company/b2brouter/posts/
B2Brouter,5,2026-09-07,3,Link/Article,14,0,1,15,France is done. Now everyone can just relax and sit back... Or..?,https://www.linkedin.com/feed/update/urn:li:activity:7502654210094616576/,https://www.linkedin.com/company/b2brouter/posts/
B2Brouter,6,2026-09-07,3,Link/Article,8,0,3,11,Comment intégrer la facturation électronique à son logiciel sans,https://www.linkedin.com/feed/update/urn:li:activity:7502652387191570432/,https://www.linkedin.com/company/b2brouter/posts/
B2Brouter,7,2026-09-04,6,Text,0,0,0,0,"As France prepares for a major step in its e-invoicing reform, cybersecurity",https://www.linkedin.com/feed/update/urn:li:activity:7501557240626311168/,https://www.linkedin.com/company/b2brouter/posts/
B2Brouter,8,2026-09-03,7,Text,0,0,0,0,Was werden Ihre Kunden 2027 von Ihrer Software erwarten? Seit 2025,https://www.linkedin.com/feed/update/urn:li:activity:7501202793823899649/,https://www.linkedin.com/company/b2brouter/posts/
B2Brouter,9,2026-09-03,7,Image,27,6,2,35,Hito alcanzado: Más de 18 000 empresas francesas confían en @B2Brouter en la,https://www.linkedin.com/feed/update/urn:li:activity:7501173018430259200/,https://www.linkedin.com/company/b2brouter/posts/
B2Brouter,10,2026-09-01,9,Carousel,8,0,1,9,Nous y sommes. Le 1er septembre 2026 n'est plus une échéance : c'est,https://www.linkedin.com/feed/update/urn:li:activity:7500478125844295680/,https://www.linkedin.com/company/b2brouter/posts/
B2Brouter,11,2026-08-31,10,Image,3,0,1,4,Próximos webinars Septiembre 2026. Este junio te esperamos en dos sesiones,https://www.linkedin.com/feed/update/urn:li:activity:7500122911618437122/,https://www.linkedin.com/company/b2brouter/posts/
B2Brouter,12,2026-08-31,10,Image,2,0,2,4,Upcoming webinars September 2026. Want to integrate e-invoicing into your,https://www.linkedin.com/feed/update/urn:li:activity:7500115655527133184/,https://www.linkedin.com/company/b2brouter/posts/
B2Brouter,13,2026-08-31,10,Image,9,1,2,12,Diqto s'appuie sur B2Brouter pour la facturation électronique via eDocSync.,https://www.linkedin.com/feed/update/urn:li:activity:7500102536599838720/,https://www.linkedin.com/company/b2brouter/posts/
B2Brouter,14,2026-08-28,13,Link/Article,28,1,5,34,France is just days away from one of the biggest e-invoicing transformations,https://www.linkedin.com/feed/update/urn:li:activity:7499014128599158784/,https://www.linkedin.com/company/b2brouter/posts/
B2Brouter,15,2026-08-27,14,Text,4,0,1,5,J-5 : une facture conforme peut malgré tout échouer si vos données clients,https://www.linkedin.com/feed/update/urn:li:activity:7498666058657005568/,https://www.linkedin.com/company/b2brouter/posts/
B2Brouter,16,2026-08-25,16,Image,11,2,4,17,J-7 en France : attendre de voir ce qui se passe n'est plus une stratégie.,https://www.linkedin.com/feed/update/urn:li:activity:7497941339712524289/,https://www.linkedin.com/company/b2brouter/posts/
B2Brouter,17,2026-08-20,21,Carousel,3,4,1,8,La facturation électronique n'est que la moitié de la réforme. Avez-vous,https://www.linkedin.com/feed/update/urn:li:activity:7496129404830633984/,https://www.linkedin.com/company/b2brouter/posts/
B2Brouter,18,2026-08-18,23,Image,12,7,2,21,"J-14 avant la réforme : pour les éditeurs de logiciels, le dernier moment",https://www.linkedin.com/feed/update/urn:li:activity:7495404617548177409/,https://www.linkedin.com/company/b2brouter/posts/
B2Brouter,19,2026-08-17,24,Link/Article,5,0,0,5,"Electronic invoicing is accelerating across Europe, and B2Brouter is growing",https://www.linkedin.com/feed/update/urn:li:activity:7495042297940733953/,https://www.linkedin.com/company/b2brouter/posts/
B2Brouter,20,2026-08-13,28,Link/Article,20,1,2,23,"Ja no hi ha excuses per adoptar la facturació electrònica, queden molt pocs",https://www.linkedin.com/feed/update/urn:li:activity:7493640731597684737/,https://www.linkedin.com/company/b2brouter/posts/
B2Brouter,21,2026-08-13,28,Image,9,0,1,10,La réforme française de la facturation électronique ne concerne pas seulement,https://www.linkedin.com/feed/update/urn:li:activity:7493592677385502720/,https://www.linkedin.com/company/b2brouter/posts/
B2Brouter,22,2026-08-12,29,Text,0,0,0,0,"Si la réforme française paraît simple en septembre, ce ne sera pas parce",https://www.linkedin.com/feed/update/urn:li:activity:7493218500002463744/,https://www.linkedin.com/company/b2brouter/posts/
B2Brouter,23,2026-08-11,30,Link/Article,4,0,0,4,El otro día Aleix Gasset se atrevió a explicarnos en un vídeo de dos minutos,https://www.linkedin.com/feed/update/urn:li:activity:7492867906616074240/,https://www.linkedin.com/company/b2brouter/posts/
B2Brouter,24,2026-08-10,31,Image,10,2,3,15,Partner Announcement: B2Brouter. We're thrilled,https://www.linkedin.com/feed/update/urn:li:activity:7492542597207433216/,https://www.linkedin.com/company/b2brouter/posts/
B2Brouter,25,2026-08-10,31,Link/Article,7,1,2,10,Le permier Septembre est prochajn!,https://www.linkedin.com/feed/update/urn:li:activity:7492487176849506304/,https://www.linkedin.com/company/b2brouter/posts/
B2Brouter,26,2026-08-06,35,Carousel,2,0,0,2,Die E-Rechnung in Deutschland ist bereits Realität - trotzdem halten,https://www.linkedin.com/feed/update/urn:li:activity:7491055957133934593/,https://www.linkedin.com/company/b2brouter/posts/
B2Brouter,27,2026-08-05,36,Multi-image,38,0,4,42,B2Brouter talent stands out in London! After one week of learning and just,https://www.linkedin.com/feed/update/urn:li:activity:7490693809140563968/,https://www.linkedin.com/company/b2brouter/posts/
B2Brouter,28,2026-08-05,36,Link/Article,20,3,3,26,"Si la réforme française semble ""simple"" le 1er septembre, ce ne sera pas",https://www.linkedin.com/feed/update/urn:li:activity:7490685592079425538/,https://www.linkedin.com/company/b2brouter/posts/
B2Brouter,29,2026-08-04,37,Carousel,6,0,1,7,Comment bien choisir sa Plateforme Agréée avant l'entrée en vigueur de,https://www.linkedin.com/feed/update/urn:li:activity:7490331204169293824/,https://www.linkedin.com/company/b2brouter/posts/
B2Brouter,30,2026-08-03,38,Link/Article,13,2,1,16,"Verifactu como el primer paso hacia el despliegue de ViDA, creo que es",https://www.linkedin.com/feed/update/urn:li:activity:7489979483010248704/,https://www.linkedin.com/company/b2brouter/posts/
B2Brouter,31,2026-07-30,42,Link/Article,6,0,2,8,"SCI, LMNP et facturation électronique : êtes-vous vraiment concerné ? La",https://www.linkedin.com/feed/update/urn:li:activity:7488519274714578944/,https://www.linkedin.com/company/b2brouter/posts/
B2Brouter,32,2026-07-29,43,Text,8,0,1,9,Germany's e-invoicing rollout is not just a national compliance update. It is,https://www.linkedin.com/feed/update/urn:li:activity:7488156812953686016/,https://www.linkedin.com/company/b2brouter/posts/
B2Brouter,33,2026-07-28,44,Carousel,8,0,2,10,"Tu ERP puede emitir facturas, pero... ¿puede cumplir con las nuevas",https://www.linkedin.com/feed/update/urn:li:activity:7487794547138150402/,https://www.linkedin.com/company/b2brouter/posts/
B2Brouter,34,2026-07-27,45,Carousel,10,1,2,13,Belgium's B2B e-invoicing mandate is already in force. Since 1 January,https://www.linkedin.com/feed/update/urn:li:activity:7487432108429389824/,https://www.linkedin.com/company/b2brouter/posts/
B2Brouter,35,2026-07-21,51,Text,0,0,0,0,VeriFactu no es el único gran cambio que viene en España. La Ley Crea y,https://www.linkedin.com/feed/update/urn:li:activity:7485272368173740032/,https://www.linkedin.com/company/b2brouter/posts/
B2Brouter,36,2026-07-21,51,Carousel,5,0,2,7,¿Tienes que enviar todas tus facturas a la AEAT? La respuesta rápida es:,https://www.linkedin.com/feed/update/urn:li:activity:7485257863351857152/,https://www.linkedin.com/company/b2brouter/posts/
B2Brouter,37,2026-07-21,51,Image,6,0,1,7,Que VeriFactu está a la vuelta de la esquina es algo de lo que llevamos,https://www.linkedin.com/feed/update/urn:li:activity:7485253055253417984/,https://www.linkedin.com/company/b2brouter/posts/
B2Brouter,38,2026-07-20,52,Link/Article,9,4,1,14,¿Cómo puede un ERP incorporar la facturación electrónica sin asumir toda la,https://www.linkedin.com/feed/update/urn:li:activity:7484895424160358401/,https://www.linkedin.com/company/b2brouter/posts/
B2Brouter,39,2026-07-16,56,Carousel,14,0,4,18,"La réforme fiscale française ne se limite pas à ""envoyer des factures",https://www.linkedin.com/feed/update/urn:li:activity:7483446070107287552/,https://www.linkedin.com/company/b2brouter/posts/
B2Brouter,40,2026-07-16,56,Carousel,9,0,3,12,Meet our Sales Team. They are the people who connect businesses with the,https://www.linkedin.com/feed/update/urn:li:activity:7483421106842832896/,https://www.linkedin.com/company/b2brouter/posts/
B2Brouter,41,2026-07-14,58,Carousel,2,0,1,3,La factura electrónica no va solo de enviar una factura en formato digital.,https://www.linkedin.com/feed/update/urn:li:activity:7482721202222841858/,https://www.linkedin.com/company/b2brouter/posts/
B2Brouter,42,2026-07-13,59,Poll,2,0,2,4,"2026 e-invoicing reality check: is your business ready? Across Europe,",https://www.linkedin.com/feed/update/urn:li:activity:7482358631292755968/,https://www.linkedin.com/company/b2brouter/posts/
B2Brouter,43,2026-07-13,59,Image,47,3,8,58,ERP & E-Invoicing Integration Partners - Monthly Ranking Status July 2026. The,https://www.linkedin.com/feed/update/urn:li:activity:7482324195834499072/,https://www.linkedin.com/company/b2brouter/posts/
B2Brouter,44,2026-07-11,61,Link/Article,8,0,4,12,La réforme de la facturation électronique en France ne se limite pas à,https://www.linkedin.com/feed/update/urn:li:activity:7481597293889036288/,https://www.linkedin.com/company/b2brouter/posts/
B2Brouter,45,2026-07-11,61,Carousel,7,0,2,9,"Do you have clients, suppliers or subsidiaries in Germany? Then",https://www.linkedin.com/feed/update/urn:li:activity:7481597252260691968/,https://www.linkedin.com/company/b2brouter/posts/
B2Brouter,46,2026-07-08,64,Carousel,7,0,2,9,"Do you have clients, suppliers or subsidiaries in Germany? Then",https://www.linkedin.com/feed/update/urn:li:activity:7480547234820853761/,https://www.linkedin.com/company/b2brouter/posts/
B2Brouter,47,2026-07-07,65,Carousel,9,1,0,10,La solución pública de facturación electrónica de la AEAT será una pieza,https://www.linkedin.com/feed/update/urn:li:activity:7480184746577326080/,https://www.linkedin.com/company/b2brouter/posts/
B2Brouter,48,2026-07-03,69,Text,3,0,2,5,Capde - says it exactly right: France's e-invoicing reform is not just about,https://www.linkedin.com/feed/update/urn:li:activity:7478734373190615040/,https://www.linkedin.com/company/b2brouter/posts/
B2Brouter,49,2026-07-01,71,Image,10,0,1,11,Baking a flawless wedding cake with salt instead of sugar will ruin the whole,https://www.linkedin.com/feed/update/urn:li:activity:7478016346799398912/,https://www.linkedin.com/company/b2brouter/posts/
B2Brouter,50,2026-07-01,71,Carousel,4,0,0,4,Empfangen ist nicht gleich Verarbeiten. Genau darüber haben wir vor zwei,https://www.linkedin.com/feed/update/urn:li:activity:7477994994683817984/,https://www.linkedin.com/company/b2brouter/posts/
Dooap,1,2026-09-09,1,Image,24,2,0,26,What a great couple of days at #DynamicsCon Regional: Ohio Valley! We were,https://www.linkedin.com/feed/update/urn:li:activity:7503525345334247424/,https://www.linkedin.com/company/dooap/posts/
Dooap,2,2026-09-04,6,Image,12,2,1,15,We are hitting the road in a few weeks and headed to Dynamics User Group,https://www.linkedin.com/feed/update/urn:li:activity:7501642410838478848/,https://www.linkedin.com/company/dooap/posts/
Dooap,3,2026-09-02,8,Link/Article,9,0,1,10,Evaluating AP automation for Microsoft Dynamics 365 Finance? The shortlist,https://www.linkedin.com/feed/update/urn:li:activity:7501000650630131712/,https://www.linkedin.com/company/dooap/posts/
Dooap,4,2026-08-18,23,Image,9,1,6,16,Dooap Studio has a new home: dooapstudio.ai. It's our agentic AI,https://www.linkedin.com/feed/update/urn:li:activity:7495502138014625792/,https://www.linkedin.com/company/dooap/posts/
Dooap,5,2026-08-06,35,Image,9,1,1,11,We're sponsoring Dynamics User Group (DUG) DynamicsCon Regional: Ohio Valley,https://www.linkedin.com/feed/update/urn:li:activity:7491194529493078016/,https://www.linkedin.com/company/dooap/posts/
Dooap,6,2026-08-03,38,Image,6,1,1,8,Everyone is talking about AI in finance. Very few are talking about what's,https://www.linkedin.com/feed/update/urn:li:activity:7490123141965590530/,https://www.linkedin.com/company/dooap/posts/
Dooap,7,2026-07-29,43,Video,26,2,4,32,Sharing our story of Dooap Studio live from Dynamic Communities AI Business,https://www.linkedin.com/feed/update/urn:li:activity:7488312200672124929/,https://www.linkedin.com/company/dooap/posts/
Dooap,8,2026-07-28,44,Text,19,0,0,19,Looking forward to sharing more about Dooap Studio this week at AI Business,https://www.linkedin.com/feed/update/urn:li:activity:7487897903475298304/,https://www.linkedin.com/company/dooap/posts/
Dooap,9,2026-07-28,44,Video,24,3,1,28,"Caught up with Mikko Hytonen of Dooap and one message stood out to me: ""AI",https://www.linkedin.com/feed/update/urn:li:activity:7487854640630444033/,https://www.linkedin.com/company/dooap/posts/
Dooap,10,2026-07-21,51,Image,10,0,1,11,We're heading to Copenhagen! Join the Dooap team at Directions for Partners,https://www.linkedin.com/feed/update/urn:li:activity:7485365193951150082/,https://www.linkedin.com/company/dooap/posts/
Dooap,11,2026-07-20,52,Image,18,1,0,19,"Five years in, and she still says it feels new every day. In this episode of",https://www.linkedin.com/feed/update/urn:li:activity:7484982480387764227/,https://www.linkedin.com/company/dooap/posts/
Dooap,12,2026-07-17,55,Image,30,4,1,35,Who is attending Dynamic Communities's AI Business Solutions Partner,https://www.linkedin.com/feed/update/urn:li:activity:7483887642762305537/,https://www.linkedin.com/company/dooap/posts/
Dooap,13,2026-07-16,56,Image,19,1,4,24,"Every D365 vendor is racing to say ""agentic"" right now. Most are still",https://www.linkedin.com/feed/update/urn:li:activity:7483519748073373697/,https://www.linkedin.com/company/dooap/posts/
Dooap,14,2026-07-07,65,Link/Article,11,0,3,14,"Every AP Manager knows this feeling: you spot the fix, but IT has a",https://www.linkedin.com/feed/update/urn:li:activity:7480276507207122944/,https://www.linkedin.com/company/dooap/posts/
Dooap,15,2026-07-01,71,Image,25,0,3,28,"Last time we said ""something new is coming,"" we introduced Dooap Studio -",https://www.linkedin.com/feed/update/urn:li:activity:7478102628753805312/,https://www.linkedin.com/company/dooap/posts/
Dooap,16,2026-06-18,84,Image,18,0,2,20,"Somewhere right now, an AP manager is refreshing their inbox hoping an",https://www.linkedin.com/feed/update/urn:li:activity:7473458422844329984/,https://www.linkedin.com/company/dooap/posts/
Dooap,17,2026-06-18,84,Video,24,2,0,26,We are here and you can find the team and table next to registration. Come,https://www.linkedin.com/feed/update/urn:li:activity:7473363522626850817/,https://www.linkedin.com/company/dooap/posts/
Dooap,18,2026-06-10,92,Image,16,0,1,17,The Dynamics community is coming to Toronto - and so are we. Dynamics User,https://www.linkedin.com/feed/update/urn:li:activity:7470469422546255874/,https://www.linkedin.com/company/dooap/posts/
Dooap,19,2026-06-09,93,Video,39,2,1,42,Excited to introduce our latest Dooap Unleashed: Run With Us - Eftsure! Scott,https://www.linkedin.com/feed/update/urn:li:activity:7470191989318373377/,https://www.linkedin.com/company/dooap/posts/
Dooap,20,2026-06-08,94,Video,17,0,6,23,This is what agentic AP automation looks like. Dooap Studio gives AP teams,https://www.linkedin.com/feed/update/urn:li:activity:7469753292600815617/,https://www.linkedin.com/company/dooap/posts/
Dooap,21,2026-06-04,98,Text,14,0,1,15,Just think of the possibilities with Dooap Studio! Here's one for you.,https://www.linkedin.com/feed/update/urn:li:activity:7468313154083667968/,https://www.linkedin.com/company/dooap/posts/
Dooap,22,2026-06-04,98,Image,38,0,1,39,(no text),https://www.linkedin.com/feed/update/urn:li:activity:7468202636639670272/,https://www.linkedin.com/company/dooap/posts/
Dooap,23,2026-06-03,99,Video,71,10,3,84,AP automation doesn't stop at the invoice. So why should your tech stack?,https://www.linkedin.com/feed/update/urn:li:activity:7467932443854049281/,https://www.linkedin.com/company/dooap/posts/
Dooap,24,2026-06-01,101,Image,21,0,0,21,We saw a clear shift across #DynamicsCon2026 and #DynamicsMinds2026 this,https://www.linkedin.com/feed/update/urn:li:activity:7467274100789579776/,https://www.linkedin.com/company/dooap/posts/
Dooap,25,2026-05-27,106,Multi-image,70,4,0,74,"Well, that's a wrap on DynamicsMinds. The Dooap team is heading back through",https://www.linkedin.com/feed/update/urn:li:activity:7465441559145177094/,https://www.linkedin.com/company/dooap/posts/
Dooap,26,2026-05-26,107,Text,9,1,0,10,Great conversations. Great community.,https://www.linkedin.com/feed/update/urn:li:activity:7464988638787915776/,https://www.linkedin.com/company/dooap/posts/
Dooap,27,2026-05-26,107,Video,48,2,2,52,"Highlights of DynamicsMinds day one; Deep-dive discussions, meeting old",https://www.linkedin.com/feed/update/urn:li:activity:7464987376369684480/,https://www.linkedin.com/company/dooap/posts/
Dooap,28,2026-05-25,108,Image,28,2,3,33,"Set up and ready for ""Herd your AP with AI Agents"", in Sunset on level 11.",https://www.linkedin.com/feed/update/urn:li:activity:7464604016875024384/,https://www.linkedin.com/company/dooap/posts/
Dooap,29,2026-05-22,111,Image,30,0,1,31,We're heading to #DynamicsMinds2026 and looking forward to being back with,https://www.linkedin.com/feed/update/urn:li:activity:7463671619656503297/,https://www.linkedin.com/company/dooap/posts/
Dooap,30,2026-05-22,111,Video,21,3,1,25,The biggest problem in finance isn't the system. It's that nobody trusts it.,https://www.linkedin.com/feed/update/urn:li:activity:7463565533880332288/,https://www.linkedin.com/company/dooap/posts/
Dooap,31,2026-05-21,112,Link/Article,15,0,0,15,Transform your AP process with automation built for Dynamics 365 Finance.,https://www.linkedin.com/feed/update/urn:li:activity:7463212123708440576/,https://www.linkedin.com/company/dooap/posts/
Dooap,32,2026-05-21,112,Video,66,4,0,70,Sam Bush live here in Helsinki. The Dooap team is gearing up for,https://www.linkedin.com/feed/update/urn:li:activity:7463182960654024704/,https://www.linkedin.com/company/dooap/posts/
Dooap,33,2026-05-19,114,Link/Article,10,0,1,11,What does AI literacy actually look like for a Dynamics 365 Finance team in,https://www.linkedin.com/feed/update/urn:li:activity:7462559537166921728/,https://www.linkedin.com/company/dooap/posts/
Dooap,34,2026-05-13,120,Text,9,0,2,11,Love spending time with our partners all year around. At Dynamics User Group,https://www.linkedin.com/feed/update/urn:li:activity:7460431032459128833/,https://www.linkedin.com/company/dooap/posts/
Dooap,35,2026-05-13,120,Video,30,0,3,33,"We're live from the expo floor at DynamicsCon with our friends at Dooap,",https://www.linkedin.com/feed/update/urn:li:activity:7460407326697574400/,https://www.linkedin.com/company/dooap/posts/
Dooap,36,2026-05-13,120,Multi-image,57,1,2,60,"With AP you have a lot of balls in the air at all times, let Dooap help you",https://www.linkedin.com/feed/update/urn:li:activity:7460382113092145153/,https://www.linkedin.com/company/dooap/posts/
Dooap,37,2026-05-11,122,Video,46,6,8,60,Run AP with AI agents. Not manual work. Today we're launching Dooap Studio -,https://www.linkedin.com/feed/update/urn:li:activity:7459626559054700546/,https://www.linkedin.com/company/dooap/posts/
Dooap,38,2026-05-06,127,Image,21,6,2,29,The AP world is about to change. 5 days. #AccountsPayable #D365Finance,https://www.linkedin.com/feed/update/urn:li:activity:7457816669097398272/,https://www.linkedin.com/company/dooap/posts/
Dooap,39,2026-05-04,129,Multi-image,24,1,3,28,"We're heading to #DynamicsCon in Las Vegas next week! If you're attending, be",https://www.linkedin.com/feed/update/urn:li:activity:7457066551268261888/,https://www.linkedin.com/company/dooap/posts/
Dooap,40,2026-04-29,134,Video,15,2,2,19,Welcome to Dooap Unleashed. A video series coming to your LinkedIn life all,https://www.linkedin.com/feed/update/urn:li:activity:7455272667495993344/,https://www.linkedin.com/company/dooap/posts/
Dooap,41,2026-04-23,140,Video,40,15,1,56,"What message would you send to the future? We took DynamicsMinds' ""Message",https://www.linkedin.com/feed/update/urn:li:activity:7453170722127925248/,https://www.linkedin.com/company/dooap/posts/
Dooap,42,2026-04-15,148,Multi-image,32,0,2,34,Still herding invoices manually? What if your AP process could herd,https://www.linkedin.com/feed/update/urn:li:activity:7450109430253404160/,https://www.linkedin.com/company/dooap/posts/
Dooap,43,2026-04-06,157,Image,20,1,4,25,Something new is coming. Stay tuned. #dooapunleashed,https://www.linkedin.com/feed/update/urn:li:activity:7446928938054086656/,https://www.linkedin.com/company/dooap/posts/
Dooap,44,2026-03-25,169,Multi-image,16,0,3,19,Join us at the Dynamic Communities Summit NA Roadshow in Vancouver. Built,https://www.linkedin.com/feed/update/urn:li:activity:7442586096565334016/,https://www.linkedin.com/company/dooap/posts/
Dooap,45,2026-03-10,184,Link/Article,10,1,3,14,Approving invoices shouldn't keep you tied to your desk. With the Dooap AP,https://www.linkedin.com/feed/update/urn:li:activity:7437163375614263296/,https://www.linkedin.com/company/dooap/posts/
Dooap,46,2026-02-19,203,Image,49,3,0,52,We are here and ready to talk about AI and AP for Dynamics 365 Finance in,https://www.linkedin.com/feed/update/urn:li:activity:7430258373754798080/,https://www.linkedin.com/company/dooap/posts/
Dooap,47,2026-02-12,210,Image,14,3,2,19,AI is changing Accounts Payable. But control still matters. At the Dynamic,https://www.linkedin.com/feed/update/urn:li:activity:7427803768953655297/,https://www.linkedin.com/company/dooap/posts/
Dooap,48,2026-01-29,224,Image,42,12,4,58,"Sam Bush joins Dooap as Chief Marketing Officer, starting February 1, 2026.",https://www.linkedin.com/feed/update/urn:li:activity:7422558041457442816/,https://www.linkedin.com/company/dooap/posts/
Dooap,49,2026-01-20,233,Carousel,10,1,2,13,"AI is no longer ""coming"" to AP. It's redefining how finance teams lead, work,",https://www.linkedin.com/feed/update/urn:li:activity:7419281572404756480/,https://www.linkedin.com/company/dooap/posts/
Dooap,50,2026-01-19,234,Text,9,1,1,11,"Happy 2026, we're looking forward to meeting y'all in Dallas on Thursday!",https://www.linkedin.com/feed/update/urn:li:activity:7419006712050954242/,https://www.linkedin.com/company/dooap/posts/
Yavrio,1,2026-09-08,2,Video,14,0,2,16,An embedded payments system means more than operational efficiency. It means,https://www.linkedin.com/feed/update/urn:li:activity:7503037444116844544/,https://www.linkedin.com/company/yavrio/posts/
Yavrio,2,2026-09-07,3,Video,47,3,1,51,"Our founder, John Lewis, caught up with a true legend of the Microsoft",https://www.linkedin.com/feed/update/urn:li:activity:7502714172355371009/,https://www.linkedin.com/company/yavrio/posts/
Yavrio,3,2026-09-03,7,Multi-image,65,7,1,73,A massive thank you to everyone in the ERP + Fintech community who made the,https://www.linkedin.com/feed/update/urn:li:activity:7501213204778340353/,https://www.linkedin.com/company/yavrio/posts/
Yavrio,4,2026-09-02,8,Image,48,2,0,50,"Meet James Pike, one of our Partner Success Managers at Yavrio! James sits",https://www.linkedin.com/feed/update/urn:li:activity:7500888898693160960/,https://www.linkedin.com/company/yavrio/posts/
Yavrio,5,2026-08-26,15,Image,29,0,0,29,The Yavrio team is already counting down the days till Directions for,https://www.linkedin.com/feed/update/urn:li:activity:7498368008654864384/,https://www.linkedin.com/company/yavrio/posts/
Yavrio,6,2026-08-24,17,Image,28,4,0,32,Our team just touched down in Ohio and we can't wait to meet with our,https://www.linkedin.com/feed/update/urn:li:activity:7497701703715061760/,https://www.linkedin.com/company/yavrio/posts/
Yavrio,7,2026-08-20,21,Image,32,2,1,35,This week we've been celebrating the return of Samantha Felling to our USA,https://www.linkedin.com/feed/update/urn:li:activity:7496184053973487617/,https://www.linkedin.com/company/yavrio/posts/
Yavrio,8,2026-08-19,22,Image,33,2,2,37,More than 5 billion Direct Debit payments run through the UK's Bacs network,https://www.linkedin.com/feed/update/urn:li:activity:7495822160754708482/,https://www.linkedin.com/company/yavrio/posts/
Yavrio,9,2026-08-14,27,Video,35,2,2,39,What does success actually look like when banking is fully integrated into,https://www.linkedin.com/feed/update/urn:li:activity:7494027372845948928/,https://www.linkedin.com/company/yavrio/posts/
Yavrio,10,2026-08-13,28,Image,21,2,0,23,Yavrio x Wenalyze. We're building smarter fraud prevention into Yavrio -,https://www.linkedin.com/feed/update/urn:li:activity:7493589448035688448/,https://www.linkedin.com/company/yavrio/posts/
Yavrio,11,2026-08-12,29,Multi-image,84,11,1,96,What a day. The whole UK team got together in Paddington to celebrate the,https://www.linkedin.com/feed/update/urn:li:activity:7493292952002142208/,https://www.linkedin.com/company/yavrio/posts/
Yavrio,12,2026-08-07,34,Image,64,8,0,72,"Meet Phillip Dawson, our VP Sales & Partnerships! Phil has been at the heart",https://www.linkedin.com/feed/update/urn:li:activity:7491492841144242177/,https://www.linkedin.com/company/yavrio/posts/
Yavrio,13,2026-08-06,35,Image,40,5,0,45,"Microsoft's Tier 1 ERP now has modern bank connectivity, embedded payments",https://www.linkedin.com/feed/update/urn:li:activity:7491057583168921600/,https://www.linkedin.com/company/yavrio/posts/
Yavrio,14,2026-08-05,36,Image,105,26,6,137,"Four years ago, we launched Yavrio Banking and set out on a mission to create",https://www.linkedin.com/feed/update/urn:li:activity:7490754686266990593/,https://www.linkedin.com/company/yavrio/posts/
Yavrio,15,2026-07-30,42,Multi-image,72,7,3,82,"A brilliant afternoon at Fortnum & Mason, bringing together senior retail",https://www.linkedin.com/feed/update/urn:li:activity:7488546263550971904/,https://www.linkedin.com/company/yavrio/posts/
Yavrio,16,2026-07-29,43,Image,49,8,5,62,This summer we're opening up our London Paddington office for the first ever,https://www.linkedin.com/feed/update/urn:li:activity:7488152744680247297/,https://www.linkedin.com/company/yavrio/posts/
Yavrio,17,2026-07-23,49,Image,49,9,1,59,We're excited to welcome Samuel Price as a Sales Consultant as we continue,https://www.linkedin.com/feed/update/urn:li:activity:7485982080963796992/,https://www.linkedin.com/company/yavrio/posts/
Yavrio,18,2026-07-21,51,Image,32,3,0,35,We're excited to be hosting an exclusive roundtable with Microsoft and iLink,https://www.linkedin.com/feed/update/urn:li:activity:7485284969116844032/,https://www.linkedin.com/company/yavrio/posts/
Yavrio,19,2026-07-16,56,Image,76,3,0,79,We have loved having summer interns at Yavrio this year! Josh and Noemi,https://www.linkedin.com/feed/update/urn:li:activity:7483461878594240513/,https://www.linkedin.com/company/yavrio/posts/
Yavrio,20,2026-07-15,57,Carousel,13,1,2,16,8-10 days. That's the average close when statements are still pulled,https://www.linkedin.com/feed/update/urn:li:activity:7483145531679023104/,https://www.linkedin.com/company/yavrio/posts/
Yavrio,21,2026-07-10,62,Image,176,5,0,181,"Meet our Head of UK Sales, Charlotte Huang! Charlotte has led our UK sales",https://www.linkedin.com/feed/update/urn:li:activity:7481333803337117696/,https://www.linkedin.com/company/yavrio/posts/
Yavrio,22,2026-07-08,64,Multi-image,84,1,0,85,"A big couple of weeks for the Yavrio team. Across North America and the UK,",https://www.linkedin.com/feed/update/urn:li:activity:7480664587437158400/,https://www.linkedin.com/company/yavrio/posts/
Yavrio,23,2026-07-03,69,Multi-image,49,11,2,62,Cards on the Table. The launch of Yavrio Cards called for a proper,https://www.linkedin.com/feed/update/urn:li:activity:7478719270944743424/,https://www.linkedin.com/company/yavrio/posts/
Yavrio,24,2026-07-02,70,Image,35,6,0,41,We're delighted to announce our partnership with Sabre Limited as adoption of,https://www.linkedin.com/feed/update/urn:li:activity:7478411138188259328/,https://www.linkedin.com/company/yavrio/posts/
Yavrio,25,2026-06-30,72,Image,17,1,1,19,260+ hours a year. That's what manual bank reconciliation costs you per,https://www.linkedin.com/feed/update/urn:li:activity:7477688691012956160/,https://www.linkedin.com/company/yavrio/posts/
Yavrio,26,2026-06-25,77,Carousel,15,0,1,16,For finance teams still importing bank statements by CSV into Microsoft,https://www.linkedin.com/feed/update/urn:li:activity:7476014378476068864/,https://www.linkedin.com/company/yavrio/posts/
Yavrio,27,2026-06-25,77,Text,9,0,0,9,We are live now with Western Computer for our joint session on banking in,https://www.linkedin.com/feed/update/urn:li:activity:7475965592567578624/,https://www.linkedin.com/company/yavrio/posts/
Yavrio,28,2026-06-24,78,Image,61,6,1,68,"Meet our amazing North America Sales Director, Joshua Wilkinson!! We started",https://www.linkedin.com/feed/update/urn:li:activity:7475526992231276544/,https://www.linkedin.com/company/yavrio/posts/
Yavrio,29,2026-06-17,85,Image,17,1,1,19,Only 18% of finance teams close their books in three days or less. The rest,https://www.linkedin.com/feed/update/urn:li:activity:7473002304569503744/,https://www.linkedin.com/company/yavrio/posts/
Yavrio,30,2026-06-16,86,Video,27,0,1,28,Still moving bank data into your finance system one CSV at a time? It may be,https://www.linkedin.com/feed/update/urn:li:activity:7472794053525286912/,https://www.linkedin.com/company/yavrio/posts/
Yavrio,31,2026-06-08,94,Image,48,1,0,49,The payment is accepted. But is the finance work actually done? For teams,https://www.linkedin.com/feed/update/urn:li:activity:7469690853242851328/,https://www.linkedin.com/company/yavrio/posts/
Yavrio,32,2026-06-03,99,Multi-image,110,9,0,119,What a 2026 Yavrio is having so far! It's hard to believe we're nearly,https://www.linkedin.com/feed/update/urn:li:activity:7467915536178421760/,https://www.linkedin.com/company/yavrio/posts/
Yavrio,33,2026-05-29,104,Multi-image,108,5,0,113,DynamicsMinds 2026 is done and what a week it's been. Over the last few,https://www.linkedin.com/feed/update/urn:li:activity:7466123635569717248/,https://www.linkedin.com/company/yavrio/posts/
Yavrio,34,2026-05-27,106,Video,48,5,0,53,"Finance teams BEFORE vs AFTER Yavrio. Before Yavrio: manual bank files,",https://www.linkedin.com/feed/update/urn:li:activity:7465387859412209664/,https://www.linkedin.com/company/yavrio/posts/
Yavrio,35,2026-05-26,107,Image,25,2,1,28,"Next month, in a webinar with Western Computer, we're breaking down what",https://www.linkedin.com/feed/update/urn:li:activity:7465057915482198016/,https://www.linkedin.com/company/yavrio/posts/
Yavrio,36,2026-05-26,107,Multi-image,82,4,0,86,"Day one of DynamicsMinds wrapped and what a start its been. Our team,",https://www.linkedin.com/feed/update/urn:li:activity:7465044256492101633/,https://www.linkedin.com/company/yavrio/posts/
Yavrio,37,2026-05-21,112,Image,32,3,1,36,We're very excited to announce a new partnership between Yavrio and Custom,https://www.linkedin.com/feed/update/urn:li:activity:7463216587676946434/,https://www.linkedin.com/company/yavrio/posts/
Yavrio,38,2026-05-20,113,Image,61,5,2,68,"DynamicsMinds 2026... we're coming. This year, Yavrio is teaming up with",https://www.linkedin.com/feed/update/urn:li:activity:7462842015051988992/,https://www.linkedin.com/company/yavrio/posts/
Yavrio,39,2026-05-15,118,Multi-image,55,2,0,57,DynamicsCon 2026 wrapped and what a few days it was! A hot week in Vegas as,https://www.linkedin.com/feed/update/urn:li:activity:7461079853015007232/,https://www.linkedin.com/company/yavrio/posts/
Yavrio,40,2026-05-13,120,Multi-image,68,1,1,70,We're excited to have our feet on the ground at Directions ASIA 2026 in,https://www.linkedin.com/feed/update/urn:li:activity:7460339819081183232/,https://www.linkedin.com/company/yavrio/posts/
Yavrio,41,2026-05-13,120,Image,99,10,1,110,Hello from a roasting Las Vegas. I'm at #DynamicsCon2026 this week where,https://www.linkedin.com/feed/update/urn:li:activity:7460338767321800704/,https://www.linkedin.com/company/yavrio/posts/
Yavrio,42,2026-05-12,121,Multi-image,65,2,0,67,Another amazing event. Yavrio had an incredible time at this year's,https://www.linkedin.com/feed/update/urn:li:activity:7459968710695501824/,https://www.linkedin.com/company/yavrio/posts/
Yavrio,43,2026-05-07,126,Carousel,20,1,0,21,Most #ERP banking workflows are still far too manual. Swyft decided to change,https://www.linkedin.com/feed/update/urn:li:activity:7458139664877666305/,https://www.linkedin.com/company/yavrio/posts/
Yavrio,44,2026-05-06,127,Image,41,3,2,46,Next stop: DynamicsCon. We're excited to be heading to DynamicsCon 2026,https://www.linkedin.com/feed/update/urn:li:activity:7457720756035276801/,https://www.linkedin.com/company/yavrio/posts/
Yavrio,45,2026-05-05,128,Image,79,14,2,95,One of our favourite partner events of the year is back. Looking back at,https://www.linkedin.com/feed/update/urn:li:activity:7457398980465864704/,https://www.linkedin.com/company/yavrio/posts/
Yavrio,46,2026-05-01,132,Multi-image,64,7,0,71,"""That's a wrap on Directions North America 2026"". It's been a great few days",https://www.linkedin.com/feed/update/urn:li:activity:7455996604467118080/,https://www.linkedin.com/company/yavrio/posts/
Yavrio,47,2026-04-28,135,Multi-image,86,2,0,88,A full day in for the Yavrio team and it's already been a strong start at,https://www.linkedin.com/feed/update/urn:li:activity:7454879245895536640/,https://www.linkedin.com/company/yavrio/posts/
Yavrio,48,2026-04-27,136,Image,62,4,1,67,We're excited to be sponsoring and attending Directions North America in,https://www.linkedin.com/feed/update/urn:li:activity:7454521338800623617/,https://www.linkedin.com/company/yavrio/posts/
Yavrio,49,2026-04-23,140,Image,160,22,1,183,We're proud to share that Yavrio is a WINNER of the Scaleup category at,https://www.linkedin.com/feed/update/urn:li:activity:7453068823898931200/,https://www.linkedin.com/company/yavrio/posts/
Yavrio,50,2026-04-22,141,Image,25,3,1,29,Every card payment sets off a chain of events most people never see,https://www.linkedin.com/feed/update/urn:li:activity:7452669765376094208/,https://www.linkedin.com/company/yavrio/posts/
Incedo Inc,1,2026-09-10,0,Carousel,9,1,0,10,Agentic AI becomes valuable when AI agents can move work from intake to,https://www.linkedin.com/feed/update/urn:li:activity:7503652374603886593/,https://www.linkedin.com/company/incedo-inc/posts/
Incedo Inc,2,2026-09-08,2,Image,86,1,2,89,What will remain uniquely human in the age,https://www.linkedin.com/feed/update/urn:li:activity:7503120034085380096/,https://www.linkedin.com/company/incedo-inc/posts/
Incedo Inc,3,2026-09-07,3,Image,42,2,1,45,We are building the future of software development—together with AWS. At,https://www.linkedin.com/feed/update/urn:li:activity:7502705641325785089/,https://www.linkedin.com/company/incedo-inc/posts/
Incedo Inc,4,2026-09-03,7,Image,61,1,4,66,A conversation worth tuning in! What,https://www.linkedin.com/feed/update/urn:li:activity:7501275603527135233/,https://www.linkedin.com/company/incedo-inc/posts/
Incedo Inc,5,2026-09-02,8,Image,24,0,0,24,Incedo Navigator helps enterprises transform the economics of operations with,https://www.linkedin.com/feed/update/urn:li:activity:7500922688522219520/,https://www.linkedin.com/company/incedo-inc/posts/
Incedo Inc,6,2026-09-01,9,Video,57,0,1,58,AI can move fast. But who keeps it moving in the right direction? In the,https://www.linkedin.com/feed/update/urn:li:activity:7500562146217590784/,https://www.linkedin.com/company/incedo-inc/posts/
Incedo Inc,7,2026-08-31,10,Image,14,0,0,14,Reporting answers to an important question: what changed? But decision-making,https://www.linkedin.com/feed/update/urn:li:activity:7500230153436975104/,https://www.linkedin.com/company/incedo-inc/posts/
Incedo Inc,8,2026-08-27,14,Image,20,0,1,21,Patient-centric pharma has reached an,https://www.linkedin.com/feed/update/urn:li:activity:7498731208026198016/,https://www.linkedin.com/company/incedo-inc/posts/
Incedo Inc,9,2026-08-26,15,Image,96,0,0,96,What does it take to lead through constant change? In a recent conversation,https://www.linkedin.com/feed/update/urn:li:activity:7498378279662399488/,https://www.linkedin.com/company/incedo-inc/posts/
Incedo Inc,10,2026-08-25,16,Carousel,17,0,0,17,The metric is not the decision. The value appears when a team can move from,https://www.linkedin.com/feed/update/urn:li:activity:7498038176062550017/,https://www.linkedin.com/company/incedo-inc/posts/
Incedo Inc,11,2026-08-24,17,Carousel,21,0,0,21,Deploying AI agents is one thing. Transforming an operation is another.,https://www.linkedin.com/feed/update/urn:li:activity:7497652197510385664/,https://www.linkedin.com/company/incedo-inc/posts/
Incedo Inc,12,2026-08-21,20,Image,93,1,2,96,Proud to be part of the 2026 Inc. 5000. Incedo,https://www.linkedin.com/feed/update/urn:li:activity:7496570892202835968/,https://www.linkedin.com/company/incedo-inc/posts/
Incedo Inc,13,2026-08-20,21,Video,73,1,2,76,"AI isn't magic. It's an interaction. At ONNJ, Nitin Seth, Co-Founder and CEO,",https://www.linkedin.com/feed/update/urn:li:activity:7496179521809768449/,https://www.linkedin.com/company/incedo-inc/posts/
Incedo Inc,14,2026-08-19,22,Image,12,1,0,13,Can performance testing keep pace with the complexity of modern network,https://www.linkedin.com/feed/update/urn:li:activity:7495876140188930048/,https://www.linkedin.com/company/incedo-inc/posts/
Incedo Inc,15,2026-08-18,23,Carousel,21,0,0,21,A dashboard can make a metric visible. The harder job is to explain what is,https://www.linkedin.com/feed/update/urn:li:activity:7495501836985065472/,https://www.linkedin.com/company/incedo-inc/posts/
Incedo Inc,16,2026-08-17,24,Carousel,15,0,1,16,Complex operations need more than disconnected AI tools. They need,https://www.linkedin.com/feed/update/urn:li:activity:7495125056008921088/,https://www.linkedin.com/company/incedo-inc/posts/
Incedo Inc,17,2026-08-15,26,Image,96,1,2,99,"At Incedo, we believe India's next chapter will be shaped by bold ideas,",https://www.linkedin.com/feed/update/urn:li:activity:7494272146324643840/,https://www.linkedin.com/company/incedo-inc/posts/
Incedo Inc,18,2026-08-14,27,Carousel,12,2,0,14,Your AI strategy is only as strong as your data foundation. Many,https://www.linkedin.com/feed/update/urn:li:activity:7494066938634051584/,https://www.linkedin.com/company/incedo-inc/posts/
Incedo Inc,19,2026-08-13,28,Image,108,2,2,112,Cyber risk is moving at machine speed. Banking defense must catch up.,https://www.linkedin.com/feed/update/urn:li:activity:7493651246311055360/,https://www.linkedin.com/company/incedo-inc/posts/
Incedo Inc,20,2026-08-11,30,Carousel,22,1,0,23,Most AI tools can answer questions. But enterprise decisions need more than,https://www.linkedin.com/feed/update/urn:li:activity:7492937822975434752/,https://www.linkedin.com/company/incedo-inc/posts/
Incedo Inc,21,2026-08-07,34,Image,30,0,0,30,"Data Modernization should not break what already works. With Incedo DataXel,",https://www.linkedin.com/feed/update/urn:li:activity:7491481980702957568/,https://www.linkedin.com/company/incedo-inc/posts/
Incedo Inc,22,2026-08-06,35,Video,61,2,1,64,"AI is becoming more capable every day. But as it grows more powerful, one",https://www.linkedin.com/feed/update/urn:li:activity:7491134006529331201/,https://www.linkedin.com/company/incedo-inc/posts/
Incedo Inc,23,2026-08-05,36,Image,21,0,0,21,Business signals lose value when action comes too late. A revenue shift. A,https://www.linkedin.com/feed/update/urn:li:activity:7490581542579367936/,https://www.linkedin.com/company/incedo-inc/posts/
Incedo Inc,24,2026-08-03,38,Image,569,31,8,608,"One year ago, Human Edge in the AI Age was",https://www.linkedin.com/feed/update/urn:li:activity:7489950549799419904/,https://www.linkedin.com/company/incedo-inc/posts/
Incedo Inc,25,2026-07-31,41,Carousel,13,0,1,14,One of the biggest barriers to scaling enterprise AI isn't the capability of,https://www.linkedin.com/feed/update/urn:li:activity:7488983923918655488/,https://www.linkedin.com/company/incedo-inc/posts/
Incedo Inc,26,2026-07-30,42,Image,83,0,1,84,AI is everywhere. But where does real business value actually come from? In,https://www.linkedin.com/feed/update/urn:li:activity:7488598836253224961/,https://www.linkedin.com/company/incedo-inc/posts/
Incedo Inc,27,2026-07-29,43,Image,29,0,1,30,Modernizing legacy data should not mean losing the business logic that makes,https://www.linkedin.com/feed/update/urn:li:activity:7488261286011756544/,https://www.linkedin.com/company/incedo-inc/posts/
Incedo Inc,28,2026-07-28,44,Carousel,27,0,0,27,"In Life Sciences, timing matters. The earlier teams can detect patient",https://www.linkedin.com/feed/update/urn:li:activity:7487875387016781824/,https://www.linkedin.com/company/incedo-inc/posts/
Incedo Inc,29,2026-07-24,48,Image,38,0,0,38,"As AI becomes deeply embedded in how we work and lead, success will depend on",https://www.linkedin.com/feed/update/urn:li:activity:7486428286298767361/,https://www.linkedin.com/company/incedo-inc/posts/
Incedo Inc,30,2026-07-24,48,Image,23,0,0,23,"Legacy data modernization does not need to be slow, complex, or cost-heavy.",https://www.linkedin.com/feed/update/urn:li:activity:7486308786610188288/,https://www.linkedin.com/company/incedo-inc/posts/
Incedo Inc,31,2026-07-17,55,Carousel,53,0,1,54,Welcoming our newest colleagues! As AI becomes,https://www.linkedin.com/feed/update/urn:li:activity:7483888038595588096/,https://www.linkedin.com/company/incedo-inc/posts/
Incedo Inc,32,2026-07-16,56,Video,31,2,0,33,"AI is only as powerful as the data that powers it. Yet, many enterprises are",https://www.linkedin.com/feed/update/urn:li:activity:7483540871519502336/,https://www.linkedin.com/company/incedo-inc/posts/
Incedo Inc,33,2026-07-14,58,Carousel,15,0,1,16,Business problems rarely appear overnight. Revenue leakage starts as a small,https://www.linkedin.com/feed/update/urn:li:activity:7482807516180058113/,https://www.linkedin.com/company/incedo-inc/posts/
Incedo Inc,34,2026-07-13,59,Carousel,40,0,2,42,Incedo BrainSpark is our enterprise AI platform built to help organizations,https://www.linkedin.com/feed/update/urn:li:activity:7482443182778060800/,https://www.linkedin.com/company/incedo-inc/posts/
Incedo Inc,35,2026-07-13,59,Image,1148,57,5,1210,"We are drowning in data, yet starving for insight. That is the paradox at the",https://www.linkedin.com/feed/update/urn:li:activity:7482436613457809408/,https://www.linkedin.com/company/incedo-inc/posts/
Incedo Inc,36,2026-07-09,63,Video,83,1,2,86,What is the role of humans in an AI-first,https://www.linkedin.com/feed/update/urn:li:activity:7481022583614730241/,https://www.linkedin.com/company/incedo-inc/posts/
Incedo Inc,37,2026-07-08,64,Carousel,35,2,4,41,Your AI strategy is only as strong as the data it runs on. Most enterprises,https://www.linkedin.com/feed/update/urn:li:activity:7480666869990047744/,https://www.linkedin.com/company/incedo-inc/posts/
Incedo Inc,38,2026-07-07,65,Carousel,18,0,0,18,"Your business is sending signals every day — shifts in revenue, risk, and",https://www.linkedin.com/feed/update/urn:li:activity:7480269986662477827/,https://www.linkedin.com/company/incedo-inc/posts/
Incedo Inc,39,2026-07-02,70,Carousel,28,0,5,33,What separates a 100X Executive from the rest? Not more dashboards. Not more,https://www.linkedin.com/feed/update/urn:li:activity:7478483762587156480/,https://www.linkedin.com/company/incedo-inc/posts/
Incedo Inc,40,2026-07-01,71,Video,22,0,2,24,Your AI is only as good as the data behind,https://www.linkedin.com/feed/update/urn:li:activity:7478092753827102720/,https://www.linkedin.com/company/incedo-inc/posts/
Incedo Inc,41,2026-07-01,71,Multi-image,607,9,6,622,"Just wrapped up a super intense week at our Gurgaon office, and I'm leaving",https://www.linkedin.com/feed/update/urn:li:activity:7478089922483089408/,https://www.linkedin.com/company/incedo-inc/posts/
Incedo Inc,42,2026-06-30,72,Video,73,1,3,77,"The conversations may have concluded, but the ideas continue to inspire.",https://www.linkedin.com/feed/update/urn:li:activity:7477764813415235585/,https://www.linkedin.com/company/incedo-inc/posts/
Incedo Inc,43,2026-06-26,76,Multi-image,278,6,6,290,"Energy, purpose, and a bold vision for the",https://www.linkedin.com/feed/update/urn:li:activity:7476135776880136193/,https://www.linkedin.com/company/incedo-inc/posts/
Incedo Inc,44,2026-06-25,77,Carousel,23,0,0,23,Your AI strategy is only as strong as your data foundation. Many,https://www.linkedin.com/feed/update/urn:li:activity:7475920497025773568/,https://www.linkedin.com/company/incedo-inc/posts/
Incedo Inc,45,2026-06-23,79,Video,25,0,0,25,Enterprises did not need faster coding,https://www.linkedin.com/feed/update/urn:li:activity:7475204403147489282/,https://www.linkedin.com/company/incedo-inc/posts/
Incedo Inc,46,2026-06-22,80,Carousel,19,0,1,20,"For Telecom leaders, revenue leakage rarely starts as a major problem. It",https://www.linkedin.com/feed/update/urn:li:activity:7474827396442066944/,https://www.linkedin.com/company/incedo-inc/posts/
Incedo Inc,47,2026-06-18,84,Multi-image,121,2,1,124,"On June 4, 2026, leaders from across industries gathered at Harvard Hall,",https://www.linkedin.com/feed/update/urn:li:activity:7473409547454320641/,https://www.linkedin.com/company/incedo-inc/posts/
Incedo Inc,48,2026-06-17,85,Video,25,0,2,27,The most expensive resource in your organization isn't compute. It isn't,https://www.linkedin.com/feed/update/urn:li:activity:7473026361847136257/,https://www.linkedin.com/company/incedo-inc/posts/
Incedo Inc,49,2026-06-15,87,Video,53,0,4,57,"In a recent interview on ONNJ's (On New Jersey) Mornings with Ken Rosato, our",https://www.linkedin.com/feed/update/urn:li:activity:7472325122788433920/,https://www.linkedin.com/company/incedo-inc/posts/
Incedo Inc,50,2026-06-11,91,Carousel,23,0,0,23,Most data modernization programs succeed at moving data. Far fewer succeed at,https://www.linkedin.com/feed/update/urn:li:activity:7470851110057127936/,https://www.linkedin.com/company/incedo-inc/posts/
Rillion,1,2026-09-10,0,Carousel,4,0,0,4,Are CFOs out in the weeds? Or maybe the better question is: are they far,https://www.linkedin.com/feed/update/urn:li:activity:7503761864749895683/,https://www.linkedin.com/company/rillion/posts/
Rillion,2,2026-09-09,1,Image,15,0,0,15,"Our CFO to CFO newsletter is live! This is a new initiative from our CFO,",https://www.linkedin.com/feed/update/urn:li:activity:7503380455220748288/,https://www.linkedin.com/company/rillion/posts/
Rillion,3,2026-09-07,3,Video,25,1,0,26,"Turns out our Product team is fast in more ways than one. Last week, Team",https://www.linkedin.com/feed/update/urn:li:activity:7502642426340073472/,https://www.linkedin.com/company/rillion/posts/
Rillion,4,2026-09-04,6,Image,107,15,2,124,One picture. Seven people. 150+ years of Rillion experience. That's a lot,https://www.linkedin.com/feed/update/urn:li:activity:7501554322720325632/,https://www.linkedin.com/company/rillion/posts/
Rillion,5,2026-09-03,7,Carousel,14,3,2,19,The numbers we didn't show you. We asked 250 U.S. finance leaders how AI is,https://www.linkedin.com/feed/update/urn:li:activity:7501193731593838592/,https://www.linkedin.com/company/rillion/posts/
Rillion,6,2026-09-02,8,Image,10,0,0,10,Some things belong in a museum. Manual invoice entry is one of them. Copying,https://www.linkedin.com/feed/update/urn:li:activity:7500833593825587200/,https://www.linkedin.com/company/rillion/posts/
Rillion,7,2026-09-01,9,Link/Article,134,7,5,146,I recently had the opportunity to share my perspective on AI in finance for,https://www.linkedin.com/feed/update/urn:li:activity:7500620153638936576/,https://www.linkedin.com/company/rillion/posts/
Rillion,8,2026-09-01,9,Multi-image,13,1,0,14,Did you know that most finance leaders expect AI to significantly change the,https://www.linkedin.com/feed/update/urn:li:activity:7500443603266068480/,https://www.linkedin.com/company/rillion/posts/
Rillion,9,2026-08-28,13,Image,26,2,2,30,68% of finance teams use AI every day. 39% of CFOs trust it to act on its,https://www.linkedin.com/feed/update/urn:li:activity:7499196118002528256/,https://www.linkedin.com/company/rillion/posts/
Rillion,10,2026-08-28,13,Image,14,1,0,15,Don't miss the LinkedIn Live we're hosting today. AI adoption in finance is,https://www.linkedin.com/feed/update/urn:li:activity:7499024234317455361/,https://www.linkedin.com/company/rillion/posts/
Rillion,11,2026-08-27,14,Image,27,6,1,34,Launch day. We just published the US edition of Rillion's 2026 AI in,https://www.linkedin.com/feed/update/urn:li:activity:7498741200993320960/,https://www.linkedin.com/company/rillion/posts/
Rillion,12,2026-08-26,15,Video,12,2,0,14,2029. How many tasks in finance will still be done by humans? Finance leaders,https://www.linkedin.com/feed/update/urn:li:activity:7498280664895680512/,https://www.linkedin.com/company/rillion/posts/
Rillion,13,2026-08-25,16,Video,29,1,3,33,"Are you a finance bro? Sorry, we meant pro! Are you a finance sis? Sorry, we",https://www.linkedin.com/feed/update/urn:li:activity:7497959726308290560/,https://www.linkedin.com/company/rillion/posts/
Rillion,14,2026-08-24,17,Image,14,0,2,16,250 U.S. CFOs told us what they really think about AI. Now we're bringing the,https://www.linkedin.com/feed/update/urn:li:activity:7497627528086540288/,https://www.linkedin.com/company/rillion/posts/
Rillion,15,2026-08-21,20,Video,31,3,5,39,Dry run mode: ON. The studio is getting ready. The slides are getting their,https://www.linkedin.com/feed/update/urn:li:activity:7496502100101791744/,https://www.linkedin.com/company/rillion/posts/
Rillion,16,2026-08-20,21,Video,24,3,3,30,Is there a gap between how ready finance leaders think they are for AI and,https://www.linkedin.com/feed/update/urn:li:activity:7496192760358600704/,https://www.linkedin.com/company/rillion/posts/
Rillion,17,2026-08-19,22,Image,24,3,7,34,The Finance AI Illusion... What is it? And is your finance team caught in it?,https://www.linkedin.com/feed/update/urn:li:activity:7495815609163776001/,https://www.linkedin.com/company/rillion/posts/
Rillion,18,2026-08-18,23,Carousel,19,2,10,31,250 US finance leaders told us how they're using AI. And the numbers don't,https://www.linkedin.com/feed/update/urn:li:activity:7495449491458646017/,https://www.linkedin.com/company/rillion/posts/
Rillion,19,2026-08-17,24,Image,14,3,4,21,Have you seen the latest OnlyCFO newsletter? We have and we're excited to see,https://www.linkedin.com/feed/update/urn:li:activity:7495095214559256576/,https://www.linkedin.com/company/rillion/posts/
Rillion,20,2026-08-14,27,Video,35,4,7,46,"Another G2 badge drop we're extremely proud to be part of. As always, a huge",https://www.linkedin.com/feed/update/urn:li:activity:7493972789008240640/,https://www.linkedin.com/company/rillion/posts/
Rillion,21,2026-08-12,29,Video,21,0,2,23,"""I love my Excel sheets."" Sean Milmoe, CFO & Co-Founder at 360 Energy, isn't",https://www.linkedin.com/feed/update/urn:li:activity:7493199636057219072/,https://www.linkedin.com/company/rillion/posts/
Rillion,22,2026-08-11,30,Video,29,5,1,35,This is me and Rosanna asking uncomfortable questions to finance leaders,https://www.linkedin.com/feed/update/urn:li:activity:7492866193725255680/,https://www.linkedin.com/company/rillion/posts/
Rillion,23,2026-08-10,31,Video,16,1,1,18,"Finance teams aren't slow to adopt AI, we just doesn't have the luxury of",https://www.linkedin.com/feed/update/urn:li:activity:7492474884762279936/,https://www.linkedin.com/company/rillion/posts/
Rillion,24,2026-08-05,36,Video,11,0,2,13,The ERP you choose today can either accelerate your next 10 years... or slow,https://www.linkedin.com/feed/update/urn:li:activity:7490662912060129280/,https://www.linkedin.com/company/rillion/posts/
Rillion,25,2026-08-03,38,Video,12,1,1,14,"If your finance team only talks to finance, you're leaving value on the",https://www.linkedin.com/feed/update/urn:li:activity:7489938134739087361/,https://www.linkedin.com/company/rillion/posts/
Rillion,26,2026-07-31,41,Poll,6,0,3,9,If AI is already part of your team's daily workflow... this poll probably,https://www.linkedin.com/feed/update/urn:li:activity:7488926515447918592/,https://www.linkedin.com/company/rillion/posts/
Rillion,27,2026-07-30,42,Carousel,8,0,1,9,"AP teams, here's your mid-vacation reminder. (If you're checking your inbox",https://www.linkedin.com/feed/update/urn:li:activity:7488488623214907392/,https://www.linkedin.com/company/rillion/posts/
Rillion,28,2026-07-29,43,Video,8,1,0,9,Nail your ERP and CRM and you're 90% there - that used to be the rule for,https://www.linkedin.com/feed/update/urn:li:activity:7488211302255996928/,https://www.linkedin.com/company/rillion/posts/
Rillion,29,2026-07-28,44,Image,50,0,3,53,Happy Stockholm Pride! We believe diversity makes us stronger and that,https://www.linkedin.com/feed/update/urn:li:activity:7487770833663422465/,https://www.linkedin.com/company/rillion/posts/
Rillion,30,2026-07-27,45,Link/Article,13,2,0,15,Many finance leaders worry AI will make mistakes they can't track. Rasmus,https://www.linkedin.com/feed/update/urn:li:activity:7487401922241572864/,https://www.linkedin.com/company/rillion/posts/
Rillion,31,2026-07-22,50,Video,14,2,1,17,What's the best place to start with AI in finance? The small yes/no decisions,https://www.linkedin.com/feed/update/urn:li:activity:7485589465390837761/,https://www.linkedin.com/company/rillion/posts/
Rillion,32,2026-07-20,52,Link/Article,6,0,0,6,"Denmark leads AI adoption in the Nordics. Sweden lags behind. But Olli Saksa,",https://www.linkedin.com/feed/update/urn:li:activity:7484865177247645696/,https://www.linkedin.com/company/rillion/posts/
Rillion,33,2026-07-16,56,Link/Article,8,3,1,12,"80% of finance leaders use AI daily, but only 1 in 5 trust it for strategic",https://www.linkedin.com/feed/update/urn:li:activity:7483415238780997632/,https://www.linkedin.com/company/rillion/posts/
Rillion,34,2026-07-14,58,Carousel,15,1,3,19,OCR vs AI invoice capture: what's the actual difference for AP automation? If,https://www.linkedin.com/feed/update/urn:li:activity:7482690351581843456/,https://www.linkedin.com/company/rillion/posts/
Rillion,35,2026-07-13,59,Image,45,3,4,52,What's possible today wasn't possible 6 months ago. For finance leaders to,https://www.linkedin.com/feed/update/urn:li:activity:7482381389925982208/,https://www.linkedin.com/company/rillion/posts/
Rillion,36,2026-07-13,59,Link/Article,36,1,2,39,72% of finance teams still struggle with manual corrections despite investing,https://www.linkedin.com/feed/update/urn:li:activity:7482328416067850240/,https://www.linkedin.com/company/rillion/posts/
Rillion,37,2026-07-08,64,Video,31,3,5,39,AI transformation in finance is more about getting your people onboard than,https://www.linkedin.com/feed/update/urn:li:activity:7480516023016771585/,https://www.linkedin.com/company/rillion/posts/
Rillion,38,2026-07-07,65,Multi-image,19,0,0,19,If you'd told us our favourite team events would be the ones you can track on,https://www.linkedin.com/feed/update/urn:li:activity:7480153652356198400/,https://www.linkedin.com/company/rillion/posts/
Rillion,39,2026-07-06,66,Link/Article,8,0,0,8,48% of finance leaders say they want to be strategic advisors. So why do,https://www.linkedin.com/feed/update/urn:li:activity:7479791251521835008/,https://www.linkedin.com/company/rillion/posts/
Rillion,40,2026-07-03,69,Video,23,2,2,27,Rillion + Stratas: taking AP automation in the UK to the next level.,https://www.linkedin.com/feed/update/urn:li:activity:7478804731683991552/,https://www.linkedin.com/company/rillion/posts/
Rillion,41,2026-07-01,71,Carousel,10,0,0,10,If you're not optimizing your vacation as much as your AP processes... we,https://www.linkedin.com/feed/update/urn:li:activity:7478050590229712896/,https://www.linkedin.com/company/rillion/posts/
Rillion,42,2026-06-29,73,Link/Article,58,8,0,66,"While most finance leaders are still figuring out where AI fits, Peter",https://www.linkedin.com/feed/update/urn:li:activity:7477254927422251008/,https://www.linkedin.com/company/rillion/posts/
Rillion,43,2026-06-26,76,Carousel,8,0,0,8,"If you recognise yourself in any of these, you're not alone. We spoke to 250",https://www.linkedin.com/feed/update/urn:li:activity:7476167409779859457/,https://www.linkedin.com/company/rillion/posts/
Rillion,44,2026-06-22,80,Link/Article,12,1,0,13,"While everyone's drowning in opinions on where AI belongs in finance, Monika",https://www.linkedin.com/feed/update/urn:li:activity:7474718077352439808/,https://www.linkedin.com/company/rillion/posts/
Rillion,45,2026-06-21,81,Multi-image,35,1,3,39,The Nordics agree on many things. Great coffee. Flat hierarchies. Long,https://www.linkedin.com/feed/update/urn:li:activity:7474545705307680768/,https://www.linkedin.com/company/rillion/posts/
Rillion,46,2026-06-18,84,Carousel,9,0,0,9,We asked 250 CFOs across the Nordics about AI in finance. Then put our own,https://www.linkedin.com/feed/update/urn:li:activity:7473268661668093952/,https://www.linkedin.com/company/rillion/posts/
Rillion,47,2026-06-17,85,Text,33,22,4,59,[searching...] I'm on the hunt for a US native CFO or financial executive,https://www.linkedin.com/feed/update/urn:li:activity:7472977729685184512/,https://www.linkedin.com/company/rillion/posts/
Rillion,48,2026-06-17,85,Video,22,4,1,27,Something fun happens when you bring colleagues together from Sweden and the,https://www.linkedin.com/feed/update/urn:li:activity:7472905885695127552/,https://www.linkedin.com/company/rillion/posts/
Rillion,49,2026-06-15,87,Link/Article,7,0,0,7,"The Nordic AI Finance Report had zero shortage of ""mic-drop"" quotes but this",https://www.linkedin.com/feed/update/urn:li:activity:7472188704204234752/,https://www.linkedin.com/company/rillion/posts/
Rillion,50,2026-06-12,90,Video,42,4,0,46,"Rillion's summer celebration was one for the books! This week, our team",https://www.linkedin.com/feed/update/urn:li:activity:7471093947159986176/,https://www.linkedin.com/company/rillion/posts/
SignUp Software,1,2026-08-13,28,Image,27,0,5,32,"Manual payments cost more than money. Every file upload, spreadsheet update,",https://www.linkedin.com/feed/update/urn:li:activity:7493645887454244865/,https://www.linkedin.com/company/signup-software/posts/
SignUp Software,2,2026-05-21,112,Multi-image,147,2,9,158,It's Partner Day in Sweden! We're live at Filmstaden Scandinavia in,https://www.linkedin.com/feed/update/urn:li:activity:7463201369341153280/,https://www.linkedin.com/company/signup-software/posts/
SignUp Software,3,2026-05-13,120,Multi-image,62,4,3,69,"We're live at DYNAfair in Dortmund, Germany! The Truvio team is on the",https://www.linkedin.com/feed/update/urn:li:activity:7460249676114452481/,https://www.linkedin.com/company/signup-software/posts/
SignUp Software,4,2026-05-12,121,Image,35,0,10,45,One week to go! If you haven't secured your spot for Truvio Partner Day,https://www.linkedin.com/feed/update/urn:li:activity:7459860807045066752/,https://www.linkedin.com/company/signup-software/posts/
SignUp Software,5,2026-04-10,153,Carousel,41,3,19,63,Your ERP already has the data. So why are teams still working manually to,https://www.linkedin.com/feed/update/urn:li:activity:7448327324502167552/,https://www.linkedin.com/company/signup-software/posts/
SignUp Software,6,2026-04-02,161,Image,51,2,15,68,The difference isn't your ERP. It's what you can do with it. TruvioSense adds,https://www.linkedin.com/feed/update/urn:li:activity:7445402741990039552/,https://www.linkedin.com/company/signup-software/posts/
SignUp Software,7,2026-03-19,175,Image,61,1,28,90,Live Webinar: Close the ERP Intelligence Gap with TruvioSense. Your ERP,https://www.linkedin.com/feed/update/urn:li:activity:7440321517260931072/,https://www.linkedin.com/company/signup-software/posts/
SignUp Software,8,2026-03-10,184,Image,63,1,13,77,"Get ready for our Truvio Partner Day in Stockholm! On May 21, we are excited",https://www.linkedin.com/feed/update/urn:li:activity:7437103401567498249/,https://www.linkedin.com/company/signup-software/posts/
SignUp Software,9,2026-02-12,210,Video,70,0,13,83,"In a new episode of the Office of the CFO Podcast, our CEO Joakim Alm and SVP",https://www.linkedin.com/feed/update/urn:li:activity:7427640654270484480/,https://www.linkedin.com/company/signup-software/posts/
SignUp Software,10,2026-02-06,216,Video,17,1,3,21,"In the latest Office of the CFO Podcast, John Siefert, CEO of Dynamic",https://www.linkedin.com/feed/update/urn:li:activity:7425651110872256512/,https://www.linkedin.com/company/signup-software/posts/
SignUp Software,11,2026-02-06,216,Video,57,0,20,77,"ERP systems provide a powerful foundation, but every business is different.",https://www.linkedin.com/feed/update/urn:li:activity:7425511951759491072/,https://www.linkedin.com/company/signup-software/posts/
SignUp Software,12,2026-02-03,219,Event,8,0,4,12,New on MSDW: Finance teams didn't sign up for a lifetime,https://www.linkedin.com/feed/update/urn:li:activity:7424545988234772480/,https://www.linkedin.com/company/signup-software/posts/
SignUp Software,13,2026-01-21,232,Image,192,1,50,243,One Solution. One Partner. Truvio. Truvio is the new unified brand name for,https://www.linkedin.com/feed/update/urn:li:activity:7419743074349731840/,https://www.linkedin.com/company/signup-software/posts/
SignUp Software,14,2026-01-20,233,Image,11,0,2,13,Join SignUp Software in the foyer at Dynamic Communities and Cloud Wars,https://www.linkedin.com/feed/update/urn:li:activity:7419479235464970240/,https://www.linkedin.com/company/signup-software/posts/
SignUp Software,15,2026-01-15,238,Multi-image,38,2,0,40,"Last month, Convergence AI + ERP Conference 2025 in #Miami brought together",https://www.linkedin.com/feed/update/urn:li:activity:7417566314376069120/,https://www.linkedin.com/company/signup-software/posts/
SignUp Software,16,2026-01-05,248,Event,10,0,2,12,New on MSDW! Finance teams are moving from measuring cash flow to,https://www.linkedin.com/feed/update/urn:li:activity:7413997835110625281/,https://www.linkedin.com/company/signup-software/posts/
SignUp Software,17,2025-12-18,266,Image,5,0,4,9,New MSDW Podcast Episode! Check out our latest,https://www.linkedin.com/feed/update/urn:li:activity:7407509710611832833/,https://www.linkedin.com/company/signup-software/posts/
SignUp Software,18,2025-12-17,267,Image,48,5,4,57,"Happy to share the winners of the 2025 MSDW Marketing Impact Awards! At MSDW,",https://www.linkedin.com/feed/update/urn:li:activity:7407094963668217857/,https://www.linkedin.com/company/signup-software/posts/
SignUp Software,19,2025-12-15,269,Image,66,1,2,69,"Convergence 2025 in Miami brought together leaders, partners, and innovators",https://www.linkedin.com/feed/update/urn:li:activity:7406337854949187585/,https://www.linkedin.com/company/signup-software/posts/
SignUp Software,20,2025-12-05,279,Image,20,0,2,22,Attending Convergence 2025 in Miami? Visit SignUp Software at Booth #206 to,https://www.linkedin.com/feed/update/urn:li:activity:7402770520565538816/,https://www.linkedin.com/company/signup-software/posts/
SignUp Software,21,2025-12-03,281,Image,34,1,2,37,AI is changing how finance teams handle Accounts Payable. From reducing,https://www.linkedin.com/feed/update/urn:li:activity:7401955429213442048/,https://www.linkedin.com/company/signup-software/posts/
SignUp Software,22,2025-11-27,287,Multi-image,90,2,2,94,Awesome energy at ANZ Partner Days today! Great catching up with familiar,https://www.linkedin.com/feed/update/urn:li:activity:7399827598740221952/,https://www.linkedin.com/company/signup-software/posts/
SignUp Software,23,2025-11-27,287,Image,90,3,1,94,"We're live at ANZ Business Central Day 2025! AI is everywhere today, but",https://www.linkedin.com/feed/update/urn:li:activity:7399601109662785536/,https://www.linkedin.com/company/signup-software/posts/
SignUp Software,24,2025-11-26,288,Image,21,0,4,25,Upcoming German Webinar! Join SignUp Software on 16,https://www.linkedin.com/feed/update/urn:li:activity:7399431817549733888/,https://www.linkedin.com/company/signup-software/posts/
SignUp Software,25,2025-11-24,290,Image,27,0,5,32,Tomorrow we are hosting a 30-minute live session on how to automate your AP,https://www.linkedin.com/feed/update/urn:li:activity:7398735787237818370/,https://www.linkedin.com/company/signup-software/posts/
SignUp Software,26,2025-11-21,293,Image,11,0,1,12,Less than a week to go! Meet us at ANZ BC Day 2025! We're excited,https://www.linkedin.com/feed/update/urn:li:activity:7397441328365596672/,https://www.linkedin.com/company/signup-software/posts/
SignUp Software,27,2025-11-20,294,Image,51,0,4,55,New Office of the CFO Podcast Episode! Finance leaders are facing rapid,https://www.linkedin.com/feed/update/urn:li:activity:7397286219421777921/,https://www.linkedin.com/company/signup-software/posts/
SignUp Software,28,2025-11-18,296,Image,115,1,12,128,Big News! SignUp Software featured in Microsoft's announcement of the new,https://www.linkedin.com/feed/update/urn:li:activity:7396551963578023936/,https://www.linkedin.com/company/signup-software/posts/
SignUp Software,29,2025-11-18,296,Image,124,8,3,135,"This year's Microsoft Ignite is particularly special for us, and to me! After",https://www.linkedin.com/feed/update/urn:li:activity:7396437509322383361/,https://www.linkedin.com/company/signup-software/posts/
SignUp Software,30,2025-11-14,300,Text,27,11,2,40,"Tune in folks, this is next level--LOVE seeing the #microsoft AI partner",https://www.linkedin.com/feed/update/urn:li:activity:7395106798887911424/,https://www.linkedin.com/company/signup-software/posts/
SignUp Software,31,2025-11-14,300,Link/Article,62,0,10,72,Dynamic MCP now lets AI agents do nearly anything a user can do in Dynamics,https://www.linkedin.com/feed/update/urn:li:activity:7394906137218883584/,https://www.linkedin.com/company/signup-software/posts/
SignUp Software,32,2025-11-13,301,Event,7,0,4,11,Unveiling the 2025 Dynamics 365 AP,https://www.linkedin.com/feed/update/urn:li:activity:7394734973464805377/,https://www.linkedin.com/company/signup-software/posts/
SignUp Software,33,2025-11-12,302,Image,35,0,5,40,Stop Clicking and Start Automating Your,https://www.linkedin.com/feed/update/urn:li:activity:7394330120737538050/,https://www.linkedin.com/company/signup-software/posts/
SignUp Software,34,2025-11-11,303,Image,25,1,4,30,AP automation isn't just about efficiency - it's about unlocking strategic,https://www.linkedin.com/feed/update/urn:li:activity:7393951440312111104/,https://www.linkedin.com/company/signup-software/posts/
SignUp Software,35,2025-11-11,303,Text,27,0,3,30,A great chat with our partner COSMO CONSULT during Directions EMEA 2025! So,https://www.linkedin.com/feed/update/urn:li:activity:7393950783488110595/,https://www.linkedin.com/company/signup-software/posts/
SignUp Software,36,2025-11-11,303,Video,12,1,1,14,Johan Krantz från SignUp Software summerade förra veckans Microsoft,https://www.linkedin.com/feed/update/urn:li:activity:7393912944155095040/,https://www.linkedin.com/company/signup-software/posts/
SignUp Software,37,2025-11-10,304,Multi-image,85,0,1,86,What a week at Directions EMEA 2025! From rocking glitter jackets at our,https://www.linkedin.com/feed/update/urn:li:activity:7393652252831535105/,https://www.linkedin.com/company/signup-software/posts/
SignUp Software,38,2025-11-07,307,Multi-image,141,4,2,147,Directions EMEA 2025 - what a week! The atmosphere in Poznan was,https://www.linkedin.com/feed/update/urn:li:activity:7392556918071885825/,https://www.linkedin.com/company/signup-software/posts/
SignUp Software,39,2025-11-06,308,Multi-image,39,1,1,41,What a great few days at #IOFM Fall 2025 in Las Vegas! It's always inspiring,https://www.linkedin.com/feed/update/urn:li:activity:7392253466963791874/,https://www.linkedin.com/company/signup-software/posts/
SignUp Software,40,2025-11-05,309,Image,24,0,5,29,"If you live in the world of the CFO and his teams, then you know you need to",https://www.linkedin.com/feed/update/urn:li:activity:7391935090672590848/,https://www.linkedin.com/company/signup-software/posts/
SignUp Software,41,2025-11-04,310,Image,53,1,5,59,"Czesc z Poznania! We're live at Directions EMEA 2025, surrounded by",https://www.linkedin.com/feed/update/urn:li:activity:7391398692529856512/,https://www.linkedin.com/company/signup-software/posts/
SignUp Software,42,2025-11-03,311,Event,7,0,4,11,Unveiling the 2025 Dynamics 365 AP,https://www.linkedin.com/feed/update/urn:li:activity:7391119893720600578/,https://www.linkedin.com/company/signup-software/posts/
SignUp Software,43,2025-10-31,314,Image,13,0,1,14,The SignUp Software NA team will be attending the Institute of Finance and,https://www.linkedin.com/feed/update/urn:li:activity:7390087643453296641/,https://www.linkedin.com/company/signup-software/posts/
SignUp Software,44,2025-10-30,315,Image,22,1,2,25,How confident are you in your Accounts Payable forecasts? If your answer,https://www.linkedin.com/feed/update/urn:li:activity:7389580623474106368/,https://www.linkedin.com/company/signup-software/posts/
SignUp Software,45,2025-10-29,316,Image,23,1,2,26,Think your AP process is automated? Your team might disagree. Our latest,https://www.linkedin.com/feed/update/urn:li:activity:7389279893605416960/,https://www.linkedin.com/company/signup-software/posts/
SignUp Software,46,2025-10-28,317,Image,48,2,10,60,"Heading to Directions EMEA next week? Don't miss our session ""The Good,",https://www.linkedin.com/feed/update/urn:li:activity:7388965778420629505/,https://www.linkedin.com/company/signup-software/posts/
SignUp Software,47,2025-10-21,324,Image,63,1,7,71,"Knowledge-sharing is what Community Summit NA is all about, and we're excited",https://www.linkedin.com/feed/update/urn:li:activity:7386492195882622977/,https://www.linkedin.com/company/signup-software/posts/
SignUp Software,48,2025-10-21,324,Link/Article,17,0,5,22,"Live from #MySummitNA. It is day 2 here in Orlando, and we're just getting",https://www.linkedin.com/feed/update/urn:li:activity:7386406017409949696/,https://www.linkedin.com/company/signup-software/posts/
SignUp Software,49,2025-10-20,325,Image,33,3,6,42,Strengthening financial management in,https://www.linkedin.com/feed/update/urn:li:activity:7385932873888964609/,https://www.linkedin.com/company/signup-software/posts/
SignUp Software,50,2025-10-17,328,Image,35,0,8,43,Danish Webinar alert! Join us on 23 October 2025 at 10:00 (CET) for an,https://www.linkedin.com/feed/update/urn:li:activity:7384892957474226176/,https://www.linkedin.com/company/signup-software/posts/
Fidesic,1,2026-09-03,7,Image,0,0,0,0,Your AP automation was supposed to eliminate manual work. Instead your team,https://www.linkedin.com/feed/update/urn:li:activity:7501380491703373824/,https://www.linkedin.com/company/fidesic/posts/
Fidesic,2,2026-09-02,8,Image,7,2,1,10,"Rally Day is coming to Nashville on Sunday, October 11, a Knights of GP event",https://www.linkedin.com/feed/update/urn:li:activity:7500976189780660225/,https://www.linkedin.com/company/fidesic/posts/
Fidesic,3,2026-09-01,9,Image,1,0,0,1,Checks are still the top target for payment fraud according to the 2026 AFP,https://www.linkedin.com/feed/update/urn:li:activity:7500588026159562753/,https://www.linkedin.com/company/fidesic/posts/
Fidesic,4,2026-08-31,10,Link/Article,0,0,0,0,In this post highlight some of the common bottlenecks that hinder scalability,https://www.linkedin.com/feed/update/urn:li:activity:7500280991819825153/,https://www.linkedin.com/company/fidesic/posts/
Fidesic,5,2026-08-28,13,Link/Article,2,0,0,2,"Like any large financial data migration, you can expect a migration from",https://www.linkedin.com/feed/update/urn:li:activity:7499150827744587776/,https://www.linkedin.com/company/fidesic/posts/
Fidesic,6,2026-08-28,13,Image,0,0,0,0,#LoveFriday #LoveAutomation Love Friday with Automation.,https://www.linkedin.com/feed/update/urn:li:activity:7499149666702405633/,https://www.linkedin.com/company/fidesic/posts/
Fidesic,7,2026-08-27,14,Image,0,0,0,0,#MySummitNA,https://www.linkedin.com/feed/update/urn:li:activity:7498806656622051330/,https://www.linkedin.com/company/fidesic/posts/
Fidesic,8,2026-08-27,14,Image,1,0,0,1,How to Spot AP Bottlenecks Before Growth Stalls. Warning signs your AP,https://www.linkedin.com/feed/update/urn:li:activity:7498792402149634048/,https://www.linkedin.com/company/fidesic/posts/
Fidesic,9,2026-08-26,15,Link/Article,1,0,0,1,"Payment behavior directly affects cash flow, supplier relationships, and",https://www.linkedin.com/feed/update/urn:li:activity:7498451007710871552/,https://www.linkedin.com/company/fidesic/posts/
Fidesic,10,2026-08-26,15,Image,1,0,0,1,Cash flow is a fact. Profit is an opinion. #WednesdayWisdom #AccountsPayable,https://www.linkedin.com/feed/update/urn:li:activity:7498449004578455553/,https://www.linkedin.com/company/fidesic/posts/
Fidesic,11,2026-08-25,16,Link/Article,2,0,0,2,Thousands of businesses will be moving from Dynamics GP in the coming years.,https://www.linkedin.com/feed/update/urn:li:activity:7498149928607690753/,https://www.linkedin.com/company/fidesic/posts/
Fidesic,12,2026-08-21,20,Image,1,0,0,1,Did you know 8 days is how long the median finance team spends closing the,https://www.linkedin.com/feed/update/urn:li:activity:7496633974069334016/,https://www.linkedin.com/company/fidesic/posts/
Fidesic,13,2026-08-21,20,Link/Article,2,0,0,2,This post removes some of the fear around GP end of support and offers,https://www.linkedin.com/feed/update/urn:li:activity:7496627142621831168/,https://www.linkedin.com/company/fidesic/posts/
Fidesic,14,2026-08-18,23,Image,2,0,1,3,Ready to rock 'n' roll in Nashville for Dynamic Communities Summit NA 2026?,https://www.linkedin.com/feed/update/urn:li:activity:7495507785779113985/,https://www.linkedin.com/company/fidesic/posts/
Fidesic,15,2026-08-14,27,Image,0,0,0,0,#LoveFriday #LoveAutomation,https://www.linkedin.com/feed/update/urn:li:activity:7494062588280938497/,https://www.linkedin.com/company/fidesic/posts/
Fidesic,16,2026-08-13,28,Link/Article,1,0,0,1,"Fidesic has been recognized as a High Performer on G2, and the team could not",https://www.linkedin.com/feed/update/urn:li:activity:7493748004689043456/,https://www.linkedin.com/company/fidesic/posts/
Fidesic,17,2026-08-12,29,Image,0,0,0,0,"""Discipline in accounts payable is discipline in cash flow."" #WednesdayWisdom",https://www.linkedin.com/feed/update/urn:li:activity:7493430583696625664/,https://www.linkedin.com/company/fidesic/posts/
Fidesic,18,2026-08-12,29,Link/Article,0,0,0,0,"This post covers what BC handles natively for PO matching and AP automation,",https://www.linkedin.com/feed/update/urn:li:activity:7493429738439569408/,https://www.linkedin.com/company/fidesic/posts/
Fidesic,19,2026-08-11,30,Link/Article,3,0,0,3,Is running accounts payable out of Business Central missing something? AP,https://www.linkedin.com/feed/update/urn:li:activity:7493021693263687680/,https://www.linkedin.com/company/fidesic/posts/
Fidesic,20,2026-08-11,30,Image,6,2,1,9,It's comin' up quick! Looking forward to seeing everyone in Nashville for,https://www.linkedin.com/feed/update/urn:li:activity:7493017078199926784/,https://www.linkedin.com/company/fidesic/posts/
Fidesic,21,2026-08-10,31,Link/Article,3,0,0,3,"When you need to update your AP processes, it makes logical sense to test",https://www.linkedin.com/feed/update/urn:li:activity:7492645285584797697/,https://www.linkedin.com/company/fidesic/posts/
Fidesic,22,2026-08-07,34,Link/Article,7,0,1,8,Fidesic has been named Best Of AP Automation Tools for Dynamics ERP in 2026,https://www.linkedin.com/feed/update/urn:li:activity:7491487575438823424/,https://www.linkedin.com/company/fidesic/posts/
Fidesic,23,2026-08-06,35,Image,0,0,0,0,Remittance vs. Bank Transfer: Key Differences. These two terms are sometimes,https://www.linkedin.com/feed/update/urn:li:activity:7491207925533741056/,https://www.linkedin.com/company/fidesic/posts/
Fidesic,24,2026-08-06,35,Link/Article,7,0,1,8,Fidesic has been named Best Of AP Automation Tools for Dynamics ERP in 2026,https://www.linkedin.com/feed/update/urn:li:activity:7491199332113727488/,https://www.linkedin.com/company/fidesic/posts/
Fidesic,25,2026-08-05,36,Image,0,0,0,0,"""Every invoice tells a story. Make sure yours check out."" #WednesdayWisdom #AP",https://www.linkedin.com/feed/update/urn:li:activity:7490862545612816384/,https://www.linkedin.com/company/fidesic/posts/
Fidesic,26,2026-08-05,36,Image,9,0,1,10,Is a migration off of Dynamics GP impossible for you right now? Here's a list,https://www.linkedin.com/feed/update/urn:li:activity:7490830050779410432/,https://www.linkedin.com/company/fidesic/posts/
Fidesic,27,2026-08-04,37,Link/Article,0,0,0,0,Fidesic is the strongest AP automation choice for organizations running,https://www.linkedin.com/feed/update/urn:li:activity:7490500058379997184/,https://www.linkedin.com/company/fidesic/posts/
Fidesic,28,2026-07-30,42,Link/Article,0,0,0,0,In this post we are going to assume that you know the pain points of manual,https://www.linkedin.com/feed/update/urn:li:activity:7488660336535928832/,https://www.linkedin.com/company/fidesic/posts/
Fidesic,29,2026-07-29,43,Link/Article,2,0,0,2,The right AP automation software enables small accounting departments to,https://www.linkedin.com/feed/update/urn:li:activity:7488266414722805760/,https://www.linkedin.com/company/fidesic/posts/
Fidesic,30,2026-07-28,44,Video,7,3,0,10,Still on Dynamics GP? Fidesic has deployable AI agents for your Accounts,https://www.linkedin.com/feed/update/urn:li:activity:7487932078039339008/,https://www.linkedin.com/company/fidesic/posts/
Fidesic,31,2026-07-24,48,Image,1,0,0,1,What separates a successful agentic accounting project from one that fails,https://www.linkedin.com/feed/update/urn:li:activity:7486472030511550464/,https://www.linkedin.com/company/fidesic/posts/
Fidesic,32,2026-07-24,48,Image,1,0,0,1,#FunFactFriday ACH is the largest single B2B payment method by transaction,https://www.linkedin.com/feed/update/urn:li:activity:7486465267926089728/,https://www.linkedin.com/company/fidesic/posts/
Fidesic,33,2026-07-23,49,Image,0,0,0,0,Some strategies sit firmly within AP's direct control. These include,https://www.linkedin.com/feed/update/urn:li:activity:7486090767141314560/,https://www.linkedin.com/company/fidesic/posts/
Fidesic,34,2026-07-22,50,Image,1,0,0,1,A vendor discount captured is margin for which nobody had to sell anything to,https://www.linkedin.com/feed/update/urn:li:activity:7485774330354728960/,https://www.linkedin.com/company/fidesic/posts/
Fidesic,35,2026-07-21,51,Video,17,8,2,27,Kevin Pritchard talks about why we're pumped to part of Knights of GP and,https://www.linkedin.com/feed/update/urn:li:activity:7485388794855096321/,https://www.linkedin.com/company/fidesic/posts/
Fidesic,36,2026-07-17,55,Image,2,1,0,3,Not so #FunFactFriday: Still writing checks? You're not alone. But checks,https://www.linkedin.com/feed/update/urn:li:activity:7483940148485844992/,https://www.linkedin.com/company/fidesic/posts/
Fidesic,37,2026-07-16,56,Link/Article,1,0,0,1,Fidesic is continually renewing focus on building trust in the Dynamics,https://www.linkedin.com/feed/update/urn:li:activity:7483600595099037696/,https://www.linkedin.com/company/fidesic/posts/
Fidesic,38,2026-07-15,57,Image,0,0,0,0,For two decades accounts payable was where invoices got matched and paid. In,https://www.linkedin.com/feed/update/urn:li:activity:7483196600123826178/,https://www.linkedin.com/company/fidesic/posts/
Fidesic,39,2026-07-14,58,Image,0,0,0,0,When you don't need 3-way matching... 3-way matching assumes something can be,https://www.linkedin.com/feed/update/urn:li:activity:7482874355618652160/,https://www.linkedin.com/company/fidesic/posts/
Fidesic,40,2026-07-13,59,Video,6,1,1,8,"Fidesic delivers value beyond AP automation. Don't get us wrong, our software",https://www.linkedin.com/feed/update/urn:li:activity:7482537739817684992/,https://www.linkedin.com/company/fidesic/posts/
Fidesic,41,2026-07-13,59,Link/Article,0,0,0,0,"Trust isn't something you can claim. It's something you have to earn, over",https://www.linkedin.com/feed/update/urn:li:activity:7482469128709079040/,https://www.linkedin.com/company/fidesic/posts/
Fidesic,42,2026-07-10,62,Image,2,0,0,2,Did you know... The first mobile robot that could think through its own,https://www.linkedin.com/feed/update/urn:li:activity:7481416424704417793/,https://www.linkedin.com/company/fidesic/posts/
Fidesic,43,2026-07-09,63,Link/Article,1,0,0,1,"If you are wondering how to set up your purchase order matching, keep in",https://www.linkedin.com/feed/update/urn:li:activity:7481109316633247744/,https://www.linkedin.com/company/fidesic/posts/
Fidesic,44,2026-07-08,64,Image,0,0,0,0,"""AI and human ingenuity are powering a bold new operating model that is",https://www.linkedin.com/feed/update/urn:li:activity:7480694307214061568/,https://www.linkedin.com/company/fidesic/posts/
Fidesic,45,2026-07-07,65,Link/Article,0,0,0,0,Modern AI-based invoice capture uses machine learning models trained on,https://www.linkedin.com/feed/update/urn:li:activity:7480334686397870083/,https://www.linkedin.com/company/fidesic/posts/
Fidesic,46,2026-07-06,66,Multi-image,1,0,0,1,"Unsurprisingly, not all AI projects are a success. At Fidesic, we mitigate",https://www.linkedin.com/feed/update/urn:li:activity:7479989686174715905/,https://www.linkedin.com/company/fidesic/posts/
Fidesic,47,2026-07-06,66,Link/Article,1,0,0,1,Fidesic is the strongest AP automation choice for organizations running,https://www.linkedin.com/feed/update/urn:li:activity:7479980573189406720/,https://www.linkedin.com/company/fidesic/posts/
Fidesic,48,2026-07-02,70,Video,9,1,2,12,Ninety-five percent (95%) of enterprise generative AI pilots fail to,https://www.linkedin.com/feed/update/urn:li:activity:7478501518007070720/,https://www.linkedin.com/company/fidesic/posts/
Fidesic,49,2026-07-01,71,Image,1,0,0,1,"""Financial close is evolving from a manual, time-consuming task to an",https://www.linkedin.com/feed/update/urn:li:activity:7478121323752497152/,https://www.linkedin.com/company/fidesic/posts/
Fidesic,50,2026-06-30,72,Link/Article,2,0,0,2,Ninety-five percent (95%) of enterprise generative AI pilots fail to deliver,https://www.linkedin.com/feed/update/urn:li:activity:7477782494667313153/,https://www.linkedin.com/company/fidesic/posts/
Tipalti,1,2026-09-09,1,Image,26,0,0,26,"Arthur Laykin studied philosophy at Tel Aviv University, took a part-time job",https://www.linkedin.com/feed/update/urn:li:activity:7503393273529536513/,https://www.linkedin.com/company/tipalti/posts/
Tipalti,2,2026-09-08,2,Link/Article,5,0,0,5,"Two-thirds of finance teams saw manual work increase last year, even with new",https://www.linkedin.com/feed/update/urn:li:activity:7503113683384885248/,https://www.linkedin.com/company/tipalti/posts/
Tipalti,3,2026-09-07,3,Image,2,0,0,2,Scaling globally exposes every crack in your financial infrastructure before,https://www.linkedin.com/feed/update/urn:li:activity:7502737706603585536/,https://www.linkedin.com/company/tipalti/posts/
Tipalti,4,2026-09-04,6,Multi-image,79,4,3,86,Take us out to the ball game! The Tipalti Foster City team gathered their,https://www.linkedin.com/feed/update/urn:li:activity:7501674295702523904/,https://www.linkedin.com/company/tipalti/posts/
Tipalti,5,2026-09-03,7,Multi-image,53,2,1,56,The Tipalti team was at the World Finance Forum in London this week. Travis,https://www.linkedin.com/feed/update/urn:li:activity:7501381763076784128/,https://www.linkedin.com/company/tipalti/posts/
Tipalti,6,2026-09-03,7,Image,3,0,0,3,Chasing down W-9s is nobody's idea of a good time. Tipalti's Tax Form Scan,https://www.linkedin.com/feed/update/urn:li:activity:7501304311415513088/,https://www.linkedin.com/company/tipalti/posts/
Tipalti,7,2026-09-02,8,Video,8,1,1,10,Getting buy-in for finance automation is harder than it should be. We've,https://www.linkedin.com/feed/update/urn:li:activity:7500938365412732929/,https://www.linkedin.com/company/tipalti/posts/
Tipalti,8,2026-09-01,9,Image,4,1,0,5,"Our E-commerce playbook is here! As E-commerce grows, AP complexity grows",https://www.linkedin.com/feed/update/urn:li:activity:7500575726857924608/,https://www.linkedin.com/company/tipalti/posts/
Tipalti,9,2026-08-31,10,Carousel,6,0,0,6,"Custom Ink was processing 1,260 invoices a month across four entities with a",https://www.linkedin.com/feed/update/urn:li:activity:7500209556388618241/,https://www.linkedin.com/company/tipalti/posts/
Tipalti,10,2026-08-28,13,Video,3,2,0,5,The trouble with global growth begins when you add country number 2. Now you,https://www.linkedin.com/feed/update/urn:li:activity:7499118842401554432/,https://www.linkedin.com/company/tipalti/posts/
Tipalti,11,2026-08-27,14,Link/Article,4,0,0,4,"Tipalti Expenses automates approvals, reconciliation, and reimbursements to",https://www.linkedin.com/feed/update/urn:li:activity:7498760004854906881/,https://www.linkedin.com/company/tipalti/posts/
Tipalti,12,2026-08-26,15,Image,14,0,1,15,"Who enjoys PO matching? It's arduous, leads to bottlenecks, and any matching",https://www.linkedin.com/feed/update/urn:li:activity:7498401375488212992/,https://www.linkedin.com/company/tipalti/posts/
Tipalti,13,2026-08-25,16,Image,8,1,0,9,"New Playbook: As E-commerce grows, AP complexity often grows with it.",https://www.linkedin.com/feed/update/urn:li:activity:7498133373173923840/,https://www.linkedin.com/company/tipalti/posts/
Tipalti,14,2026-08-25,16,Image,41,3,0,44,"Before he was a product manager, Yacov Gorovoy was a lawyer. He never coded.",https://www.linkedin.com/feed/update/urn:li:activity:7498041508441542658/,https://www.linkedin.com/company/tipalti/posts/
Tipalti,15,2026-08-24,17,Carousel,3,1,1,5,League One Volleyball (LOVB) felt stuck with their legacy system. They needed,https://www.linkedin.com/feed/update/urn:li:activity:7497676634448183296/,https://www.linkedin.com/company/tipalti/posts/
Tipalti,16,2026-08-21,20,Multi-image,98,8,3,109,Do you know what a sunny Summer day in Vancouver calls for? A team picnic on,https://www.linkedin.com/feed/update/urn:li:activity:7496618965771788288/,https://www.linkedin.com/company/tipalti/posts/
Tipalti,17,2026-08-21,20,Image,5,2,1,8,"A company needs to pay a supplier in Germany, a creator in Brazil, and a",https://www.linkedin.com/feed/update/urn:li:activity:7496595987323613184/,https://www.linkedin.com/company/tipalti/posts/
Tipalti,18,2026-08-20,21,Image,4,1,1,6,Great engineering leadership isn't just about technical expertise; it's about,https://www.linkedin.com/feed/update/urn:li:activity:7496238049702510592/,https://www.linkedin.com/company/tipalti/posts/
Tipalti,19,2026-08-20,21,Link/Article,32,0,0,32,Most finance teams using AI today are using it as a faster way to do things,https://www.linkedin.com/feed/update/urn:li:activity:7496206669354438656/,https://www.linkedin.com/company/tipalti/posts/
Tipalti,20,2026-08-19,22,Video,12,1,0,13,"When Prodege's partner network grew, so did the operational complexity behind",https://www.linkedin.com/feed/update/urn:li:activity:7495832020955099136/,https://www.linkedin.com/company/tipalti/posts/
Tipalti,21,2026-08-18,23,Image,19,0,0,19,"AI is no longer a ""someday"" conversation in finance. It's a ""now""",https://www.linkedin.com/feed/update/urn:li:activity:7495491226494955520/,https://www.linkedin.com/company/tipalti/posts/
Tipalti,22,2026-08-17,24,Carousel,7,0,1,8,"20 weeks of AP work, eliminated. Every year. That's what happened when",https://www.linkedin.com/feed/update/urn:li:activity:7495128560345530369/,https://www.linkedin.com/company/tipalti/posts/
Tipalti,23,2026-08-16,25,Link/Article,1,0,0,1,"In his latest for the Forbes Tech Council, Tipalti CPTO Roby Baruch discusses",https://www.linkedin.com/feed/update/urn:li:activity:7494805936738443264/,https://www.linkedin.com/company/tipalti/posts/
Tipalti,24,2026-08-16,25,Image,25,4,0,29,New from the Tipalti Team: Not many DevOps careers start with a philosophy,https://www.linkedin.com/feed/update/urn:li:activity:7494712091547983872/,https://www.linkedin.com/company/tipalti/posts/
Tipalti,25,2026-08-15,26,Image,101,5,0,106,New from the Tipalti Product Team: Most product teams assume you need an,https://www.linkedin.com/feed/update/urn:li:activity:7494369561652244481/,https://www.linkedin.com/company/tipalti/posts/
Tipalti,26,2026-08-14,27,Image,8,0,0,8,What does it actually take to build financial infrastructure for a company,https://www.linkedin.com/feed/update/urn:li:activity:7494056511439106048/,https://www.linkedin.com/company/tipalti/posts/
Tipalti,27,2026-08-13,28,Image,9,0,0,9,"David Fractor, CFO at ImaginAb, has spent seven years building a finance",https://www.linkedin.com/feed/update/urn:li:activity:7493690088099397634/,https://www.linkedin.com/company/tipalti/posts/
Tipalti,28,2026-08-12,29,Image,10,0,0,10,Technology alone won't make finance more scalable. The biggest gains come,https://www.linkedin.com/feed/update/urn:li:activity:7493367484897640448/,https://www.linkedin.com/company/tipalti/posts/
Tipalti,29,2026-08-11,30,Image,190,4,3,197,Tipalti has officially been named to the Inc. 5000 list for nine consecutive,https://www.linkedin.com/feed/update/urn:li:activity:7492992369735385088/,https://www.linkedin.com/company/tipalti/posts/
Tipalti,30,2026-08-11,30,Image,51,1,9,61,We are thrilled to share that Tipalti has been named to the Inc. 5000 list,https://www.linkedin.com/feed/update/urn:li:activity:7492935597746040832/,https://www.linkedin.com/company/tipalti/posts/
Tipalti,31,2026-08-10,31,Video,10,0,0,10,"Hear directly from finance leaders at AG1, Lantern Community Services, and",https://www.linkedin.com/feed/update/urn:li:activity:7492612899413159936/,https://www.linkedin.com/company/tipalti/posts/
Tipalti,32,2026-08-07,34,Image,2,2,0,4,The best finance leaders often bring perspectives that can't be learned from,https://www.linkedin.com/feed/update/urn:li:activity:7491513520375824384/,https://www.linkedin.com/company/tipalti/posts/
Tipalti,33,2026-08-06,35,Video,8,0,1,9,Adding a new country doesn't add one new problem. It adds several at once:,https://www.linkedin.com/feed/update/urn:li:activity:7491151289582706688/,https://www.linkedin.com/company/tipalti/posts/
Tipalti,34,2026-08-05,36,Video,7,0,1,8,81% of organizations say their external partner networks are vital to,https://www.linkedin.com/feed/update/urn:li:activity:7490786545394765824/,https://www.linkedin.com/company/tipalti/posts/
Tipalti,35,2026-08-04,37,Video,8,1,1,10,"Even the best partner programs lose talent when payments are slow,",https://www.linkedin.com/feed/update/urn:li:activity:7490425097632083968/,https://www.linkedin.com/company/tipalti/posts/
Tipalti,36,2026-08-03,38,Video,6,0,0,6,The Tipalti team is heading to Minneapolis for the Dynamics Community Summit,https://www.linkedin.com/feed/update/urn:li:activity:7490067743824658432/,https://www.linkedin.com/company/tipalti/posts/
Tipalti,37,2026-07-31,41,Multi-image,128,3,2,133,"The Tipalti C-Suite were in Vancouver last week for their executive QBR, and",https://www.linkedin.com/feed/update/urn:li:activity:7488971744008032256/,https://www.linkedin.com/company/tipalti/posts/
Tipalti,38,2026-07-30,42,Video,41,0,1,42,The finance function is being asked to operate at a higher level. The problem,https://www.linkedin.com/feed/update/urn:li:activity:7488633931689431041/,https://www.linkedin.com/company/tipalti/posts/
Tipalti,39,2026-07-29,43,Video,24,0,3,27,NEW RESEARCH: The payout infrastructure gap is costing businesses their top,https://www.linkedin.com/feed/update/urn:li:activity:7488226191594786817/,https://www.linkedin.com/company/tipalti/posts/
Tipalti,40,2026-07-28,44,Link/Article,22,0,2,24,Tipalti Mass Payments manages the full payout lifecycle in one platform:,https://www.linkedin.com/feed/update/urn:li:activity:7487880818137235457/,https://www.linkedin.com/company/tipalti/posts/
Tipalti,41,2026-07-27,45,Video,9,0,0,9,We're on the floor at Affiliate Summit East in New York today and tomorrow.,https://www.linkedin.com/feed/update/urn:li:activity:7487528257370800129/,https://www.linkedin.com/company/tipalti/posts/
Tipalti,42,2026-07-22,50,Image,52,2,6,60,I'm excited to share that Tipalti has been named on CNBC's World's Top,https://www.linkedin.com/feed/update/urn:li:activity:7485827630764634112/,https://www.linkedin.com/company/tipalti/posts/
Tipalti,43,2026-07-21,51,Video,7,0,1,8,"Tipalti is heading to Affiliate Summit East in New York, July 27-28. If your",https://www.linkedin.com/feed/update/urn:li:activity:7485364523588104193/,https://www.linkedin.com/company/tipalti/posts/
Tipalti,44,2026-07-20,52,Link/Article,7,0,0,7,Tipalti Accounts Payable connects the full AP lifecycle in one system:,https://www.linkedin.com/feed/update/urn:li:activity:7484993057642389504/,https://www.linkedin.com/company/tipalti/posts/
Tipalti,45,2026-07-16,56,Carousel,10,0,2,12,"We're hiring! Swipe through to see our open roles. Alliance Manager,",https://www.linkedin.com/feed/update/urn:li:activity:7483535936656605184/,https://www.linkedin.com/company/tipalti/posts/
Tipalti,46,2026-07-15,57,Video,44,0,1,45,"G2's Summer 2026 report is out, and Tipalti earned three recognitions: Users",https://www.linkedin.com/feed/update/urn:li:activity:7483192248013250560/,https://www.linkedin.com/company/tipalti/posts/
Tipalti,47,2026-07-14,58,Video,25,1,0,26,Is your finance team spending more time on manual data entry than actual,https://www.linkedin.com/feed/update/urn:li:activity:7482784809338085376/,https://www.linkedin.com/company/tipalti/posts/
Tipalti,48,2026-07-11,61,Carousel,12,0,0,12,Skillshare has 5 million members and a global network of instructors and,https://www.linkedin.com/feed/update/urn:li:activity:7481720216960368640/,https://www.linkedin.com/company/tipalti/posts/
Tipalti,49,2026-07-10,62,Video,6,0,0,6,98% of finance professionals say AI saves them time. 97% say it improves,https://www.linkedin.com/feed/update/urn:li:activity:7481375971414204416/,https://www.linkedin.com/company/tipalti/posts/
Tipalti,50,2026-07-08,64,Video,25,0,1,26,"Before Tipalti, Thematic's finance team was manually managing international",https://www.linkedin.com/feed/update/urn:li:activity:7480634387030650880/,https://www.linkedin.com/company/tipalti/posts/
Stampli,1,2026-09-09,1,Link/Article,26,1,7,34,Finance shouldn't have to reconstruct employee spend records every month,https://www.linkedin.com/feed/update/urn:li:activity:7503464250934255616/,https://www.linkedin.com/company/stampli/posts/
Stampli,2,2026-09-08,2,Link/Article,16,0,6,22,An employee swipes a company card. Another pays out of pocket. Someone,https://www.linkedin.com/feed/update/urn:li:activity:7503114180867039232/,https://www.linkedin.com/company/stampli/posts/
Stampli,3,2026-09-02,8,Image,5,0,0,5,"When leaders have room to grow, their teams can grow with them",https://www.linkedin.com/feed/update/urn:li:activity:7500939342903816195/,https://www.linkedin.com/company/stampli/posts/
Stampli,4,2026-08-31,10,Link/Article,5,0,2,7,"In finance, efficiency only matters if you can improve it without giving up",https://www.linkedin.com/feed/update/urn:li:activity:7500210551743049728/,https://www.linkedin.com/company/stampli/posts/
Stampli,5,2026-08-28,13,Video,47,5,5,57,Business leaders always have questions. They just don't ask all of them,https://www.linkedin.com/feed/update/urn:li:activity:7499247223994535936/,https://www.linkedin.com/company/stampli/posts/
Stampli,6,2026-08-26,15,Video,44,7,10,61,Answering a good finance question shouldn't require a costly project. Stampli,https://www.linkedin.com/feed/update/urn:li:activity:7498398949129515008/,https://www.linkedin.com/company/stampli/posts/
Stampli,7,2026-08-25,16,Text,18,2,3,23,OpenAI published a story last week about how our team at Stampli used ChatGPT,https://www.linkedin.com/feed/update/urn:li:activity:7497818954103468032/,https://www.linkedin.com/company/stampli/posts/
Stampli,8,2026-08-24,17,Link/Article,26,2,13,41,Anyone who's launched a product knows the hard part isn't just one thing.,https://www.linkedin.com/feed/update/urn:li:activity:7497670332653371392/,https://www.linkedin.com/company/stampli/posts/
Stampli,9,2026-08-19,22,Image,17,0,7,24,Month-end problems rarely begin at month-end. For,https://www.linkedin.com/feed/update/urn:li:activity:7495874607586136064/,https://www.linkedin.com/company/stampli/posts/
Stampli,10,2026-08-13,28,Link/Article,3,0,0,3,"An invoice in manufacturing is rarely just that. There's usually a PO, a",https://www.linkedin.com/feed/update/urn:li:activity:7493708207337439232/,https://www.linkedin.com/company/stampli/posts/
Stampli,11,2026-08-10,31,Image,25,0,7,32,"At Quincy Recycle, connecting Procurement and AP brought clarity to daily",https://www.linkedin.com/feed/update/urn:li:activity:7492630306575986688/,https://www.linkedin.com/company/stampli/posts/
Stampli,12,2026-08-07,34,Link/Article,12,0,4,16,Every vendor relationship carries a set of important commitments. For,https://www.linkedin.com/feed/update/urn:li:activity:7491550133990649856/,https://www.linkedin.com/company/stampli/posts/
Stampli,13,2026-08-06,35,Link/Article,19,0,8,27,"From 10 locations to more than 50, America's Group built a finance operation",https://www.linkedin.com/feed/update/urn:li:activity:7491171494178455552/,https://www.linkedin.com/company/stampli/posts/
Stampli,14,2026-08-04,37,Link/Article,14,0,1,15,"71 locations. 1,000+ monthly invoices. A two-person AP team. For Advance",https://www.linkedin.com/feed/update/urn:li:activity:7490470160655376385/,https://www.linkedin.com/company/stampli/posts/
Stampli,15,2026-07-27,45,Image,36,1,14,51,New software shouldn't take years to deliver value. Stampli has the fastest,https://www.linkedin.com/feed/update/urn:li:activity:7487541089772572672/,https://www.linkedin.com/company/stampli/posts/
Stampli,16,2026-07-22,50,Link/Article,11,0,5,16,Procure-to-pay breaks down fast when teams work across disconnected tools.,https://www.linkedin.com/feed/update/urn:li:activity:7485751784376815617/,https://www.linkedin.com/company/stampli/posts/
Stampli,17,2026-07-14,58,Link/Article,6,0,1,7,Finance leaders do not need a lesson in prompting. They need better data to,https://www.linkedin.com/feed/update/urn:li:activity:7482829790388056064/,https://www.linkedin.com/company/stampli/posts/
Stampli,18,2026-07-10,62,Video,0,0,0,0,"""It's allowed basically a one-person team to do the work of a team of four or",https://www.linkedin.com/feed/update/urn:li:activity:7481447429310140416/,https://www.linkedin.com/company/stampli/posts/
Stampli,19,2026-07-09,63,Video,63,3,5,71,I spent ten years as an accountant before I ever touched marketing. So when,https://www.linkedin.com/feed/update/urn:li:activity:7481079331687981057/,https://www.linkedin.com/company/stampli/posts/
Stampli,20,2026-07-02,70,Link/Article,13,0,1,14,What changes when finance teams can analyze data in ways that used to be,https://www.linkedin.com/feed/update/urn:li:activity:7478476361188237312/,https://www.linkedin.com/company/stampli/posts/
Stampli,21,2026-06-30,72,Carousel,32,0,12,44,Finance teams don't run out of good questions. They run out of practical ways,https://www.linkedin.com/feed/update/urn:li:activity:7477782702507728897/,https://www.linkedin.com/company/stampli/posts/
Stampli,22,2026-06-26,76,Link/Article,18,0,6,24,Accounts Payable is where Procure-to-Pay either works or breaks. In G2's,https://www.linkedin.com/feed/update/urn:li:activity:7476333219932549120/,https://www.linkedin.com/company/stampli/posts/
Stampli,23,2026-06-23,79,Link/Article,12,1,4,17,Vendor renewal coming up? A lot can change since the last contract. Spend,https://www.linkedin.com/feed/update/urn:li:activity:7475272288779554817/,https://www.linkedin.com/company/stampli/posts/
Stampli,24,2026-06-19,83,Link/Article,37,1,16,54,Strong customer feedback on real value for finance teams to create one,https://www.linkedin.com/feed/update/urn:li:activity:7473546137669382144/,https://www.linkedin.com/company/stampli/posts/
Stampli,25,2026-06-19,83,Link/Article,22,1,6,29,Finance teams don't run out of useful questions. They run out of practical,https://www.linkedin.com/feed/update/urn:li:activity:7473546016936443904/,https://www.linkedin.com/company/stampli/posts/
Stampli,26,2026-06-17,85,Link/Article,37,1,16,54,Strong customer feedback on real value for finance teams to create one,https://www.linkedin.com/feed/update/urn:li:activity:7473137280950489088/,https://www.linkedin.com/company/stampli/posts/
Stampli,27,2026-06-16,86,Link/Article,22,1,6,29,Finance teams don't run out of useful questions. They run out of practical,https://www.linkedin.com/feed/update/urn:li:activity:7472691476020371456/,https://www.linkedin.com/company/stampli/posts/
Stampli,28,2026-06-12,90,Text,11,1,4,16,Market stories become clearer when they show up in operational spend. Josh,https://www.linkedin.com/feed/update/urn:li:activity:7471341777321517056/,https://www.linkedin.com/company/stampli/posts/
Stampli,29,2026-06-12,90,Video,145,18,12,175,"Probably shouldn't have said SpaceX ""blew up"" with ""explosive"" growth, but",https://www.linkedin.com/feed/update/urn:li:activity:7471322574384218112/,https://www.linkedin.com/company/stampli/posts/
Stampli,30,2026-06-11,91,Link/Article,9,0,2,11,NetSuite 3-way matching often breaks on one missing piece: the item receipt.,https://www.linkedin.com/feed/update/urn:li:activity:7470894018252611585/,https://www.linkedin.com/company/stampli/posts/
Stampli,31,2026-06-09,93,Link/Article,17,3,7,27,ACH risks don't start at the bank portal. They often start earlier. A vendor,https://www.linkedin.com/feed/update/urn:li:activity:7470146179570278400/,https://www.linkedin.com/company/stampli/posts/
Stampli,32,2026-06-02,100,Image,32,3,10,45,Meaningful savings can hide in everyday finance data. For Integra,https://www.linkedin.com/feed/update/urn:li:activity:7467641260682690560/,https://www.linkedin.com/company/stampli/posts/
Stampli,33,2026-05-22,111,Link/Article,25,0,11,36,"Built to scale your business, not your headcount. Stampli's AI performs an",https://www.linkedin.com/feed/update/urn:li:activity:7463658491082162176/,https://www.linkedin.com/company/stampli/posts/
Stampli,34,2026-05-07,126,Link/Article,11,0,1,12,Vendor concentration risk is hiding in your AP data. With Stampli Deep,https://www.linkedin.com/feed/update/urn:li:activity:7458216341255270400/,https://www.linkedin.com/company/stampli/posts/
Stampli,35,2026-04-29,134,Image,42,1,1,44,Day 2 at #SageFuture and the energy is still going strong! Visit us at booth,https://www.linkedin.com/feed/update/urn:li:activity:7455365803056717825/,https://www.linkedin.com/company/stampli/posts/
Stampli,36,2026-04-29,134,Multi-image,91,1,5,97,Day 1 of #SageFuture in the books. Partner day was fantastic. Got to connect,https://www.linkedin.com/feed/update/urn:li:activity:7455302057294729217/,https://www.linkedin.com/company/stampli/posts/
Stampli,37,2026-04-21,142,Image,83,8,23,114,We're about to see the death of the dashboard. Here's why they'll get,https://www.linkedin.com/feed/update/urn:li:activity:7452383909046169600/,https://www.linkedin.com/company/stampli/posts/
Stampli,38,2026-04-16,147,Link/Article,7,0,2,9,Budget variance usually doesn't start with one big decision. It builds,https://www.linkedin.com/feed/update/urn:li:activity:7450567947728650240/,https://www.linkedin.com/company/stampli/posts/
Stampli,39,2026-04-10,153,Link/Article,18,2,4,24,Cash flow opportunities often hide in Accounts Payable. Missed early payment,https://www.linkedin.com/feed/update/urn:li:activity:7448407527593099265/,https://www.linkedin.com/company/stampli/posts/
Stampli,40,2026-04-07,156,Link/Article,101,2,5,108,Big things are happening at Stampli. My first full quarter is in the,https://www.linkedin.com/feed/update/urn:li:activity:7447321308419489792/,https://www.linkedin.com/company/stampli/posts/
Stampli,41,2026-04-06,157,Link/Article,25,1,6,32,The data moving through finance systems holds a story that teams never see.,https://www.linkedin.com/feed/update/urn:li:activity:7446959667169316864/,https://www.linkedin.com/company/stampli/posts/
Stampli,42,2026-04-03,160,Text,52,2,6,60,The most valuable signals in finance are buried in places traditional BI,https://www.linkedin.com/feed/update/urn:li:activity:7445905103506583552/,https://www.linkedin.com/company/stampli/posts/
Stampli,43,2026-04-02,161,Video,148,3,21,172,We're launching something big: an agentic financial analyst you can ask,https://www.linkedin.com/feed/update/urn:li:activity:7445530496417226752/,https://www.linkedin.com/company/stampli/posts/
Stampli,44,2026-04-02,161,Video,148,3,21,172,We're launching something big: an agentic financial analyst you can ask,https://www.linkedin.com/feed/update/urn:li:activity:7445528391359029248/,https://www.linkedin.com/company/stampli/posts/
Stampli,45,2026-04-02,161,Video,39,0,22,61,Ask your agentic financial analyst anything. Get consultant-grade,https://www.linkedin.com/feed/update/urn:li:activity:7445514701041483776/,https://www.linkedin.com/company/stampli/posts/
Stampli,46,2026-04-01,162,Multi-image,44,1,5,50,We had a great time at the Nashville career fair meeting people excited about,https://www.linkedin.com/feed/update/urn:li:activity:7445178342305243136/,https://www.linkedin.com/company/stampli/posts/
Stampli,47,2026-03-31,163,Link/Article,46,2,29,77,Stampli Deep Finance transforms raw finance data into executive spend,https://www.linkedin.com/feed/update/urn:li:activity:7444778087130771457/,https://www.linkedin.com/company/stampli/posts/
Stampli,48,2026-03-27,167,Link/Article,14,0,6,20,"Instead of hiring more AP staff with every acquisition, America's Group",https://www.linkedin.com/feed/update/urn:li:activity:7443344853993758720/,https://www.linkedin.com/company/stampli/posts/
Stampli,49,2026-03-20,174,Link/Article,17,0,9,26,"No matter your ERP, Stampli fits right in. For America's Auto Auction, that's",https://www.linkedin.com/feed/update/urn:li:activity:7440806488681381888/,https://www.linkedin.com/company/stampli/posts/
Stampli,50,2026-03-18,176,Link/Article,17,0,5,22,Corporate cards don't have to mean losing control of spend. With the right,https://www.linkedin.com/feed/update/urn:li:activity:7440081107112529920/,https://www.linkedin.com/company/stampli/posts/
Stripe,1,2026-09-09,1,Carousel,88,15,8,111,"We're livestreaming the Lenny & Friends Summit, featuring talks on what's",https://www.linkedin.com/feed/update/urn:li:activity:7503482743364751360/,https://www.linkedin.com/company/stripe/posts/
Stripe,2,2026-09-08,2,Video,92,26,13,131,"Connect Link's wallet for agents to Muse, a new app from Meta that lets you",https://www.linkedin.com/feed/update/urn:li:activity:7503176710318854144/,https://www.linkedin.com/company/stripe/posts/
Stripe,3,2026-09-03,7,Video,154,21,4,179,"As the parent company behind Shopee, Garena and Monee, Sea is one of",https://www.linkedin.com/feed/update/urn:li:activity:7501256832003231744/,https://www.linkedin.com/company/stripe/posts/
Stripe,4,2026-09-01,9,Text,49,1,4,54,Shopify is now available in projects.dev,https://www.linkedin.com/feed/update/urn:li:activity:7500655543502630912/,https://www.linkedin.com/company/stripe/posts/
Stripe,5,2026-09-01,9,Video,251,23,21,295,"We just partnered with Stripe Projects, so you can add Shopify to your app",https://www.linkedin.com/feed/update/urn:li:activity:7500633670400212992/,https://www.linkedin.com/company/stripe/posts/
Stripe,6,2026-09-01,9,Video,251,23,21,295,"We just partnered with Stripe Projects, so you can add Shopify to your app",https://www.linkedin.com/feed/update/urn:li:activity:7500606795791351808/,https://www.linkedin.com/company/stripe/posts/
Stripe,7,2026-08-28,13,Image,190,37,15,242,Give your Grok Bot a card with Link. Bots can now buy from any business on,https://www.linkedin.com/feed/update/urn:li:activity:7499191937820889089/,https://www.linkedin.com/company/stripe/posts/
Stripe,8,2026-08-28,13,Video,66,14,12,92,Payments with Instinct are now powered by Link. Use Instinct to buy from any,https://www.linkedin.com/feed/update/urn:li:activity:7499158551211368448/,https://www.linkedin.com/company/stripe/posts/
Stripe,9,2026-08-27,14,Text,42,2,2,46,Agents are reshaping how people discover and buy products and services. We,https://www.linkedin.com/feed/update/urn:li:activity:7498712735929708545/,https://www.linkedin.com/company/stripe/posts/
Stripe,10,2026-08-26,15,Link/Article,690,41,45,776,"Revolut is rolling out EURR, its first euro-denominated stablecoin, built",https://www.linkedin.com/feed/update/urn:li:activity:7498304681723674624/,https://www.linkedin.com/company/stripe/posts/
Stripe,11,2026-08-25,16,Video,127,16,3,146,New: analyze your Stripe data with agents. Connect to the Stripe MCP to build,https://www.linkedin.com/feed/update/urn:li:activity:7498129042144014337/,https://www.linkedin.com/company/stripe/posts/
Stripe,12,2026-08-25,16,Image,194,34,6,234,"Today, I'm excited to announce my book, Built to Grow: A Handbook for",https://www.linkedin.com/feed/update/urn:li:activity:7498080511349678080/,https://www.linkedin.com/company/stripe/posts/
Stripe,13,2026-08-25,16,Video,278,20,12,310,John Collison sits down with Canva cofounder and COO Cliff Obrecht to discuss,https://www.linkedin.com/feed/update/urn:li:activity:7497854118158299136/,https://www.linkedin.com/company/stripe/posts/
Stripe,14,2026-08-20,21,Text,116,7,10,133,"Kraken is launching Krak Cards in the US, powered by Stripe Issuing. Spend",https://www.linkedin.com/feed/update/urn:li:activity:7496332962540589056/,https://www.linkedin.com/company/stripe/posts/
Stripe,15,2026-08-19,22,Image,1033,56,81,1170,Tokens are the central currency for companies building with AI. We've agreed,https://www.linkedin.com/feed/update/urn:li:activity:7495899832687984640/,https://www.linkedin.com/company/stripe/posts/
Stripe,16,2026-08-18,23,Text,118,9,16,143,Amazon Bedrock AgentCore payments now supports Machine Payments Protocol,https://www.linkedin.com/feed/update/urn:li:activity:7495600518073962498/,https://www.linkedin.com/company/stripe/posts/
Stripe,17,2026-08-18,23,Video,169,2,31,202,"AgentCore payments is now generally available, as part of Amazon Bedrock",https://www.linkedin.com/feed/update/urn:li:activity:7495592781269159936/,https://www.linkedin.com/company/stripe/posts/
Stripe,18,2026-08-18,23,Video,200,11,38,249,Krak Card has landed in the U.S. Most cards force a trade-off: earn,https://www.linkedin.com/feed/update/urn:li:activity:7495571417493704704/,https://www.linkedin.com/company/stripe/posts/
Stripe,19,2026-08-18,23,Image,211,11,17,239,Gartner has named Stripe a Leader in the 2026 Gartner Magic Quadrant for,https://www.linkedin.com/feed/update/urn:li:activity:7495512334262644737/,https://www.linkedin.com/company/stripe/posts/
Stripe,20,2026-08-18,23,Image,217,25,15,257,New currency capabilities to help cut FX costs: Convert instantly between,https://www.linkedin.com/feed/update/urn:li:activity:7495386426793000960/,https://www.linkedin.com/company/stripe/posts/
Stripe,21,2026-08-17,24,Video,336,23,28,387,"""We think of Stripe as having inverted its value proposition. We began as a",https://www.linkedin.com/feed/update/urn:li:activity:7495253758512271360/,https://www.linkedin.com/company/stripe/posts/
Stripe,22,2026-08-14,27,Link/Article,203,8,18,229,AI companies are now global by default. The 100 largest AI companies on,https://www.linkedin.com/feed/update/urn:li:activity:7494118902784798721/,https://www.linkedin.com/company/stripe/posts/
Stripe,23,2026-08-07,34,Video,203,52,10,265,"Connect Stripe to Perplexity Computer for Builders. Check revenue, MRR, and",https://www.linkedin.com/feed/update/urn:li:activity:7491527475970105344/,https://www.linkedin.com/company/stripe/posts/
Stripe,24,2026-08-04,37,Text,767,42,37,846,Something wild is happening with Stripe Connect right now. We've added more,https://www.linkedin.com/feed/update/urn:li:activity:7490404063877177344/,https://www.linkedin.com/company/stripe/posts/
Stripe,25,2026-07-31,41,Link/Article,322,29,33,384,"Earlier this year, Anupam Upadhyay and I set ourselves a new goal: 10x every",https://www.linkedin.com/feed/update/urn:li:activity:7489016036600614912/,https://www.linkedin.com/company/stripe/posts/
Stripe,26,2026-07-30,42,Image,598,56,27,681,There comes a time in every acquisition where you ask yourself 'was this,https://www.linkedin.com/feed/update/urn:li:activity:7488686264544833536/,https://www.linkedin.com/company/stripe/posts/
Stripe,27,2026-07-27,45,Text,25,2,4,31,We've rolled out improvements to Stripe Directory to make it easier to find,https://www.linkedin.com/feed/update/urn:li:activity:7487569602357628928/,https://www.linkedin.com/company/stripe/posts/
Stripe,28,2026-07-22,50,Image,109,17,7,133,"Businesses often tell me they believe the best way to fight a ""product not",https://www.linkedin.com/feed/update/urn:li:activity:7485625318335184896/,https://www.linkedin.com/company/stripe/posts/
Stripe,29,2026-07-15,57,Video,224,43,37,304,New providers on Stripe Projects are available now: Chatbase Composio NodeOps,https://www.linkedin.com/feed/update/urn:li:activity:7483253516766109696/,https://www.linkedin.com/company/stripe/posts/
Stripe,30,2026-07-15,57,Video,126,20,17,163,New: templates for Stripe Projects. Generate a working starter app with,https://www.linkedin.com/feed/update/urn:li:activity:7483235745420369920/,https://www.linkedin.com/company/stripe/posts/
Stripe,31,2026-07-10,62,Video,311,30,20,361,"""More people will become entrepreneurs with AI. It's never been as easy to",https://www.linkedin.com/feed/update/urn:li:activity:7481376718868643840/,https://www.linkedin.com/company/stripe/posts/
Stripe,32,2026-07-09,63,Video,192,11,8,211,Most of us judge a book by its cover before we've read a single page. That,https://www.linkedin.com/feed/update/urn:li:activity:7480998026195431424/,https://www.linkedin.com/company/stripe/posts/
Stripe,33,2026-06-30,72,Video,209,28,7,244,Conor McNamara sits down with investor and tech analyst Philipp Klockner to,https://www.linkedin.com/feed/update/urn:li:activity:7477791740645564416/,https://www.linkedin.com/company/stripe/posts/
Stripe,34,2026-06-25,77,Image,130,21,17,168,Shutdowns among new startups continue to decline. Our one-year shutdown proxy,https://www.linkedin.com/feed/update/urn:li:activity:7475930637804331009/,https://www.linkedin.com/company/stripe/posts/
Stripe,35,2026-06-24,78,Image,219,19,34,272,"Today, we treat respiratory infections like the cold and flu as a minor",https://www.linkedin.com/feed/update/urn:li:activity:7475538591868272640/,https://www.linkedin.com/company/stripe/posts/
Stripe,36,2026-06-22,80,Link/Article,3155,349,15,3519,"After seven extraordinary years building Stripe's go-to-market engine, I'm",https://www.linkedin.com/feed/update/urn:li:activity:7474846920255926273/,https://www.linkedin.com/company/stripe/posts/
Stripe,37,2026-06-22,80,Video,174,18,25,217,"Introducing Stripe Directory, a new way for you (and your agents) to search",https://www.linkedin.com/feed/update/urn:li:activity:7474838911408685056/,https://www.linkedin.com/company/stripe/posts/
Stripe,38,2026-06-16,86,Video,619,23,22,664,"I just got off stage in Paris at Stripe Tour, talking about how French",https://www.linkedin.com/feed/update/urn:li:activity:7472681605304639489/,https://www.linkedin.com/company/stripe/posts/
Stripe,39,2026-06-16,86,Video,438,35,7,480,I was just at Stripe Tour Paris talking about a new frontier in fraud: token,https://www.linkedin.com/feed/update/urn:li:activity:7472658536984944641/,https://www.linkedin.com/company/stripe/posts/
Stripe,40,2026-06-15,87,Link/Article,176,6,16,198,"I recently wrote about what I've been working on the past two years, and",https://www.linkedin.com/feed/update/urn:li:activity:7472397543809925121/,https://www.linkedin.com/company/stripe/posts/
Stripe,41,2026-06-15,87,Video,266,17,7,290,I've been thinking a lot about the future of user experience and what it,https://www.linkedin.com/feed/update/urn:li:activity:7472345698043346944/,https://www.linkedin.com/company/stripe/posts/
Stripe,42,2026-06-11,91,Link/Article,95,7,4,106,It's a wild time to be building infrastructure. Today we shipped another,https://www.linkedin.com/feed/update/urn:li:activity:7470880958137888770/,https://www.linkedin.com/company/stripe/posts/
Stripe,43,2026-06-10,92,Video,276,13,17,306,"John Collison sits down with Barney Hussey-Yeo, the founder and CEO of AI",https://www.linkedin.com/feed/update/urn:li:activity:7470544995326787584/,https://www.linkedin.com/company/stripe/posts/
Stripe,44,2026-06-10,92,Video,229,24,36,289,New providers now available on Stripe Projects: Wix Laravel HeyGen Prisma,https://www.linkedin.com/feed/update/urn:li:activity:7470494370857873408/,https://www.linkedin.com/company/stripe/posts/
Stripe,45,2026-06-03,99,Link/Article,110,10,8,128,Visa made a major change in April with the Digital Commerce Authentication,https://www.linkedin.com/feed/update/urn:li:activity:7467977392372998145/,https://www.linkedin.com/company/stripe/posts/
Stripe,46,2026-05-28,105,Carousel,117,16,5,138,Solo founding is at an all-time high. Top-decile solo founders earned 61x the,https://www.linkedin.com/feed/update/urn:li:activity:7465851625761484801/,https://www.linkedin.com/company/stripe/posts/
Stripe,47,2026-05-28,105,Image,617,23,19,659,Stripe Atlas now forms a new company every 12 minutes. (This is one of those,https://www.linkedin.com/feed/update/urn:li:activity:7465830186790330368/,https://www.linkedin.com/company/stripe/posts/
Stripe,48,2026-05-28,105,Image,111,2,6,119,"Across the Stripe network, over 1 in 6 sign-ups at AI companies are linked to",https://www.linkedin.com/feed/update/urn:li:activity:7465816194080575488/,https://www.linkedin.com/company/stripe/posts/
Stripe,49,2026-05-21,112,Video,192,35,16,243,"Starting today, you can set up machine payments with a single prompt to your",https://www.linkedin.com/feed/update/urn:li:activity:7463261345459822592/,https://www.linkedin.com/company/stripe/posts/
Stripe,50,2026-05-21,112,Video,58,4,2,64,Nat Friedman on temperature probing teams through production iteration loops,https://www.linkedin.com/feed/update/urn:li:activity:7463253454405287936/,https://www.linkedin.com/company/stripe/posts/
Pleo,1,2026-09-10,0,Link/Article,6,0,0,6,"Your AI tool just became a spend expert. Pleo's MCP is now live,",https://www.linkedin.com/feed/update/urn:li:activity:7503800017615499265/,https://www.linkedin.com/company/pleo-company/posts/
Pleo,2,2026-09-10,0,Video,27,0,7,34,"Finance leaders, this one's for you. Where others see only details, you see",https://www.linkedin.com/feed/update/urn:li:activity:7503749508523024384/,https://www.linkedin.com/company/pleo-company/posts/
Pleo,3,2026-09-09,1,Carousel,33,4,0,37,What's currently costing your finance team its time? Bring it to us at the,https://www.linkedin.com/feed/update/urn:li:activity:7503444790949265408/,https://www.linkedin.com/company/pleo-company/posts/
Pleo,4,2026-09-09,1,Video,83,3,26,112,Pleo has entered the chat. Connect Pleo to the AI assistants your team,https://www.linkedin.com/feed/update/urn:li:activity:7503362501590335490/,https://www.linkedin.com/company/pleo-company/posts/
Pleo,5,2026-09-08,2,Carousel,17,0,4,21,98% of UK finance leaders already use AI. But 49% still struggle to manage,https://www.linkedin.com/feed/update/urn:li:activity:7503055880209203200/,https://www.linkedin.com/company/pleo-company/posts/
Pleo,6,2026-09-07,3,Multi-image,38,3,1,42,Two things we took to the World Finance Forum in London last week: a new,https://www.linkedin.com/feed/update/urn:li:activity:7502720002807029760/,https://www.linkedin.com/company/pleo-company/posts/
Pleo,7,2026-09-04,6,Link/Article,66,1,6,73,"Discover the story behind our brand refresh and new navigation experience,",https://www.linkedin.com/feed/update/urn:li:activity:7501562200176873472/,https://www.linkedin.com/company/pleo-company/posts/
Pleo,8,2026-09-03,7,Video,384,4,64,452,We've spent eleven years watching finance teams hold companies together with,https://www.linkedin.com/feed/update/urn:li:activity:7501173628353576961/,https://www.linkedin.com/company/pleo-company/posts/
Pleo,9,2026-08-26,15,Link/Article,8,1,0,9,Finance teams have been testing whether AI tools and platforms can provide a,https://www.linkedin.com/feed/update/urn:li:activity:7498335467122348032/,https://www.linkedin.com/company/pleo-company/posts/
Pleo,10,2026-08-25,16,Video,18,0,1,19,Cooltra reduced lost receipts by 80% while gaining better visibility and,https://www.linkedin.com/feed/update/urn:li:activity:7497914863806050304/,https://www.linkedin.com/company/pleo-company/posts/
Pleo,11,2026-08-20,21,Link/Article,18,1,1,20,Competing priorities. Imperfect information. High-stakes decisions. That's,https://www.linkedin.com/feed/update/urn:li:activity:7496156620129767424/,https://www.linkedin.com/company/pleo-company/posts/
Pleo,12,2026-08-14,27,Video,213,14,19,246,Here's a sneak peek into our recent AI releases and some that are coming.,https://www.linkedin.com/feed/update/urn:li:activity:7493965123959631873/,https://www.linkedin.com/company/pleo-company/posts/
Pleo,13,2026-08-13,28,Video,15,1,0,16,Flowering.dk is a Copenhagen-based floristry business with a great idea: buy,https://www.linkedin.com/feed/update/urn:li:activity:7493554518677368832/,https://www.linkedin.com/company/pleo-company/posts/
Pleo,14,2026-08-11,30,Link/Article,9,1,0,10,Distributed spending doesn't have to mean distributed risk. Custom budget,https://www.linkedin.com/feed/update/urn:li:activity:7492822169832284161/,https://www.linkedin.com/company/pleo-company/posts/
Pleo,15,2026-08-06,35,Video,23,0,0,23,"This is how Bonzer took control of 700,000+ EUR in marketing spend with Pleo",https://www.linkedin.com/feed/update/urn:li:activity:7491051106836451329/,https://www.linkedin.com/company/pleo-company/posts/
Pleo,16,2026-08-05,36,Link/Article,10,0,0,10,One click. No manual back-and-forth. Far less room for error. See how SILICON,https://www.linkedin.com/feed/update/urn:li:activity:7490696979312820224/,https://www.linkedin.com/company/pleo-company/posts/
Pleo,17,2026-07-30,42,Link/Article,16,0,3,19,"Finance leaders need AI that knows its limits, works invisibly where it can,",https://www.linkedin.com/feed/update/urn:li:activity:7488520965103173634/,https://www.linkedin.com/company/pleo-company/posts/
Pleo,18,2026-07-28,44,Image,9,0,0,9,What's next in AI spend control? Our latest,https://www.linkedin.com/feed/update/urn:li:activity:7487782257504456704/,https://www.linkedin.com/company/pleo-company/posts/
Pleo,19,2026-07-27,45,Video,21,1,0,22,From 16 hours of monthly expense admin to just 1.5 hours. Now that's,https://www.linkedin.com/feed/update/urn:li:activity:7487414564758745088/,https://www.linkedin.com/company/pleo-company/posts/
Pleo,20,2026-07-23,49,Link/Article,75,0,8,83,Pleo has been named one of CNBC and Statista's World's Top Fintech Companies,https://www.linkedin.com/feed/update/urn:li:activity:7485964231058726926/,https://www.linkedin.com/company/pleo-company/posts/
Pleo,21,2026-07-22,50,Carousel,13,0,0,13,What's new in July? Exactly what you need.,https://www.linkedin.com/feed/update/urn:li:activity:7485584289389273088/,https://www.linkedin.com/company/pleo-company/posts/
Pleo,22,2026-07-21,51,Link/Article,17,0,2,19,Stepping into a CFO role comes with immediate pressure. Leadership expects,https://www.linkedin.com/feed/update/urn:li:activity:7485239842772127744/,https://www.linkedin.com/company/pleo-company/posts/
Pleo,23,2026-07-20,52,Image,11,0,1,12,"It's alive. But does it work? As businesses expand across borders, their",https://www.linkedin.com/feed/update/urn:li:activity:7484881119134441473/,https://www.linkedin.com/company/pleo-company/posts/
Pleo,24,2026-07-16,56,Multi-image,77,0,5,82,"Turns out, the future of finance goes very well with breakfast. Our",https://www.linkedin.com/feed/update/urn:li:activity:7483440173855350785/,https://www.linkedin.com/company/pleo-company/posts/
Pleo,25,2026-07-15,57,Carousel,16,0,3,19,"When you're managing project-based work across multiple entities, a single",https://www.linkedin.com/feed/update/urn:li:activity:7483064598011576320/,https://www.linkedin.com/company/pleo-company/posts/
Pleo,26,2026-07-14,58,Multi-image,85,3,9,97,"Let's talk about the Pleo MCP. At Xerocon, alongside the awesome Laurits",https://www.linkedin.com/feed/update/urn:li:activity:7482765706757959680/,https://www.linkedin.com/company/pleo-company/posts/
Pleo,27,2026-07-14,58,Link/Article,12,2,2,16,"What does a new CFO actually walk into? Well, it's not a clean slate. More",https://www.linkedin.com/feed/update/urn:li:activity:7482705240706924544/,https://www.linkedin.com/company/pleo-company/posts/
Pleo,28,2026-07-13,59,Text,67,7,13,87,Big moment for the Solution Engineering team at Pleo: our first ever,https://www.linkedin.com/feed/update/urn:li:activity:7482391436345249792/,https://www.linkedin.com/company/pleo-company/posts/
Pleo,29,2026-07-13,59,Multi-image,55,1,5,61,It's a wrap on Xerocon 2026! We had a fantastic time connecting with everyone,https://www.linkedin.com/feed/update/urn:li:activity:7482347405783474176/,https://www.linkedin.com/company/pleo-company/posts/
Pleo,30,2026-07-08,64,Video,78,0,6,84,"Pleo Champions Club 2026: Legends of Palermo. Every year, we gather to",https://www.linkedin.com/feed/update/urn:li:activity:7480539500289527808/,https://www.linkedin.com/company/pleo-company/posts/
Pleo,31,2026-07-07,65,Text,15,1,2,18,"We're heading to Xerocon London on 8-9 July, and we're excited to see you",https://www.linkedin.com/feed/update/urn:li:activity:7480186016109252608/,https://www.linkedin.com/company/pleo-company/posts/
Pleo,32,2026-07-07,65,Link/Article,69,2,3,74,Up to Speed is back with everything you need to know about spend that runs,https://www.linkedin.com/feed/update/urn:li:activity:7480164471852933120/,https://www.linkedin.com/company/pleo-company/posts/
Pleo,33,2026-07-01,71,Carousel,21,1,1,23,"For Conmedia ApS, a marketing company that usually builds its own solutions,",https://www.linkedin.com/feed/update/urn:li:activity:7478011653503205377/,https://www.linkedin.com/company/pleo-company/posts/
Pleo,34,2026-06-29,73,Carousel,9,0,2,11,"For Flowering.dk, the shift from manual to automated finance with Pleo has",https://www.linkedin.com/feed/update/urn:li:activity:7477283200176685056/,https://www.linkedin.com/company/pleo-company/posts/
Pleo,35,2026-06-25,77,Link/Article,7,0,0,7,"AI spend is changing, and rapidly so. For mid-market CFOs, AI costs are",https://www.linkedin.com/feed/update/urn:li:activity:7475810080844726272/,https://www.linkedin.com/company/pleo-company/posts/
Pleo,36,2026-06-24,78,Carousel,13,1,3,17,Finance leaders know exactly what they should be working on. The problem is,https://www.linkedin.com/feed/update/urn:li:activity:7475465294891761664/,https://www.linkedin.com/company/pleo-company/posts/
Pleo,37,2026-06-23,79,Video,47,0,7,54,"""Can I spend this on...?"" Pleo's AI answers questions instantly, straight from",https://www.linkedin.com/feed/update/urn:li:activity:7475113222728056832/,https://www.linkedin.com/company/pleo-company/posts/
Pleo,38,2026-06-18,84,Text,22,0,1,23,Thank you FF News Fintech Finance for the great discussion. At Pleo we are,https://www.linkedin.com/feed/update/urn:li:activity:7473356120632467456/,https://www.linkedin.com/company/pleo-company/posts/
Pleo,39,2026-06-18,84,Carousel,20,1,1,22,We're rethinking how teams manage spend-starting with agentic AI that,https://www.linkedin.com/feed/update/urn:li:activity:7473323383536033792/,https://www.linkedin.com/company/pleo-company/posts/
Pleo,40,2026-06-18,84,Video,17,1,1,19,Cross-border expansion has a hidden cost. Finance teams are paying it every,https://www.linkedin.com/feed/update/urn:li:activity:7473287104035426306/,https://www.linkedin.com/company/pleo-company/posts/
Pleo,41,2026-06-17,85,Image,45,9,2,56,Xerocon London is almost here and we want to know what's got you most excited,https://www.linkedin.com/feed/update/urn:li:activity:7473041057472139267/,https://www.linkedin.com/company/pleo-company/posts/
Pleo,42,2026-06-17,85,Video,8,1,1,10,"At Money20/20 Europe 2026, Kunal Galav from Pleo shared his take on the",https://www.linkedin.com/feed/update/urn:li:activity:7473001499527348224/,https://www.linkedin.com/company/pleo-company/posts/
Pleo,43,2026-06-17,85,Carousel,15,1,3,19,Most finance teams don't realise how much they're losing to expense admin,https://www.linkedin.com/feed/update/urn:li:activity:7472924424439107584/,https://www.linkedin.com/company/pleo-company/posts/
Pleo,44,2026-06-15,87,Carousel,31,1,3,35,Too many finance leaders are buried under mindless admin. The next version of,https://www.linkedin.com/feed/update/urn:li:activity:7472188919107813377/,https://www.linkedin.com/company/pleo-company/posts/
Pleo,45,2026-06-11,91,Carousel,19,0,2,21,Automation has improved the workload for finance teams significantly over the,https://www.linkedin.com/feed/update/urn:li:activity:7470782042910302209/,https://www.linkedin.com/company/pleo-company/posts/
Pleo,46,2026-06-11,91,Carousel,30,2,3,35,"June updates = less friction, more clarity. Fresh improvements across",https://www.linkedin.com/feed/update/urn:li:activity:7470738602247884800/,https://www.linkedin.com/company/pleo-company/posts/
Pleo,47,2026-06-08,94,Carousel,10,1,1,12,Log in. Convert. Double-check the rate. Transfer. Sounds like a familiar,https://www.linkedin.com/feed/update/urn:li:activity:7469736954536968193/,https://www.linkedin.com/company/pleo-company/posts/
Pleo,48,2026-06-08,94,Multi-image,49,3,3,55,There's something special about gathering stellar finance minds with no,https://www.linkedin.com/feed/update/urn:li:activity:7469682115786256384/,https://www.linkedin.com/company/pleo-company/posts/
Pleo,49,2026-06-03,99,Video,19,1,7,27,AI spend is moving fast. But most finance teams still don't have a real view,https://www.linkedin.com/feed/update/urn:li:activity:7467853305306648576/,https://www.linkedin.com/company/pleo-company/posts/
Pleo,50,2026-06-02,100,Video,18,0,2,20,"Flowering.dk is on a mission to cut floral waste, but before Pleo, their",https://www.linkedin.com/feed/update/urn:li:activity:7467484017018322945/,https://www.linkedin.com/company/pleo-company/posts/
Payhawk,1,2026-09-10,0,Video,22,0,3,25,"You're moving to DualEntry to get ahead, but that's only half of the",https://www.linkedin.com/feed/update/urn:li:activity:7503727197916999680/,https://www.linkedin.com/company/payhawk/posts/
Payhawk,2,2026-09-10,0,Video,22,0,3,25,"You're moving to DualEntry to get ahead, but that's only half of the",https://www.linkedin.com/feed/update/urn:li:activity:7503724110976401408/,https://www.linkedin.com/company/payhawk/posts/
Payhawk,3,2026-09-09,1,Image,77,1,1,79,"This month, Payhawk is showing up in person across Europe. Amsterdam,",https://www.linkedin.com/feed/update/urn:li:activity:7503372411694919680/,https://www.linkedin.com/company/payhawk/posts/
Payhawk,4,2026-09-08,2,Video,39,1,3,43,"Payhawk now proudly partners with Rillet. For European finance teams, that",https://www.linkedin.com/feed/update/urn:li:activity:7502999186406309889/,https://www.linkedin.com/company/payhawk/posts/
Payhawk,5,2026-09-04,6,Image,67,2,1,70,Nachdem ich letztes Jahr das erste mal als Aussteller auf dem Accounting,https://www.linkedin.com/feed/update/urn:li:activity:7501591298127273984/,https://www.linkedin.com/company/payhawk/posts/
Payhawk,6,2026-09-03,7,Image,20,0,0,20,Dashboards answer the question somebody decided was important when they were,https://www.linkedin.com/feed/update/urn:li:activity:7501237771207102464/,https://www.linkedin.com/company/payhawk/posts/
Payhawk,7,2026-09-01,9,Image,61,0,8,69,France Digitale is back for its 14th edition - and we'll be there to,https://www.linkedin.com/feed/update/urn:li:activity:7500459015420866560/,https://www.linkedin.com/company/payhawk/posts/
Payhawk,8,2026-09-01,9,Image,7,1,0,8,"Every AI-pitch sounds the same right now: ""architected for AI,"" ""faster",https://www.linkedin.com/feed/update/urn:li:activity:7500453201322762241/,https://www.linkedin.com/company/payhawk/posts/
Payhawk,9,2026-08-31,10,Image,171,1,0,172,"It's US Open time and Grigor Dimitrov begins his campaign in New York today,",https://www.linkedin.com/feed/update/urn:li:activity:7500183244303261697/,https://www.linkedin.com/company/payhawk/posts/
Payhawk,10,2026-08-31,10,Video,101,0,9,110,"This is what an AI-first team looks like. Our people already have talent,",https://www.linkedin.com/feed/update/urn:li:activity:7500092576847470592/,https://www.linkedin.com/company/payhawk/posts/
Payhawk,11,2026-08-28,13,Link/Article,27,0,0,27,Finance has automated almost everything. Except the part that needs judgment.,https://www.linkedin.com/feed/update/urn:li:activity:7499049203302809600/,https://www.linkedin.com/company/payhawk/posts/
Payhawk,12,2026-08-20,21,Image,88,2,11,101,Corporate spend moves across payment types and markets. Fraud and AML,https://www.linkedin.com/feed/update/urn:li:activity:7496125289274601473/,https://www.linkedin.com/company/payhawk/posts/
Payhawk,13,2026-08-18,23,Video,373,10,14,397,Two weeks after the New York Stock Exchange celebrated our $100M ARR,https://www.linkedin.com/feed/update/urn:li:activity:7495449609708945408/,https://www.linkedin.com/company/payhawk/posts/
Payhawk,14,2026-08-18,23,Image,34,2,2,38,France's e-invoicing mandate goes live in 14 days. The most dangerous words,https://www.linkedin.com/feed/update/urn:li:activity:7495383490759303168/,https://www.linkedin.com/company/payhawk/posts/
Payhawk,15,2026-08-11,30,Multi-image,484,16,3,503,"Spent a few days in Stockholm and loved the city (and the coffee) so much, it",https://www.linkedin.com/feed/update/urn:li:activity:7492952224533278721/,https://www.linkedin.com/company/payhawk/posts/
Payhawk,16,2026-08-06,35,Video,170,4,7,181,We had a proper unbox therapy in the office. 400+ Payhawkers. 8 countries.,https://www.linkedin.com/feed/update/urn:li:activity:7491058429508218881/,https://www.linkedin.com/company/payhawk/posts/
Payhawk,17,2026-08-05,36,Video,61,0,2,63,"For finance leaders, the conversation is shifting from AI hype toward how to",https://www.linkedin.com/feed/update/urn:li:activity:7490670435018215425/,https://www.linkedin.com/company/payhawk/posts/
Payhawk,18,2026-08-04,37,Multi-image,279,4,14,297,Now that's a nice surprise! A trading floor takeover by the NYSE to mark us,https://www.linkedin.com/feed/update/urn:li:activity:7490391223183249408/,https://www.linkedin.com/company/payhawk/posts/
Payhawk,19,2026-08-03,38,Image,18,0,1,19,The Future CFO Talks - Amsterdam. The role of the CFO is changing faster,https://www.linkedin.com/feed/update/urn:li:activity:7489997820465188864/,https://www.linkedin.com/company/payhawk/posts/
Payhawk,20,2026-07-31,41,Link/Article,29,1,1,31,AI can take the task. It can't take the accountability. That line from,https://www.linkedin.com/feed/update/urn:li:activity:7488917034903396354/,https://www.linkedin.com/company/payhawk/posts/
Payhawk,21,2026-07-31,41,Video,54,3,3,60,1/5 of the Payhawk Marketing team merched up. Tsvetelina Mitreva Margarita,https://www.linkedin.com/feed/update/urn:li:activity:7488865364286701568/,https://www.linkedin.com/company/payhawk/posts/
Payhawk,22,2026-07-30,42,Video,135,4,5,144,"We must say, our name looks good on the screens of the London Stock Exchange.",https://www.linkedin.com/feed/update/urn:li:activity:7488594830038556672/,https://www.linkedin.com/company/payhawk/posts/
Payhawk,23,2026-07-30,42,Image,53,0,1,54,S integratsiyata ni sos SAP S/4HANA golemite kompanii mogat da minimizirat,https://www.linkedin.com/feed/update/urn:li:activity:7488473616205008897/,https://www.linkedin.com/company/payhawk/posts/
Payhawk,24,2026-07-24,48,Multi-image,84,2,2,88,"AI Fridays at Payhawk. Spent today building, brainstorming, and demoing",https://www.linkedin.com/feed/update/urn:li:activity:7486412116602699776/,https://www.linkedin.com/company/payhawk/posts/
Payhawk,25,2026-07-22,50,Video,81,5,15,101,More than one in five online card payments still have no invoice attached,https://www.linkedin.com/feed/update/urn:li:activity:7485586868676419584/,https://www.linkedin.com/company/payhawk/posts/
Payhawk,26,2026-07-17,55,Image,169,4,1,174,AI Friday with the girls. A really cool initiative Payhawk,https://www.linkedin.com/feed/update/urn:li:activity:7483849932936732673/,https://www.linkedin.com/company/payhawk/posts/
Payhawk,27,2026-07-16,56,Image,12,0,0,12,"At our Future CFO event in Barcelona, we stopped a handful of expert finance",https://www.linkedin.com/feed/update/urn:li:activity:7483455944098553856/,https://www.linkedin.com/company/payhawk/posts/
Payhawk,28,2026-07-09,63,Image,51,5,3,59,"A few weeks ago Ben Waite and I visited the Eagl team in Ghent, and left",https://www.linkedin.com/feed/update/urn:li:activity:7480997124982206465/,https://www.linkedin.com/company/payhawk/posts/
Payhawk,29,2026-07-08,64,Video,435,16,62,513,Crossing $100M in annual recurring revenue feels pretty great. But what feels,https://www.linkedin.com/feed/update/urn:li:activity:7480522282252013569/,https://www.linkedin.com/company/payhawk/posts/
Payhawk,30,2026-07-06,66,Video,71,7,0,78,Hundreds and hundreds of customers upgraded. Tens of millions in euros. No,https://www.linkedin.com/feed/update/urn:li:activity:7479823968305160192/,https://www.linkedin.com/company/payhawk/posts/
Payhawk,31,2026-07-06,66,Multi-image,103,2,1,106,Heading home from our teambuilding in Greece today. It was amazing to,https://www.linkedin.com/feed/update/urn:li:activity:7479795623421173760/,https://www.linkedin.com/company/payhawk/posts/
Payhawk,32,2026-07-02,70,Multi-image,77,0,0,77,"This week, we had the absolute pleasure of hosting a group of business and",https://www.linkedin.com/feed/update/urn:li:activity:7478380005870243840/,https://www.linkedin.com/company/payhawk/posts/
Payhawk,33,2026-07-01,71,Image,65,4,1,70,A few weeks ago I took the train to Ghent with Jochem van Overbeek to meet,https://www.linkedin.com/feed/update/urn:li:activity:7478078865731653632/,https://www.linkedin.com/company/payhawk/posts/
Payhawk,34,2026-07-01,71,Multi-image,79,6,2,87,Munich just hosted the latest stop on The Future CFO Talks. Finance,https://www.linkedin.com/feed/update/urn:li:activity:7478041895051550720/,https://www.linkedin.com/company/payhawk/posts/
Payhawk,35,2026-06-30,72,Video,76,1,2,79,"A year ago, Grigor was forced off Wimbledon with a heartbreaking injury. So",https://www.linkedin.com/feed/update/urn:li:activity:7477805310603341824/,https://www.linkedin.com/company/payhawk/posts/
Payhawk,36,2026-06-30,72,Link/Article,17,0,1,18,71% of AI investments in finance aren't delivering meaningful impact. Buying,https://www.linkedin.com/feed/update/urn:li:activity:7477618658836385792/,https://www.linkedin.com/company/payhawk/posts/
Payhawk,37,2026-06-25,77,Multi-image,88,0,1,89,This June we had the absolute privilege to host a group of business and,https://www.linkedin.com/feed/update/urn:li:activity:7475820280800677889/,https://www.linkedin.com/company/payhawk/posts/
Payhawk,38,2026-06-24,78,Image,71,1,2,74,Stop being the travel police. We're excited to be at the Business Travel,https://www.linkedin.com/feed/update/urn:li:activity:7475495314477486080/,https://www.linkedin.com/company/payhawk/posts/
Payhawk,39,2026-06-24,78,Video,21,0,2,23,If you think the problem with business travel is getting employees to follow,https://www.linkedin.com/feed/update/urn:li:activity:7475457882591883264/,https://www.linkedin.com/company/payhawk/posts/
Payhawk,40,2026-06-23,79,Image,54,4,3,61,Finance teams lose about three days a month reconciling travel expenses. Not,https://www.linkedin.com/feed/update/urn:li:activity:7475126694325174272/,https://www.linkedin.com/company/payhawk/posts/
Payhawk,41,2026-06-23,79,Video,23,0,0,23,Even the most advanced finance teams get slowed down by payment handoffs -,https://www.linkedin.com/feed/update/urn:li:activity:7475095393698140160/,https://www.linkedin.com/company/payhawk/posts/
Payhawk,42,2026-06-22,80,Carousel,23,1,0,24,Trip changes are where managed travel usually falls apart. The traveller,https://www.linkedin.com/feed/update/urn:li:activity:7474802033263501312/,https://www.linkedin.com/company/payhawk/posts/
Payhawk,43,2026-06-19,83,Video,34,1,1,36,"On 1 September, a PDF stops counting as a legal B2B invoice in France.",https://www.linkedin.com/feed/update/urn:li:activity:7473705495371952129/,https://www.linkedin.com/company/payhawk/posts/
Payhawk,44,2026-06-18,84,Image,47,1,1,49,"If you're shopping for a travel tool right now, skip the booking demo. Ask",https://www.linkedin.com/feed/update/urn:li:activity:7473312967724445696/,https://www.linkedin.com/company/payhawk/posts/
Payhawk,45,2026-06-17,85,Video,69,1,1,71,Finance teams have plenty of tools... The problem? They don't talk to each,https://www.linkedin.com/feed/update/urn:li:activity:7472967844717223936/,https://www.linkedin.com/company/payhawk/posts/
Payhawk,46,2026-06-15,87,Multi-image,134,4,1,139,What do a Formula 1 team and a modern CFO have in common? Flawless,https://www.linkedin.com/feed/update/urn:li:activity:7472301079611805697/,https://www.linkedin.com/company/payhawk/posts/
Payhawk,47,2026-06-11,91,Video,94,10,8,112,"The Summer '26 Edition is live, and it's our biggest release yet. And",https://www.linkedin.com/feed/update/urn:li:activity:7470749304081588224/,https://www.linkedin.com/company/payhawk/posts/
Payhawk,48,2026-06-09,93,Image,44,0,1,45,A travel manager showed me her calendar last week. Whole mornings blocked,https://www.linkedin.com/feed/update/urn:li:activity:7470044370520440832/,https://www.linkedin.com/company/payhawk/posts/
Payhawk,49,2026-06-05,97,Carousel,110,8,14,132,What makes a Payhawk Unicorn? It's not a job title. It's not seniority. It's,https://www.linkedin.com/feed/update/urn:li:activity:7468624304692244480/,https://www.linkedin.com/company/payhawk/posts/
Payhawk,50,2026-06-03,99,Image,155,4,2,161,"If you're a finance team in France dealing with e-invoicing compliance, we've",https://www.linkedin.com/feed/update/urn:li:activity:7467914375815749632/,https://www.linkedin.com/company/payhawk/posts/
Rydoo,1,2026-09-10,0,Text,2,0,0,2,"""The software that matters over the next few years will be the one that shows",https://www.linkedin.com/feed/update/urn:li:activity:7503739241881980928/,https://www.linkedin.com/company/rydoo/posts/
Rydoo,2,2026-09-09,1,Multi-image,61,3,1,65,"""How do you eat an elephant? One bite at a time"". Thanks Goran Fustin for",https://www.linkedin.com/feed/update/urn:li:activity:7503426501648777216/,https://www.linkedin.com/company/rydoo/posts/
Rydoo,3,2026-09-09,1,Image,15,4,3,22,Do you know which of your European entities are already in scope for,https://www.linkedin.com/feed/update/urn:li:activity:7503420789069852674/,https://www.linkedin.com/company/rydoo/posts/
Rydoo,4,2026-09-08,2,Multi-image,18,1,0,19,Don't you just love events when the conversations are more honest than you,https://www.linkedin.com/feed/update/urn:li:activity:7503079619747647489/,https://www.linkedin.com/company/rydoo/posts/
Rydoo,5,2026-09-08,2,Video,38,0,2,40,"There are thousands of tools out there: travel platforms, HR systems, ERPs,",https://www.linkedin.com/feed/update/urn:li:activity:7503014417446498304/,https://www.linkedin.com/company/rydoo/posts/
Rydoo,6,2026-09-03,7,Video,78,9,3,90,"For 15 years, the entire job of a SaaS company was to get people to come to",https://www.linkedin.com/feed/update/urn:li:activity:7501226069241516033/,https://www.linkedin.com/company/rydoo/posts/
Rydoo,7,2026-09-03,7,Video,99,19,26,144,Introducing the Rydoo MCP. All you have to do is ask. It connects Rydoo to,https://www.linkedin.com/feed/update/urn:li:activity:7501198758701977600/,https://www.linkedin.com/company/rydoo/posts/
Rydoo,8,2026-09-01,9,Carousel,15,2,1,18,Performance = Potential - Interference. Most finance leaders have spent years,https://www.linkedin.com/feed/update/urn:li:activity:7500499724618129408/,https://www.linkedin.com/company/rydoo/posts/
Rydoo,9,2026-08-27,14,Link/Article,35,4,3,42,Three months ago we gave everyone at Rydoo a judo belt. Not a real one. A,https://www.linkedin.com/feed/update/urn:li:activity:7498720151169564673/,https://www.linkedin.com/company/rydoo/posts/
Rydoo,10,2026-08-27,14,Video,34,0,5,39,Around 14% of company expenses are non-compliant. Some of them on purpose.,https://www.linkedin.com/feed/update/urn:li:activity:7498691021036343296/,https://www.linkedin.com/company/rydoo/posts/
Rydoo,11,2026-08-26,15,Image,19,0,0,19,"""You rarely do just finance, especially if you're in a leadership role.""",https://www.linkedin.com/feed/update/urn:li:activity:7498334969161838592/,https://www.linkedin.com/company/rydoo/posts/
Rydoo,12,2026-08-24,17,Link/Article,19,1,5,25,"According to Gallup, roughly half of remote-capable employees work hybrid.",https://www.linkedin.com/feed/update/urn:li:activity:7497563650191302656/,https://www.linkedin.com/company/rydoo/posts/
Rydoo,13,2026-08-21,20,Text,8,1,0,9,Browsing new roles on this lovely Friday afternoon? Look no further. Senior,https://www.linkedin.com/feed/update/urn:li:activity:7496542337419100160/,https://www.linkedin.com/company/rydoo/posts/
Rydoo,14,2026-08-21,20,Text,9,0,0,9,What happens when AI invoice automation meets deep financial expertise?,https://www.linkedin.com/feed/update/urn:li:activity:7496503508494368768/,https://www.linkedin.com/company/rydoo/posts/
Rydoo,15,2026-08-21,20,Image,56,4,11,71,En riktigt spännande nyhet från oss på Project Software! Vi är glada att,https://www.linkedin.com/feed/update/urn:li:activity:7496460293288628225/,https://www.linkedin.com/company/rydoo/posts/
Rydoo,16,2026-08-19,22,Image,65,1,5,71,"Looking for your next adventure in fintech? We're Rydoo Semine, a global",https://www.linkedin.com/feed/update/urn:li:activity:7495798125907955712/,https://www.linkedin.com/company/rydoo/posts/
Rydoo,17,2026-08-19,22,Video,28,2,0,30,"A few months ago, we gave everyone at Rydoo a virtual judo belt to reflect",https://www.linkedin.com/feed/update/urn:li:activity:7495786651487477762/,https://www.linkedin.com/company/rydoo/posts/
Rydoo,18,2026-08-18,23,Video,74,10,2,86,Back in 2018 I moved out of big corps into the world of scale-ups. I started,https://www.linkedin.com/feed/update/urn:li:activity:7495533698377883648/,https://www.linkedin.com/company/rydoo/posts/
Rydoo,19,2026-08-17,24,Text,12,0,0,12,We're pleased to welcome InIt4U as a partner. InIt4U brings deep expertise,https://www.linkedin.com/feed/update/urn:li:activity:7495036751049039872/,https://www.linkedin.com/company/rydoo/posts/
Rydoo,20,2026-08-14,27,Link/Article,19,0,2,21,"Two years ago, Rahma Elsaid applied for a student job with no real",https://www.linkedin.com/feed/update/urn:li:activity:7493991960857370624/,https://www.linkedin.com/company/rydoo/posts/
Rydoo,21,2026-08-13,28,Carousel,16,1,1,18,"Last week, we talked about the problem. This week, we're showing you what it",https://www.linkedin.com/feed/update/urn:li:activity:7493669321597169665/,https://www.linkedin.com/company/rydoo/posts/
Rydoo,22,2026-08-13,28,Link/Article,31,7,4,42,InIT4U inngår partnerskap med Semine. Vi er stolte av å kunngjøre en,https://www.linkedin.com/feed/update/urn:li:activity:7493625721853026304/,https://www.linkedin.com/company/rydoo/posts/
Rydoo,23,2026-08-12,29,Video,20,0,1,21,The finance leader who only does finance is already behind. Aidana,https://www.linkedin.com/feed/update/urn:li:activity:7493266256431652864/,https://www.linkedin.com/company/rydoo/posts/
Rydoo,24,2026-08-10,31,Event,21,4,5,30,"Ein doppelter Beleg, Alkohol auf der Rechnung oder ein KI-generiertes Foto,",https://www.linkedin.com/feed/update/urn:li:activity:7492565003267473408/,https://www.linkedin.com/company/rydoo/posts/
Rydoo,25,2026-08-10,31,Multi-image,70,0,0,70,"That's GBTA Chicago done, and we have the crowd-sourced expense stories to",https://www.linkedin.com/feed/update/urn:li:activity:7492520687400579073/,https://www.linkedin.com/company/rydoo/posts/
Rydoo,26,2026-08-07,34,Carousel,39,3,2,44,"Back in the day, it was all snacks over Slacks. It's Friday, let's have some",https://www.linkedin.com/feed/update/urn:li:activity:7491410311644626945/,https://www.linkedin.com/company/rydoo/posts/
Rydoo,27,2026-08-06,35,Carousel,18,2,1,21,"Somewhere in your company, someone has just put an AI subscription on a",https://www.linkedin.com/feed/update/urn:li:activity:7491068019222401024/,https://www.linkedin.com/company/rydoo/posts/
Rydoo,28,2026-08-05,36,Image,65,8,24,97,Anyone can write a nice line about their own product. Only your customers can,https://www.linkedin.com/feed/update/urn:li:activity:7490693099980148737/,https://www.linkedin.com/company/rydoo/posts/
Rydoo,29,2026-08-04,37,Video,21,2,1,24,"""If my daughter can build an app in a day, why do we need six-month",https://www.linkedin.com/feed/update/urn:li:activity:7490363634489962496/,https://www.linkedin.com/company/rydoo/posts/
Rydoo,30,2026-08-03,38,Image,41,3,1,45,"Two weeks ago, five Rydoo teammates and I stood in front of a crowd at",https://www.linkedin.com/feed/update/urn:li:activity:7489959208906551296/,https://www.linkedin.com/company/rydoo/posts/
Rydoo,31,2026-08-03,38,Video,22,0,1,23,"OUT NOW: Aidana Zhakupbekova, Chief Operational & Financial Officer (COFO)",https://www.linkedin.com/feed/update/urn:li:activity:7489959109270646785/,https://www.linkedin.com/company/rydoo/posts/
Rydoo,32,2026-07-30,42,Image,57,5,0,62,What happens when you give a cross-functional team a real problem and 24,https://www.linkedin.com/feed/update/urn:li:activity:7488526323947311104/,https://www.linkedin.com/company/rydoo/posts/
Rydoo,33,2026-07-27,45,Image,32,1,2,35,"Chicago, we're coming for you next week! The Rydoo team, Justin Blake, Julien",https://www.linkedin.com/feed/update/urn:li:activity:7487424061808021505/,https://www.linkedin.com/company/rydoo/posts/
Rydoo,34,2026-07-23,49,Link/Article,9,0,0,9,"When cloud first showed up, costs were unpredictable and nobody knew how to",https://www.linkedin.com/feed/update/urn:li:activity:7485989611102572544/,https://www.linkedin.com/company/rydoo/posts/
Rydoo,35,2026-07-20,52,Link/Article,24,0,1,25,Are we AI native? Perhaps not yet. Are we on the way? Most definitely. 18,https://www.linkedin.com/feed/update/urn:li:activity:7484947744843866112/,https://www.linkedin.com/company/rydoo/posts/
Rydoo,36,2026-07-17,55,Text,6,1,1,8,"When you have 37 nationalities across your org, embedding cultural fluency is",https://www.linkedin.com/feed/update/urn:li:activity:7483792641306898432/,https://www.linkedin.com/company/rydoo/posts/
Rydoo,37,2026-07-16,56,Video,29,3,1,33,What's the one thing every finance leader talks about at a finance event?,https://www.linkedin.com/feed/update/urn:li:activity:7483490629503750146/,https://www.linkedin.com/company/rydoo/posts/
Rydoo,38,2026-07-15,57,Carousel,37,1,8,46,We just closed the biggest gap in our enterprise story: SAP. Rydoo now has,https://www.linkedin.com/feed/update/urn:li:activity:7483128271509958656/,https://www.linkedin.com/company/rydoo/posts/
Rydoo,39,2026-07-14,58,Image,29,1,2,32,Global growth. Local compliance. One partnership. We're teaming up with,https://www.linkedin.com/feed/update/urn:li:activity:7482705725991989248/,https://www.linkedin.com/company/rydoo/posts/
Rydoo,40,2026-07-13,59,Text,34,3,0,37,"Go Rydoo team! What an amazing achievement - winning the best, most complete",https://www.linkedin.com/feed/update/urn:li:activity:7482357400474267648/,https://www.linkedin.com/company/rydoo/posts/
Rydoo,41,2026-07-10,62,Multi-image,94,11,3,108,Rydoo just won the Grand Prix at the Eurazeo AI Hackathon! Over 24 hours at,https://www.linkedin.com/feed/update/urn:li:activity:7481418340209602563/,https://www.linkedin.com/company/rydoo/posts/
Rydoo,42,2026-07-09,63,Multi-image,50,3,2,55,"As we head into the final sessions of the day, we're tackling one of",https://www.linkedin.com/feed/update/urn:li:activity:7480936195036954625/,https://www.linkedin.com/company/rydoo/posts/
Rydoo,43,2026-07-08,64,Multi-image,40,2,1,43,The real conversations finance leaders are having right now? It's all at,https://www.linkedin.com/feed/update/urn:li:activity:7480638031570440194/,https://www.linkedin.com/company/rydoo/posts/
Rydoo,44,2026-07-07,65,Carousel,25,1,2,28,We're proud to welcome Platinum Services Europe as a Rydoo channel partner.,https://www.linkedin.com/feed/update/urn:li:activity:7480176323420729344/,https://www.linkedin.com/company/rydoo/posts/
Rydoo,45,2026-07-02,70,Carousel,12,1,2,15,When was the last time you actually audited your finance tool stack? There,https://www.linkedin.com/feed/update/urn:li:activity:7478425689180934147/,https://www.linkedin.com/company/rydoo/posts/
Rydoo,46,2026-06-30,72,Image,13,0,0,13,57% of employees actively hide their AI use at work. That doesn't mean using,https://www.linkedin.com/feed/update/urn:li:activity:7477639611297546241/,https://www.linkedin.com/company/rydoo/posts/
Rydoo,47,2026-06-29,73,Image,22,2,10,34,I delivered a 60-minute webinar on 'CULTURAL FLUENCY 101' with the lovely,https://www.linkedin.com/feed/update/urn:li:activity:7477382825499996160/,https://www.linkedin.com/company/rydoo/posts/
Rydoo,48,2026-06-26,76,Multi-image,51,0,0,51,That's a wrap on two days at the Business Travel Show Europe and the ExCeL,https://www.linkedin.com/feed/update/urn:li:activity:7476290419207823360/,https://www.linkedin.com/company/rydoo/posts/
Rydoo,49,2026-06-26,76,Image,54,2,4,60,"At Rydoo, our ambition is to lead the AI-transformation. We want to work",https://www.linkedin.com/feed/update/urn:li:activity:7476279606405222400/,https://www.linkedin.com/company/rydoo/posts/
Rydoo,50,2026-06-25,77,Multi-image,38,1,1,40,Great conversations at the World Finance Forum in the Beurs van Berlage,https://www.linkedin.com/feed/update/urn:li:activity:7475928852628795392/,https://www.linkedin.com/company/rydoo/posts/
Expensify,1,2026-09-10,0,Image,0,0,0,0,Starting from scratch every time you set an agent rule? Not anymore. Choose,https://www.linkedin.com/feed/update/urn:li:activity:7503766069862543362/,https://www.linkedin.com/company/expensify/posts/
Expensify,2,2026-09-09,1,Link/Article,11,0,1,12,This one small (but difficult) habit change of clearly communicating the,https://www.linkedin.com/feed/update/urn:li:activity:7503492390910017536/,https://www.linkedin.com/company/expensify/posts/
Expensify,3,2026-09-08,2,Image,7,0,1,8,Company card expenses landing in the wrong vendor record in QuickBooks?,https://www.linkedin.com/feed/update/urn:li:activity:7503027110941192192/,https://www.linkedin.com/company/expensify/posts/
Expensify,4,2026-09-01,9,Image,38,0,0,38,"New integration just dropped: Rillet. Every expense, corporate card swipe,",https://www.linkedin.com/feed/update/urn:li:activity:7500568363891568641/,https://www.linkedin.com/company/expensify/posts/
Expensify,5,2026-08-28,13,Image,21,6,1,28,Traditional UI the gateway to AI. Getting our custom agent layer working was,https://www.linkedin.com/feed/update/urn:li:activity:7499143720588455936/,https://www.linkedin.com/company/expensify/posts/
Expensify,6,2026-08-27,14,Image,7,0,2,9,"We're hitting the road with Advisory Amplified next month! 6 cities, 100 firm",https://www.linkedin.com/feed/update/urn:li:activity:7498756286994636800/,https://www.linkedin.com/company/expensify/posts/
Expensify,7,2026-08-25,16,Video,4,0,0,4,Did you know The Expensify Visa Commercial Card is now available in the UK,https://www.linkedin.com/feed/update/urn:li:activity:7498046548422004736/,https://www.linkedin.com/company/expensify/posts/
Expensify,8,2026-08-24,17,Text,27,24,1,52,Building AI systems is like climbing a mountain in the fog. It's really,https://www.linkedin.com/feed/update/urn:li:activity:7497690181462917120/,https://www.linkedin.com/company/expensify/posts/
Expensify,9,2026-08-13,28,Link/Article,14,0,2,16,"When your finance dept saves 150 hours a month, you've got time for the",https://www.linkedin.com/feed/update/urn:li:activity:7493686423254908928/,https://www.linkedin.com/company/expensify/posts/
Expensify,10,2026-08-11,30,Image,1,0,0,1,"Your people data, connected in a couple clicks. Workday, HiBob, BambooHR, and",https://www.linkedin.com/feed/update/urn:li:activity:7492973126931271680/,https://www.linkedin.com/company/expensify/posts/
Expensify,11,2026-08-06,35,Image,2,0,0,2,"Not every admin needs the keys to everything. New scoped roles for people,",https://www.linkedin.com/feed/update/urn:li:activity:7491161182901305344/,https://www.linkedin.com/company/expensify/posts/
Expensify,12,2026-08-04,37,Image,2,0,0,2,"Rigid rule-builders are out. Tell an AI agent what you want in plain English,",https://www.linkedin.com/feed/update/urn:li:activity:7490421337606225920/,https://www.linkedin.com/company/expensify/posts/
Expensify,13,2026-07-30,42,Carousel,3,0,0,3,"July product update just dropped! This month is hotter than ever, with",https://www.linkedin.com/feed/update/urn:li:activity:7488624499735592960/,https://www.linkedin.com/company/expensify/posts/
Expensify,14,2026-07-24,48,Video,3,0,0,3,"Stop digging through spreadsheets for answers. Ask Concierge instead, and go",https://www.linkedin.com/feed/update/urn:li:activity:7486476036474429441/,https://www.linkedin.com/company/expensify/posts/
Expensify,15,2026-07-24,48,Text,4,0,0,4,"Join our upcoming webinar on July 30th from 9-10 am PT, co-hosted by AI",https://www.linkedin.com/feed/update/urn:li:activity:7486443741948358656/,https://www.linkedin.com/company/expensify/posts/
Expensify,16,2026-07-24,48,Link/Article,83,13,1,97,Claude and Microsoft are moving to consumption-based billing. If your team,https://www.linkedin.com/feed/update/urn:li:activity:7486344465947795456/,https://www.linkedin.com/company/expensify/posts/
Expensify,17,2026-07-23,49,Video,32,0,9,41,The Expensify Visa Commercial Card is now available in the UK and EU! Issue,https://www.linkedin.com/feed/update/urn:li:activity:7486069534412529664/,https://www.linkedin.com/company/expensify/posts/
Expensify,18,2026-07-20,52,Image,7,0,2,9,"Stop out-of-policy spend before it happens. With the Expensify Card, admins",https://www.linkedin.com/feed/update/urn:li:activity:7485000604159778816/,https://www.linkedin.com/company/expensify/posts/
Expensify,19,2026-07-16,56,Image,4,0,1,5,"Your expense data, now in whatever AI tool you already use. Connect Expensify",https://www.linkedin.com/feed/update/urn:li:activity:7483520933178036224/,https://www.linkedin.com/company/expensify/posts/
Expensify,20,2026-07-14,58,Image,5,0,0,5,Last chance to register! This Thursday July 16 at 1PM CT we're showing how,https://www.linkedin.com/feed/update/urn:li:activity:7482781075367460865/,https://www.linkedin.com/company/expensify/posts/
Expensify,21,2026-07-09,63,Image,3,0,1,4,"Concierge just picked up new skills. Ask it to manage expense rules, submit",https://www.linkedin.com/feed/update/urn:li:activity:7480984146421497856/,https://www.linkedin.com/company/expensify/posts/
Expensify,22,2026-07-08,64,Text,10,0,1,11,Our team is on the ground at Xerocon London today! Drop by stand E33 to say,https://www.linkedin.com/feed/update/urn:li:activity:7480551690019098626/,https://www.linkedin.com/company/expensify/posts/
Expensify,23,2026-07-08,64,Video,7,0,2,9,"Come and talk to me about AI finance teams, spend management and the UK and",https://www.linkedin.com/feed/update/urn:li:activity:7480546416654950401/,https://www.linkedin.com/company/expensify/posts/
Expensify,24,2026-07-07,65,Carousel,6,0,1,7,"Our latest product update puts AI to work on your expenses. Ask ChatGPT,",https://www.linkedin.com/feed/update/urn:li:activity:7480309856378322945/,https://www.linkedin.com/company/expensify/posts/
Expensify,25,2026-07-06,66,Image,6,0,4,10,Our Bring Your Own Cards (BYOC) program brings modern spend management to,https://www.linkedin.com/feed/update/urn:li:activity:7479938153135386624/,https://www.linkedin.com/company/expensify/posts/
Expensify,26,2026-07-01,71,Link/Article,46,3,2,51,"Most ""AI expense management"" is just rules and alerts with a shiny wrapper.",https://www.linkedin.com/feed/update/urn:li:activity:7478070016916217856/,https://www.linkedin.com/company/expensify/posts/
Expensify,27,2026-06-23,79,Image,4,0,0,4,Our partners the Brooklyn Nets are making moves tonight with pick #6 in,https://www.linkedin.com/feed/update/urn:li:activity:7475294350839689218/,https://www.linkedin.com/company/expensify/posts/
Expensify,28,2026-06-22,80,Image,9,0,3,12,Getting modern spend controls shouldn't mean rebuilding your card program.,https://www.linkedin.com/feed/update/urn:li:activity:7474839367606501377/,https://www.linkedin.com/company/expensify/posts/
Expensify,29,2026-06-14,88,Image,8,0,1,9,We're heading to Scaling New Heights June 14-17 in Orlando. Expensify CEO,https://www.linkedin.com/feed/update/urn:li:activity:7471847295878262784/,https://www.linkedin.com/company/expensify/posts/
Expensify,30,2026-06-09,93,Image,15,2,1,18,"Starting today, connect ChatGPT, Claude, Cursor, and more to Expensify to get",https://www.linkedin.com/feed/update/urn:li:activity:7470161674499432450/,https://www.linkedin.com/company/expensify/posts/
Expensify,31,2026-06-04,98,Text,2,1,1,4,We're excited to join the lineup of partners at this year's Advisory,https://www.linkedin.com/feed/update/urn:li:activity:7468340369877872640/,https://www.linkedin.com/company/expensify/posts/
Expensify,32,2026-06-03,99,Video,7,1,2,10,"""Accountants like to see the other lemmings go over the cliff first."" Hard",https://www.linkedin.com/feed/update/urn:li:activity:7468036703186829313/,https://www.linkedin.com/company/expensify/posts/
Expensify,33,2026-06-02,100,Image,4,1,1,6,Lost your Expensify Card or spotted something off? Freeze it instantly,https://www.linkedin.com/feed/update/urn:li:activity:7467577265762172930/,https://www.linkedin.com/company/expensify/posts/
Expensify,34,2026-05-29,104,Image,9,1,2,12,"A warm welcome to Expensify, a Partner Sponsor of Scaling New Heights 2026.",https://www.linkedin.com/feed/update/urn:li:activity:7466251481827057664/,https://www.linkedin.com/company/expensify/posts/
Expensify,35,2026-05-28,105,Image,7,2,0,9,"Your expense policy should be easy to find, not buried in an email thread.",https://www.linkedin.com/feed/update/urn:li:activity:7465776090536509440/,https://www.linkedin.com/company/expensify/posts/
Expensify,36,2026-05-21,112,Video,12,1,7,20,Leaving money on the table? Not anymore. We've partnered with VAT IT to,https://www.linkedin.com/feed/update/urn:li:activity:7463230606273859584/,https://www.linkedin.com/company/expensify/posts/
Expensify,37,2026-05-21,112,Link/Article,5,0,1,6,This month's product update is live! Whether you're an admin trying to keep,https://www.linkedin.com/feed/update/urn:li:activity:7463215790671159297/,https://www.linkedin.com/company/expensify/posts/
Expensify,38,2026-05-19,114,Image,6,1,1,8,"Using your personal card for work expenses has its perks: the points, the",https://www.linkedin.com/feed/update/urn:li:activity:7462580328247943171/,https://www.linkedin.com/company/expensify/posts/
Expensify,39,2026-05-19,114,Image,14,0,3,17,Paying your global team shouldn't be hard. Neither should expensing what it,https://www.linkedin.com/feed/update/urn:li:activity:7462517019502895104/,https://www.linkedin.com/company/expensify/posts/
Expensify,40,2026-05-13,120,Image,8,4,1,13,"Odometer tracking is live! Just enter your start and stop mileage, and",https://www.linkedin.com/feed/update/urn:li:activity:7460316763151347712/,https://www.linkedin.com/company/expensify/posts/
Expensify,41,2026-05-12,121,Text,7,0,0,7,"As a proud partner of Kiwibank, we couldn't let you miss this... If you're",https://www.linkedin.com/feed/update/urn:li:activity:7460056231798353920/,https://www.linkedin.com/company/expensify/posts/
Expensify,42,2026-05-11,122,Link/Article,43,7,14,64,"Running a business means juggling a lot - time, cash flow, and constant",https://www.linkedin.com/feed/update/urn:li:activity:7459693841131077632/,https://www.linkedin.com/company/expensify/posts/
Expensify,43,2026-05-07,126,Image,30,4,6,40,"Expensify has been named ""Expense Management Platform of the Year"" in the",https://www.linkedin.com/feed/update/urn:li:activity:7458122976748584960/,https://www.linkedin.com/company/expensify/posts/
Expensify,44,2026-05-06,127,Image,5,0,1,6,"One card feed, every workspace. Admins can now share a single company card",https://www.linkedin.com/feed/update/urn:li:activity:7457791423304847360/,https://www.linkedin.com/company/expensify/posts/
Expensify,45,2026-04-29,134,Image,38,1,1,40,Big thanks to the Institute of Commercial Payments for hosting us in,https://www.linkedin.com/feed/update/urn:li:activity:7455287300797681682/,https://www.linkedin.com/company/expensify/posts/
Expensify,46,2026-04-28,135,Video,8,1,2,11,We're heading to #SageFuture this week! Stop by booth 312 to learn more about,https://www.linkedin.com/feed/update/urn:li:activity:7454951118700445697/,https://www.linkedin.com/company/expensify/posts/
Expensify,47,2026-04-21,142,Image,4,0,1,5,Big news: Expensify is now a Year-Round Partner Sponsor of the Institute of,https://www.linkedin.com/feed/update/urn:li:activity:7452472811824037889/,https://www.linkedin.com/company/expensify/posts/
Expensify,48,2026-04-16,147,Link/Article,12,0,0,12,This month's product update is all about giving you more control. From,https://www.linkedin.com/feed/update/urn:li:activity:7450464238873169920/,https://www.linkedin.com/company/expensify/posts/
Expensify,49,2026-04-15,148,Text,7,0,0,7,See you in June!,https://www.linkedin.com/feed/update/urn:li:activity:7450292324904984576/,https://www.linkedin.com/company/expensify/posts/
Expensify,50,2026-04-15,148,Image,7,0,1,8,We are pleased to welcome Expensify as a Partner Sponsor at Scaling New,https://www.linkedin.com/feed/update/urn:li:activity:7450249110869315584/,https://www.linkedin.com/company/expensify/posts/
Zoho Expense,1,2026-09-09,1,Video,85,0,26,111,What if? What if managing travel and expenses didn't have to mean managing,https://www.linkedin.com/feed/update/urn:li:activity:7503479046450626560/,https://www.linkedin.com/showcase/zoho-expense/posts/
Zoho Expense,2,2026-09-04,6,Video,43,0,9,52,"For too long, we've accepted that managing business travel and expenses means",https://www.linkedin.com/feed/update/urn:li:activity:7501610195345698816/,https://www.linkedin.com/showcase/zoho-expense/posts/
Zoho Expense,3,2026-09-01,9,Video,21,0,2,23,"What if? Some questions have answers. Some questions change the world. ""What",https://www.linkedin.com/feed/update/urn:li:activity:7500522960961609728/,https://www.linkedin.com/showcase/zoho-expense/posts/
Zoho Expense,4,2026-09-01,9,Link/Article,7,0,1,8,What's next for business travel? From fragmented systems and market,https://www.linkedin.com/feed/update/urn:li:activity:7500460468264853504/,https://www.linkedin.com/showcase/zoho-expense/posts/
Zoho Expense,5,2026-08-20,21,Link/Article,17,0,1,18,Managing expenses is now as simple as having a conversation. With Zoho Expense,https://www.linkedin.com/feed/update/urn:li:activity:7496144017055891456/,https://www.linkedin.com/showcase/zoho-expense/posts/
Zoho Expense,6,2026-08-07,34,Multi-image,112,2,6,120,"Thank you, GBTA Convention 2026! Over the past few days, we had the",https://www.linkedin.com/feed/update/urn:li:activity:7491345383621763072/,https://www.linkedin.com/showcase/zoho-expense/posts/
Zoho Expense,7,2026-07-30,42,Image,27,0,8,35,Meet us during GBTA Convention 2026 to see how Zoho Spend helps businesses,https://www.linkedin.com/feed/update/urn:li:activity:7488595860717703169/,https://www.linkedin.com/showcase/zoho-expense/posts/
Zoho Expense,8,2026-07-23,49,Link/Article,17,0,3,20,The IRS has updated its standard mileage rates for the second half of 2026.,https://www.linkedin.com/feed/update/urn:li:activity:7486042505126498306/,https://www.linkedin.com/showcase/zoho-expense/posts/
Zoho Expense,9,2026-07-08,64,Multi-image,54,0,2,56,"As we wrap up the 9th Annual CFO Africa: Where strategy meets intelligence,",https://www.linkedin.com/feed/update/urn:li:activity:7480599114913693696/,https://www.linkedin.com/showcase/zoho-expense/posts/
Zoho Expense,10,2026-07-07,65,Multi-image,50,1,4,55,"The final leg of the #ZohoFinanceWorkshop took us to Ahmedabad, Delhi, and",https://www.linkedin.com/feed/update/urn:li:activity:7480221582758465536/,https://www.linkedin.com/showcase/zoho-expense/posts/
Zoho Expense,11,2026-07-02,70,Video,119,0,10,129,"Your team is booking flights, taking clients to lunch, and paying for hotels",https://www.linkedin.com/feed/update/urn:li:activity:7478424804849500160/,https://www.linkedin.com/showcase/zoho-expense/posts/
Zoho Expense,12,2026-06-25,77,Link/Article,25,0,3,28,How confident are you that your travel expense process is HMRC-compliant? For,https://www.linkedin.com/feed/update/urn:li:activity:7475873116489961474/,https://www.linkedin.com/showcase/zoho-expense/posts/
Zoho Expense,13,2026-06-18,84,Image,17,0,0,17,Scaling globally requires operational efficiency at every level. As LogiNext,https://www.linkedin.com/feed/update/urn:li:activity:7473321128330178560/,https://www.linkedin.com/showcase/zoho-expense/posts/
Zoho Expense,14,2026-06-11,91,Link/Article,13,0,5,18,"In a world where uncertainty has become the norm, resilience is no longer",https://www.linkedin.com/feed/update/urn:li:activity:7470728626888601600/,https://www.linkedin.com/showcase/zoho-expense/posts/
Zoho Expense,15,2026-06-10,92,Multi-image,39,0,4,43,A big thank you to everyone who joined us in the first leg of the,https://www.linkedin.com/feed/update/urn:li:activity:7470439927818825728/,https://www.linkedin.com/showcase/zoho-expense/posts/
Zoho Expense,16,2026-06-03,99,Video,27,0,0,27,"Dan Perdue, President of Level Twelve, allocates every expense to the",https://www.linkedin.com/feed/update/urn:li:activity:7467885338326315008/,https://www.linkedin.com/showcase/zoho-expense/posts/
Zoho Expense,17,2026-05-21,112,Video,102,0,12,114,From a visionary keynote on CFOs becoming Value Architects to a 90-minute,https://www.linkedin.com/feed/update/urn:li:activity:7463193856218394624/,https://www.linkedin.com/showcase/zoho-expense/posts/
Zoho Expense,18,2026-05-19,114,Video,180,2,19,201,#NewEpisodeLoading To someone who says you need to leave India to build,https://www.linkedin.com/feed/update/urn:li:activity:7462454036491943936/,https://www.linkedin.com/showcase/zoho-expense/posts/
Zoho Expense,19,2026-05-19,114,Video,187,2,28,217,Zoho Expense is now MCP-ready. Expense submission and report approvals go,https://www.linkedin.com/feed/update/urn:li:activity:7462441949569073152/,https://www.linkedin.com/showcase/zoho-expense/posts/
Zoho Expense,20,2026-05-14,119,Multi-image,119,1,18,138,"Excited to share that Zoholics Events USA, 2026 was a special milestone for",https://www.linkedin.com/feed/update/urn:li:activity:7460743243685580800/,https://www.linkedin.com/showcase/zoho-expense/posts/
Zoho Expense,21,2026-05-14,119,Video,43,0,1,44,Capturing expenses is one thing. Turning them into reports every single week,https://www.linkedin.com/feed/update/urn:li:activity:7460675405935685632/,https://www.linkedin.com/showcase/zoho-expense/posts/
Zoho Expense,22,2026-05-12,121,Image,35,0,7,42,We are glad to announce that Forbes Advisor has named us the Best business,https://www.linkedin.com/feed/update/urn:li:activity:7459920339016499202/,https://www.linkedin.com/showcase/zoho-expense/posts/
Zoho Expense,23,2026-05-08,125,Video,24,1,1,26,Expense management becomes harder the moment the process stops scaling. For,https://www.linkedin.com/feed/update/urn:li:activity:7458494844869578752/,https://www.linkedin.com/showcase/zoho-expense/posts/
Zoho Expense,24,2026-05-07,126,Video,95,3,8,106,"Beyond technical expertise and financial acumen, today's CFOs are calling out",https://www.linkedin.com/feed/update/urn:li:activity:7458104693408546816/,https://www.linkedin.com/showcase/zoho-expense/posts/
Zoho Expense,25,2026-04-29,134,Video,41,2,5,48,Everyone talks about delays in expense approvals. But approvals don't slow,https://www.linkedin.com/feed/update/urn:li:activity:7455247050486493186/,https://www.linkedin.com/showcase/zoho-expense/posts/
Zoho Expense,26,2026-04-22,141,Image,32,0,9,41,Scaling finance operations in a fast-moving environment takes more than just,https://www.linkedin.com/feed/update/urn:li:activity:7452702753681977344/,https://www.linkedin.com/showcase/zoho-expense/posts/
Zoho Expense,27,2026-04-16,147,Link/Article,8,0,0,8,"Modern finance teams need real-time visibility, tighter controls, and faster",https://www.linkedin.com/feed/update/urn:li:activity:7450505781151551488/,https://www.linkedin.com/showcase/zoho-expense/posts/
Zoho Expense,28,2026-04-15,148,Image,41,0,5,46,Managing travel allowances shouldn't slow your finance team down. With the,https://www.linkedin.com/feed/update/urn:li:activity:7450173675556876288/,https://www.linkedin.com/showcase/zoho-expense/posts/
Zoho Expense,29,2026-04-09,154,Multi-image,131,1,3,135,Great conversations. Sharp insights. Real-world challenges. At WFF in,https://www.linkedin.com/feed/update/urn:li:activity:7447954031240454144/,https://www.linkedin.com/showcase/zoho-expense/posts/
Zoho Expense,30,2026-04-07,156,Link/Article,10,0,0,10,Business travel does not have to mean unpredictable spending. A well crafted,https://www.linkedin.com/feed/update/urn:li:activity:7447236737086533634/,https://www.linkedin.com/showcase/zoho-expense/posts/
Zoho Expense,31,2026-04-03,160,Video,157,2,4,163,"Petty cash is a scattered problem, spread across branches, teams, and",https://www.linkedin.com/feed/update/urn:li:activity:7445719332942151680/,https://www.linkedin.com/showcase/zoho-expense/posts/
Zoho Expense,32,2026-04-03,160,Video,22,0,1,23,"Behind every fast-growing brand is a series of bold decisions, sharp pivots,",https://www.linkedin.com/feed/update/urn:li:activity:7445704130561544192/,https://www.linkedin.com/showcase/zoho-expense/posts/
Zoho Expense,33,2026-04-01,162,Link/Article,11,0,0,11,Maximizing savings is not about cutting costs-it is about knowing where to,https://www.linkedin.com/feed/update/urn:li:activity:7445092706277756928/,https://www.linkedin.com/showcase/zoho-expense/posts/
Zoho Expense,34,2026-03-26,168,Link/Article,14,0,1,15,Business travel isn't just a cost-it's a growth lever. But without the right,https://www.linkedin.com/feed/update/urn:li:activity:7442899452903952384/,https://www.linkedin.com/showcase/zoho-expense/posts/
Zoho Expense,35,2026-03-25,169,Image,29,0,5,34,Still managing expenses manually? That's costing you more than you think.,https://www.linkedin.com/feed/update/urn:li:activity:7442563693336444928/,https://www.linkedin.com/showcase/zoho-expense/posts/
Zoho Expense,36,2026-03-19,175,Video,38,1,1,40,Mileage claims are still based on estimates. Employees guess the distance.,https://www.linkedin.com/feed/update/urn:li:activity:7440355143046529024/,https://www.linkedin.com/showcase/zoho-expense/posts/
Zoho Expense,37,2026-03-17,177,Link/Article,9,0,1,10,Nearly 2/3 of corporate travel spend is still unmanaged-leading to missed,https://www.linkedin.com/feed/update/urn:li:activity:7439626610678571008/,https://www.linkedin.com/showcase/zoho-expense/posts/
Zoho Expense,38,2026-03-13,181,Video,42,0,1,43,What happens when expense management stops being a manual headache? Less,https://www.linkedin.com/feed/update/urn:li:activity:7438177047937699840/,https://www.linkedin.com/showcase/zoho-expense/posts/
Zoho Expense,39,2026-03-11,183,Link/Article,22,1,4,27,What will define the CFO agenda in 2026? As finance functions rapidly,https://www.linkedin.com/feed/update/urn:li:activity:7437469509998858241/,https://www.linkedin.com/showcase/zoho-expense/posts/
Zoho Expense,40,2026-03-10,184,Link/Article,12,1,1,14,"For large companies, even a 1% reduction in costs can translate into millions",https://www.linkedin.com/feed/update/urn:li:activity:7437089898882551808/,https://www.linkedin.com/showcase/zoho-expense/posts/
Zoho Expense,41,2026-03-06,188,Video,67,0,7,74,Business travel isn't out of control. Your booking process is. When employees,https://www.linkedin.com/feed/update/urn:li:activity:7435648238000615424/,https://www.linkedin.com/showcase/zoho-expense/posts/
Zoho Expense,42,2026-03-04,190,Multi-image,43,0,6,49,We did it again. Thanks to the continued trust and support of our,https://www.linkedin.com/feed/update/urn:li:activity:7434908656225247232/,https://www.linkedin.com/showcase/zoho-expense/posts/
Zoho Expense,43,2026-03-03,191,Video,21,0,2,23,Manual expense tracking. Corrections. Month-end stress. As DataVisual grew,https://www.linkedin.com/feed/update/urn:li:activity:7434590915886792707/,https://www.linkedin.com/showcase/zoho-expense/posts/
Zoho Expense,44,2026-02-27,195,Video,24,1,6,31,"The role of the CFO has fundamentally evolved. Today, impact is measured not",https://www.linkedin.com/feed/update/urn:li:activity:7433116439726792704/,https://www.linkedin.com/showcase/zoho-expense/posts/
Zoho Expense,45,2026-02-24,198,Video,113,1,7,121,"The card is swiped today, the transaction shows up days later in the system,",https://www.linkedin.com/feed/update/urn:li:activity:7432061759101939712/,https://www.linkedin.com/showcase/zoho-expense/posts/
Zoho Expense,46,2026-02-20,202,Multi-image,212,0,5,217,Behind every well-run company is a payroll and HR system that never misses a,https://www.linkedin.com/feed/update/urn:li:activity:7430485974545203200/,https://www.linkedin.com/showcase/zoho-expense/posts/
Zoho Expense,47,2026-02-18,204,Link/Article,13,2,0,15,An effective travel program is not just about bookings and reimbursements -,https://www.linkedin.com/feed/update/urn:li:activity:7429842132833832960/,https://www.linkedin.com/showcase/zoho-expense/posts/
Zoho Expense,48,2026-02-10,212,Image,57,0,8,65,Expense approvals in 5 seconds. 98% workforce adoption. 8x ROI over 8 years,https://www.linkedin.com/feed/update/urn:li:activity:7426963232998731776/,https://www.linkedin.com/showcase/zoho-expense/posts/
Zoho Expense,49,2026-01-29,224,Multi-image,77,2,14,93,From insightful panels and thought leadership sessions to candid peer,https://www.linkedin.com/feed/update/urn:li:activity:7422654289405468672/,https://www.linkedin.com/showcase/zoho-expense/posts/
Zoho Expense,50,2026-01-23,230,Video,2118,51,334,2503,"Unveiling Zoho ERP, a cutting edge resource planning platform designed to",https://www.linkedin.com/feed/update/urn:li:activity:7420380730981040128/,https://www.linkedin.com/showcase/zoho-expense/posts/
DocuWare,1,2026-09-10,0,Link/Article,1,0,1,2,Confusion around different versions of a document and who has edited what,https://www.linkedin.com/feed/update/urn:li:activity:7503784465052368896/,https://www.linkedin.com/company/docuware-corporation/posts/
DocuWare,2,2026-09-09,1,Image,24,1,9,34,"Load tickets, field reports, delivery notes, and that's just the start.",https://www.linkedin.com/feed/update/urn:li:activity:7503469808001134592/,https://www.linkedin.com/company/docuware-corporation/posts/
DocuWare,3,2026-09-08,2,Image,35,0,3,38,Why can you trust DocuWare's AI? We've gone a step further than adding AI,https://www.linkedin.com/feed/update/urn:li:activity:7503106674333941760/,https://www.linkedin.com/company/docuware-corporation/posts/
DocuWare,4,2026-09-08,2,Link/Article,18,0,6,24,Mañana es el día! No te pierdas este webinar imprescindible si trabajas,https://www.linkedin.com/feed/update/urn:li:activity:7503013651579117568/,https://www.linkedin.com/company/docuware-corporation/posts/
DocuWare,5,2026-09-07,3,Image,25,0,11,36,The combined power of e-signatures and automated workflows is posed to,https://www.linkedin.com/feed/update/urn:li:activity:7502737701968715778/,https://www.linkedin.com/company/docuware-corporation/posts/
DocuWare,6,2026-09-04,6,Link/Article,13,1,4,18,Every AP team's nightmare is being unable to close a month because an invoice,https://www.linkedin.com/feed/update/urn:li:activity:7501610122075459584/,https://www.linkedin.com/company/docuware-corporation/posts/
DocuWare,7,2026-09-03,7,Image,34,0,11,45,Confusion around different versions of a document and who has edited what,https://www.linkedin.com/feed/update/urn:li:activity:7501274838217519104/,https://www.linkedin.com/company/docuware-corporation/posts/
DocuWare,8,2026-09-02,8,Image,22,0,8,30,"If you could hand off any part of your job, what would it be? Those",https://www.linkedin.com/feed/update/urn:li:activity:7500937592083951616/,https://www.linkedin.com/company/docuware-corporation/posts/
DocuWare,9,2026-09-01,9,Image,56,0,0,56,Sun is shining and so are our new colleagues at DocuWare! A warm welcome to,https://www.linkedin.com/feed/update/urn:li:activity:7500570617809768448/,https://www.linkedin.com/company/docuware-corporation/posts/
DocuWare,10,2026-08-31,10,Link/Article,7,0,2,9,"Tight margins, high compliance requirements, and rising customer demands are",https://www.linkedin.com/feed/update/urn:li:activity:7500160499293003776/,https://www.linkedin.com/company/docuware-corporation/posts/
DocuWare,11,2026-08-31,10,Image,16,0,0,16,Is your finance function ready for the digital invoice revolution? The UK's,https://www.linkedin.com/feed/update/urn:li:activity:7500130364879818752/,https://www.linkedin.com/company/docuware-corporation/posts/
DocuWare,12,2026-08-30,11,Carousel,8,1,0,9,Are you passionate about technology and ready to help businesses go digital?,https://www.linkedin.com/feed/update/urn:li:activity:7499744026711998464/,https://www.linkedin.com/company/docuware-corporation/posts/
DocuWare,13,2026-08-29,12,Multi-image,11,0,1,12,"Our Beacon, NY office recently came together for a school supply drive in",https://www.linkedin.com/feed/update/urn:li:activity:7499440740222033920/,https://www.linkedin.com/company/docuware-corporation/posts/
DocuWare,14,2026-08-28,13,Text,4,0,0,4,(no text),https://www.linkedin.com/feed/update/urn:li:activity:7499175349629411328/,https://www.linkedin.com/company/docuware-corporation/posts/
DocuWare,15,2026-08-27,14,Link/Article,36,2,1,39,Great recruiting doesn't end with the offer letter - here is what we have,https://www.linkedin.com/feed/update/urn:li:activity:7498727971331960832/,https://www.linkedin.com/company/docuware-corporation/posts/
DocuWare,16,2026-08-27,14,Link/Article,31,0,5,36,There's a key difference between document and records management. Records,https://www.linkedin.com/feed/update/urn:li:activity:7498710987777236993/,https://www.linkedin.com/company/docuware-corporation/posts/
DocuWare,17,2026-08-27,14,Link/Article,9,0,4,13,Static documents are an often unnoticed drain on a business. Leaders are,https://www.linkedin.com/feed/update/urn:li:activity:7498710962137477120/,https://www.linkedin.com/company/docuware-corporation/posts/
DocuWare,18,2026-08-25,16,Image,51,1,20,72,"In the age of ChatGPT, do organziations still need dedicated document",https://www.linkedin.com/feed/update/urn:li:activity:7497998477222760449/,https://www.linkedin.com/company/docuware-corporation/posts/
DocuWare,19,2026-08-24,17,Image,61,1,9,71,One of the most useful things AI can do is free people from soul-draining,https://www.linkedin.com/feed/update/urn:li:activity:7497680384617246720/,https://www.linkedin.com/company/docuware-corporation/posts/
DocuWare,20,2026-08-24,17,Multi-image,28,1,1,30,From Japan to the stunning alps and the beaches of Zanzibar - our DocuWare,https://www.linkedin.com/feed/update/urn:li:activity:7497662798106292224/,https://www.linkedin.com/company/docuware-corporation/posts/
DocuWare,21,2026-08-21,20,Image,14,1,5,20,Managing your documents manually and held in many places can work for a time.,https://www.linkedin.com/feed/update/urn:li:activity:7496585269190778880/,https://www.linkedin.com/company/docuware-corporation/posts/
DocuWare,22,2026-08-20,21,Image,22,1,3,26,"""Customers get updates faster, engineers spend less time on admin, and the",https://www.linkedin.com/feed/update/urn:li:activity:7496233363440111617/,https://www.linkedin.com/company/docuware-corporation/posts/
DocuWare,23,2026-08-20,21,Video,111,3,42,156,"Prepare yourself. After this Fall, the world of work is never going to look",https://www.linkedin.com/feed/update/urn:li:activity:7496212629288538112/,https://www.linkedin.com/company/docuware-corporation/posts/
DocuWare,24,2026-08-19,22,Image,26,0,13,39,Manual processes are putting a huge burden on too many AP teams. Instead of,https://www.linkedin.com/feed/update/urn:li:activity:7495919291444310017/,https://www.linkedin.com/company/docuware-corporation/posts/
DocuWare,25,2026-08-18,23,Image,68,5,9,82,"You're out of time to prep for the coming age of AI. It's here. Now, let's",https://www.linkedin.com/feed/update/urn:li:activity:7495494857952620544/,https://www.linkedin.com/company/docuware-corporation/posts/
DocuWare,26,2026-08-18,23,Multi-image,25,0,3,28,Throwback to our EMEA field trip in July! It was so much fun to have our,https://www.linkedin.com/feed/update/urn:li:activity:7495489714733391873/,https://www.linkedin.com/company/docuware-corporation/posts/
DocuWare,27,2026-08-17,24,Image,26,0,8,34,"If you're part of an HR team and have too much time on your hands, count",https://www.linkedin.com/feed/update/urn:li:activity:7495125040431091712/,https://www.linkedin.com/company/docuware-corporation/posts/
DocuWare,28,2026-08-14,27,Carousel,12,1,2,15,The manufacturing industry naturally lends itself to a ton of documentation.,https://www.linkedin.com/feed/update/urn:li:activity:7494023809503645696/,https://www.linkedin.com/company/docuware-corporation/posts/
DocuWare,29,2026-08-13,28,Video,105,2,22,129,The countdown is on and the future of document management is almost here!,https://www.linkedin.com/feed/update/urn:li:activity:7493680917593477120/,https://www.linkedin.com/company/docuware-corporation/posts/
DocuWare,30,2026-08-13,28,Image,21,0,10,31,Here's a surprising fact: 82% of businesses are still dealing with the,https://www.linkedin.com/feed/update/urn:li:activity:7493630746503483392/,https://www.linkedin.com/company/docuware-corporation/posts/
DocuWare,31,2026-08-12,29,Image,13,0,6,19,"No matter how much civilization has changed, the need to track transactions",https://www.linkedin.com/feed/update/urn:li:activity:7493333269556629504/,https://www.linkedin.com/company/docuware-corporation/posts/
DocuWare,32,2026-08-11,30,Image,55,1,11,67,You're living in the age of AI. Let's talk about how you can make the most of,https://www.linkedin.com/feed/update/urn:li:activity:7492973180957925376/,https://www.linkedin.com/company/docuware-corporation/posts/
DocuWare,33,2026-08-11,30,Image,18,2,0,20,Cheers to SCUG's 70th anniversary! As a proud sponsor of the soccer and,https://www.linkedin.com/feed/update/urn:li:activity:7492937707770294273/,https://www.linkedin.com/company/docuware-corporation/posts/
DocuWare,34,2026-08-10,31,Multi-image,37,0,1,38,"At DocuWare, we believe that investing in our people means investing in our",https://www.linkedin.com/feed/update/urn:li:activity:7492561364897533953/,https://www.linkedin.com/company/docuware-corporation/posts/
DocuWare,35,2026-08-07,34,Image,17,0,9,26,Companies that remove tedious work like data entry from their employees,https://www.linkedin.com/feed/update/urn:li:activity:7491460410320015360/,https://www.linkedin.com/company/docuware-corporation/posts/
DocuWare,36,2026-08-06,35,Image,32,0,10,42,Most companies are still wrestling with piles of invoices and delayed,https://www.linkedin.com/feed/update/urn:li:activity:7491212956987383808/,https://www.linkedin.com/company/docuware-corporation/posts/
DocuWare,37,2026-08-05,36,Carousel,21,1,7,29,"If you're neglecting your records management, you're making a mistake.",https://www.linkedin.com/feed/update/urn:li:activity:7490792771637854208/,https://www.linkedin.com/company/docuware-corporation/posts/
DocuWare,38,2026-08-04,37,Image,49,0,1,50,Hello August and hello to our newest DocuWarians! We're kicking off this,https://www.linkedin.com/feed/update/urn:li:activity:7490383599867822080/,https://www.linkedin.com/company/docuware-corporation/posts/
DocuWare,39,2026-07-31,41,Video,0,0,0,0,"A week in the life of a digital nomad: Singapore to DocuWare HQ, Germering,",https://www.linkedin.com/feed/update/urn:li:activity:7489007428257165312/,https://www.linkedin.com/company/docuware-corporation/posts/
DocuWare,40,2026-07-31,41,Image,41,0,8,49,Hacking attempts happen. Sometimes viruses need to be contained. Natural,https://www.linkedin.com/feed/update/urn:li:activity:7488974036799131648/,https://www.linkedin.com/company/docuware-corporation/posts/
DocuWare,41,2026-07-30,42,Image,21,1,4,26,15 locations. High turnover. And nearly 1000 new hires a year. Managing all,https://www.linkedin.com/feed/update/urn:li:activity:7488616947719446528/,https://www.linkedin.com/company/docuware-corporation/posts/
DocuWare,42,2026-07-30,42,Carousel,20,1,3,24,"This fall, we're welcoming you to the new era of document management. Get",https://www.linkedin.com/feed/update/urn:li:activity:7488585357157027840/,https://www.linkedin.com/company/docuware-corporation/posts/
DocuWare,43,2026-07-29,43,Image,49,1,12,62,Few things can bog down your accounting team like having to reconcile,https://www.linkedin.com/feed/update/urn:li:activity:7488189109388070912/,https://www.linkedin.com/company/docuware-corporation/posts/
DocuWare,44,2026-07-28,44,Image,25,0,10,35,Just about every business has gone through the challenges of a manual,https://www.linkedin.com/feed/update/urn:li:activity:7487862452848680960/,https://www.linkedin.com/company/docuware-corporation/posts/
DocuWare,45,2026-07-28,44,Carousel,13,1,2,16,Ready for your next career step? We're hiring across multiple locations! If,https://www.linkedin.com/feed/update/urn:li:activity:7487776157665280000/,https://www.linkedin.com/company/docuware-corporation/posts/
DocuWare,46,2026-07-27,45,Image,27,0,8,35,Many businesses are taking advantage of e-signature technology. Few realize,https://www.linkedin.com/feed/update/urn:li:activity:7487531526981877760/,https://www.linkedin.com/company/docuware-corporation/posts/
DocuWare,47,2026-07-24,48,Video,25,0,3,28,"Getting things signed digitally is so easy. We've all done it. Still, when",https://www.linkedin.com/feed/update/urn:li:activity:7486437140126629888/,https://www.linkedin.com/company/docuware-corporation/posts/
DocuWare,48,2026-07-22,50,Video,92,2,9,103,"Earlier this month, our EMEA colleagues gathered for our yearly fieldtrip, a",https://www.linkedin.com/feed/update/urn:li:activity:7485721489405669376/,https://www.linkedin.com/company/docuware-corporation/posts/
DocuWare,49,2026-07-21,51,Video,23,2,7,32,Businesses are collecting more quality data than ever. Few are making the,https://www.linkedin.com/feed/update/urn:li:activity:7485344388404109313/,https://www.linkedin.com/company/docuware-corporation/posts/
DocuWare,50,2026-07-20,52,Carousel,13,1,1,15,"You don't want to waste your time working with a maze-like file system. So,",https://www.linkedin.com/feed/update/urn:li:activity:7484992803706511360/,https://www.linkedin.com/company/docuware-corporation/posts/
