Company,Post #,Date (UTC),Title (first line of post),Reactions,Comments,Reposts,Total engagement,Post type,Posted by,Post URL,Company page
Continia Software,1,2026-09-22 13:02,𝐓𝐡𝐞 𝟮𝟬𝟮𝟲 𝗥𝟮 𝘄𝗲𝗯𝗶𝗻𝗮𝗿 𝗹𝗶𝗻𝗲𝘂𝗽 𝗶𝘀 𝗵𝗲𝗿𝗲 🚀,15,0,1,16,Document/Carousel (PDF),Continia Software,https://www.linkedin.com/feed/update/urn:li:activity:7508148831595798555/,https://www.linkedin.com/company/continia-software-a-s/posts/
Continia Software,2,2026-09-17 08:02,"𝗖𝗼𝗻𝘁𝗶𝗻𝗶𝗮 𝗘𝗹𝗲𝘃𝗮𝘁𝗲, 𝗢𝘀𝗹𝗼 𝗲𝗱𝗶𝘁𝗶𝗼𝗻 🚀",69,1,1,71,Multi-image (4),Continia Software,https://www.linkedin.com/feed/update/urn:li:activity:7506261235932356608/,https://www.linkedin.com/company/continia-software-a-s/posts/
Continia Software,3,2026-09-14 11:45,"𝟮𝟬𝟮𝟲 𝗥𝟮 𝗶𝘀 𝗮𝗹𝗺𝗼𝘀𝘁 𝗵𝗲𝗿𝗲, 𝗮𝗻𝗱 𝗶𝘁'𝘀 𝗼𝘂𝗿 𝗯𝗶𝗴𝗴𝗲𝘀𝘁 𝗔𝗜 𝗿𝗲𝗹𝗲𝗮𝘀𝗲 𝘆𝗲𝘁 🚀",48,0,7,55,Document/Carousel (PDF),Continia Software,https://www.linkedin.com/feed/update/urn:li:activity:7505230135697199104/,https://www.linkedin.com/company/continia-software-a-s/posts/
Continia Software,4,2026-09-11 08:18,𝗝𝗼𝗶𝗻 𝘂𝘀 𝗳𝗼𝗿 𝗮 𝗺𝗼𝗿𝗻𝗶𝗻𝗴 𝗿𝘂𝗻 𝘁𝗵𝗿𝗼𝘂𝗴𝗵 𝗣𝗮𝗿𝗶𝘀! 🏃‍♀️‍➡️,56,0,2,58,Image,Continia Software,https://www.linkedin.com/feed/update/urn:li:activity:7504091003386171392/,https://www.linkedin.com/company/continia-software-a-s/posts/
Continia Software,5,2026-09-04 09:07,"𝗧𝗵𝗮𝗻𝗸 𝘆𝗼𝘂, 𝗗𝗮𝘆𝘀 𝗼𝗳 𝗞𝗻𝗼𝘄𝗹𝗲𝗱𝗴𝗲 𝗔𝗡𝗭 💡",96,0,0,96,Multi-image (4),Continia Software,https://www.linkedin.com/feed/update/urn:li:activity:7501566572784771072/,https://www.linkedin.com/company/continia-software-a-s/posts/
Continia Software,6,2026-09-01 12:00,𝗣𝗿𝗼𝘁𝗲𝗰𝘁𝗶𝗻𝗴 𝘁𝗵𝗲 𝘄𝗼𝗿𝗹𝗱'𝘀 𝘄𝗮𝘁𝗲𝗿 𝘀𝗵𝗼𝘂𝗹𝗱𝗻'𝘁 𝗺𝗲𝗮𝗻 𝗱𝗿𝗼𝘄𝗻𝗶𝗻𝗴 𝗶𝗻 𝗽𝗮𝗽𝗲𝗿𝘄𝗼𝗿𝗸 🌊,18,0,2,20,Image,Continia Software,https://www.linkedin.com/feed/update/urn:li:activity:7500522912907460608/,https://www.linkedin.com/company/continia-software-a-s/posts/
Continia Software,7,2026-08-27 12:13,𝗜𝘁'𝘀 𝗮𝗯𝗼𝘂𝘁 𝘁𝗶𝗺𝗲... 𝘄𝗲 𝗳𝗼𝘂𝗻𝗱 𝗼𝘂𝘁 𝘄𝗵𝗼'𝘀 𝗳𝗮𝘀𝘁𝗲𝗿🏃‍♀️,99,0,0,99,Multi-image (4),Continia Software,https://www.linkedin.com/feed/update/urn:li:activity:7498714244956303360/,https://www.linkedin.com/company/continia-software-a-s/posts/
Continia Software,8,2026-08-21 10:34,"𝗖𝗼𝗹𝗹𝗲𝗮𝗴𝘂𝗲𝘀, 𝘃𝗶𝗻𝗲𝘆𝗮𝗿𝗱𝘀, 𝗮𝗻𝗱 𝗮 𝗴𝗹𝗮𝘀𝘀 (𝗼𝗿 𝘁𝘄𝗼) 𝗼𝗳 𝘄𝗶𝗻𝗲 🍷",82,2,0,84,Multi-image (4),Continia Software,https://www.linkedin.com/feed/update/urn:li:activity:7496515169880023040/,https://www.linkedin.com/company/continia-software-a-s/posts/
Continia Software,9,2026-08-18 12:00,𝗜𝘁'𝘀 𝗮𝗯𝗼𝘂𝘁 𝘁𝗶𝗺𝗲 𝘆𝗼𝘂 𝘀𝘁𝗼𝗽𝗽𝗲𝗱 𝗱𝗼𝗶𝗻𝗴 𝘁𝗵𝗲𝘀𝗲 𝟱 𝘁𝗵𝗶𝗻𝗴𝘀 ⏳,36,2,1,39,Document/Carousel (PDF),Continia Software,https://www.linkedin.com/feed/update/urn:li:activity:7495449544915226624/,https://www.linkedin.com/company/continia-software-a-s/posts/
Continia Software,10,2026-08-12 12:08,𝟭𝟮 𝗳𝗿𝗲𝗲 𝗳𝗲𝗮𝘁𝘂𝗿𝗲𝘀 𝘆𝗼𝘂𝗿 𝗕𝘂𝘀𝗶𝗻𝗲𝘀𝘀 𝗖𝗲𝗻𝘁𝗿𝗮𝗹 𝘀𝗲𝘁𝘂𝗽 𝗶𝘀 𝗺𝗶𝘀𝘀𝗶𝗻𝗴 👀,41,0,5,46,Document/Carousel (PDF),Continia Software,https://www.linkedin.com/feed/update/urn:li:activity:7493277173751951360/,https://www.linkedin.com/company/continia-software-a-s/posts/
Continia Software,11,2026-08-06 11:55,𝗪𝗲'𝘃𝗲 𝗴𝗼𝘁 𝗿𝗼𝗼𝗺 𝗹𝗲𝗳𝘁 𝗼𝗻 𝘁𝗵𝗲 𝘁𝗲𝗮𝗺! 👩‍💼,34,0,4,38,Document/Carousel (PDF),Continia Software,https://www.linkedin.com/feed/update/urn:li:activity:7491099509893156864/,https://www.linkedin.com/company/continia-software-a-s/posts/
Continia Software,12,2026-08-04 12:00,𝗬𝗼𝘂𝗿 𝗲-𝗶𝗻𝘃𝗼𝗶𝗰𝗶𝗻𝗴 𝗱𝗮𝘁𝗮 𝗶𝘀 𝗼𝗻𝗹𝘆 𝗮𝘀 𝘀𝗮𝗳𝗲 𝗮𝘀 𝘆𝗼𝘂𝗿 𝘃𝗲𝗻𝗱𝗼𝗿,28,0,3,31,Image,Continia Software,https://www.linkedin.com/feed/update/urn:li:activity:7490376084551577602/,https://www.linkedin.com/company/continia-software-a-s/posts/
Continia Software,13,2026-07-30 12:00,𝗘𝘃𝗲𝗿𝘆 𝗔𝗣 𝗮𝘂𝘁𝗼𝗺𝗮𝘁𝗶𝗼𝗻 𝗽𝗶𝘁𝗰𝗵 𝘁𝗵𝗶𝘀 𝘆𝗲𝗮𝗿 𝘀𝗼𝘂𝗻𝗱𝘀 𝘁𝗵𝗲 𝘀𝗮𝗺𝗲... 👀,21,0,2,23,Image,Continia Software,https://www.linkedin.com/feed/update/urn:li:activity:7488564108284473345/,https://www.linkedin.com/company/continia-software-a-s/posts/
Continia Software,14,2026-07-28 12:00,𝗪𝗲'𝗿𝗲 𝗯𝗮𝗰𝗸 𝗳𝗿𝗼𝗺 𝗮 𝗴𝗿𝗲𝗮𝘁 𝗗𝘆𝗻𝗮𝗺𝗶𝗰𝘀𝗖𝗼𝗻 𝗶𝗻 𝗚𝗵𝗮𝗻𝗮 🌍,63,2,2,67,Multi-image (2),Continia Software,https://www.linkedin.com/feed/update/urn:li:activity:7487839356519354369/,https://www.linkedin.com/company/continia-software-a-s/posts/
Continia Software,15,2026-07-27 12:00,"𝗦𝗮𝗺𝗲 𝗠𝗼𝗻𝗱𝗮𝘆, 𝘁𝘄𝗼 𝘃𝗲𝗿𝘆 𝗱𝗶𝗳𝗳𝗲𝗿𝗲𝗻𝘁 𝘄𝗼𝗿𝗸𝗱𝗮𝘆𝘀 📅",30,0,1,31,Image,Continia Software,https://www.linkedin.com/feed/update/urn:li:activity:7487476939503538177/,https://www.linkedin.com/company/continia-software-a-s/posts/
Continia Software,16,2026-07-23 12:00,𝗧𝗵𝗲 𝗼𝗳𝗳𝗶𝗰𝗲 𝗶𝘀 𝗾𝘂𝗶𝗲𝘁. 𝗪𝗵𝘆 𝗻𝗼𝘁 𝘀𝗽𝗲𝗻𝗱 𝘁𝗵𝗲 𝘀𝘂𝗺𝗺𝗲𝗿 𝗹𝗲𝗮𝗿𝗻𝗶𝗻𝗴?,23,0,0,23,Image,Continia Software,https://www.linkedin.com/feed/update/urn:li:activity:7486027425286533121/,https://www.linkedin.com/company/continia-software-a-s/posts/
Continia Software,17,2026-07-21 12:00,𝗦𝗲𝗽𝗮𝗿𝗮𝘁𝗲 𝗮𝗰𝗰𝗼𝘂𝗻𝘁𝘀—𝗯𝘂𝘁 𝗶𝘁’𝘀 𝗼𝗻𝗲 𝗿𝗲𝗹𝗮𝘁𝗶𝗼𝗻𝘀𝗵𝗶𝗽 🔗,33,1,5,39,Image,Continia Software,https://www.linkedin.com/feed/update/urn:li:activity:7485302625081466880/,https://www.linkedin.com/company/continia-software-a-s/posts/
Continia Software,18,2026-07-16 12:01,"𝗠𝗼𝗿𝗲 𝘁𝗵𝗮𝗻 𝟭,𝟬𝟬𝟬 𝗮𝗰𝘁𝗶𝘃𝗲 𝗖𝗼𝗻𝘁𝗶𝗻𝗶𝗮 𝘀𝗼𝗹𝘂𝘁𝗶𝗼𝗻𝘀 🏆",119,1,8,128,Multi-image (4),Continia Software,https://www.linkedin.com/feed/update/urn:li:activity:7483490893254291456/,https://www.linkedin.com/company/continia-software-a-s/posts/
Continia Software,19,2026-07-14 11:46,𝗦𝘂𝗯𝗺𝗶𝘁𝘁𝗶𝗻𝗴 𝗲𝘅𝗽𝗲𝗻𝘀𝗲𝘀 𝗷𝘂𝘀𝘁 𝗴𝗼𝘁 𝗲𝘃𝗲𝗻 𝗲𝗮𝘀𝗶𝗲𝗿!,37,5,8,50,Document/Carousel (PDF),Continia Software,https://www.linkedin.com/feed/update/urn:li:activity:7482762545431351296/,https://www.linkedin.com/company/continia-software-a-s/posts/
Continia Software,20,2026-07-08 12:00,"𝗦𝗲𝗲 𝗖𝗼𝗻𝘁𝗶𝗻𝗶𝗮 𝗶𝗻 𝗮𝗰𝘁𝗶𝗼𝗻, 𝗮𝘁 𝘆𝗼𝘂𝗿 𝗼𝘄𝗻 𝗽𝗮𝗰𝗲💡",36,1,4,41,Image,Continia Software,https://www.linkedin.com/feed/update/urn:li:activity:7480591520149151744/,https://www.linkedin.com/company/continia-software-a-s/posts/
Continia Software,21,2026-07-01 12:30,𝗜𝘁'𝘀 𝗮𝗯𝗼𝘂𝘁 𝘁𝗶𝗺𝗲... 𝗳𝗼𝗿 𝗮𝗻 𝗶𝗰𝗲-𝗰𝗿𝗲𝗮𝗺 𝗯𝗿𝗲𝗮𝗸! 🍧,70,1,0,71,Multi-image (4),Continia Software,https://www.linkedin.com/feed/update/urn:li:activity:7478062480389279744/,https://www.linkedin.com/company/continia-software-a-s/posts/
Continia Software,22,2026-06-29 12:15,𝗙𝗮𝗸𝗲 𝗶𝗻𝘃𝗼𝗶𝗰𝗲𝘀 𝗱𝗼𝗻'𝘁 𝗮𝗹𝘄𝗮𝘆𝘀 𝗹𝗼𝗼𝗸 𝗳𝗮𝗸𝗲 💡,23,0,3,26,Image,Continia Software,https://www.linkedin.com/feed/update/urn:li:activity:7477333822297169922/,https://www.linkedin.com/company/continia-software-a-s/posts/
Continia Software,23,2026-06-23 09:10,𝗢𝘂𝗿 𝗯𝗶𝗴𝗴𝗲𝘀𝘁 𝘁𝗲𝗮𝗺 𝗺𝗲𝗲𝘁𝘂𝗽 𝘆𝗲𝘁 ☀️,243,4,6,253,Multi-image (4),Continia Software,https://www.linkedin.com/feed/update/urn:li:activity:7475112920251772928/,https://www.linkedin.com/company/continia-software-a-s/posts/
Continia Software,24,2026-06-11 12:10,𝗙𝗿𝗼𝗺 𝗮 𝗳𝘂𝗹𝗹-𝘁𝗶𝗺𝗲 𝗔𝗣 𝗽𝗲𝗿𝘀𝗼𝗻 𝘁𝗼 𝗮𝘂𝘁𝗼𝗺𝗮𝘁𝗶𝗼𝗻 𝗶𝗻 𝗺𝗶𝗻𝘂𝘁𝗲𝘀 🎯,23,0,3,26,Image,Continia Software,https://www.linkedin.com/feed/update/urn:li:activity:7470809611818905600/,https://www.linkedin.com/company/continia-software-a-s/posts/
Continia Software,25,2026-06-10 12:00,𝗧𝗵𝗲 𝗘𝗹𝗲𝘃𝗮𝘁𝗲 𝘁𝗼𝘂𝗿 𝗰𝗼𝗻𝘁𝗶𝗻𝘂𝗲𝘀 — 𝘁𝗵𝗶𝘀 𝘁𝗶𝗺𝗲 𝗶𝗻 𝗣𝗼𝗹𝗮𝗻𝗱! 🙌,71,1,0,72,Multi-image (4),Continia Software,https://www.linkedin.com/feed/update/urn:li:activity:7470444661824913410/,https://www.linkedin.com/company/continia-software-a-s/posts/
Continia Software,26,2026-06-09 11:30,𝗞𝗶𝗰𝗸𝗶𝗻𝗴 𝗼𝗳𝗳 𝗖𝗼𝗻𝘁𝗶𝗻𝗶𝗮 𝗘𝗹𝗲𝘃𝗮𝘁𝗲 𝗶𝗻 𝘁𝗵𝗲 𝗨𝗞 🎉,53,2,1,56,Video,Continia Software,https://www.linkedin.com/feed/update/urn:li:activity:7470074789961973760/,https://www.linkedin.com/company/continia-software-a-s/posts/
Continia Software,27,2026-06-04 12:55,𝐖𝐞'𝐫𝐞 𝐈𝐒𝐎 𝟐𝟕𝟎𝟎𝟏 𝐜𝐞𝐫𝐭𝐢𝐟𝐢𝐞𝐝 🎉,195,2,1,198,Multi-image (4),Continia Software,https://www.linkedin.com/feed/update/urn:li:activity:7468284352783761408/,https://www.linkedin.com/company/continia-software-a-s/posts/
Continia Software,28,2026-06-02 12:00,𝐈𝐭'𝐬 𝐚𝐛𝐨𝐮𝐭 𝐭𝐢𝐦𝐞 … 𝐰𝐞 𝐜𝐲𝐜𝐥𝐞𝐝 𝐭𝐨 𝐰𝐨𝐫𝐤 🚴‍♂️💨,69,1,0,70,Multi-image (3),Continia Software,https://www.linkedin.com/feed/update/urn:li:activity:7467545726575759360/,https://www.linkedin.com/company/continia-software-a-s/posts/
Continia Software,29,2026-05-28 09:00,𝟮𝟱𝟬 𝗖𝗼𝗻𝘁𝗶𝗻𝗶𝗮-𝗹ø𝘀𝗻𝗶𝗻𝗴𝗲𝗿 𝗲𝗿 𝗲𝗻 𝗴𝗼𝗱 𝗴𝗿𝘂𝗻𝗱 𝘁𝗶𝗹 𝗸𝗮𝗴𝗲 🎂,70,1,2,73,Multi-image (4),Continia Software,https://www.linkedin.com/feed/update/urn:li:activity:7465688326994460672/,https://www.linkedin.com/company/continia-software-a-s/posts/
Continia Software,30,2026-05-27 11:18,𝗧𝗵𝗮𝗻𝗸𝘀 𝗳𝗼𝗿 𝗮 𝗴𝗿𝗲𝗮𝘁 𝘁𝗶𝗺𝗲 𝗮𝘁 𝗗𝘆𝗻𝗮𝗺𝗶𝗰𝘀𝗠𝗶𝗻𝗱𝘀! ☀️,93,2,0,95,Multi-image (4),Continia Software,https://www.linkedin.com/feed/update/urn:li:activity:7465360837474566144/,https://www.linkedin.com/company/continia-software-a-s/posts/
Continia Software,31,2026-05-21 12:00,𝗖𝗼𝗻𝘁𝗶𝗻𝗶𝗮 𝗶𝘀 𝗴𝗿𝗼𝘄𝗶𝗻𝗴 — 𝘀𝘄𝗶𝗽𝗲 𝘁𝗼 𝗳𝗶𝗻𝗱 𝘆𝗼𝘂𝗿 𝗻𝗲𝘅𝘁 𝗿𝗼𝗹𝗲 👇,42,0,0,42,Document/Carousel (PDF),Continia Software,https://www.linkedin.com/feed/update/urn:li:activity:7463196907054600192/,https://www.linkedin.com/company/continia-software-a-s/posts/
Continia Software,32,2026-05-20 13:00,𝗬𝗼𝘂𝗿 𝗕𝗖 𝘀𝗲𝘁𝘂𝗽 𝗶𝘀 𝗮𝗹𝗺𝗼𝘀𝘁 𝘁𝗵𝗲𝗿𝗲. 𝗪𝗵𝘆 𝗻𝗼𝘁 𝘂𝗽𝗴𝗿𝗮𝗱𝗲 𝗶𝘁 𝗳𝗼𝗿 𝗳𝗿𝗲𝗲? 🚀,34,0,4,38,Video,Continia Software,https://www.linkedin.com/feed/update/urn:li:activity:7462849736732082179/,https://www.linkedin.com/company/continia-software-a-s/posts/
Continia Software,33,2026-05-19 12:00,𝗖𝗼𝗻𝘁𝗶𝗻𝗶𝗮 𝗘𝗹𝗲𝘃𝗮𝘁𝗲 𝗰𝗼𝗺𝗲𝘀 𝘁𝗼 𝗪𝗮𝗿𝘀𝗮𝘄! 🎉,47,4,2,53,Image,Continia Software,https://www.linkedin.com/feed/update/urn:li:activity:7462472156136902656/,https://www.linkedin.com/company/continia-software-a-s/posts/
Continia Software,34,2026-05-15 09:00,𝗧𝗵𝗮𝘁’𝘀 𝗮 𝘄𝗿𝗮𝗽 𝗼𝗻 𝗗𝗶𝗿𝗲𝗰𝘁𝗶𝗼𝗻𝘀 𝗔𝗦𝗜𝗔 👋,59,0,0,59,Multi-image (4),Continia Software,https://www.linkedin.com/feed/update/urn:li:activity:7460977299979509761/,https://www.linkedin.com/company/continia-software-a-s/posts/
Continia Software,35,2026-05-13 12:00,𝗧𝗵𝗲 𝗖𝗼𝗻𝘁𝗶𝗻𝗶𝗮 𝗘𝘅𝗽𝗲𝗻𝘀𝗲 𝗔𝗽𝗽 𝗻𝗼𝘄 𝘀𝘂𝗽𝗽𝗼𝗿𝘁𝘀 𝗠𝗶𝗰𝗿𝗼𝘀𝗼𝗳𝘁 𝗜𝗻𝘁𝘂𝗻𝗲 🔐,69,0,2,71,Image,Continia Software,https://www.linkedin.com/feed/update/urn:li:activity:7460297900410109954/,https://www.linkedin.com/company/continia-software-a-s/posts/
Continia Software,36,2026-05-12 12:00,𝗜𝘀 𝘆𝗼𝘂𝗿 𝗔𝗰𝗰𝗼𝘂𝗻𝘁𝘀 𝗥𝗲𝗰𝗲𝗶𝘃𝗮𝗯𝗹𝗲 𝘀𝗲𝘁𝘂𝗽 𝗮𝘀 𝗲𝗳𝗳𝗶𝗰𝗶𝗲𝗻𝘁 𝗮𝘀 𝗶𝘁 𝗰𝗼𝘂𝗹𝗱 𝗯𝗲? 📄,39,0,0,39,Document/Carousel (PDF),Continia Software,https://www.linkedin.com/feed/update/urn:li:activity:7459935482685259777/,https://www.linkedin.com/company/continia-software-a-s/posts/
Continia Software,37,2026-05-07 12:14,𝗖𝗲𝗹𝗲𝗯𝗿𝗮𝘁𝗶𝗻𝗴 𝗼𝘂𝗿 𝘃𝗲𝗿𝘆 𝗼𝘄𝗻 𝗠𝗶𝗰𝗿𝗼𝘀𝗼𝗳𝘁 𝗠𝗩𝗣 🎉,217,17,1,235,Multi-image (4),Continia Software,https://www.linkedin.com/feed/update/urn:li:activity:7458127078098415616/,https://www.linkedin.com/company/continia-software-a-s/posts/
Continia Software,38,2026-05-06 12:05,𝐂𝐚𝐭𝐜𝐡 𝐮𝐩 𝐨𝐧 𝟐𝟎𝟐𝟔 𝐑𝟏 𝐚𝐧𝐝 𝐬𝐡𝐨𝐰𝐜𝐚𝐬𝐞 𝐲𝐨𝐮𝐫 𝐞𝐱𝐩𝐞𝐫𝐭𝐢𝐬𝐞🎓,27,0,2,29,Image,Continia Software,https://www.linkedin.com/feed/update/urn:li:activity:7457762342773350400/,https://www.linkedin.com/company/continia-software-a-s/posts/
Continia Software,39,2026-04-28 12:07,𝗟𝗲𝘁'𝘀 𝗰𝗮𝘁𝗰𝗵 𝘂𝗽 𝗮𝘁 𝗗𝘆𝗻𝗮𝗺𝗶𝗰𝘀𝗠𝗶𝗻𝗱𝘀! 🚀,66,1,1,68,Image,Continia Software,https://www.linkedin.com/feed/update/urn:li:activity:7454863943778533376/,https://www.linkedin.com/company/continia-software-a-s/posts/
Continia Software,40,2026-04-27 12:00,𝗦𝗽𝗲𝗻𝗱 𝟯𝟬 𝗺𝗶𝗻𝘂𝘁𝗲𝘀 𝗹𝗲𝗮𝗿𝗻𝗶𝗻𝗴 𝗮𝗻𝗱 𝘀𝗮𝘃𝗲 𝗵𝗼𝘂𝗿𝘀 𝗲𝘃𝗲𝗿𝘆 𝗺𝗼𝗻𝘁𝗵 🚀,32,0,1,33,Image,Continia Software,https://www.linkedin.com/feed/update/urn:li:activity:7454499717926985728/,https://www.linkedin.com/company/continia-software-a-s/posts/
Continia Software,41,2026-04-23 12:36,"𝗗𝗶𝗱 𝘆𝗼𝘂 𝗺𝗶𝘀𝘀 𝗼𝘂𝗿 𝟮𝟬𝟮𝟲 𝗥𝟭 ""𝗪𝗵𝗮𝘁'𝘀 𝗡𝗲𝘄"" 𝘄𝗲𝗯𝗶𝗻𝗮𝗿𝘀? 🎬",31,0,1,32,Image,Continia Software,https://www.linkedin.com/feed/update/urn:li:activity:7453059289675587584/,https://www.linkedin.com/company/continia-software-a-s/posts/
Continia Software,42,2026-04-14 13:26,𝟮𝟱 å𝗿𝘀 𝘀𝗮𝗺𝗮𝗿𝗯𝗲𝗷𝗱𝗲 𝗼𝗴 +𝟱𝟬𝟬 𝗮𝗸𝘁𝗶𝘃𝗲 𝗖𝗼𝗻𝘁𝗶𝗻𝗶𝗮-𝗹ø𝘀𝗻𝗶𝗻𝗴𝗲𝗿 🏆,75,2,2,79,Multi-image (4),Continia Software,https://www.linkedin.com/feed/update/urn:li:activity:7449810332358897664/,https://www.linkedin.com/company/continia-software-a-s/posts/
Continia Software,43,2026-04-13 11:57,𝗖𝗲𝗹𝗲𝗯𝗿𝗮𝘁𝗶𝗻𝗴 𝘁𝗵𝗲 𝗳𝗶𝗿𝘀𝘁 𝗿𝗲𝗹𝗲𝗮𝘀𝗲 𝗼𝗳 𝟮𝟬𝟮𝟲 🎊,80,0,1,81,Multi-image (4),Continia Software,https://www.linkedin.com/feed/update/urn:li:activity:7449425551938740225/,https://www.linkedin.com/company/continia-software-a-s/posts/
Continia Software,44,2026-04-08 11:55,𝟮𝟬𝟮𝟲 𝗥𝟭: 𝗔 𝗯𝗶𝗴 𝘀𝘁𝗲𝗽 𝗳𝗼𝗿𝘄𝗮𝗿𝗱 𝗳𝗼𝗿 𝗔𝗥 𝗮𝘂𝘁𝗼𝗺𝗮𝘁𝗶𝗼𝗻🎉,84,2,6,92,Video,Continia Software,https://www.linkedin.com/feed/update/urn:li:activity:7447612965991854080/,https://www.linkedin.com/company/continia-software-a-s/posts/
Continia Software,45,2026-04-01 12:00,𝗛𝗼𝗽𝗽𝗶𝗻𝗴 𝗶𝗻𝘁𝗼 𝗘𝗮𝘀𝘁𝗲𝗿… 🐰🍫,61,0,2,63,Multi-image (2),Continia Software,https://www.linkedin.com/feed/update/urn:li:activity:7445077523211685889/,https://www.linkedin.com/company/continia-software-a-s/posts/
Continia Software,46,2026-03-24 13:00,"𝗛𝗮𝗻𝗱𝗹𝗶𝗻𝗴 𝟭𝟱,𝟬𝟬𝟬 𝗶𝗻𝘃𝗼𝗶𝗰𝗲𝘀 𝗲𝘃𝗲𝗿𝘆 𝗺𝗼𝗻𝘁𝗵 𝗶𝘀 𝗻𝗼 𝘀𝗺𝗮𝗹𝗹 𝘁𝗮𝘀𝗸 📄",27,0,1,28,Image,Continia Software,https://www.linkedin.com/feed/update/urn:li:activity:7442193520951595008/,https://www.linkedin.com/company/continia-software-a-s/posts/
Continia Software,47,2026-03-23 13:00,𝗝𝗼𝗶𝗻 𝘂𝘀 𝗮𝘁 𝗗𝗮𝘆𝘀 𝗼𝗳 𝗞𝗻𝗼𝘄𝗹𝗲𝗱𝗴𝗲 𝗡𝗼𝗿𝗱𝗶𝗰💡,33,0,1,34,Image,Continia Software,https://www.linkedin.com/feed/update/urn:li:activity:7441831220042186752/,https://www.linkedin.com/company/continia-software-a-s/posts/
Continia Software,48,2026-03-18 12:55,𝗛𝗮𝗽𝗽𝘆 𝗯𝗶𝗿𝘁𝗵𝗱𝗮𝘆 𝘁𝗼 𝗼𝘂𝗿 𝗖𝗘𝗢! 🎉,208,20,0,228,Multi-image (4),Continia Software,https://www.linkedin.com/feed/update/urn:li:activity:7440017920887296000/,https://www.linkedin.com/company/continia-software-a-s/posts/
Continia Software,49,2026-03-12 13:00,𝗚𝗲𝘁 𝗮 𝗳𝗶𝗿𝘀𝘁 𝗹𝗼𝗼𝗸 𝗮𝘁 𝟮𝟬𝟮𝟲 𝗥𝟭! 🚀,31,0,3,34,Document/Carousel (PDF),Continia Software,https://www.linkedin.com/feed/update/urn:li:activity:7437845004946989056/,https://www.linkedin.com/company/continia-software-a-s/posts/
Continia Software,50,2026-03-09 13:00,𝗙𝗼𝗼𝘁𝗯𝗮𝗹𝗹 𝘀𝗵𝗶𝗿𝘁𝘀 𝗳𝗼𝗿 𝗮 𝗴𝗼𝗼𝗱 𝗰𝗮𝘂𝘀𝗲 ⚽,67,2,0,69,Image,Continia Software,https://www.linkedin.com/feed/update/urn:li:activity:7436757687792578560/,https://www.linkedin.com/company/continia-software-a-s/posts/
Truvio,1,2026-09-22 13:12,"What does manufacturing transformation look like when business processes, data and AI come together?",11,0,0,11,Image,Truvio,https://www.linkedin.com/feed/update/urn:li:activity:7508151160835342336/,https://www.linkedin.com/company/truvio-official/posts/
Truvio,2,2026-09-22 10:00,"Treasury Automation Suite 12.5 is here, and the full walkthrough is now available on demand.",9,1,2,12,Image,Truvio,https://www.linkedin.com/feed/update/urn:li:activity:7508102830096916480/,https://www.linkedin.com/company/truvio-official/posts/
Truvio,3,2026-09-21 13:00,"Join us October 12-15, 2026, at the Gaylord Opryland Resort & Convention Center in Nashville, Tennessee, for Community Summit North America. The event brings together the Microsoft Dynamics 365, Power Platform, and business applications community for several days of learning, networking, and knowledge sharing.",16,0,4,20,Image,Truvio,https://www.linkedin.com/feed/update/urn:li:activity:7507785736855855104/,https://www.linkedin.com/company/truvio-official/posts/
Truvio,4,2026-09-21 09:00,How many squares can you tick? 👀,16,0,2,18,Image,Truvio,https://www.linkedin.com/feed/update/urn:li:activity:7507725335438925824/,https://www.linkedin.com/company/truvio-official/posts/
Truvio,5,2026-09-17 23:08,"Join us for the Ole Red Round Up, a fun Nashville-style Summit after party designed for networking, connecting with fellow Dynamics professionals, and celebrating the Summit community. We’ll have live music, games, appetizers, hosted drinks, and plenty of opportunities to network and have a great time at Ole Red.",19,0,6,25,Image,Truvio,https://www.linkedin.com/feed/update/urn:li:activity:7506489312738471936/,https://www.linkedin.com/company/truvio-official/posts/
Truvio,6,2026-09-17 07:00,"Om 14 dage mødes vi på Bella Sky til en hel dag om AI, produktdata og moderne B2B commerce.",22,0,3,25,Image,Truvio,https://www.linkedin.com/feed/update/urn:li:activity:7506245588737273856/,https://www.linkedin.com/company/truvio-official/posts/
Truvio,7,2026-09-16 08:45,"When production planning involves up to 22,000 orders per month at a single plant, having a clear overview makes a real difference.",14,0,5,19,Image,Truvio,https://www.linkedin.com/feed/update/urn:li:activity:7505909696629837826/,https://www.linkedin.com/company/truvio-official/posts/
Truvio,8,2026-09-15 08:00,The Digital Product Passport is becoming a reality for companies selling products in the EU. But DPP is about more than compliance.,17,0,3,20,Image,Truvio,https://www.linkedin.com/feed/update/urn:li:activity:7505535913612050432/,https://www.linkedin.com/company/truvio-official/posts/
Truvio,9,2026-09-14 09:16,That's a wrap on Commerce Partner Days 2026. 🎉,89,4,4,97,Multi-image (4),Truvio,https://www.linkedin.com/feed/update/urn:li:activity:7505192846690373632/,https://www.linkedin.com/company/truvio-official/posts/
Truvio,10,2026-09-11 19:24,"Most B2B self-service portals fail on data, not design: when buyers see list price instead of their contract price, or ""call for availability"" instead of real stock, they pick up the phone anyway and the eCommerce investment becomes a second cost center.",19,0,8,27,Event,Truvio,https://www.linkedin.com/feed/update/urn:li:activity:7504258627315335168/,https://www.linkedin.com/company/truvio-official/posts/
Truvio,11,2026-09-10 13:55,A fantastic start to Commerce Partner Days 2026!,83,2,3,88,Multi-image (4),Truvio,https://www.linkedin.com/feed/update/urn:li:activity:7503813317400936448/,https://www.linkedin.com/company/truvio-official/posts/
Truvio,12,2026-09-09 11:32,"Today, developers from across our partner community have taken over Aarhus for the Extended Day of Commerce Partner Days 2026.",88,2,4,94,Multi-image (4),Truvio,https://www.linkedin.com/feed/update/urn:li:activity:7503415053665099776/,https://www.linkedin.com/company/truvio-official/posts/
Truvio,13,2026-09-08 07:40,En hel dag væk fra indbakken skal være tiden værd.,22,0,2,24,Image,Truvio,https://www.linkedin.com/feed/update/urn:li:activity:7502994197914923008/,https://www.linkedin.com/company/truvio-official/posts/
Truvio,14,2026-09-07 05:00,"For St Vincent de Paul Society NSW, modernising Accounts Payable meant more than replacing manual data entry.",26,1,6,33,Image,Truvio,https://www.linkedin.com/feed/update/urn:li:activity:7502591635537555456/,https://www.linkedin.com/company/truvio-official/posts/
Truvio,15,2026-09-04 11:17,📍 See you in Nashville this October?,9,1,0,10,Video,Truvio,https://www.linkedin.com/feed/update/urn:li:activity:7501599238544351232/,https://www.linkedin.com/company/truvio-official/posts/
Truvio,16,2026-09-04 00:32,"What an energising few days for the Truvio team at Days of Knowledge ANZ! From insightful conversations to new connections across the Microsoft Dynamics 365 Business Central community, the event has been a fantastic opportunity to share ideas, learn from partners and showcase what’s next for finance automation.",62,4,2,68,Image,Truvio,https://www.linkedin.com/feed/update/urn:li:activity:7501436968182894592/,https://www.linkedin.com/company/truvio-official/posts/
Truvio,17,2026-09-03 08:42,"Great start to Days of Knowledge ANZ!Today, David Williams, GAICD. and I had the opportunity to discuss how Business Central partners can move the AP automation conversation beyond invoice capture and help customers improve control, compliance, auditability, and efficiency across the entire accounts payable process.",69,4,2,75,Multi-image (4),Ari Liukko,https://www.linkedin.com/feed/update/urn:li:activity:7501197893987368961/,https://www.linkedin.com/company/truvio-official/posts/
Truvio,18,2026-09-03 03:14,Day 1 at Days of Knowledge - ANZ is well underway!,25,0,5,30,Multi-image (3),Truvio,https://www.linkedin.com/feed/update/urn:li:activity:7501115371299495936/,https://www.linkedin.com/company/truvio-official/posts/
Truvio,19,2026-09-02 08:01,Your AP dashboard might say “automated.” Your AP team might tell a different story.,16,0,2,18,Image,Truvio,https://www.linkedin.com/feed/update/urn:li:activity:7500825109536894976/,https://www.linkedin.com/company/truvio-official/posts/
Truvio,20,2026-09-01 18:06,Remember when waiting was just part of the process?,19,0,2,21,Image,Truvio,https://www.linkedin.com/feed/update/urn:li:activity:7500615198873985024/,https://www.linkedin.com/company/truvio-official/posts/
Truvio,21,2026-09-01 07:30,"How do you manage more than 200,000 products across your own webshop and a growing network of partner shops?",15,0,1,16,Image,Truvio,https://www.linkedin.com/feed/update/urn:li:activity:7500454932307681280/,https://www.linkedin.com/company/truvio-official/posts/
Truvio,22,2026-08-31 08:47,"November 14, 2026. From that date, SWIFT CBPR+ will no longer accept cross-border payment messages containing fully unstructured postal addresses. If the required address data is not properly structured, the payment message will be rejected.",12,0,1,13,Image,Truvio,https://www.linkedin.com/feed/update/urn:li:activity:7500112134568058880/,https://www.linkedin.com/company/truvio-official/posts/
Truvio,23,2026-08-28 07:02,4 minutes versus 17 minutes per invoice.,18,0,3,21,Video,Truvio,https://www.linkedin.com/feed/update/urn:li:activity:7498998431638556673/,https://www.linkedin.com/company/truvio-official/posts/
Truvio,24,2026-08-27 07:30,B2B-kunder begynder ikke nødvendigvis deres købsrejse på jeres webshop.,10,2,0,12,Image,Truvio,https://www.linkedin.com/feed/update/urn:li:activity:7498643056674402304/,https://www.linkedin.com/company/truvio-official/posts/
Truvio,25,2026-08-27 00:00,"Invoice capture is only one part of accounts payable automation. What happens when customers also need greater control over approvals, matching, exceptions, audit trails and the month-end process?",37,2,6,45,Image,Truvio,https://www.linkedin.com/feed/update/urn:li:activity:7498529844528398336/,https://www.linkedin.com/company/truvio-official/posts/
Truvio,26,2026-08-25 18:32,☀️ One last episode. One last chance to enter!,3,0,0,3,Event,Truvio,https://www.linkedin.com/feed/update/urn:li:activity:7498084830446899201/,https://www.linkedin.com/company/truvio-official/posts/
Truvio,27,2026-08-25 07:30,A keynote worth joining us in Aarhus for.,30,0,2,32,Image,Truvio,https://www.linkedin.com/feed/update/urn:li:activity:7497918214878978048/,https://www.linkedin.com/company/truvio-official/posts/
Truvio,28,2026-08-24 14:00,Truvio is heading to Columbus for DynamicsCon Regional: Ohio Valley!,23,1,2,26,Image,Truvio,https://www.linkedin.com/feed/update/urn:li:activity:7497653978923696129/,https://www.linkedin.com/company/truvio-official/posts/
Truvio,29,2026-08-24 08:39,We're proud to sponsor the 4PS Customer Day 2026! 🏗️,28,3,1,32,Image,Truvio,https://www.linkedin.com/feed/update/urn:li:activity:7497573188978118656/,https://www.linkedin.com/company/truvio-official/posts/
Truvio,30,2026-08-21 07:30,"Running, walking and cheering each other on 🏃‍♀️👏",80,0,1,81,Multi-image (3),Truvio,https://www.linkedin.com/feed/update/urn:li:activity:7496468884510789632/,https://www.linkedin.com/company/truvio-official/posts/
Truvio,31,2026-08-20 18:17,🌴 One last conversation before we officially close out summer.,15,0,3,18,Image,Truvio,https://www.linkedin.com/feed/update/urn:li:activity:7496269124956913664/,https://www.linkedin.com/company/truvio-official/posts/
Truvio,32,2026-08-20 09:26,"AI er allerede ved at ændre den måde, B2B-kunder finder, sammenligner og vælger produkter på.",16,0,1,17,Image,Truvio,https://www.linkedin.com/feed/update/urn:li:activity:7496135681115860994/,https://www.linkedin.com/company/truvio-official/posts/
Truvio,33,2026-08-20 08:00,The Commerce Product Brief is already next week 👀,17,0,5,22,Image,Truvio,https://www.linkedin.com/feed/update/urn:li:activity:7496113825079918592/,https://www.linkedin.com/company/truvio-official/posts/
Truvio,34,2026-08-19 17:40,Remember when waiting was just part of the process?,25,0,4,29,Event,Truvio,https://www.linkedin.com/feed/update/urn:li:activity:7495897408086851584/,https://www.linkedin.com/company/truvio-official/posts/
Truvio,35,2026-08-19 07:30,Nine steps. Zero manual touchpoints. ✅,16,0,4,20,Image,Truvio,https://www.linkedin.com/feed/update/urn:li:activity:7495744057663631360/,https://www.linkedin.com/company/truvio-official/posts/
Truvio,36,2026-08-18 20:00,A little sneak peek at what’s coming next to Truvio Talks… ⏪📼,19,0,4,23,Image,Truvio,https://www.linkedin.com/feed/update/urn:li:activity:7495570246632775680/,https://www.linkedin.com/company/truvio-official/posts/
Truvio,37,2026-08-18 17:16,Only 2 more days until the next episode of Truvio Talks! ☀️🎙️,3,0,0,3,Event,Truvio,https://www.linkedin.com/feed/update/urn:li:activity:7495529000841420801/,https://www.linkedin.com/company/truvio-official/posts/
Truvio,38,2026-08-18 09:00,"When you're in the middle of a complex ERP transformation, a smooth implementation can make a real difference.",18,0,0,18,Image,Truvio,https://www.linkedin.com/feed/update/urn:li:activity:7495404151665905664/,https://www.linkedin.com/company/truvio-official/posts/
Truvio,39,2026-08-18 07:01,"Vi glæder os til at være med, når Computerworld Events sætter fokus på vejen videre fra Dynamics AX den 25. august i Køge.",23,0,1,24,Image,Truvio,https://www.linkedin.com/feed/update/urn:li:activity:7495374176422113280/,https://www.linkedin.com/company/truvio-official/posts/
Truvio,40,2026-08-17 11:48,Hylke Britstra is taking the stage at Directions for Enterprise 2026 in Copenhagen.,28,0,2,30,Image,Truvio,https://www.linkedin.com/feed/update/urn:li:activity:7495084086164627457/,https://www.linkedin.com/company/truvio-official/posts/
Truvio,41,2026-08-14 18:34,"☀️ Summer isn’t over yet, and neither is your chance to win!",16,0,5,21,Image,Truvio,https://www.linkedin.com/feed/update/urn:li:activity:7494099208589774848/,https://www.linkedin.com/company/truvio-official/posts/
Truvio,42,2026-08-14 01:00,"We’re excited to share that Truvio is a Gold Sponsor at Days of Knowledge - ANZ 2026, taking place on 3–4 September in Melbourne.",19,0,3,22,Image,Truvio,https://www.linkedin.com/feed/update/urn:li:activity:7493833803094994944/,https://www.linkedin.com/company/truvio-official/posts/
Truvio,43,2026-08-13 12:45,"This year I started working for Truvio, currently focusing on the ExFlow AP module in D365FO.",128,6,11,145,Image,Hylke Britstra,https://www.linkedin.com/feed/update/urn:li:activity:7493648978950123520/,https://www.linkedin.com/company/truvio-official/posts/
Truvio,44,2026-08-13 12:30,Manual payments cost more than money.,27,0,5,32,Image,Truvio,https://www.linkedin.com/feed/update/urn:li:activity:7493645057619566592/,https://www.linkedin.com/company/truvio-official/posts/
Truvio,45,2026-08-12 11:05,Less than one month to go until Truvio Commerce Partner Days 2026!,27,0,2,29,Image,Truvio,https://www.linkedin.com/feed/update/urn:li:activity:7493261372697444352/,https://www.linkedin.com/company/truvio-official/posts/
Truvio,46,2026-08-11 12:31,"Tomorrow, new EU packaging rules begin to apply.",16,0,7,23,Image,Truvio,https://www.linkedin.com/feed/update/urn:li:activity:7492920578803220480/,https://www.linkedin.com/company/truvio-official/posts/
Truvio,47,2026-08-10 02:00,"This week, we’re hosting two APJ Partner Training sessions for D365 F&O partners.",14,0,3,17,Image,Truvio,https://www.linkedin.com/feed/update/urn:li:activity:7492399403820007424/,https://www.linkedin.com/company/truvio-official/posts/
Truvio,48,2026-08-07 08:00,Truvio is heading to Directions for Enterprise 2026 in Copenhagen!,52,2,2,56,Image,Truvio,https://www.linkedin.com/feed/update/urn:li:activity:7491402783993290752/,https://www.linkedin.com/company/truvio-official/posts/
Truvio,49,2026-08-06 18:48,"☀️ Summer may be winding down, but there's still time to make your finance operations more resilient. 🌴",8,0,2,10,Image,Truvio,https://www.linkedin.com/feed/update/urn:li:activity:7491203629517987840/,https://www.linkedin.com/company/truvio-official/posts/
Truvio,50,2026-08-06 08:31,A 4.65/5 score is one thing. Understanding what drives enterprise fit is another.,30,0,9,39,Image,Truvio,https://www.linkedin.com/feed/update/urn:li:activity:7491048167564726273/,https://www.linkedin.com/company/truvio-official/posts/
Equisys,1,2026-09-15 09:56,Join us as our panel of product experts and support specialists answer your Zetadocs Capture and Zetadocs Expenses-related questions live during our 'Ask Us Anything' webinars!,3,0,7,10,Image,Equisys,https://www.linkedin.com/feed/update/urn:li:activity:7505565286411063296/,https://www.linkedin.com/company/equisys/posts/
Equisys,2,2026-09-08 11:30,"Whether you're just starting to consider a change to your processes or actively assessing solutions, our resource center has all the tools you need to evaluate AP automation, expense management and document management on Business Central.",1,0,3,4,Image,Equisys,https://www.linkedin.com/feed/update/urn:li:activity:7503052041250934806/,https://www.linkedin.com/company/equisys/posts/
Equisys,3,2026-09-01 11:30,Join us as our panel of product experts and support specialists answer your Zetadocs Capture and Zetadocs Expenses-related questions live during our 'Ask Us Anything' webinars!,3,0,7,10,Image,Equisys,https://www.linkedin.com/feed/update/urn:li:activity:7500515319464058880/,https://www.linkedin.com/company/equisys/posts/
Equisys,4,2026-08-14 13:00,"Our Implementation Services help Business Central partners deliver faster, smoother Zetadocs projects for their customers with less risk and more predictable outcomes. Read the full article here:",4,0,3,7,Image,Equisys,https://www.linkedin.com/feed/update/urn:li:activity:7494015007639334912/,https://www.linkedin.com/company/equisys/posts/
Equisys,5,2026-07-28 09:25,"Manage your documents more effectively, rather than just storing them in a repository. Discover why Business Central customers choose Zetadocs Capture with SharePoint in this article:",3,0,4,7,Image,Equisys,https://www.linkedin.com/feed/update/urn:li:activity:7487800383118032896/,https://www.linkedin.com/company/equisys/posts/
Equisys,6,2026-07-14 11:30,Cut costs without compromising control 💼,4,0,2,6,Image,Equisys,https://www.linkedin.com/feed/update/urn:li:activity:7482758322664869890/,https://www.linkedin.com/company/equisys/posts/
Equisys,7,2026-07-07 11:45,"With Zetadocs, you can drag and drop supporting documents against a journal entry in Business Central. This provides context or justification for a transaction, with documents instantly accessible on the journal entry or the ledger entry after posting.",4,1,2,7,Image,Equisys,https://www.linkedin.com/feed/update/urn:li:activity:7480225562238685185/,https://www.linkedin.com/company/equisys/posts/
Equisys,8,2026-06-25 11:33,Missed our recent webinar? Catch up now!,6,0,2,8,Video,Equisys,https://www.linkedin.com/feed/update/urn:li:activity:7475873917270822912/,https://www.linkedin.com/company/equisys/posts/
Equisys,9,2026-06-10 09:16,"We're just a few hours away from our webinar, 'Discover THE BEST AP Automation Solution for Business Central'!",0,0,1,1,Image,Equisys,https://www.linkedin.com/feed/update/urn:li:activity:7470403616667947009/,https://www.linkedin.com/company/equisys/posts/
Equisys,10,2026-06-09 14:56,There's less than 24 hours left to register for our webinar - 'Discover THE BEST AP Automation solution for Business Central',2,0,3,5,Image,Equisys,https://www.linkedin.com/feed/update/urn:li:activity:7470126776522788865/,https://www.linkedin.com/company/equisys/posts/
Equisys,11,2026-05-14 12:00,Looking for a smarter way to manage employee expenses and ensure compliant claims? Book a demo of Zetadocs Expenses today:,3,0,3,6,Image,Equisys,https://www.linkedin.com/feed/update/urn:li:activity:7460660212190830592/,https://www.linkedin.com/company/equisys/posts/
Equisys,12,2026-05-07 13:20,"Last week, we had a great time sponsoring Directions North America 2026! Thank you to all that stopped by to chat about Zetadocs and those who entered our competition (the winner will be notified soon!) - we're already looking forward to next year's Directions!",12,0,2,14,Multi-image (4),Equisys,https://www.linkedin.com/feed/update/urn:li:activity:7458143787702243328/,https://www.linkedin.com/company/equisys/posts/
Equisys,13,2026-04-28 08:56,We had an amazing first day at Directions North America and can’t wait to see what day two brings! Be sure to stop by our booth (E-32) to say hello and enter our giveaway for a Meta Quest 3S.,15,0,5,20,Image,Equisys,https://www.linkedin.com/feed/update/urn:li:activity:7454815678991347713/,https://www.linkedin.com/company/equisys/posts/
Equisys,14,2026-04-23 15:08,"We’ll be in Orlando, Florida next week for Directions North America, and we’d love to say hello. Drop by booth E-32 to meet the team, ask questions, and see what’s new. Plus, we’re giving away a Meta Quest 3S - visit our booth to enter!",5,0,3,8,Image,Equisys,https://www.linkedin.com/feed/update/urn:li:activity:7453097367190401024/,https://www.linkedin.com/company/equisys/posts/
Equisys,15,2026-04-15 09:00,"We're headed to Directions in Orlando, Florida in 2 weeks✈️",6,0,4,10,Image,Equisys,https://www.linkedin.com/feed/update/urn:li:activity:7450105668079927296/,https://www.linkedin.com/company/equisys/posts/
Equisys,16,2026-04-01 14:35,"Deliver smarter, not harder!",2,0,0,2,Image,Equisys,https://www.linkedin.com/feed/update/urn:li:activity:7445116539613175808/,https://www.linkedin.com/company/equisys/posts/
Equisys,17,2026-03-27 15:27,We're delighted to be part of this exciting event that takes an in-depth look at AP Automation options for Microsoft Dynamics 365 Business Central.,3,0,1,4,Image,Equisys,https://www.linkedin.com/feed/update/urn:li:activity:7443317734987345920/,https://www.linkedin.com/company/equisys/posts/
Equisys,18,2026-03-18 13:45,"Zetadocs Expenses offers a smooth expense workflow right out-of-the-box, with minimal training required for both finance teams and the submitters.",4,0,1,5,Image,Equisys,https://www.linkedin.com/feed/update/urn:li:activity:7440030525597220865/,https://www.linkedin.com/company/equisys/posts/
Equisys,19,2026-03-11 11:27,It's not too late to reserve your space on today's Lunch & Learn event!,3,0,5,8,Image,Equisys,https://www.linkedin.com/feed/update/urn:li:activity:7437459098012631040/,https://www.linkedin.com/company/equisys/posts/
Equisys,20,2026-03-10 10:23,It's not too late - join a Lunch & Learn event this week to learn how to get even more out of your Zetadocs investment. Book your place now via the links:,3,0,2,5,Image,Equisys,https://www.linkedin.com/feed/update/urn:li:activity:7437080598629793792/,https://www.linkedin.com/company/equisys/posts/
Equisys,21,2026-03-06 13:49,Our Lunch & Learn series starts next week! Are you registered yet? Each session will last around 15 minutes and is designed to demonstrate tricks and tips to help existing Zetadocs customers get more from their investment. Sign up now via the links below:,0,0,1,1,Image,Equisys,https://www.linkedin.com/feed/update/urn:li:activity:7435682886860673024/,https://www.linkedin.com/company/equisys/posts/
Equisys,22,2026-03-02 15:30,Looking forward to being part of this great event!,1,0,0,1,Image,Equisys,https://www.linkedin.com/feed/update/urn:li:activity:7434258762414338049/,https://www.linkedin.com/company/equisys/posts/
Equisys,23,2026-02-26 15:27,"Looking for an expense management solution built for Business Central, ready to go straight away? Look no further than Zetadocs Expenses.",7,0,2,9,Image,Equisys,https://www.linkedin.com/feed/update/urn:li:activity:7432808568292204545/,https://www.linkedin.com/company/equisys/posts/
Equisys,24,2026-01-28 16:15,"Even the most well-written expense policies can prove difficult to enforce across a company. This whitepaper discusses the hurdles finance teams face when it comes to policy enforcement and compliance, and how expense management solutions offer the answer.",7,0,4,11,Image,Equisys,https://www.linkedin.com/feed/update/urn:li:activity:7422311288229396481/,https://www.linkedin.com/company/equisys/posts/
Equisys,25,2026-01-20 15:43,"See how Zetadocs can transform the way you work. Book a demo today to explore any of our AP automation, document management or expense management solutions in action.",6,0,4,10,Image,Equisys,https://www.linkedin.com/feed/update/urn:li:activity:7419404126649769985/,https://www.linkedin.com/company/equisys/posts/
Equisys,26,2026-01-14 10:35,"The future of accounts payable is automated. Explore expert perspectives on how AI and accounting technology will drive efficiency, accuracy and better decision-making in 2026 in this article. Read here:",2,0,0,2,Article/Link,Equisys,https://www.linkedin.com/feed/update/urn:li:activity:7417152357836201984/,https://www.linkedin.com/company/equisys/posts/
Equisys,27,2026-01-13 13:02,Zetadocs Delivery helps finance teams spend less time on admin and more time on what really matters. Learn more about how it could help save your team time & money here:,3,0,2,5,Image,Equisys,https://www.linkedin.com/feed/update/urn:li:activity:7416827007893700608/,https://www.linkedin.com/company/equisys/posts/
Equisys,28,2026-01-08 15:03,Learn how to build a clear travel and entertainment expenses policy that's easy to consistently enforce in this blog post:,1,0,1,2,Image,Equisys,https://www.linkedin.com/feed/update/urn:li:activity:7415045518608969728/,https://www.linkedin.com/company/equisys/posts/
Equisys,29,2026-01-07 15:53,"Still chasing approvals and fixing errors? AP automation removes bottlenecks, speeds up approvals and helps teams scale without the stress.",0,0,0,0,Article/Link,Equisys,https://www.linkedin.com/feed/update/urn:li:activity:7414695566208811009/,https://www.linkedin.com/company/equisys/posts/
Equisys,30,2025-12-10 16:17,"Many employees feel unsure about what they can expense, even if upper management think they have a clear expense policy. Solutions like Zetadocs Expenses help remove that confusion and keep everyone compliant by flagging up any discrepancies in real-time.",1,0,1,2,Image,Equisys,https://www.linkedin.com/feed/update/urn:li:activity:7404554818054422528/,https://www.linkedin.com/company/equisys/posts/
Equisys,31,2025-12-05 13:48,"AI in ERP is accelerating fast, and ISVs are leading the way with practical, real-world innovations. Read this article to find out why AI-driven ISV solutions, like Zetadocs, are becoming even more crucial for efficient, future-proof financial processes:",3,0,2,5,Article/Link,Equisys,https://www.linkedin.com/feed/update/urn:li:activity:7402705536359571457/,https://www.linkedin.com/company/equisys/posts/
Equisys,32,2025-11-26 14:54,This month we're celebrating 15 years of the Equisys blog! Here’s some of the highlights from along the way,3,0,1,4,Document/Carousel (PDF),Equisys,https://www.linkedin.com/feed/update/urn:li:activity:7399460639901130752/,https://www.linkedin.com/company/equisys/posts/
Equisys,33,2025-11-14 15:57,Accounting teams in the manufacturing industry (and beyond) are facing challenges with manual AP workflows. Check out this article on why automating AP is a game-changer across industries:,1,0,0,1,Article/Link,Equisys,https://www.linkedin.com/feed/update/urn:li:activity:7395127780033789953/,https://www.linkedin.com/company/equisys/posts/
Equisys,34,2025-11-06 15:37,"Thank you to all who stopped by our booth at Directions #EMEA2025! Our team have had a great few days in Poznan, and loved chatting with everyone who came by. Stay tuned as we announce our competition winner for the Meta Quest 3S in the next few days!",11,0,2,13,Image,Equisys,https://www.linkedin.com/feed/update/urn:li:activity:7392223608443674624/,https://www.linkedin.com/company/equisys/posts/
Equisys,35,2025-11-05 14:35,Our team is really enjoying the informative sessions and great conversations happening at Directions #EMEA2025. Come say hello at booth B-13 today to discover what’s new with Zetadocs and enter our competition to win a Meta Quest 3S!,1,0,0,1,Image,Equisys,https://www.linkedin.com/feed/update/urn:li:activity:7391845502817837056/,https://www.linkedin.com/company/equisys/posts/
Equisys,36,2025-11-04 11:50,We're delighted to be at Directions #EMEA2025 in Poznan! Be sure to come and visit our team at booth B-13 to discover the latest news about Zetadocs and enter our competition to win a Meta Quest 3S!,23,0,5,28,Image,Equisys,https://www.linkedin.com/feed/update/urn:li:activity:7391441694900256768/,https://www.linkedin.com/company/equisys/posts/
Equisys,37,2025-10-22 12:28,"We're excited to be heading to Directions EMEA next week! If you're attending, we'd love to connect and show you how Zetadocs can simplify AP automation, expense management and document automation. Learn more in this blog post: https://lnkd.in/ewbSU5-C",14,0,7,21,Image,Equisys,https://www.linkedin.com/feed/update/urn:li:activity:7386740316340645889/,https://www.linkedin.com/company/equisys/posts/
Equisys,38,2025-10-17 14:50,"It's almost time for Demo Week! From October 20–24, we're offering live, personalized demos of our expense management solution. This is a great opportunity to see how Zetadocs Expenses can make your expense management a breeze. To book your demo, click here: https://lnkd.in/ecZfBV6R",3,0,2,5,Image,Equisys,https://www.linkedin.com/feed/update/urn:li:activity:7384963993129472000/,https://www.linkedin.com/company/equisys/posts/
Equisys,39,2025-09-25 14:30,Join us for our webinar!,0,0,1,1,Article/Link,Equisys,https://www.linkedin.com/feed/update/urn:li:activity:7376986386958295041/,https://www.linkedin.com/company/equisys/posts/
Equisys,40,2025-09-25 11:24,We're delighted to partner with Z9Works Inc. and look forward to helping your customers!,0,0,0,0,Image,Equisys,https://www.linkedin.com/feed/update/urn:li:activity:7376939640907382784/,https://www.linkedin.com/company/equisys/posts/
Medius,1,2026-09-21 06:09,Optimera's AP team processes invoices without touching them. End to end.,12,0,0,12,Image,Medius,https://www.linkedin.com/feed/update/urn:li:activity:7507682347711090689/,https://www.linkedin.com/company/medius/posts/
Medius,2,2026-09-18 06:30,"On September 24, Armella Kabel, SVP of Global Customer Success, is walking Medius Elevate customers through everything that's new, how other teams are putting it to work, and how to make sure your investment is delivering everything it was designed to. 30 minutes. Live. Questions welcome throughout.",32,0,6,38,Image,Medius,https://www.linkedin.com/feed/update/urn:li:activity:7506600494077816832/,https://www.linkedin.com/company/medius/posts/
Medius,3,2026-09-17 13:33,"There’s still time to register for JDE INFOCUS 2026, kicking off September 21 – 23 in Denver, Colorado.",11,0,3,14,Article/Link,Medius,https://www.linkedin.com/feed/update/urn:li:activity:7506344534403002368/,https://www.linkedin.com/company/medius/posts/
Medius,4,2026-09-16 14:15,"Every quarter, we take a moment to recognize the people who don't just know our values. They show them.",24,0,0,24,Document/Carousel (PDF),Medius,https://www.linkedin.com/feed/update/urn:li:activity:7505992672537477120/,https://www.linkedin.com/company/medius/posts/
Medius,5,2026-09-16 08:15,Great news from Benelux.,286,72,2,360,Image,Medius,https://www.linkedin.com/feed/update/urn:li:activity:7505902045745491968/,https://www.linkedin.com/company/medius/posts/
Medius,6,2026-09-15 13:32,"Today’s finance leaders are coming face-to-face with the AP perception gap. 90% say they're satisfied with their current AP technology, yet 45% of teams still say up to 40% of their invoices are paid late in a typical month, and 96% say late payments have contributed to team stress or burnout.",11,0,1,12,Image,Medius,https://www.linkedin.com/feed/update/urn:li:activity:7505619525279842304/,https://www.linkedin.com/company/medius/posts/
Medius,7,2026-09-14 13:53,Medius is pleased to announce the appointment of Kevin Young the role of Chief Marketing Officer.,114,3,1,118,Image,Medius,https://www.linkedin.com/feed/update/urn:li:activity:7505262448413671424/,https://www.linkedin.com/company/medius/posts/
Medius,8,2026-09-14 08:13,The best conversations don’t always need a stage.,59,3,8,70,Video,Medius,https://www.linkedin.com/feed/update/urn:li:activity:7505176795525083138/,https://www.linkedin.com/company/medius/posts/
Medius,9,2026-09-11 05:30,What does it take to truly understand B2B payments?,12,0,1,13,Image,Medius,https://www.linkedin.com/feed/update/urn:li:activity:7504048659550855168/,https://www.linkedin.com/company/medius/posts/
Medius,10,2026-09-09 14:30,We're excited to announce that Medius and Thomson Reuters have extended their partnership to help US finance teams manage taxes.,118,0,28,146,Image,Medius,https://www.linkedin.com/feed/update/urn:li:activity:7503459817491955712/,https://www.linkedin.com/company/medius/posts/
Medius,11,2026-09-07 10:57,"“Within the first days of France's e-invoicing mandate, thousands of invoices have already been processed through the Medius Approved Platform, with numbers growing rapidly. We know this has been a journey for our customers to prepare for this mandate. Thank you for working with Medius. We are fully committed to supporting you throughout this transition.”",44,0,10,54,Image,Medius,https://www.linkedin.com/feed/update/urn:li:activity:7502681502728601600/,https://www.linkedin.com/company/medius/posts/
Medius,12,2026-09-04 17:44,"87% of finance leaders have personally ignored a small expense, reimbursement, or claim they believed was fraudulent.",10,0,1,11,Document/Carousel (PDF),Medius,https://www.linkedin.com/feed/update/urn:li:activity:7501696715742351362/,https://www.linkedin.com/company/medius/posts/
Medius,13,2026-09-03 12:15,Managing expenses across a large organization is no small task.,24,0,1,25,Document/Carousel (PDF),Medius,https://www.linkedin.com/feed/update/urn:li:activity:7501251415520993280/,https://www.linkedin.com/company/medius/posts/
Medius,14,2026-09-02 13:31,"Are you a leader in finance, tax, tech, or compliance? We've got the perfect event for you bringing together two industry frontrunners.",22,0,2,24,Image,Medius,https://www.linkedin.com/feed/update/urn:li:activity:7500908195511578624/,https://www.linkedin.com/company/medius/posts/
Medius,15,2026-09-02 05:45,We’re thrilled to announce that Medius has earned three prestigious G2 badges in the Fall 2026 reports! These accolades recognize the exceptional value and impact Medius is delivering for customers across industries.,38,1,9,48,Image,Medius,https://www.linkedin.com/feed/update/urn:li:activity:7500790878840664064/,https://www.linkedin.com/company/medius/posts/
Medius,16,2026-09-01 17:27,Finance leaders know fraud when they see it. But what happens when the line gets easier to cross?,2,0,0,2,Poll,Medius,https://www.linkedin.com/feed/update/urn:li:activity:7500605341773025280/,https://www.linkedin.com/company/medius/posts/
Medius,17,2026-08-31 06:22,September is a good month to sort out AP.,14,0,3,17,Document/Carousel (PDF),Medius,https://www.linkedin.com/feed/update/urn:li:activity:7500075470428991488/,https://www.linkedin.com/company/medius/posts/
Medius,18,2026-08-27 13:50,"Not sure which AP automation features actually matter, and which are just on the checklist for show?",8,0,2,10,Image,Medius,https://www.linkedin.com/feed/update/urn:li:activity:7498738675896385536/,https://www.linkedin.com/company/medius/posts/
Medius,19,2026-08-25 15:39,Medius’ Financial Census 2026 is officially here.,40,0,15,55,Document/Carousel (PDF),Medius,https://www.linkedin.com/feed/update/urn:li:activity:7498041306196135936/,https://www.linkedin.com/company/medius/posts/
Medius,20,2026-08-24 13:30,"Join the Medius team at the upcoming inPOWER User Conference, taking place September 14-17 in Pewaukee, Wisconsin.",13,1,1,15,Image,Medius,https://www.linkedin.com/feed/update/urn:li:activity:7497646475758157824/,https://www.linkedin.com/company/medius/posts/
Medius,21,2026-08-21 16:12,"What better way to close out the week than with a new edition of MediusExplains? Today, we're discussing the 5 signs your AP process is costing you spend visibility.",13,0,3,16,Document/Carousel (PDF),Medius,https://www.linkedin.com/feed/update/urn:li:activity:7496600050375176192/,https://www.linkedin.com/company/medius/posts/
Medius,22,2026-08-20 13:30,"Mark your calendars! Our Top Tips in Action live interactive webinar is coming up on September 9, 10:00 - 10:30 AM ET.",12,0,4,16,Image,Medius,https://www.linkedin.com/feed/update/urn:li:activity:7496196895950934016/,https://www.linkedin.com/company/medius/posts/
Medius,23,2026-08-19 11:49,Invoices processed in one day.,26,0,9,35,Image,Medius,https://www.linkedin.com/feed/update/urn:li:activity:7495809285231308800/,https://www.linkedin.com/company/medius/posts/
Medius,24,2026-08-18 13:15,What are the most common causes of late payments in B2B?,6,0,0,6,Article/Link,Medius,https://www.linkedin.com/feed/update/urn:li:activity:7495468528150568961/,https://www.linkedin.com/company/medius/posts/
Medius,25,2026-08-17 13:30,"Medius will be at JDE INFOCUS 2026, taking place September 21-23 in Denver, Colorado. This three-day event will join the JD Edwards community for hands-on learning, practical insights, and real connections.",16,0,0,16,Image,Medius,https://www.linkedin.com/feed/update/urn:li:activity:7495109706479218688/,https://www.linkedin.com/company/medius/posts/
Medius,26,2026-08-13 11:45,A failed invoice match in manufacturing isn't just an AP problem.,7,0,2,9,Article/Link,Medius,https://www.linkedin.com/feed/update/urn:li:activity:7493633738174742530/,https://www.linkedin.com/company/medius/posts/
Medius,27,2026-08-12 14:30,58% of AP teams are already using or piloting AI. The other 42% are watching the gap widen.,12,0,1,13,Image,Medius,https://www.linkedin.com/feed/update/urn:li:activity:7493312928813719553/,https://www.linkedin.com/company/medius/posts/
Medius,28,2026-08-11 13:30,Join us on August 26 for our Explore Medius: Compliance & E-invoicing live webinar.,68,0,5,73,Image,Medius,https://www.linkedin.com/feed/update/urn:li:activity:7492935358167347201/,https://www.linkedin.com/company/medius/posts/
Medius,29,2026-08-10 13:30,Duplicate payments in retail don't usually look like duplicates.,7,0,0,7,Article/Link,Medius,https://www.linkedin.com/feed/update/urn:li:activity:7492573025675157504/,https://www.linkedin.com/company/medius/posts/
Medius,30,2026-08-06 13:30,"Join us on August 20 for our Medius Momentum: Q3 2026 Product Update, a live webinar featuring our own Graeme Chard, SVP, Product Marketing, as he provides an update on the Q3 product roadmap for the Medius platform including new Medius AI agents plus new solutions for compliance and tax and more.",35,2,4,41,Image,Medius,https://www.linkedin.com/feed/update/urn:li:activity:7491123449978015744/,https://www.linkedin.com/company/medius/posts/
Medius,31,2026-08-04 12:15,Most enterprise finance teams aren't waiting on budget to modernize AP. They're waiting on IT. And IT is waiting on the ERP.,5,1,0,6,Image,Medius,https://www.linkedin.com/feed/update/urn:li:activity:7490379801422180353/,https://www.linkedin.com/company/medius/posts/
Medius,32,2026-08-04 09:30,"⚙️Great Northern Equipment: small team, big efficiency gains",33,0,10,43,Image,Medius,https://www.linkedin.com/feed/update/urn:li:activity:7490338242291089408/,https://www.linkedin.com/company/medius/posts/
Medius,33,2026-07-31 14:00,We had a great time this week at the Microsoft AI Business Solutions Partner Executive Summit.,63,0,1,64,Multi-image (4),Medius,https://www.linkedin.com/feed/update/urn:li:activity:7488956699341660160/,https://www.linkedin.com/company/medius/posts/
Medius,34,2026-07-29 17:30,AP fraud doesn't announce itself. It hides in duplicate invoices and last-minute bank account changes.,6,0,0,6,Article/Link,Medius,https://www.linkedin.com/feed/update/urn:li:activity:7488284719449739264/,https://www.linkedin.com/company/medius/posts/
Medius,35,2026-07-29 11:30,"The accounts payable process covers a lot of ground: purchase orders, invoice capture, three-way matching, approvals, payment scheduling, and record-keeping. Each step has to work for the whole cycle to run cleanly.",12,0,3,15,Article/Link,Medius,https://www.linkedin.com/feed/update/urn:li:activity:7488194155492478976/,https://www.linkedin.com/company/medius/posts/
Medius,36,2026-07-28 15:30,Still chasing invoice approvals and manually keying payments? There's a live demo for that.,11,0,4,15,Image,Medius,https://www.linkedin.com/feed/update/urn:li:activity:7487892173103738880/,https://www.linkedin.com/company/medius/posts/
Medius,37,2026-07-27 09:30,🏗️ Innovation meets efficiency: Marshalls plc’s AP automation journey,18,0,3,21,Image,Medius,https://www.linkedin.com/feed/update/urn:li:activity:7487439141299830784/,https://www.linkedin.com/company/medius/posts/
Medius,38,2026-07-22 18:06,We’re excited to return with a new edition of our MediusAsks series. This series invites our team of experts at Medius to share their insights on the topics and trends shaping today’s global finance and technology sectors.,20,0,1,21,Video,Medius,https://www.linkedin.com/feed/update/urn:li:activity:7485757066792316929/,https://www.linkedin.com/company/medius/posts/
Medius,39,2026-07-22 06:45,The industry average for invoice cycle time is 8.2 days.,11,0,1,12,Article/Link,Medius,https://www.linkedin.com/feed/update/urn:li:activity:7485585679586897920/,https://www.linkedin.com/company/medius/posts/
Medius,40,2026-07-21 06:30,"In the food and beverage industry, fast-moving operations require real-time invoicing and tight delivery schedules.",7,0,0,7,Image,Medius,https://www.linkedin.com/feed/update/urn:li:activity:7485219532903632897/,https://www.linkedin.com/company/medius/posts/
Medius,41,2026-07-16 13:45,"Choosing AP solutions can be as complex and confusing as managing AP itself, but we think analysis like this from Gartner® can help clarify which solution might be right for you.",34,0,6,40,Image,Medius,https://www.linkedin.com/feed/update/urn:li:activity:7483517063592824833/,https://www.linkedin.com/company/medius/posts/
Medius,42,2026-07-15 14:15,"You're already running AP on Medius. Invoices are moving, approvals are flowing, payments are going out.",44,0,6,50,Image,Medius,https://www.linkedin.com/feed/update/urn:li:activity:7483162210786148352/,https://www.linkedin.com/company/medius/posts/
Medius,43,2026-07-14 09:45,🔧 Say goodbye to AP exceptions with intelligent automation,15,0,1,16,Image,Medius,https://www.linkedin.com/feed/update/urn:li:activity:7482731871072747520/,https://www.linkedin.com/company/medius/posts/
Medius,44,2026-07-09 13:45,"The most significant financial leaks in transportation rarely appear on the invoice header. They are buried in the line items—fuel surcharges, demurrage, and accessorial fees that go unverified due to sheer volume.",10,0,0,10,Image,Medius,https://www.linkedin.com/feed/update/urn:li:activity:7480980347174903808/,https://www.linkedin.com/company/medius/posts/
Medius,45,2026-07-08 10:45,"Late payments affect most businesses, even those using e-invoicing.",15,0,2,17,Image,Medius,https://www.linkedin.com/feed/update/urn:li:activity:7480572675447496704/,https://www.linkedin.com/company/medius/posts/
Medius,46,2026-07-07 14:15,Is your payment mix actually working for you — or against you?,13,0,2,15,Image,Medius,https://www.linkedin.com/feed/update/urn:li:activity:7480263107756490752/,https://www.linkedin.com/company/medius/posts/
Medius,47,2026-07-03 06:45,Finance and diplomacy have more in common than you'd think.,138,1,7,146,Multi-image (4),Medius,https://www.linkedin.com/feed/update/urn:li:activity:7478700357691465729/,https://www.linkedin.com/company/medius/posts/
Medius,48,2026-07-02 14:15,"Nobody goes into a finance role thinking ""I can't wait to spend my week managing late payments."" And yet for 52% of European companies, that's the reality.",16,0,1,17,Image,Medius,https://www.linkedin.com/feed/update/urn:li:activity:7478451184362758144/,https://www.linkedin.com/company/medius/posts/
Medius,49,2026-07-01 11:45,💡Thorlux Lighting’s journey to AP excellence,29,0,4,33,Image,Medius,https://www.linkedin.com/feed/update/urn:li:activity:7478051031889678336/,https://www.linkedin.com/company/medius/posts/
Medius,50,2026-06-30 15:30,"Manual exception handling. Fragmented workflows. Decisions made after the fact. If that sounds familiar, you're not alone.",26,1,2,29,Image,Medius,https://www.linkedin.com/feed/update/urn:li:activity:7477745270621933568/,https://www.linkedin.com/company/medius/posts/
Qvalia,1,2026-09-16 10:25,"🇦🇪 We are glad to support the UAE Buyer's Guide to E-Invoicing & Tax Compliance, produced by billentis, The Invoicing Hub, and sharedserviceslink. This independent guide helps organizations choose a technology partner ahead of the UAE invoicing mandate.",37,0,2,39,Image,Qvalia,https://www.linkedin.com/feed/update/urn:li:activity:7505934833659961344/,https://www.linkedin.com/company/qvalia/posts/
Qvalia,2,2026-09-04 08:05,"Peppol for developers: 10 common invoice errors and how to fix them. From recipient IDs and profile mismatches to VAT, rounding, and routing issues, this guide explains where invoices fail and what to check.",8,0,1,9,Image,Qvalia,https://www.linkedin.com/feed/update/urn:li:activity:7501550906727923712/,https://www.linkedin.com/company/qvalia/posts/
Qvalia,3,2026-06-10 08:18,E-invoicing mandates are becoming infrastructure decisions.,5,0,1,6,Image,Qvalia,https://www.linkedin.com/feed/update/urn:li:activity:7470388817791860737/,https://www.linkedin.com/company/qvalia/posts/
Qvalia,4,2026-06-09 06:50,The new Billentis report on the global e-invoicing market is here. 🌐,8,2,0,10,Image,Qvalia,https://www.linkedin.com/feed/update/urn:li:activity:7470004295195734017/,https://www.linkedin.com/company/qvalia/posts/
Qvalia,5,2026-06-01 08:18,Slovakia’s eFaktúra framework is another important step in Europe’s transition toward structured electronic invoicing.,29,0,2,31,Image,Qvalia,https://www.linkedin.com/feed/update/urn:li:activity:7467127330210078722/,https://www.linkedin.com/company/qvalia/posts/
Qvalia,6,2026-05-28 07:08,Qvalia is now certified for Slovakia e-invoicing under the eFaktúra framework.,33,1,6,40,Image,Qvalia,https://www.linkedin.com/feed/update/urn:li:activity:7465660148884291585/,https://www.linkedin.com/company/qvalia/posts/
Qvalia,7,2026-05-12 07:50,"🔃 Qvalia's Business Continuity Management System has now been certified against ISO 22301:2019, the international standard for business continuity planning and organizational resilience.",6,0,1,7,Image,Qvalia,https://www.linkedin.com/feed/update/urn:li:activity:7459872521908281345/,https://www.linkedin.com/company/qvalia/posts/
Qvalia,8,2026-04-30 07:10,🔒 Qvalia is now listed in the Cloud Security Alliance STAR Registry.,8,1,0,9,Image,Qvalia,https://www.linkedin.com/feed/update/urn:li:activity:7455513854815506432/,https://www.linkedin.com/company/qvalia/posts/
Qvalia,9,2026-04-21 07:45,📲 Qvalia is now available on iPhone and Android.,42,5,5,52,Image,Qvalia,https://www.linkedin.com/feed/update/urn:li:activity:7452261177042104321/,https://www.linkedin.com/company/qvalia/posts/
Qvalia,10,2025-12-19 08:34,"In 2025, we expanded Qvalia’s platform across nearly all fronts. Fredrik Forsell highlights the year’s product updates — from new APIs to AI capabilities.",13,1,2,16,Image,Qvalia,https://www.linkedin.com/feed/update/urn:li:activity:7407699784410664961/,https://www.linkedin.com/company/qvalia/posts/
Qvalia,11,2025-12-01 07:19,🌐 [Peppol for developers] How to get started with Peppol API.,9,0,1,10,Image,Qvalia,https://www.linkedin.com/feed/update/urn:li:activity:7401157892222922752/,https://www.linkedin.com/company/qvalia/posts/
Qvalia,12,2025-11-21 07:22,"👉 Belgium mandates #Peppol e-invoicing for most B2B transactions on January 1, 2026. Our guide covers all you need to know and how to comply in 5 minutes: https://qvl.ai/44dyy8Q",9,0,1,10,Image,Qvalia,https://www.linkedin.com/feed/update/urn:li:activity:7397534958996750336/,https://www.linkedin.com/company/qvalia/posts/
Qvalia,13,2025-11-13 13:02,"🌐 The 2026 Peppol country guide — full list, status, and coverage map. Learn where #Peppol is available, national connectivity, and more",14,0,0,14,Image,Qvalia,https://www.linkedin.com/feed/update/urn:li:activity:7394721214583193601/,https://www.linkedin.com/company/qvalia/posts/
Qvalia,14,2025-10-16 14:47,Thank you to everyone who joined today’s webinar with Julius Nilsson from Docupath and Henri Taipale on #IDP — Intelligent Document Processing — and how it supports AI-readiness across business processes.,29,3,3,35,Multi-image (2),Qvalia,https://www.linkedin.com/feed/update/urn:li:activity:7384600983856742400/,https://www.linkedin.com/company/qvalia/posts/
Qvalia,15,2025-10-07 12:00,[Upcoming webinar] AI-ready finance with Intelligent Document Processing,25,0,7,32,Image,Qvalia,https://www.linkedin.com/feed/update/urn:li:activity:7381297311949336576/,https://www.linkedin.com/company/qvalia/posts/
Qvalia,16,2025-09-24 13:34,Great day at Qvalia together with our friends from Amazon Web Services (AWS).,81,3,8,92,Image,Qvalia,https://www.linkedin.com/feed/update/urn:li:activity:7376610103166197760/,https://www.linkedin.com/company/qvalia/posts/
Qvalia,17,2025-09-24 06:23,"Connect is more than digital invoicing. It’s your gateway to automation, compliance, and smarter financial management.",4,1,0,5,Article/Link,Qvalia,https://www.linkedin.com/feed/update/urn:li:activity:7376501398773010432/,https://www.linkedin.com/company/qvalia/posts/
AMC Banking,1,2026-09-15 08:30,🌍 More banks. More markets. More coverage.,9,0,0,9,Article/Link,AMC Banking,https://www.linkedin.com/feed/update/urn:li:activity:7505543652060901376/,https://www.linkedin.com/company/amc-banking/posts/
AMC Banking,2,2026-09-07 11:46,Working with multiple banks shouldn’t mean working with multiple banking processes.,4,0,1,5,Text,AMC Banking,https://www.linkedin.com/feed/update/urn:li:activity:7502693793981186048/,https://www.linkedin.com/company/amc-banking/posts/
AMC Banking,3,2026-08-25 08:01,What do you learn from 30+ years of working with bank integration?,18,1,1,20,Image,AMC Banking,https://www.linkedin.com/feed/update/urn:li:activity:7497926223285673984/,https://www.linkedin.com/company/amc-banking/posts/
AMC Banking,4,2026-08-13 08:55,How many systems does your finance team touch just to make a payment? 👇,12,1,0,13,Article/Link,AMC Banking,https://www.linkedin.com/feed/update/urn:li:activity:7493591110922133504/,https://www.linkedin.com/company/amc-banking/posts/
AMC Banking,5,2026-06-23 10:49,"Before summer kicks off, we wanted to share a small milestone from AMC Banking.",13,2,2,17,Image,AMC Banking,https://www.linkedin.com/feed/update/urn:li:activity:7475138045273374721/,https://www.linkedin.com/company/amc-banking/posts/
AMC Banking,6,2026-06-15 08:31,Your biggest compliance risk might be a process nobody questions anymore,6,0,2,8,Article/Link,AMC Banking,https://www.linkedin.com/feed/update/urn:li:activity:7472204084519968769/,https://www.linkedin.com/company/amc-banking/posts/
AMC Banking,7,2026-06-02 07:30,Thanks to everybody who showed up for the reception in our new building! We are looking forward to show it once we are done renovating it.,29,1,0,30,Multi-image (4),AMC Banking,https://www.linkedin.com/feed/update/urn:li:activity:7467477699570143232/,https://www.linkedin.com/company/amc-banking/posts/
AMC Banking,8,2026-05-18 07:34,You can still register for our reception next week if you would like to swing by and say hi.,0,0,0,0,Event,AMC Banking,https://www.linkedin.com/feed/update/urn:li:activity:7462042992778936320/,https://www.linkedin.com/company/amc-banking/posts/
AMC Banking,9,2026-05-06 13:52,"AMC Banking operates under Service Provider Agreements with selected banks, providing a more structured framework for bank integration and onboarding.",9,0,0,9,Text,AMC Banking,https://www.linkedin.com/feed/update/urn:li:activity:7457789357861732352/,https://www.linkedin.com/company/amc-banking/posts/
AMC Banking,10,2026-04-23 13:32,AMC is expanding and we are currently looking for a java developer.,12,0,3,15,Article/Link,AMC Banking,https://www.linkedin.com/feed/update/urn:li:activity:7453073407216349184/,https://www.linkedin.com/company/amc-banking/posts/
AMC Banking,11,2026-04-15 10:17,Still uploading payment files manually?,6,0,0,6,Article/Link,AMC Banking,https://www.linkedin.com/feed/update/urn:li:activity:7450125207387746304/,https://www.linkedin.com/company/amc-banking/posts/
AMC Banking,12,2026-04-14 07:41,We’re moving and we’d love to celebrate with you.,12,0,1,13,Event,AMC Banking,https://www.linkedin.com/feed/update/urn:li:activity:7449723431580745728/,https://www.linkedin.com/company/amc-banking/posts/
AMC Banking,13,2026-04-08 13:39,The torch has officially been passed 🔥🔑,56,4,1,61,Image,AMC Banking,https://www.linkedin.com/feed/update/urn:li:activity:7447639293805621248/,https://www.linkedin.com/company/amc-banking/posts/
AMC Banking,14,2026-02-16 10:30,"Enterprise treasury demands structure, visibility, and control.",7,0,0,7,Image,AMC Banking,https://www.linkedin.com/feed/update/urn:li:activity:7429109810337447936/,https://www.linkedin.com/company/amc-banking/posts/
AMC Banking,15,2026-02-05 10:30,Bank integration: Myth vs reality,11,0,3,14,Video,AMC Banking,https://www.linkedin.com/feed/update/urn:li:activity:7425123553756282881/,https://www.linkedin.com/company/amc-banking/posts/
AMC Banking,16,2026-02-03 14:15,"The AMC Banking webinar series offers: demos, new features, use cases and Q&A, focused on simplifying cash management in Dynamics 365.",10,0,1,11,Video,AMC Banking,https://www.linkedin.com/feed/update/urn:li:activity:7424455443017641984/,https://www.linkedin.com/company/amc-banking/posts/
AMC Banking,17,2026-01-30 10:19,,4,0,0,4,Document/Carousel (PDF),AMC Banking,https://www.linkedin.com/feed/update/urn:li:activity:7422946553084166144/,https://www.linkedin.com/company/amc-banking/posts/
AMC Banking,18,2026-01-28 10:59,ERP bank integration is rarely ‘plug-and-play’.,23,0,0,23,Image,AMC Banking,https://www.linkedin.com/feed/update/urn:li:activity:7422231777206988800/,https://www.linkedin.com/company/amc-banking/posts/
AMC Banking,19,2025-12-12 09:23,We bought The White House... at Frederiksberg.,30,3,2,35,Article/Link,AMC Banking,https://www.linkedin.com/feed/update/urn:li:activity:7405175559128883200/,https://www.linkedin.com/company/amc-banking/posts/
AMC Banking,20,2025-12-03 12:04,You can still sign up for our webinar tomorrow where we take a deep dive into the capabilities of our brand new Business Central app.,4,0,0,4,Article/Link,AMC Banking,https://www.linkedin.com/feed/update/urn:li:activity:7401954468214489088/,https://www.linkedin.com/company/amc-banking/posts/
AMC Banking,21,2025-11-20 12:28,"Discover our new app designed to simplify and automate cash management directly inside Microsoft Dynamics 365 Business Central. AMC Banking 365 BC centralizes your banking activities, offering intelligent payment matching, global bank connectivity, and an easy, guided setup that requires minimal technical skills.",6,0,0,6,Video,AMC Banking,https://www.linkedin.com/feed/update/urn:li:activity:7397249382703697920/,https://www.linkedin.com/company/amc-banking/posts/
AMC Banking,22,2025-10-28 13:31,"📣 In case you have not yet signed up for our treasury extension webinar about cash sweeping, you can still make it.",5,0,0,5,Article/Link,AMC Banking,https://www.linkedin.com/feed/update/urn:li:activity:7388930410455502848/,https://www.linkedin.com/company/amc-banking/posts/
AMC Banking,23,2025-10-14 12:41,"In this webinar, we’ll take you through how AMC Banking’s",10,0,0,10,Video,AMC Banking,https://www.linkedin.com/feed/update/urn:li:activity:7383844399052521472/,https://www.linkedin.com/company/amc-banking/posts/
B2Brouter,1,2026-09-22 09:01,Choisir une Plateforme Agréée : quels sont les critères qui comptent vraiment ? 🤔,3,0,1,4,Text,B2Brouter,https://www.linkedin.com/feed/update/urn:li:activity:7508088167363678208/,https://www.linkedin.com/company/b2brouter/posts/
B2Brouter,2,2026-09-21 13:34,"Next week, we’re heading to Munich for Bits & Pretzels 2026! 🥨",7,0,2,9,Article/Link,B2Brouter,https://www.linkedin.com/feed/update/urn:li:activity:7507794401448841216/,https://www.linkedin.com/company/b2brouter/posts/
B2Brouter,3,2026-09-18 08:30,"Preparing an ERP, accounting or invoicing platform for German e-invoicing involves much more than supporting a new format. It requires development, validation, testing and a clear strategy for managing evolving compliance requirements.",1,0,0,1,Text,B2Brouter,https://www.linkedin.com/feed/update/urn:li:activity:7506630717343350784/,https://www.linkedin.com/company/b2brouter/posts/
B2Brouter,4,2026-09-17 09:01,German e-invoicing should already be part of your product roadmap. 🇩🇪,3,0,1,4,Text,B2Brouter,https://www.linkedin.com/feed/update/urn:li:activity:7506276198742745088/,https://www.linkedin.com/company/b2brouter/posts/
B2Brouter,5,2026-09-16 09:02,🚨 En dos semanas empieza la cuenta atrás de la factura electrónica B2B en España.,8,2,3,13,Multi-image (4),B2Brouter,https://www.linkedin.com/feed/update/urn:li:activity:7505914054385885187/,https://www.linkedin.com/company/b2brouter/posts/
B2Brouter,6,2026-09-15 11:20,One invoice. Two teams behind it.,32,0,3,35,Document/Carousel (PDF),team.blue,https://www.linkedin.com/feed/update/urn:li:activity:7505586357939920896/,https://www.linkedin.com/company/b2brouter/posts/
B2Brouter,7,2026-09-15 09:02,🇫🇷 La réforme de la facturation électronique est entrée en vigueur il y a deux semaines.,5,0,1,6,Image,B2Brouter,https://www.linkedin.com/feed/update/urn:li:activity:7505551520269221888/,https://www.linkedin.com/company/b2brouter/posts/
B2Brouter,8,2026-09-14 09:02,🎒 Zurück im Büro – bereit für die E-Rechnung?,3,0,0,3,Image,B2Brouter,https://www.linkedin.com/feed/update/urn:li:activity:7505189127080894464/,https://www.linkedin.com/company/b2brouter/posts/
B2Brouter,9,2026-09-14 09:01,🎒 ¡La vuelta al cole llega con un 30% de descuento!,7,0,2,9,Image,B2Brouter,https://www.linkedin.com/feed/update/urn:li:activity:7505189091102093312/,https://www.linkedin.com/company/b2brouter/posts/
B2Brouter,10,2026-09-10 09:02,"Deutsche E-Rechnung: Was sollten Produktteams klären, bevor die Entwicklung startet? 🇩🇪",6,0,1,7,Document/Carousel (PDF),B2Brouter,https://www.linkedin.com/feed/update/urn:li:activity:7503739590260781057/,https://www.linkedin.com/company/b2brouter/posts/
B2Brouter,11,2026-09-09 09:30,"France is only the beginning. For ERP teams, the real challenge isn’t adapting to one e-invoicing mandate. It’s keeping up with France, Germany, Spain and every market that follows, each with its own formats, networks and technical requirements.",3,0,1,4,Text,B2Brouter,https://www.linkedin.com/feed/update/urn:li:activity:7503384247764930560/,https://www.linkedin.com/company/b2brouter/posts/
B2Brouter,12,2026-09-09 09:01,"Si crees que la factura electrónica obligatoria es solo subir un archivo a un portal, te falta una pieza clave del rompecabezas: la interoperabilidad. 🧩",1,0,0,1,Text,B2Brouter,https://www.linkedin.com/feed/update/urn:li:activity:7503377107079675905/,https://www.linkedin.com/company/b2brouter/posts/
B2Brouter,13,2026-09-08 09:01,🚨 Vos clients ne veulent pas changer de logiciel. Ils veulent être conformes sans changer leurs habitudes.,2,0,1,3,Text,B2Brouter,https://www.linkedin.com/feed/update/urn:li:activity:7503014724427612160/,https://www.linkedin.com/company/b2brouter/posts/
B2Brouter,14,2026-09-07 09:02,🚀 Comment intégrer la facturation électronique à son logiciel sans complexifier l’expérience utilisateur ?,10,0,3,13,Article/Link,B2Brouter,https://www.linkedin.com/feed/update/urn:li:activity:7502652387191570432/,https://www.linkedin.com/company/b2brouter/posts/
B2Brouter,15,2026-09-04 08:30,"As France prepares for a major step in its e-invoicing reform, cybersecurity is becoming an increasingly important part of the conversation.",0,0,0,0,Text,B2Brouter,https://www.linkedin.com/feed/update/urn:li:activity:7501557240626311168/,https://www.linkedin.com/company/b2brouter/posts/
B2Brouter,16,2026-09-03 09:01,Was werden Ihre Kunden 2027 von Ihrer Software erwarten? 🇩🇪,0,0,0,0,Text,B2Brouter,https://www.linkedin.com/feed/update/urn:li:activity:7501202793823899649/,https://www.linkedin.com/company/b2brouter/posts/
B2Brouter,17,2026-09-03 07:03,Hito alcanzado: ¡Más de 18 000 empresas francesas confían en @B2Brouter en la red Peppol!,28,7,2,37,Image,Sergio Ramón Ruiz Mahillo,https://www.linkedin.com/feed/update/urn:li:activity:7501173018430259200/,https://www.linkedin.com/company/b2brouter/posts/
B2Brouter,18,2026-09-01 09:02,🚨 Nous y sommes. Le 1er septembre 2026 n’est plus une échéance : c’est aujourd’hui.,9,0,1,10,Document/Carousel (PDF),B2Brouter,https://www.linkedin.com/feed/update/urn:li:activity:7500478125844295680/,https://www.linkedin.com/company/b2brouter/posts/
B2Brouter,19,2026-08-31 09:30,📣 Próximos webinars | Septiembre 2026,3,0,1,4,Image,B2Brouter,https://www.linkedin.com/feed/update/urn:li:activity:7500122911618437122/,https://www.linkedin.com/company/b2brouter/posts/
B2Brouter,20,2026-08-31 09:01,🚀 Upcoming webinars | September 2026,3,0,2,5,Image,B2Brouter,https://www.linkedin.com/feed/update/urn:li:activity:7500115655527133184/,https://www.linkedin.com/company/b2brouter/posts/
B2Brouter,21,2026-08-31 08:09,Diqto s'appuie sur B2Brouter pour la facturation électronique via eDocSync.,10,1,2,13,Image,Diqto - Facture électronique pour artisans et indépendants,https://www.linkedin.com/feed/update/urn:li:activity:7500102536599838720/,https://www.linkedin.com/company/b2brouter/posts/
B2Brouter,22,2026-08-27 09:01,⚙️ J-5 : une facture conforme peut malgré tout échouer si vos données clients sont incorrectes.,5,0,1,6,Text,B2Brouter,https://www.linkedin.com/feed/update/urn:li:activity:7498666058657005568/,https://www.linkedin.com/company/b2brouter/posts/
B2Brouter,23,2026-08-25 09:02,⏳ J-7 en France : attendre de voir ce qui se passe n’est plus une stratégie.,11,2,4,17,Image,B2Brouter,https://www.linkedin.com/feed/update/urn:li:activity:7497941339712524289/,https://www.linkedin.com/company/b2brouter/posts/
B2Brouter,24,2026-08-20 09:02,🔍 La facturation électronique n’est que la moitié de la réforme. Avez-vous préparé votre e-reporting ?,4,4,1,9,Document/Carousel (PDF),B2Brouter,https://www.linkedin.com/feed/update/urn:li:activity:7496129404830633984/,https://www.linkedin.com/company/b2brouter/posts/
B2Brouter,25,2026-08-18 09:01,"⚠️ J-14 avant la réforme : pour les éditeurs de logiciels, le dernier moment est déjà là.",12,7,2,21,Image,B2Brouter,https://www.linkedin.com/feed/update/urn:li:activity:7495404617548177409/,https://www.linkedin.com/company/b2brouter/posts/
B2Brouter,26,2026-08-17 09:02,"Electronic invoicing is accelerating across Europe, and B2Brouter is growing with it. 🌍",5,0,0,5,Article/Link,B2Brouter,https://www.linkedin.com/feed/update/urn:li:activity:7495042297940733953/,https://www.linkedin.com/company/b2brouter/posts/
B2Brouter,27,2026-08-13 12:12,"Ja no hi ha excuses per adoptar la facturació electrònica, queden molt pocs dies i els que segueixen esperant potser no seran a temps de complir amb la legislació.",20,1,2,23,Article/Link,Oriol Bausà,https://www.linkedin.com/feed/update/urn:li:activity:7493640731597684737/,https://www.linkedin.com/company/b2brouter/posts/
B2Brouter,28,2026-08-13 09:01,La réforme française de la facturation électronique ne concerne pas seulement la France. Elle a aussi un impact sur les flux internationaux. 🌍,9,0,1,10,Image,B2Brouter,https://www.linkedin.com/feed/update/urn:li:activity:7493592677385502720/,https://www.linkedin.com/company/b2brouter/posts/
B2Brouter,29,2026-08-12 08:15,"🇫🇷 Si la réforme française paraît simple en septembre, ce ne sera pas parce qu’elle l’est.",0,0,0,0,Text,B2Brouter,https://www.linkedin.com/feed/update/urn:li:activity:7493218500002463744/,https://www.linkedin.com/company/b2brouter/posts/
B2Brouter,30,2026-08-11 09:01,El otro día Aleix Gasset se atrevió a explicarnos en un vídeo de dos minutos qué es FACe y cómo funciona.,4,0,0,4,Article/Link,B2Brouter,https://www.linkedin.com/feed/update/urn:li:activity:7492867906616074240/,https://www.linkedin.com/company/b2brouter/posts/
B2Brouter,31,2026-08-10 11:29,📣 𝗣𝗮𝗿𝘁𝗻𝗲𝗿 𝗔𝗻𝗻𝗼𝘂𝗻𝗰𝗲𝗺𝗲𝗻𝘁: 𝗕𝟮𝗕𝗿𝗼𝘂𝘁𝗲𝗿,10,2,3,15,Image,e-Invoice.app,https://www.linkedin.com/feed/update/urn:li:activity:7492542597207433216/,https://www.linkedin.com/company/b2brouter/posts/
B2Brouter,32,2026-08-10 07:49,Le permier Septembre est prochajn!,7,1,2,10,Article/Link,Oriol Bausà,https://www.linkedin.com/feed/update/urn:li:activity:7492487176849506304/,https://www.linkedin.com/company/b2brouter/posts/
B2Brouter,33,2026-08-06 09:01,🇩🇪 Die E-Rechnung in Deutschland ist bereits Realität – trotzdem halten sich noch einige Missverständnisse.,2,0,0,2,Document/Carousel (PDF),B2Brouter,https://www.linkedin.com/feed/update/urn:li:activity:7491055957133934593/,https://www.linkedin.com/company/b2brouter/posts/
B2Brouter,34,2026-08-05 09:02,🏆 B2Brouter talent stands out in London!,38,0,4,42,Multi-image (3),B2Brouter,https://www.linkedin.com/feed/update/urn:li:activity:7490693809140563968/,https://www.linkedin.com/company/b2brouter/posts/
B2Brouter,35,2026-08-04 09:02,🇫🇷 Comment bien choisir sa Plateforme Agréée avant l’entrée en vigueur de la réforme de la facturation électronique ?,6,0,1,7,Document/Carousel (PDF),B2Brouter,https://www.linkedin.com/feed/update/urn:li:activity:7490331204169293824/,https://www.linkedin.com/company/b2brouter/posts/
B2Brouter,36,2026-08-03 09:44,"Verifactu como el primer paso hacia el despliegue de ViDA, creo que es imprescindible impulsar Verifactu para estar listos para la iniciativa europea.",13,2,1,16,Article/Link,Oriol Bausà,https://www.linkedin.com/feed/update/urn:li:activity:7489979483010248704/,https://www.linkedin.com/company/b2brouter/posts/
B2Brouter,37,2026-07-30 09:02,"SCI, LMNP et facturation électronique : êtes-vous vraiment concerné ? 🏠",6,0,2,8,Article/Link,B2Brouter,https://www.linkedin.com/feed/update/urn:li:activity:7488519274714578944/,https://www.linkedin.com/company/b2brouter/posts/
B2Brouter,38,2026-07-29 09:01,Germany’s e-invoicing rollout is not just a national compliance update. It is part of a much bigger European shift.,8,0,1,9,Text,B2Brouter,https://www.linkedin.com/feed/update/urn:li:activity:7488156812953686016/,https://www.linkedin.com/company/b2brouter/posts/
B2Brouter,39,2026-07-28 09:02,"Tu ERP puede emitir facturas, pero… ¿puede cumplir con las nuevas obligaciones de la Ley Crea y Crece? 👀",8,0,2,10,Document/Carousel (PDF),B2Brouter,https://www.linkedin.com/feed/update/urn:li:activity:7487794547138150402/,https://www.linkedin.com/company/b2brouter/posts/
B2Brouter,40,2026-07-27 09:02,Belgium’s B2B e-invoicing mandate is already in force. 🇧🇪,10,1,2,13,Document/Carousel (PDF),B2Brouter,https://www.linkedin.com/feed/update/urn:li:activity:7487432108429389824/,https://www.linkedin.com/company/b2brouter/posts/
B2Brouter,41,2026-07-24 09:30,La factura electrónica B2B en España ya no es un proyecto de futuro: el momento de prepararse es ahora. ⭐,1,0,0,1,Text,B2Brouter,https://www.linkedin.com/feed/update/urn:li:activity:7486351984275677184/,https://www.linkedin.com/company/b2brouter/posts/
B2Brouter,42,2026-07-23 09:02,Plateforme Agréée ou Solution Compatible ? 🚀,13,4,4,21,Image,B2Brouter,https://www.linkedin.com/feed/update/urn:li:activity:7485982575778443264/,https://www.linkedin.com/company/b2brouter/posts/
B2Brouter,43,2026-07-22 09:12,Can your software support both XRechnung and ZUGFeRD? 🇩🇪,5,0,2,7,Image,B2Brouter,https://www.linkedin.com/feed/update/urn:li:activity:7485622841774821376/,https://www.linkedin.com/company/b2brouter/posts/
B2Brouter,44,2026-07-21 10:00,VeriFactu no es el único gran cambio que viene en España 👀,0,0,0,0,Image,B2Brouter,https://www.linkedin.com/feed/update/urn:li:activity:7485272368173740032/,https://www.linkedin.com/company/b2brouter/posts/
B2Brouter,45,2026-07-21 09:02,🤔 ¿Tienes que enviar todas tus facturas a la AEAT?,5,0,2,7,Document/Carousel (PDF),B2Brouter,https://www.linkedin.com/feed/update/urn:li:activity:7485257863351857152/,https://www.linkedin.com/company/b2brouter/posts/
B2Brouter,46,2026-07-20 09:02,¿Cómo puede un ERP incorporar la facturación electrónica sin asumir toda la complejidad técnica y normativa? 🤔,9,4,1,14,Article/Link,B2Brouter,https://www.linkedin.com/feed/update/urn:li:activity:7484895424160358401/,https://www.linkedin.com/company/b2brouter/posts/
B2Brouter,47,2026-07-17 08:00,"In his latest article, Henrik Möller asks a simple question: if we could rebuild the e-invoicing market from scratch today, what would we do differently?",3,0,0,3,Text,B2Brouter,https://www.linkedin.com/feed/update/urn:li:activity:7483792622466056192/,https://www.linkedin.com/company/b2brouter/posts/
B2Brouter,48,2026-07-16 09:02,La réforme fiscale française ne se limite pas à “envoyer des factures électroniques”. 🏛️,14,0,4,18,Document/Carousel (PDF),B2Brouter,https://www.linkedin.com/feed/update/urn:li:activity:7483446070107287552/,https://www.linkedin.com/company/b2brouter/posts/
B2Brouter,49,2026-07-16 07:23,Meet our Sales Team 👋,9,0,3,12,Document/Carousel (PDF),B2Brouter,https://www.linkedin.com/feed/update/urn:li:activity:7483421106842832896/,https://www.linkedin.com/company/b2brouter/posts/
B2Brouter,50,2026-07-14 09:02,La factura electrónica no va solo de enviar una factura en formato digital.,2,0,1,3,Document/Carousel (PDF),B2Brouter,https://www.linkedin.com/feed/update/urn:li:activity:7482721202222841858/,https://www.linkedin.com/company/b2brouter/posts/
Dooap,1,2026-09-18 16:49,"Herding up our team and headed to Nashville soon for the premiere of ""Club F&SCM"". Will you join us?",4,1,1,6,Image,Dooap,https://www.linkedin.com/feed/update/urn:li:activity:7506756310542065664/,https://www.linkedin.com/company/dooap/posts/
Dooap,2,2026-09-17 18:34,Ina Myllykoski and Sam Bush delivered an action packed 30-minute session about Dooap and Dooap Studio in Montreal with Dynamics User Group (DUG).,21,0,0,21,Multi-image (3),Dooap,https://www.linkedin.com/feed/update/urn:li:activity:7506420423195095040/,https://www.linkedin.com/company/dooap/posts/
Dooap,3,2026-09-15 21:55,"Two continents, one week, zero chill.",43,5,2,50,Image,Dooap,https://www.linkedin.com/feed/update/urn:li:activity:7505746104035045376/,https://www.linkedin.com/company/dooap/posts/
Dooap,4,2026-09-09 18:50,What a great couple of days at #DynamicsCon Regional: Ohio Valley!,40,5,0,45,Image,Dooap,https://www.linkedin.com/feed/update/urn:li:activity:7503525345334247424/,https://www.linkedin.com/company/dooap/posts/
Dooap,5,2026-09-04 14:08,We are hitting the road in a few weeks and headed to Dynamics User Group (DUG) Regional in Montreal. Join Sam Bush and Ina Myllykoski for their session: Meet Your New AP Teammates: AI Agents for Dynamics 365 Finance on September 17th at 1pm.,12,2,1,15,Image,Dooap,https://www.linkedin.com/feed/update/urn:li:activity:7501642410838478848/,https://www.linkedin.com/company/dooap/posts/
Dooap,6,2026-09-02 19:38,Evaluating AP automation for Microsoft Dynamics 365 Finance? The shortlist gets crowded fast — and the options don't all work the same way.,9,0,1,10,Article/Link,Dooap,https://www.linkedin.com/feed/update/urn:li:activity:7501000650630131712/,https://www.linkedin.com/company/dooap/posts/
Dooap,7,2026-08-18 15:29,Dooap Studio has a new home: https://dooapstudio.ai/,10,1,6,17,Image,Dooap,https://www.linkedin.com/feed/update/urn:li:activity:7495502138014625792/,https://www.linkedin.com/company/dooap/posts/
Dooap,8,2026-08-06 18:12,"We're sponsoring Dynamics User Group (DUG) DynamicsCon Regional: Ohio Valley on August 25–26 in Dublin, OH — and our team will be at the Dooap booth the whole time.",9,1,1,11,Image,Dooap,https://www.linkedin.com/feed/update/urn:li:activity:7491194529493078016/,https://www.linkedin.com/company/dooap/posts/
Dooap,9,2026-08-03 19:15,Everyone is talking about AI in finance. Very few are talking about what's actually working.,6,1,1,8,Image,Dooap,https://www.linkedin.com/feed/update/urn:li:activity:7490123141965590530/,https://www.linkedin.com/company/dooap/posts/
Dooap,10,2026-07-29 19:19,Sharing our story of Dooap Studio live from Dynamic Communities AI Business Applications Partner Executive Summit this morning.,26,2,4,32,Video,Dooap,https://www.linkedin.com/feed/update/urn:li:activity:7488312200672124929/,https://www.linkedin.com/company/dooap/posts/
Dooap,11,2026-07-28 15:52,Looking forward to sharing more about Dooa Studio this week at AI Business Solutions Partner Executive Summit.,19,0,0,19,Video,Dooap,https://www.linkedin.com/feed/update/urn:li:activity:7487897903475298304/,https://www.linkedin.com/company/dooap/posts/
Dooap,12,2026-07-21 16:08,We're heading to Copenhagen!,10,0,1,11,Image,Dooap,https://www.linkedin.com/feed/update/urn:li:activity:7485365193951150082/,https://www.linkedin.com/company/dooap/posts/
Dooap,13,2026-07-20 14:48,"Five years in, and she still says it feels new every day.",18,1,0,19,Image,Dooap,https://www.linkedin.com/feed/update/urn:li:activity:7484982480387764227/,https://www.linkedin.com/company/dooap/posts/
Dooap,14,2026-07-17 14:17,"Who is attending Dynamic Communities's AI Business Solutions Partner Executive Summit? Our CEO, Mikko Hytonen, will be chatting with John Siefert about how we brought Dooap Studio to life and how it's revolutionize AP.",30,4,1,35,Image,Dooap,https://www.linkedin.com/feed/update/urn:li:activity:7483887642762305537/,https://www.linkedin.com/company/dooap/posts/
Dooap,15,2026-07-16 13:55,"Every D365 vendor is racing to say ""agentic"" right now. Most are still figuring out what that means in practice.",19,1,4,24,Image,Dooap,https://www.linkedin.com/feed/update/urn:li:activity:7483519748073373697/,https://www.linkedin.com/company/dooap/posts/
Dooap,16,2026-07-07 15:08,"Every AP Manager knows this feeling: you spot the fix, but IT has a three-week queue.",11,0,3,14,Article/Link,Dooap,https://www.linkedin.com/feed/update/urn:li:activity:7480276507207122944/,https://www.linkedin.com/company/dooap/posts/
Dooap,17,2026-07-01 15:10,"Last time we said ""something new is coming,"" we introduced Dooap Studio — agentic AP automation for D365 Finance.",25,0,3,28,Image,Dooap,https://www.linkedin.com/feed/update/urn:li:activity:7478102628753805312/,https://www.linkedin.com/company/dooap/posts/
Dooap,18,2026-06-18 19:35,"Somewhere right now, an AP manager is refreshing their inbox hoping an approval magically appeared.",18,0,2,20,Image,Dooap,https://www.linkedin.com/feed/update/urn:li:activity:7473458422844329984/,https://www.linkedin.com/company/dooap/posts/
Dooap,19,2026-06-18 13:18,We are here and you can find the team and table next to registration. Come chat with us about Agentic AP!,24,2,0,26,Video,Dooap,https://www.linkedin.com/feed/update/urn:li:activity:7473363522626850817/,https://www.linkedin.com/company/dooap/posts/
Dooap,20,2026-06-10 13:38,The Dynamics community is coming to Toronto — and so are we.,16,0,1,17,Image,Dooap,https://www.linkedin.com/feed/update/urn:li:activity:7470469422546255874/,https://www.linkedin.com/company/dooap/posts/
Dooap,21,2026-06-09 19:15,Excited to introduce our latest Dooap Unleashed: Run With Us — Eftsure!,39,2,1,42,Video,Dooap,https://www.linkedin.com/feed/update/urn:li:activity:7470191989318373377/,https://www.linkedin.com/company/dooap/posts/
Dooap,22,2026-06-08 14:12,This is what agentic AP automation looks like.,17,0,6,23,Video,Dooap,https://www.linkedin.com/feed/update/urn:li:activity:7469753292600815617/,https://www.linkedin.com/company/dooap/posts/
Dooap,23,2026-06-04 14:50,Just think of the possibilities with Dooap Studio! Here's one for you.,14,0,1,15,Image,Dooap,https://www.linkedin.com/feed/update/urn:li:activity:7468313154083667968/,https://www.linkedin.com/company/dooap/posts/
Dooap,24,2026-06-03 13:37,AP automation doesn't stop at the invoice. So why should your tech stack?,71,10,3,84,Video,Dooap,https://www.linkedin.com/feed/update/urn:li:activity:7467932443854049281/,https://www.linkedin.com/company/dooap/posts/
Dooap,25,2026-06-01 18:01,We saw a clear shift across #DynamicsCon2026 and #DynamicsMinds2026 this year. The conversation is moving from features to how finance teams actually operate in Microsoft Dynamics 365.,21,0,0,21,Image,Dooap,https://www.linkedin.com/feed/update/urn:li:activity:7467274100789579776/,https://www.linkedin.com/company/dooap/posts/
Dooap,26,2026-05-27 16:39,"Well, that’s a wrap on DynamicsMinds. The Dooap team is heading back through time and space.",70,4,0,74,Multi-image (4),Dooap,https://www.linkedin.com/feed/update/urn:li:activity:7465441559145177094/,https://www.linkedin.com/company/dooap/posts/
Dooap,27,2026-05-26 10:39,Great conversations. Great community.,9,1,0,10,Video,Dooap,https://www.linkedin.com/feed/update/urn:li:activity:7464988638787915776/,https://www.linkedin.com/company/dooap/posts/
Dooap,28,2026-05-25 09:11,"Set up and ready for “Herd your AP with AI Agents”, in Sunset on level 11. Come join us to see agents at work collecting, herding, and making AP happen. DynamicsMinds Anna Tujunen Annika Autonen",28,2,3,33,Image,Dooap,https://www.linkedin.com/feed/update/urn:li:activity:7464604016875024384/,https://www.linkedin.com/company/dooap/posts/
Dooap,29,2026-05-22 19:26,We’re heading to #DynamicsMinds2026 and looking forward to being back with the community.,30,0,1,31,Image,Dooap,https://www.linkedin.com/feed/update/urn:li:activity:7463671619656503297/,https://www.linkedin.com/company/dooap/posts/
Dooap,30,2026-05-22 12:24,The biggest problem in finance isn't the system. It's that nobody trusts it.,21,3,1,25,Video,Dooap,https://www.linkedin.com/feed/update/urn:li:activity:7463565533880332288/,https://www.linkedin.com/company/dooap/posts/
Dooap,31,2026-05-21 13:00,"Transform your AP process with automation built for Dynamics 365 Finance. Capture invoices, automate approvals, and match POs seamlessly, all powered by practical AI.",15,0,0,15,Article/Link,Dooap,https://www.linkedin.com/feed/update/urn:li:activity:7463212123708440576/,https://www.linkedin.com/company/dooap/posts/
Dooap,32,2026-05-21 11:04,Sam Bush live here in Helsinki. The Dooap team is gearing up for DynamicsMinds next week and we have a status update.,66,4,0,70,Video,Dooap,https://www.linkedin.com/feed/update/urn:li:activity:7463182960654024704/,https://www.linkedin.com/company/dooap/posts/
Dooap,33,2026-05-19 17:47,What does AI literacy actually look like for a Dynamics 365 Finance team in 2026?,10,0,1,11,Article/Link,Dooap,https://www.linkedin.com/feed/update/urn:li:activity:7462559537166921728/,https://www.linkedin.com/company/dooap/posts/
Dooap,34,2026-05-13 20:49,Love spending time with our partners all year around. At Dynamics User Group (DUG) with so many! Got to spend some time talking with Ellipse Solutions today about our partnership as well as our soonsorship or their fall event!,9,0,2,11,Video,Dooap,https://www.linkedin.com/feed/update/urn:li:activity:7460431032459128833/,https://www.linkedin.com/company/dooap/posts/
Dooap,35,2026-05-13 17:35,"With AP you have a lot of balls in the air at all times, let Dooap help you herd them with AI!",57,1,2,60,Multi-image (3),Dooap,https://www.linkedin.com/feed/update/urn:li:activity:7460382113092145153/,https://www.linkedin.com/company/dooap/posts/
Dooap,36,2026-05-11 15:32,Run AP with AI agents. Not manual work.,46,6,8,60,Video,Dooap,https://www.linkedin.com/feed/update/urn:li:activity:7459626559054700546/,https://www.linkedin.com/company/dooap/posts/
Dooap,37,2026-05-06 15:40,The AP world is about to change.,21,6,2,29,Image,Dooap,https://www.linkedin.com/feed/update/urn:li:activity:7457816669097398272/,https://www.linkedin.com/company/dooap/posts/
Dooap,38,2026-05-04 14:00,We’re heading to #DynamicsCon in Las Vegas next week!,24,1,3,28,Multi-image (2),Dooap,https://www.linkedin.com/feed/update/urn:li:activity:7457066551268261888/,https://www.linkedin.com/company/dooap/posts/
Dooap,39,2026-04-29 15:11,Welcome to Dooap Unleashed.,15,2,2,19,Video,Dooap,https://www.linkedin.com/feed/update/urn:li:activity:7455272667495993344/,https://www.linkedin.com/company/dooap/posts/
Dooap,40,2026-04-23 19:59,What message would you send to the future? 🚀,40,15,1,56,Video,Dooap,https://www.linkedin.com/feed/update/urn:li:activity:7453170722127925248/,https://www.linkedin.com/company/dooap/posts/
Dooap,41,2026-04-15 09:15,🐑 Still herding invoices manually? What if your AP process could herd itself?,32,0,2,34,Multi-image (2),Dooap,https://www.linkedin.com/feed/update/urn:li:activity:7450109430253404160/,https://www.linkedin.com/company/dooap/posts/
Dooap,42,2026-04-06 14:36,Something new is coming. Stay tuned.,20,1,4,25,Image,Dooap,https://www.linkedin.com/feed/update/urn:li:activity:7446928938054086656/,https://www.linkedin.com/company/dooap/posts/
Dooap,43,2026-03-25 15:00,Join us at the Dynamic Communities Summit NA Roadshow in Vancouver.,16,0,3,19,Multi-image (2),Dooap,https://www.linkedin.com/feed/update/urn:li:activity:7442586096565334016/,https://www.linkedin.com/company/dooap/posts/
Dooap,44,2026-03-10 15:52,Approving invoices shouldn’t keep you tied to your desk.,10,1,3,14,Article/Link,Dooap,https://www.linkedin.com/feed/update/urn:li:activity:7437163375614263296/,https://www.linkedin.com/company/dooap/posts/
Dooap,45,2026-02-19 14:34,We are here and ready to talk about AI and AP for Dynamics 365 Finance in Tampa for the Dynamic Communities roadshow!,49,3,0,52,Image,Dooap,https://www.linkedin.com/feed/update/urn:li:activity:7430258373754798080/,https://www.linkedin.com/company/dooap/posts/
Dooap,46,2026-02-12 20:00,AI is changing Accounts Payable.,14,3,2,19,Image,Dooap,https://www.linkedin.com/feed/update/urn:li:activity:7427803768953655297/,https://www.linkedin.com/company/dooap/posts/
Dooap,47,2026-01-29 08:35,"Sam Bush joins Dooap as Chief Marketing Officer, starting February 1, 2026. She brings in-depth experience in demand generation, partner marketing, and modern go-to-market strategy.",42,12,4,58,Image,Dooap,https://www.linkedin.com/feed/update/urn:li:activity:7422558041457442816/,https://www.linkedin.com/company/dooap/posts/
Dooap,48,2026-01-20 07:36,"AI is no longer “coming” to AP. It’s redefining how finance teams lead, work, and make decisions.",10,1,2,13,Document/Carousel (PDF),Dooap,https://www.linkedin.com/feed/update/urn:li:activity:7419281572404756480/,https://www.linkedin.com/company/dooap/posts/
Dooap,49,2026-01-19 13:23,"Happy 2026 🚀, we're looking forward to meeting y'all in Dallas on Thursday! Scott Schlegel and Mikko Hytonen will be there to brief you on the latest in #APautomation 💯.",9,1,1,11,Image,Dooap,https://www.linkedin.com/feed/update/urn:li:activity:7419006712050954242/,https://www.linkedin.com/company/dooap/posts/
Dooap,50,2026-01-08 18:08,"Invoice approvals shouldn’t be a treasure hunt. With Dooap, your workflows adapt to your business, not the other way around.",10,0,2,12,Video,Dooap,https://www.linkedin.com/feed/update/urn:li:activity:7415091937071857664/,https://www.linkedin.com/company/dooap/posts/
Yavrio,1,2026-09-21 15:43,The team are getting ready to fly to Copenhagen next week - and this is one we’ve been looking forward to for a while.,68,16,2,86,Image,Yavrio,https://www.linkedin.com/feed/update/urn:li:activity:7507826794398609408/,https://www.linkedin.com/company/yavrio/posts/
Yavrio,2,2026-09-16 17:52,"Open House 02 is in full swing at our Paddington HQ, and the office hasn't been this busy since, well, Open House 01.",79,6,3,88,Multi-image (4),Yavrio,https://www.linkedin.com/feed/update/urn:li:activity:7506047440932978688/,https://www.linkedin.com/company/yavrio/posts/
Yavrio,3,2026-09-16 14:32,Joshua Wilkinson is on the ground in Dallas this week for the Loan Vision Innovation Conference! 🇺🇸,21,0,1,22,Image,Yavrio,https://www.linkedin.com/feed/update/urn:li:activity:7505996930037063680/,https://www.linkedin.com/company/yavrio/posts/
Yavrio,4,2026-09-15 13:03,Yavrio is at DynamicsCon Regional: Montreal this week.,12,0,1,13,Image,Yavrio,https://www.linkedin.com/feed/update/urn:li:activity:7505612302369513472/,https://www.linkedin.com/company/yavrio/posts/
Yavrio,5,2026-09-10 14:44,The Yavrio team is already counting down to Community Summit North America 2026!,30,2,2,34,Image,Yavrio,https://www.linkedin.com/feed/update/urn:li:activity:7503825705802231808/,https://www.linkedin.com/company/yavrio/posts/
Yavrio,6,2026-09-08 10:32,"An embedded payments system means more than operational efficiency. It means your team can deliver better services, outcompete, and enter new markets with more ease. This is how Yavrio helps companies using Microsoft Dynamics 365 Business Central and Microsoft Dynamics 365 Finance do more with their ERP:",18,0,2,20,Video,Yavrio,https://www.linkedin.com/feed/update/urn:li:activity:7503037444116844544/,https://www.linkedin.com/company/yavrio/posts/
Yavrio,7,2026-09-07 13:07,"Our founder, John Lewis, caught up with a true legend of the Microsoft channel, Jeffrey Goldstein, CEO at Queue Associates, to hear his thoughts on:",58,3,1,62,Video,Yavrio,https://www.linkedin.com/feed/update/urn:li:activity:7502714172355371009/,https://www.linkedin.com/company/yavrio/posts/
Yavrio,8,2026-09-03 09:43,A massive thank you to everyone in the ERP + Fintech community who made the Yavrio Open House 01 such a success!,72,7,1,80,Multi-image (4),Yavrio,https://www.linkedin.com/feed/update/urn:li:activity:7501213204778340353/,https://www.linkedin.com/company/yavrio/posts/
Yavrio,9,2026-09-02 12:14,"Meet James Pike, one of our Partner Success Managers at Yavrio!",49,2,0,51,Image,Yavrio,https://www.linkedin.com/feed/update/urn:li:activity:7500888898693160960/,https://www.linkedin.com/company/yavrio/posts/
Yavrio,10,2026-08-26 13:17,The Yavrio team is already counting down the days till Directions for Enterprise 2026! 🇩🇰,32,0,0,32,Image,Yavrio,https://www.linkedin.com/feed/update/urn:li:activity:7498368008654864384/,https://www.linkedin.com/company/yavrio/posts/
Yavrio,11,2026-08-24 17:09,Our team just touched down in Ohio and we can't wait to meet with our partners and clients at the Dynamics User Group (DUG) DynamicsCon Regional event this week!,28,4,0,32,Image,Yavrio,https://www.linkedin.com/feed/update/urn:li:activity:7497701703715061760/,https://www.linkedin.com/company/yavrio/posts/
Yavrio,12,2026-08-20 12:39,This week we've been celebrating the return of Samantha Felling to our USA partner team!,32,2,1,35,Image,Yavrio,https://www.linkedin.com/feed/update/urn:li:activity:7496184053973487617/,https://www.linkedin.com/company/yavrio/posts/
Yavrio,13,2026-08-19 12:41,More than 5 billion Direct Debit payments run through the UK's Bacs network every year.,33,2,2,37,Image,Yavrio,https://www.linkedin.com/feed/update/urn:li:activity:7495822160754708482/,https://www.linkedin.com/company/yavrio/posts/
Yavrio,14,2026-08-14 13:49,What does success actually look like when banking is fully integrated into the ERP?,35,2,2,39,Video,Yavrio,https://www.linkedin.com/feed/update/urn:li:activity:7494027372845948928/,https://www.linkedin.com/company/yavrio/posts/
Yavrio,15,2026-08-13 08:49,Yavrio x Wenalyze🤝,21,2,0,23,Image,Yavrio,https://www.linkedin.com/feed/update/urn:li:activity:7493589448035688448/,https://www.linkedin.com/company/yavrio/posts/
Yavrio,16,2026-08-12 13:10,What a day 🥳,84,11,1,96,Multi-image (4),Yavrio,https://www.linkedin.com/feed/update/urn:li:activity:7493292952002142208/,https://www.linkedin.com/company/yavrio/posts/
Yavrio,17,2026-08-07 13:57,"Meet Phillip Dawson, our VP Sales & Partnerships!",64,8,0,72,Image,Yavrio,https://www.linkedin.com/feed/update/urn:li:activity:7491492841144242177/,https://www.linkedin.com/company/yavrio/posts/
Yavrio,18,2026-08-06 09:08,"Microsoft's Tier 1 ERP now has modern bank connectivity, embedded payments and treasury available!",40,5,0,45,Image,Yavrio,https://www.linkedin.com/feed/update/urn:li:activity:7491057583168921600/,https://www.linkedin.com/company/yavrio/posts/
Yavrio,19,2026-08-05 13:04,"Four years ago, we launched Yavrio Banking and set out on a mission to create a way for businesses to connect their banks to their ERP and automate reconciliation.",105,26,6,137,Image,Yavrio,https://www.linkedin.com/feed/update/urn:li:activity:7490754686266990593/,https://www.linkedin.com/company/yavrio/posts/
Yavrio,20,2026-07-30 10:49,"A brilliant afternoon at Fortnum & Mason, bringing together senior retail leaders for an exclusive roundtable with Microsoft.",72,8,3,83,Multi-image (4),Yavrio,https://www.linkedin.com/feed/update/urn:li:activity:7488546263550971904/,https://www.linkedin.com/company/yavrio/posts/
Yavrio,21,2026-07-29 08:45,This summer we're opening up our London Paddington office for the first ever Yavrio Open House event!,49,8,5,62,Image,Yavrio,https://www.linkedin.com/feed/update/urn:li:activity:7488152744680247297/,https://www.linkedin.com/company/yavrio/posts/
Yavrio,22,2026-07-23 09:00,We're excited to welcome Samuel Price as a Sales Consultant as we continue,49,9,1,59,Image,Yavrio,https://www.linkedin.com/feed/update/urn:li:activity:7485982080963796992/,https://www.linkedin.com/company/yavrio/posts/
Yavrio,23,2026-07-21 10:50,"We're excited to be hosting an exclusive roundtable with Microsoft and iLink Digital, designed for retail leaders.​",32,3,0,35,Image,Yavrio,https://www.linkedin.com/feed/update/urn:li:activity:7485284969116844032/,https://www.linkedin.com/company/yavrio/posts/
Yavrio,24,2026-07-16 10:05,We have loved having summer interns at Yavrio this year! ☀️​,76,3,0,79,Image,Yavrio,https://www.linkedin.com/feed/update/urn:li:activity:7483461878594240513/,https://www.linkedin.com/company/yavrio/posts/
Yavrio,25,2026-07-15 13:08,8–10 days. That's the average close when statements are still pulled manually.,13,1,2,16,Document/Carousel (PDF),Yavrio,https://www.linkedin.com/feed/update/urn:li:activity:7483145531679023104/,https://www.linkedin.com/company/yavrio/posts/
Yavrio,26,2026-07-10 13:09,"Meet our Head of UK Sales, Charlotte Huang!",176,5,0,181,Image,Yavrio,https://www.linkedin.com/feed/update/urn:li:activity:7481333803337117696/,https://www.linkedin.com/company/yavrio/posts/
Yavrio,27,2026-07-08 16:50,A big couple of weeks for the Yavrio team 🙌,84,1,0,85,Multi-image (4),Yavrio,https://www.linkedin.com/feed/update/urn:li:activity:7480664587437158400/,https://www.linkedin.com/company/yavrio/posts/
Yavrio,28,2026-07-03 08:00,Cards on the Table. ♠️♦️,49,11,2,62,Multi-image (4),Yavrio,https://www.linkedin.com/feed/update/urn:li:activity:7478719270944743424/,https://www.linkedin.com/company/yavrio/posts/
Yavrio,29,2026-07-02 11:35,We're delighted to announce our partnership with Sabre Limited as adoption of modern bank connectivity and ERP-embedded payments continues to grow at pace in North America!,35,6,0,41,Image,Yavrio,https://www.linkedin.com/feed/update/urn:li:activity:7478411138188259328/,https://www.linkedin.com/company/yavrio/posts/
Yavrio,30,2026-06-30 11:45,260+ hours a year. That's what manual bank reconciliation costs you per person before Dynamics 365 even starts matching.,17,1,1,19,Image,Yavrio,https://www.linkedin.com/feed/update/urn:li:activity:7477688691012956160/,https://www.linkedin.com/company/yavrio/posts/
Yavrio,31,2026-06-25 20:52,"For finance teams still importing bank statements by CSV into Microsoft Dynamics 365 Business Central, here are 5 things that tend to go wrong, and what changes when you connect your bank directly instead.",15,0,1,16,Document/Carousel (PDF),Yavrio,https://www.linkedin.com/feed/update/urn:li:activity:7476014378476068864/,https://www.linkedin.com/company/yavrio/posts/
Yavrio,32,2026-06-25 17:38,We are live now with Western Computer for our joint session on banking in Microsoft Dynamics 365 Business Central. Join the broadcast below 👇,9,0,0,9,Text,Yavrio,https://www.linkedin.com/feed/update/urn:li:activity:7475965592567578624/,https://www.linkedin.com/company/yavrio/posts/
Yavrio,33,2026-06-24 12:35,"Meet our amazing North America Sales Director, Joshua Wilkinson!!",61,6,1,68,Image,Yavrio,https://www.linkedin.com/feed/update/urn:li:activity:7475526992231276544/,https://www.linkedin.com/company/yavrio/posts/
Yavrio,34,2026-06-17 13:23,Only 18% of finance teams close their books in three days or less. The rest are still downloading bank statements by hand.,17,1,1,19,Image,Yavrio,https://www.linkedin.com/feed/update/urn:li:activity:7473002304569503744/,https://www.linkedin.com/company/yavrio/posts/
Yavrio,35,2026-06-16 23:35,"Still moving bank data into your finance system one CSV at a time? It may be time for an upgrade. With Yavrio, your team gains access to live bank feeds, automatic reconciliation, and payments, all inside your Dynamics 365 ERP.",27,0,1,28,Video,Yavrio,https://www.linkedin.com/feed/update/urn:li:activity:7472794053525286912/,https://www.linkedin.com/company/yavrio/posts/
Yavrio,36,2026-06-08 10:04,The payment is accepted. But is the finance work actually done?,48,1,0,49,Image,Yavrio,https://www.linkedin.com/feed/update/urn:li:activity:7469690853242851328/,https://www.linkedin.com/company/yavrio/posts/
Yavrio,37,2026-06-03 12:30,What a 2026 Yavrio is having so far!,110,9,0,119,Multi-image (4),Yavrio,https://www.linkedin.com/feed/update/urn:li:activity:7467915536178421760/,https://www.linkedin.com/company/yavrio/posts/
Yavrio,38,2026-05-29 13:49,DynamicsMinds 2026 is done and what a week it's been ❤️,108,5,0,113,Multi-image (4),Yavrio,https://www.linkedin.com/feed/update/urn:li:activity:7466123635569717248/,https://www.linkedin.com/company/yavrio/posts/
Yavrio,39,2026-05-27 13:06,Finance teams BEFORE vs AFTER Yavrio 👀,48,5,0,53,Video,Yavrio,https://www.linkedin.com/feed/update/urn:li:activity:7465387859412209664/,https://www.linkedin.com/company/yavrio/posts/
Yavrio,40,2026-05-26 15:15,"Next month, in a webinar with Western Computer, we’re breaking down what happens when banking and payments are fully embedded inside Dynamics 365 Business Central 💡",25,2,1,28,Image,Yavrio,https://www.linkedin.com/feed/update/urn:li:activity:7465057915482198016/,https://www.linkedin.com/company/yavrio/posts/
Yavrio,41,2026-05-26 14:20,Day one of DynamicsMinds wrapped and what a start its been 🚀,82,4,0,86,Multi-image (4),Yavrio,https://www.linkedin.com/feed/update/urn:li:activity:7465044256492101633/,https://www.linkedin.com/company/yavrio/posts/
Yavrio,42,2026-05-21 13:18,We’re very excited to announce a new partnership between Yavrio and Custom Systems 🤝,32,3,1,36,Image,Yavrio,https://www.linkedin.com/feed/update/urn:li:activity:7463216587676946434/,https://www.linkedin.com/company/yavrio/posts/
Yavrio,43,2026-05-20 12:29,DynamicsMinds 2026... we’re coming 👀,61,5,2,68,Image,Yavrio,https://www.linkedin.com/feed/update/urn:li:activity:7462842015051988992/,https://www.linkedin.com/company/yavrio/posts/
Yavrio,44,2026-05-15 15:47,DynamicsCon 2026 wrapped and what a few days it was!,55,2,0,57,Multi-image (4),Yavrio,https://www.linkedin.com/feed/update/urn:li:activity:7461079853015007232/,https://www.linkedin.com/company/yavrio/posts/
Yavrio,45,2026-05-13 14:46,We’re excited to have our feet on the ground at Directions ASIA 2026 in Vietnam​!,68,1,1,70,Multi-image (4),Yavrio,https://www.linkedin.com/feed/update/urn:li:activity:7460339819081183232/,https://www.linkedin.com/company/yavrio/posts/
Yavrio,46,2026-05-13 14:42,Hello from a roasting Las Vegas 👋🔥,99,10,1,110,Image,Matilda Sjöberg,https://www.linkedin.com/feed/update/urn:li:activity:7460338767321800704/,https://www.linkedin.com/company/yavrio/posts/
Yavrio,47,2026-05-12 14:12,Another amazing event. 🎉,65,2,0,67,Multi-image (4),Yavrio,https://www.linkedin.com/feed/update/urn:li:activity:7459968710695501824/,https://www.linkedin.com/company/yavrio/posts/
Yavrio,48,2026-05-07 13:04,Most #ERP banking workflows are still far too manual.,20,1,0,21,Document/Carousel (PDF),Yavrio,https://www.linkedin.com/feed/update/urn:li:activity:7458139664877666305/,https://www.linkedin.com/company/yavrio/posts/
Yavrio,49,2026-05-06 09:19,Next stop: DynamicsCon 👀​,41,3,2,46,Image,Yavrio,https://www.linkedin.com/feed/update/urn:li:activity:7457720756035276801/,https://www.linkedin.com/company/yavrio/posts/
Yavrio,50,2026-05-05 12:01,One of our favourite partner events of the year is back 👀,79,14,2,95,Image,Yavrio,https://www.linkedin.com/feed/update/urn:li:activity:7457398980465864704/,https://www.linkedin.com/company/yavrio/posts/
Rillion,1,2026-09-22 07:15,Last week we gathered 60 people from our Product & Engineering team to kick off the autumn and look ahead to 2027.,20,1,1,22,Multi-image (4),Rillion,https://www.linkedin.com/feed/update/urn:li:activity:7508061444303790080/,https://www.linkedin.com/company/rillion/posts/
Rillion,2,2026-09-21 13:15,AI in finance is easy to talk about. Making it work is the harder part.,10,1,1,12,Image,Rillion,https://www.linkedin.com/feed/update/urn:li:activity:7507789509611171842/,https://www.linkedin.com/company/rillion/posts/
Rillion,3,2026-09-18 10:00,"Last week, Rillion went to Copenhagen with one question on our minds: what are the smartest B2B teams doing differently right now?",1,0,0,1,Text,Rillion,https://www.linkedin.com/feed/update/urn:li:activity:7506653480132956161/,https://www.linkedin.com/company/rillion/posts/
Rillion,4,2026-09-18 07:02,"Last week, Rillion went to Copenhagen with one question on our minds: what are the smartest B2B teams doing differently right now?",30,3,0,33,Video,Rillion,https://www.linkedin.com/feed/update/urn:li:activity:7506608596063936512/,https://www.linkedin.com/company/rillion/posts/
Rillion,5,2026-09-17 18:37,What does your finance team need to stop doing to become more strategic?,9,0,1,10,Event,Finance Alliance,https://www.linkedin.com/feed/update/urn:li:activity:7506421172646031360/,https://www.linkedin.com/company/rillion/posts/
Rillion,6,2026-09-17 10:07,FF News | Fintech Finance picked up our 2026 AI in Finance Report.,10,2,1,13,Image,Rillion,https://www.linkedin.com/feed/update/urn:li:activity:7506292744122933248/,https://www.linkedin.com/company/rillion/posts/
Rillion,7,2026-09-16 08:13,Did you know..💭,15,0,0,15,Video,Rillion,https://www.linkedin.com/feed/update/urn:li:activity:7505901573374570497/,https://www.linkedin.com/company/rillion/posts/
Rillion,8,2026-09-15 09:30,Scanning invoices in 2026? That’s very 1665.,16,0,1,17,Image,Rillion,https://www.linkedin.com/feed/update/urn:li:activity:7505558597200969729/,https://www.linkedin.com/company/rillion/posts/
Rillion,9,2026-09-11 07:06,What will the CFO role look like in three years’ time?,21,1,0,22,Multi-image (2),Rillion,https://www.linkedin.com/feed/update/urn:li:activity:7504072758708822016/,https://www.linkedin.com/company/rillion/posts/
Rillion,10,2026-09-10 10:30,Are CFOs out in the weeds?,7,0,0,7,Document/Carousel (PDF),Rillion,https://www.linkedin.com/feed/update/urn:li:activity:7503761864749895683/,https://www.linkedin.com/company/rillion/posts/
Rillion,11,2026-09-09 09:15,Our CFO to CFO newsletter is live!,21,0,0,21,Image,Rillion,https://www.linkedin.com/feed/update/urn:li:activity:7503380455220748288/,https://www.linkedin.com/company/rillion/posts/
Rillion,12,2026-09-07 08:22,Turns out our Product team is fast in more ways than one 🏃💨,33,1,0,34,Video,Rillion,https://www.linkedin.com/feed/update/urn:li:activity:7502642426340073472/,https://www.linkedin.com/company/rillion/posts/
Rillion,13,2026-09-04 08:18,One picture. Seven people. 150+ years of Rillion experience 💚,119,15,2,136,Image,Rillion,https://www.linkedin.com/feed/update/urn:li:activity:7501554322720325632/,https://www.linkedin.com/company/rillion/posts/
Rillion,14,2026-09-03 08:25,The numbers we didn’t show you.,15,3,2,20,Document/Carousel (PDF),Rillion,https://www.linkedin.com/feed/update/urn:li:activity:7501193731593838592/,https://www.linkedin.com/company/rillion/posts/
Rillion,15,2026-09-02 08:34,Some things belong in a museum.,13,0,1,14,Image,Rillion,https://www.linkedin.com/feed/update/urn:li:activity:7500833593825587200/,https://www.linkedin.com/company/rillion/posts/
Rillion,16,2026-09-01 18:26,"I recently had the opportunity to share my perspective on AI in finance for Rillion’s 2026 AI in Finance Report, based on research with 250 CFOs and finance leaders across the U.S.",139,7,6,152,Article/Link,Richard Paik,https://www.linkedin.com/feed/update/urn:li:activity:7500620153638936576/,https://www.linkedin.com/company/rillion/posts/
Rillion,17,2026-09-01 06:45,Did you know that most finance leaders expect AI to significantly change the finance function within the next few years?,13,1,0,14,Multi-image (3),Rillion,https://www.linkedin.com/feed/update/urn:li:activity:7500443603266068480/,https://www.linkedin.com/company/rillion/posts/
Rillion,18,2026-08-28 20:08,68% of finance teams use AI every day.,27,2,2,31,Image,CFO Alliance,https://www.linkedin.com/feed/update/urn:li:activity:7499196118002528256/,https://www.linkedin.com/company/rillion/posts/
Rillion,19,2026-08-28 08:45,Don’t miss the LinkedIn Live we’re hosting today 🎥,14,1,0,15,Image,Rillion,https://www.linkedin.com/feed/update/urn:li:activity:7499024234317455361/,https://www.linkedin.com/company/rillion/posts/
Rillion,20,2026-08-27 14:00,Launch day 🗞️✨,27,6,1,34,Image,Rillion,https://www.linkedin.com/feed/update/urn:li:activity:7498741200993320960/,https://www.linkedin.com/company/rillion/posts/
Rillion,21,2026-08-26 07:30,2029.,12,2,0,14,Video,Rillion,https://www.linkedin.com/feed/update/urn:li:activity:7498280664895680512/,https://www.linkedin.com/company/rillion/posts/
Rillion,22,2026-08-25 10:15,"Are you a finance bro? Sorry, we meant pro!",29,1,3,33,Video,Rillion,https://www.linkedin.com/feed/update/urn:li:activity:7497959726308290560/,https://www.linkedin.com/company/rillion/posts/
Rillion,23,2026-08-24 12:15,250 U.S. CFOs told us what they really think about AI. Now we’re bringing the debate into the studio.,14,0,2,16,Image,Rillion,https://www.linkedin.com/feed/update/urn:li:activity:7497627528086540288/,https://www.linkedin.com/company/rillion/posts/
Rillion,24,2026-08-21 09:42,Dry run mode: ON 🎥,31,3,5,39,Video,Rillion,https://www.linkedin.com/feed/update/urn:li:activity:7496502100101791744/,https://www.linkedin.com/company/rillion/posts/
Rillion,25,2026-08-20 13:13,Is there a gap between how ready finance leaders think they are for AI and what the operational reality actually shows?,24,3,3,30,Video,Rillion,https://www.linkedin.com/feed/update/urn:li:activity:7496192760358600704/,https://www.linkedin.com/company/rillion/posts/
Rillion,26,2026-08-19 12:15,The Finance AI Illusion,24,3,7,34,Image,Rillion,https://www.linkedin.com/feed/update/urn:li:activity:7495815609163776001/,https://www.linkedin.com/company/rillion/posts/
Rillion,27,2026-08-18 12:00,250 US finance leaders told us how they’re using AI.,19,2,10,31,Document/Carousel (PDF),Rillion,https://www.linkedin.com/feed/update/urn:li:activity:7495449491458646017/,https://www.linkedin.com/company/rillion/posts/
Rillion,28,2026-08-17 12:32,Have you seen the latest OnlyCFO newsletter?,14,3,4,21,Image,Rillion,https://www.linkedin.com/feed/update/urn:li:activity:7495095214559256576/,https://www.linkedin.com/company/rillion/posts/
Rillion,29,2026-08-14 10:12,Another G2 badge drop we’re extremely proud to be part of,37,4,7,48,Video,Rillion,https://www.linkedin.com/feed/update/urn:li:activity:7493972789008240640/,https://www.linkedin.com/company/rillion/posts/
Rillion,30,2026-08-12 07:00,"""I love my Excel sheets.""",21,0,2,23,Video,Rillion,https://www.linkedin.com/feed/update/urn:li:activity:7493199636057219072/,https://www.linkedin.com/company/rillion/posts/
Rillion,31,2026-08-11 08:55,This is me and Rosanna asking uncomfortable questions to finance leaders across the US and EMEA during the spring!,29,5,1,35,Video,Frida Ahrenby 🧚🏼,https://www.linkedin.com/feed/update/urn:li:activity:7492866193725255680/,https://www.linkedin.com/company/rillion/posts/
Rillion,32,2026-08-10 07:00,"Finance teams aren't slow to adopt AI, we just doesn't have the luxury of experimenting like other departments.",17,1,1,19,Video,Rillion,https://www.linkedin.com/feed/update/urn:li:activity:7492474884762279936/,https://www.linkedin.com/company/rillion/posts/
Rillion,33,2026-08-05 07:00,The ERP you choose today can either accelerate your next 10 years... or slow them down tremendously 🫠,11,0,2,13,Video,Rillion,https://www.linkedin.com/feed/update/urn:li:activity:7490662912060129280/,https://www.linkedin.com/company/rillion/posts/
Rillion,34,2026-08-03 07:00,"If your finance team only talks to finance, you're leaving value on the table.",12,1,1,14,Video,Rillion,https://www.linkedin.com/feed/update/urn:li:activity:7489938134739087361/,https://www.linkedin.com/company/rillion/posts/
Rillion,35,2026-07-31 12:00,If AI is already part of your team's daily workflow... this poll probably isn't for you.,6,0,3,9,Poll,Rillion,https://www.linkedin.com/feed/update/urn:li:activity:7488926515447918592/,https://www.linkedin.com/company/rillion/posts/
Rillion,36,2026-07-30 07:00,"AP teams, here's your mid-vacation reminder 🌴",8,0,1,9,Document/Carousel (PDF),Rillion,https://www.linkedin.com/feed/update/urn:li:activity:7488488623214907392/,https://www.linkedin.com/company/rillion/posts/
Rillion,37,2026-07-29 12:38,Nail your ERP and CRM and you're 90% there – that used to be the rule for finance leaders... not so much anymore 🙂‍↔️,8,1,0,9,Video,Rillion,https://www.linkedin.com/feed/update/urn:li:activity:7488211302255996928/,https://www.linkedin.com/company/rillion/posts/
Rillion,38,2026-07-28 07:28,Happy Stockholm Pride 🌈!,50,0,3,53,Image,Rillion,https://www.linkedin.com/feed/update/urn:li:activity:7487770833663422465/,https://www.linkedin.com/company/rillion/posts/
Rillion,39,2026-07-27 07:02,"Many finance leaders worry AI will make mistakes they can't track. Rasmus Areskoug, CEO and co-founder of Paraglide AI, says that fear is a huge misconception in finance right now.",13,2,0,15,Text,Rillion,https://www.linkedin.com/feed/update/urn:li:activity:7487401922241572864/,https://www.linkedin.com/company/rillion/posts/
Rillion,40,2026-07-22 07:00,What's the best place to start with AI in finance? The small yes/no decisions you're already making every day 🎙️,14,2,1,17,Video,Rillion,https://www.linkedin.com/feed/update/urn:li:activity:7485589465390837761/,https://www.linkedin.com/company/rillion/posts/
Rillion,41,2026-07-20 07:02,"Denmark leads AI adoption in the Nordics. Sweden lags behind. But Olli Saksa, CFO at Sievo, thinks we're asking the wrong question entirely and his advice for the road ahead is something every Nordic finance leader needs to hear.",6,0,0,6,Text,Rillion,https://www.linkedin.com/feed/update/urn:li:activity:7484865177247645696/,https://www.linkedin.com/company/rillion/posts/
Rillion,42,2026-07-16 07:00,"80% of finance leaders use AI daily, but only 1 in 5 trust it for strategic decisions. Peter U., CFO at Sitoo, thinks the trust gap isn't the problem everyone makes it out to be.",8,3,1,12,Text,Rillion,https://www.linkedin.com/feed/update/urn:li:activity:7483415238780997632/,https://www.linkedin.com/company/rillion/posts/
Rillion,43,2026-07-14 07:00,OCR vs AI invoice capture: what's the actual difference for AP automation?,15,1,3,19,Document/Carousel (PDF),Rillion,https://www.linkedin.com/feed/update/urn:li:activity:7482690351581843456/,https://www.linkedin.com/company/rillion/posts/
Rillion,44,2026-07-13 10:32,"What's possible today wasn't possible 6 months ago. For finance leaders to succeed with AI implementations, you constantly have to challenge your assumptions of what's possible.",45,3,4,52,Image,Rasmus Areskoug,https://www.linkedin.com/feed/update/urn:li:activity:7482381389925982208/,https://www.linkedin.com/company/rillion/posts/
Rillion,45,2026-07-13 07:01,72% of finance teams still struggle with manual corrections despite investing in AI. Our own CFO Johan Dovander says the technology was never the problem - and tells us where the actual issue lies.,36,1,2,39,Text,Rillion,https://www.linkedin.com/feed/update/urn:li:activity:7482328416067850240/,https://www.linkedin.com/company/rillion/posts/
Rillion,46,2026-07-08 07:00,AI transformation in finance is more about getting your people onboard than it is about the tech. That's the part most finance leaders underestimate – and exactly what this episode of Future CFO digs into 🎙️,31,3,5,39,Video,Rillion,https://www.linkedin.com/feed/update/urn:li:activity:7480516023016771585/,https://www.linkedin.com/company/rillion/posts/
Rillion,47,2026-07-07 07:00,If you'd told us our favourite team events would be the ones you can track on Strava… we'd probably believe you 😂,19,0,0,19,Multi-image (4),Rillion,https://www.linkedin.com/feed/update/urn:li:activity:7480153652356198400/,https://www.linkedin.com/company/rillion/posts/
Rillion,48,2026-07-06 07:00,48% of finance leaders say they want to be strategic advisors. So why do investments keep ending up in transaction-heavy processes?,8,0,0,8,Text,Rillion,https://www.linkedin.com/feed/update/urn:li:activity:7479791251521835008/,https://www.linkedin.com/company/rillion/posts/
Rillion,49,2026-07-03 13:39,Rillion + Stratas: taking AP automation in the UK to the next level 🇬🇧,23,2,2,27,Video,Rillion,https://www.linkedin.com/feed/update/urn:li:activity:7478804731683991552/,https://www.linkedin.com/company/rillion/posts/
Rillion,50,2026-07-02 19:58,Spotted on top of the Empire State Building Rillion,36,0,1,37,Image,Rillion,https://www.linkedin.com/feed/update/urn:li:activity:7478537665391468544/,https://www.linkedin.com/company/rillion/posts/
Fidesic,1,2026-09-22 15:34,"A guide for Microsoft Dynamics GP and Business Central finance leaders evaluating AP automation, covering ERP sync, AI invoice capture, and vendor payment options.",1,0,0,1,Article/Link,Fidesic AP,https://www.linkedin.com/feed/update/urn:li:activity:7508186985447161856/,https://www.linkedin.com/company/fidesic/posts/
Fidesic,2,2026-09-22 15:33,Ready to rock 'n' roll in Nashville for Dynamic Communities Summit NA 2026? We're giving away a pair of AirPods Pro for the #Summitland raffle. Not to mention some pretty cool booth swag! Booth 1005,2,0,2,4,Image,Fidesic AP,https://www.linkedin.com/feed/update/urn:li:activity:7508186685185155073/,https://www.linkedin.com/company/fidesic/posts/
Fidesic,3,2026-09-18 17:43,"Need an easier way to pay vendors by check? 👍Fidesic will handle your Business Central check fulfillment. Get started right away with just checks. Secure. Multi-location. Pick what you want to pay, we take care of the rest.",0,0,0,0,Image,Fidesic AP,https://www.linkedin.com/feed/update/urn:li:activity:7506769917975711744/,https://www.linkedin.com/company/fidesic/posts/
Fidesic,4,2026-09-17 18:13,"The best accounts payable automation for multi-location and multi-entity invoice approvals, payments and reporting. Seamlessly process thousands of invoices across locations, lines of business and bank accounts. Built for Microsoft Dynamics GP and D365 Business Central.",1,0,0,1,Image,Fidesic AP,https://www.linkedin.com/feed/update/urn:li:activity:7506414961557016578/,https://www.linkedin.com/company/fidesic/posts/
Fidesic,5,2026-09-16 17:28,Accounts Payable is changing fast for #MicrosoftDynamicsGP and #BusinessCentral teams. Here's what matters in 2027:,2,0,1,3,Image,Fidesic AP,https://www.linkedin.com/feed/update/urn:li:activity:7506041286710284289/,https://www.linkedin.com/company/fidesic/posts/
Fidesic,6,2026-09-16 15:55,"😯 Less than a month away! #MySummitNA We'll be waiting on the tradeshow floor for you to stop by booth 1005. For now, check out our Sponsor Page 👉https://lnkd.in/gjyeJZ6i",3,0,0,3,Article/Link,Fidesic AP,https://www.linkedin.com/feed/update/urn:li:activity:7506017845827497985/,https://www.linkedin.com/company/fidesic/posts/
Fidesic,7,2026-09-03 20:47,"Your AP automation was supposed to eliminate manual work. Instead your team is still re-entering data, chasing sync errors, and building spreadsheets to reconcile two systems that won't agree with each other.",0,0,0,0,Image,Fidesic AP,https://www.linkedin.com/feed/update/urn:li:activity:7501380491703373824/,https://www.linkedin.com/company/fidesic/posts/
Fidesic,8,2026-09-02 18:01,"Rally Day is coming to Nashville on Sunday, October 11, a Knights of GP event built for GP customers to connect in person. We've got a $50 discount code for customers: FIDESIC50 Register here 👉https://lnkd.in/gs5dbVqB",7,2,1,10,Image,Fidesic AP,https://www.linkedin.com/feed/update/urn:li:activity:7500976189780660225/,https://www.linkedin.com/company/fidesic/posts/
Fidesic,9,2026-09-01 16:18,"Checks are still the top target for payment fraud according to the 2026 AFP Payments Fraud and Control Survey. In 2025, 58% of organizations reported check fraud, more than ACH and wire fraud combined. It doesn't take a big project to protect your business.",1,0,0,1,Image,Fidesic AP,https://www.linkedin.com/feed/update/urn:li:activity:7500588026159562753/,https://www.linkedin.com/company/fidesic/posts/
Fidesic,10,2026-08-31 19:58,In this post highlight some of the common bottlenecks that hinder scalability so you can spot them early before they become a problem.,0,0,0,0,Article/Link,Fidesic AP,https://www.linkedin.com/feed/update/urn:li:activity:7500280991819825153/,https://www.linkedin.com/company/fidesic/posts/
Fidesic,11,2026-08-28 17:08,"Like any large financial data migration, you can expect a migration from Dynamics GP to Business Central to create some workflow disruption, data continuity concerns. Sometimes team retraining requirements on the new platform can delay projects and increase costs. This post breaks down the operational challenges AP teams face during a Dynamics GP to Business Central transition and outlines when to implement automation based on where you are in the migration timeline.",2,0,0,2,Article/Link,Fidesic AP,https://www.linkedin.com/feed/update/urn:li:activity:7499150827744587776/,https://www.linkedin.com/company/fidesic/posts/
Fidesic,12,2026-08-28 17:03,Love Friday with Automation.,0,0,0,0,Image,Fidesic AP,https://www.linkedin.com/feed/update/urn:li:activity:7499149666702405633/,https://www.linkedin.com/company/fidesic/posts/
Fidesic,13,2026-08-27 18:20,,0,1,0,1,Image,Fidesic AP,https://www.linkedin.com/feed/update/urn:li:activity:7498806656622051330/,https://www.linkedin.com/company/fidesic/posts/
Fidesic,14,2026-08-27 17:23,How to Spot AP Bottlenecks Before Growth Stalls. Warning signs your AP process won't scale. See the full post 👉https://lnkd.in/eS9U4PXh,1,0,0,1,Image,Fidesic AP,https://www.linkedin.com/feed/update/urn:li:activity:7498792402149634048/,https://www.linkedin.com/company/fidesic/posts/
Fidesic,15,2026-08-26 18:47,"Payment behavior directly affects cash flow, supplier relationships, and access to credit. About 55% of all B2B invoiced sales in the U.S. are overdue, according to Atradius 2024 Payment Practices Barometer. The accounts payable turnover ratio tracks how fast a business pays its suppliers and whether that speed is helping or hurting. This post covers what the accounts payable turnover ratio is, how to calculate it, and how to use it.",1,0,0,1,Article/Link,Fidesic AP,https://www.linkedin.com/feed/update/urn:li:activity:7498451007710871552/,https://www.linkedin.com/company/fidesic/posts/
Fidesic,16,2026-08-26 18:39,💡Cash flow is a fact. Profit is an opinion.,1,0,0,1,Image,Fidesic AP,https://www.linkedin.com/feed/update/urn:li:activity:7498449004578455553/,https://www.linkedin.com/company/fidesic/posts/
Fidesic,17,2026-08-25 22:50,Thousands of businesses will be moving from Dynamics GP in the coming years. Begin planning your migration now to ensure you have the resources and support needed for a successful transition to your next system.,2,0,0,2,Article/Link,Fidesic AP,https://www.linkedin.com/feed/update/urn:li:activity:7498149928607690753/,https://www.linkedin.com/company/fidesic/posts/
Fidesic,18,2026-08-21 18:27,"🤔 Did you know 8 days is how long the median finance team spends closing the books each month, according to an APQC benchmarking survey of 2,300 organizations.",1,0,0,1,Image,Fidesic AP,https://www.linkedin.com/feed/update/urn:li:activity:7496633974069334016/,https://www.linkedin.com/company/fidesic/posts/
Fidesic,19,2026-08-21 17:59,"This post removes some of the fear around GP end of support and offers practical ways to maximize performance of your GP system. It's true that there is some risk in staying on Microsoft Dynamics GP beyond end of support, but the reality is that many users are simply not in a position to move any time soon.",2,0,0,2,Article/Link,Fidesic AP,https://www.linkedin.com/feed/update/urn:li:activity:7496627142621831168/,https://www.linkedin.com/company/fidesic/posts/
Fidesic,20,2026-08-18 15:51,Ready to rock 'n' roll in Nashville for Dynamic Communities Summit NA 2026? We're giving away a pair of AirPods Pro for the #Summitland raffle. Not to mention some pretty cool booth swag! Booth 1005,2,0,2,4,Image,Fidesic AP,https://www.linkedin.com/feed/update/urn:li:activity:7495507785779113985/,https://www.linkedin.com/company/fidesic/posts/
Fidesic,21,2026-08-14 16:09,,0,0,0,0,Image,Fidesic AP,https://www.linkedin.com/feed/update/urn:li:activity:7494062588280938497/,https://www.linkedin.com/company/fidesic/posts/
Fidesic,22,2026-08-13 19:19,"Fidesic has been recognized as a High Performer on G2, and the team could not be more grateful for the recognition. There's so many more badges to earn. Let's do it!",1,0,0,1,Article/Link,Fidesic AP,https://www.linkedin.com/feed/update/urn:li:activity:7493748004689043456/,https://www.linkedin.com/company/fidesic/posts/
Fidesic,23,2026-08-12 22:17,"""Discipline in accounts payable is discipline in cash flow.""",0,0,0,0,Image,Fidesic AP,https://www.linkedin.com/feed/update/urn:li:activity:7493430583696625664/,https://www.linkedin.com/company/fidesic/posts/
Fidesic,24,2026-08-12 22:14,"This post covers what BC handles natively for PO matching and AP automation, where the native tools fall short in real world operations, and where Fidesic's MagiCapture extends the platform.",0,0,0,0,Article/Link,Fidesic AP,https://www.linkedin.com/feed/update/urn:li:activity:7493429738439569408/,https://www.linkedin.com/company/fidesic/posts/
Fidesic,25,2026-08-11 19:13,Is running accounts payable out of Business Central missing something? AP getting in the way of month-end close? Fidesic can help. Try it out,3,0,0,3,Article/Link,Fidesic AP,https://www.linkedin.com/feed/update/urn:li:activity:7493021693263687680/,https://www.linkedin.com/company/fidesic/posts/
Fidesic,26,2026-08-11 18:54,"It's comin' up quick! Looking forward to seeing everyone in Nashville for #MySummitNA. Stay tuned as we will be posting about our plans, programs and giveaways as we get closer to opening day!",6,2,1,9,Image,Fidesic AP,https://www.linkedin.com/feed/update/urn:li:activity:7493017078199926784/,https://www.linkedin.com/company/fidesic/posts/
Fidesic,27,2026-08-10 18:17,"When you need to update your AP processes, it makes logical sense to test drive a handful of accounts payable solutions before committing to one. But in a practical sense that kind of test translates to weeks of work.",3,0,0,3,Article/Link,Fidesic AP,https://www.linkedin.com/feed/update/urn:li:activity:7492645285584797697/,https://www.linkedin.com/company/fidesic/posts/
Fidesic,28,2026-08-07 13:37,"Fidesic has been named Best Of AP Automation Tools for Dynamics ERP in 2026 by ERP Software Blog, and this recognition means a lot to the team.",7,0,1,8,Article/Link,Fidesic AP,https://www.linkedin.com/feed/update/urn:li:activity:7491487575438823424/,https://www.linkedin.com/company/fidesic/posts/
Fidesic,29,2026-08-06 19:05,"Remittance vs. Bank Transfer: Key Differences. These two terms are sometimes used interchangeably, but there is a meaningful distinction.",0,0,0,0,Image,Fidesic AP,https://www.linkedin.com/feed/update/urn:li:activity:7491207925533741056/,https://www.linkedin.com/company/fidesic/posts/
Fidesic,30,2026-08-06 18:31,"Fidesic has been named Best Of AP Automation Tools for Dynamics ERP in 2026 by ERP Software Blog, and this recognition means a lot to the team.",7,0,1,8,Article/Link,Fidesic AP,https://www.linkedin.com/feed/update/urn:li:activity:7491199332113727488/,https://www.linkedin.com/company/fidesic/posts/
Fidesic,31,2026-08-05 20:13,"""Every invoice tells a story. Make sure yours check out.""",0,0,0,0,Image,Fidesic AP,https://www.linkedin.com/feed/update/urn:li:activity:7490862545612816384/,https://www.linkedin.com/company/fidesic/posts/
Fidesic,32,2026-08-05 18:04,"Is a migration off of Dynamics GP impossible for you right now? Here's a list of things you can do to maximize GP performance. After you read the list below, read our full post to learn more 👉https://lnkd.in/en8vSEnX",9,0,1,10,Image,Fidesic AP,https://www.linkedin.com/feed/update/urn:li:activity:7490830050779410432/,https://www.linkedin.com/company/fidesic/posts/
Fidesic,33,2026-08-04 20:13,"Fidesic is the strongest AP automation choice for organizations running Microsoft Dynamics GP or D365 Business Central. Its native integration, built specifically for these ERPs means invoices post cleanly with full audit history and no reconciling between systems. SOC 2 certification and built-in compliance features offer peace of mind. With consultant-guided setup and unmatched support, Fidesic delivers measurable efficiency sooner with cleaner data and faster time to value than competitors.",0,0,0,0,Article/Link,Fidesic AP,https://www.linkedin.com/feed/update/urn:li:activity:7490500058379997184/,https://www.linkedin.com/company/fidesic/posts/
Fidesic,34,2026-07-30 18:22,"In this post we are going to assume that you know the pain points of manual paper processes, and therefore understand the potential benefits of a paperless accounts payable system. So we are going to start by giving you an understanding of the scope of a paperless AP implementation, including key requirements for success.",0,0,0,0,Article/Link,Fidesic AP,https://www.linkedin.com/feed/update/urn:li:activity:7488660336535928832/,https://www.linkedin.com/company/fidesic/posts/
Fidesic,35,2026-07-29 16:17,"The right AP automation software enables small accounting departments to manage multi-location businesses, and it reduces stress around month-end close and creates the foundation for data-backed strategy in growing businesses. To illustrate, we are going to share a story in which a multilocation Long-Term Care organizations automated AP for Microsoft Dynamics ERP software.",2,0,0,2,Article/Link,Fidesic AP,https://www.linkedin.com/feed/update/urn:li:activity:7488266414722805760/,https://www.linkedin.com/company/fidesic/posts/
Fidesic,36,2026-07-28 18:08,"Still on Dynamics GP? Fidesic has deployable AI agents for your Accounts Payable process. Weather you need an immediate fix or an AP solution partner that will be there with you for the long haul. GP now and your next ERP in the future, Fidesic is the best AP solution to meet your needs.",7,3,0,10,Video,Fidesic AP,https://www.linkedin.com/feed/update/urn:li:activity:7487932078039339008/,https://www.linkedin.com/company/fidesic/posts/
Fidesic,37,2026-07-24 17:27,💡What separates a successful agentic accounting project from one that fails to deliver value is a vendor who can offer human-to-human service to understand the client's real-world needs and tailor solutions that solve the business's most acute problems.,1,0,0,1,Image,Fidesic AP,https://www.linkedin.com/feed/update/urn:li:activity:7486472030511550464/,https://www.linkedin.com/company/fidesic/posts/
Fidesic,38,2026-07-24 17:00,"#FunFactFriday ACH is the largest single B2B payment method by transaction value and the fastest-growing. From 2015 to 2024, overall B2B volume on the ACH Network soared 155%, from 2.9 billion payments to 7.4 billion payments, according to NACHA.",1,0,0,1,Image,Fidesic AP,https://www.linkedin.com/feed/update/urn:li:activity:7486465267926089728/,https://www.linkedin.com/company/fidesic/posts/
Fidesic,39,2026-07-23 16:12,"Some strategies sit firmly within AP's direct control. These include capturing early payment discounts, eliminating late payment penalties, tracking vendor grace periods, enforcing expense policies through audits, flagging invoices from non approved vendors, and maintaining the clean data that fuels every analytical effort.",0,0,0,0,Image,Fidesic AP,https://www.linkedin.com/feed/update/urn:li:activity:7486090767141314560/,https://www.linkedin.com/company/fidesic/posts/
Fidesic,40,2026-07-22 19:14,A vendor discount captured is margin for which nobody had to sell anything to earn.,1,0,0,1,Image,Fidesic AP,https://www.linkedin.com/feed/update/urn:li:activity:7485774330354728960/,https://www.linkedin.com/company/fidesic/posts/
Fidesic,41,2026-07-21 17:42,Kevin Pritchard talks about why we're pumped to part of Knights of GP and what that means for #DynamicsGP users and partners.,17,8,2,27,Video,Fidesic AP,https://www.linkedin.com/feed/update/urn:li:activity:7485388794855096321/,https://www.linkedin.com/company/fidesic/posts/
Fidesic,42,2026-07-17 17:46,Not so #FunFactFiday Still writing checks? You're not alone. But checks remain the payment method most frequently impacted by fraud 😮. Fidesic can help. Pay vendors by check using Positive Pay for more security with Fidesic's JustPay.,2,1,0,3,Image,Fidesic AP,https://www.linkedin.com/feed/update/urn:li:activity:7483940148485844992/,https://www.linkedin.com/company/fidesic/posts/
Fidesic,43,2026-07-16 19:17,"Fidesic is continually renewing focus on building trust in the Dynamics Community. Even as we expand our reach into other ERPs, Dynamics GP, Business Central and the community they represent will always be at the heart of everything we do..",1,0,0,1,Text,Fidesic AP,https://www.linkedin.com/feed/update/urn:li:activity:7483600595099037696/,https://www.linkedin.com/company/fidesic/posts/
Fidesic,44,2026-07-15 16:31,"For two decades accounts payable was where invoices got matched and paid. In 2026 it sets cash flow timing, catches payment fraud, and feeds forecasting. Ardent Partners calls that move from bill-paying to strategic operation no longer a prediction, it is a requirement.",0,0,0,0,Image,Fidesic AP,https://www.linkedin.com/feed/update/urn:li:activity:7483196600123826178/,https://www.linkedin.com/company/fidesic/posts/
Fidesic,45,2026-07-14 19:11,When you don't need 3-way matching... 3-way matching assumes something can be received: a warehouse checking off a quantity against an order. That often doesn't work well for:,0,0,0,0,Image,Fidesic AP,https://www.linkedin.com/feed/update/urn:li:activity:7482874355618652160/,https://www.linkedin.com/company/fidesic/posts/
Fidesic,46,2026-07-13 20:53,"Fidesic delivers value beyond AP automation. Don't get us wrong, our software is the best solution for #DynamicsGP & #BusinessCentral, but what really sets us apart is our service and commitment to tailoring solutions to meet the needs of our clients.",6,1,1,8,Video,Fidesic AP,https://www.linkedin.com/feed/update/urn:li:activity:7482537739817684992/,https://www.linkedin.com/company/fidesic/posts/
Fidesic,47,2026-07-13 16:20,"Trust isn't something you can claim. It's something you have to earn, over and over, in the small moments that don't necessarily make it into a case study.",0,0,0,0,Article/Link,Fidesic AP,https://www.linkedin.com/feed/update/urn:li:activity:7482469128709079040/,https://www.linkedin.com/company/fidesic/posts/
Fidesic,48,2026-07-10 18:37,Did you know... 🤖 The first mobile robot that could think through its own actions was built in the late 1960s. They named it Shakey because of its herky-jerky motion and tendency to tremble when it stopped.,2,0,0,2,Image,Fidesic AP,https://www.linkedin.com/feed/update/urn:li:activity:7481416424704417793/,https://www.linkedin.com/company/fidesic/posts/
Fidesic,49,2026-07-09 22:17,"If you are wondering how to set up your purchase order matching, keep in mind, most businesses don't need to pick one type of matching over the other. They need to know which spend gets which control. This post covers what each type of PO matching means, when to use which, and what the data says about why it matters. https://lnkd.in/edjJYHUi",1,0,0,1,Article/Link,Fidesic AP,https://www.linkedin.com/feed/update/urn:li:activity:7481109316633247744/,https://www.linkedin.com/company/fidesic/posts/
Fidesic,50,2026-07-08 18:48,“AI and human ingenuity are powering a bold new operating model that is fundamentally reimagining the finance function.” KPMG,0,0,0,0,Image,Fidesic AP,https://www.linkedin.com/feed/update/urn:li:activity:7480694307214061568/,https://www.linkedin.com/company/fidesic/posts/
Tipalti,1,2026-09-22 14:03,"According to finance leaders in our State of AI in Finance survey, the path to trusting AI tools requires:",4,2,0,6,Image,Tipalti,https://www.linkedin.com/feed/update/urn:li:activity:7508163979525984256/,https://www.linkedin.com/company/tipalti/posts/
Tipalti,2,2026-09-21 20:54,Excited to host this conversation tomorrow about how retail finance leaders are tackling modern AP challenges!,15,1,1,17,Image,Matthew Merrill,https://www.linkedin.com/feed/update/urn:li:activity:7507905189660594177/,https://www.linkedin.com/company/tipalti/posts/
Tipalti,3,2026-09-21 15:10,What does trust have to do with nonprofit finance?,6,1,0,7,Image,Tipalti,https://www.linkedin.com/feed/update/urn:li:activity:7507818464053665792/,https://www.linkedin.com/company/tipalti/posts/
Tipalti,4,2026-09-18 13:05,The Tipalti team is heading to Dublin for the World Finance Forum on September 24!,15,0,0,15,Video,Tipalti,https://www.linkedin.com/feed/update/urn:li:activity:7506699844581941248/,https://www.linkedin.com/company/tipalti/posts/
Tipalti,5,2026-09-17 15:46,Finance teams shouldn’t have to wait days or even hours for basic spend visibility.,8,0,0,8,Image,Tipalti,https://www.linkedin.com/feed/update/urn:li:activity:7506377938230124544/,https://www.linkedin.com/company/tipalti/posts/
Tipalti,6,2026-09-16 16:04,"When Tipalti surveyed 500 finance professionals on what they need from AI, their responses showcased the importance of trust and visibility.",2,0,0,2,Image,Tipalti,https://www.linkedin.com/feed/update/urn:li:activity:7506020121329700864/,https://www.linkedin.com/company/tipalti/posts/
Tipalti,7,2026-09-15 15:16,"Heading to Informa's Finance & Accounting for Bioscience? Stop by the Tipalti booth to see how AI-powered finance automation can help healthcare, biotech, and pharmaceutical teams manage global AP with less manual work and more control.",4,1,2,7,Image,Tipalti,https://www.linkedin.com/feed/update/urn:li:activity:7505645729906892801/,https://www.linkedin.com/company/tipalti/posts/
Tipalti,8,2026-09-14 14:22,Finance professionals are optimistic about AI. They’re also asking harder questions about whether they can trust it.,6,1,0,7,Image,Tipalti,https://www.linkedin.com/feed/update/urn:li:activity:7505269636905451520/,https://www.linkedin.com/company/tipalti/posts/
Tipalti,9,2026-09-11 15:45,Not sure which automation tool your finance team actually needs? Here's a practical framework.,3,1,1,5,Image,Tipalti,https://www.linkedin.com/feed/update/urn:li:activity:7504203394501357568/,https://www.linkedin.com/company/tipalti/posts/
Tipalti,10,2026-09-10 13:43,"Does this sound familiar? Your finance team spends two full days every month processing payments, taking time away from the work that actually grows the business.",0,1,0,1,Image,Tipalti,https://www.linkedin.com/feed/update/urn:li:activity:7503810273145827328/,https://www.linkedin.com/company/tipalti/posts/
Tipalti,11,2026-09-09 10:06,"Arthur Laykin studied philosophy at Tel Aviv University, took a part-time job at the university tech support desk to pay the bills, and discovered he liked solving problems more than he expected. That detour became a decade-plus",38,1,0,39,Image,Tipalti,https://www.linkedin.com/feed/update/urn:li:activity:7503393273529536513/,https://www.linkedin.com/company/tipalti/posts/
Tipalti,12,2026-09-08 15:35,"Two-thirds of finance teams saw manual work increase last year, even with new tools in their stack. That's the quiet failure mode of automation that only follows fixed rules: the moment an invoice looks unfamiliar or an exception doesn't fit the pattern, it lands back on someone's desk.",7,0,0,7,Article/Link,Tipalti,https://www.linkedin.com/feed/update/urn:li:activity:7503113683384885248/,https://www.linkedin.com/company/tipalti/posts/
Tipalti,13,2026-09-07 14:41,Scaling globally exposes every crack in your financial infrastructure before it shows up anywhere else.,3,0,0,3,Image,Tipalti,https://www.linkedin.com/feed/update/urn:li:activity:7502737706603585536/,https://www.linkedin.com/company/tipalti/posts/
Tipalti,14,2026-09-04 16:15,Take us out to the ball game!,87,4,3,94,Multi-image (4),Tipalti,https://www.linkedin.com/feed/update/urn:li:activity:7501674295702523904/,https://www.linkedin.com/company/tipalti/posts/
Tipalti,15,2026-09-03 20:53,The Tipalti team was at the World Finance Forum in London this week.,60,2,1,63,Multi-image (3),Tipalti,https://www.linkedin.com/feed/update/urn:li:activity:7501381763076784128/,https://www.linkedin.com/company/tipalti/posts/
Tipalti,16,2026-09-03 15:45,Chasing down W-9s is nobody's idea of a good time.,4,0,0,4,Image,Tipalti,https://www.linkedin.com/feed/update/urn:li:activity:7501304311415513088/,https://www.linkedin.com/company/tipalti/posts/
Tipalti,17,2026-09-02 15:31,Getting buy-in for finance automation is harder than it should be. We've created a framework for you that actually works.,9,1,1,11,Video,Tipalti,https://www.linkedin.com/feed/update/urn:li:activity:7500938365412732929/,https://www.linkedin.com/company/tipalti/posts/
Tipalti,18,2026-09-01 15:30,Our E-commerce playbook is here!,5,1,0,6,Image,Tipalti,https://www.linkedin.com/feed/update/urn:li:activity:7500575726857924608/,https://www.linkedin.com/company/tipalti/posts/
Tipalti,19,2026-08-31 15:15,"Custom Ink was processing 1,260 invoices a month across four entities with a team stretched thin on manual work. They were stuck with vendor coding in spreadsheets, chasing approvals, and hand-processing hundreds of fundraising payouts every month.",6,0,0,6,Document/Carousel (PDF),Tipalti,https://www.linkedin.com/feed/update/urn:li:activity:7500209556388618241/,https://www.linkedin.com/company/tipalti/posts/
Tipalti,20,2026-08-28 15:00,The trouble with global growth begins when you add country number 2.,3,2,0,5,Video,Tipalti,https://www.linkedin.com/feed/update/urn:li:activity:7499118842401554432/,https://www.linkedin.com/company/tipalti/posts/
Tipalti,21,2026-08-27 15:15,"Tipalti Expenses automates approvals, reconciliation, and reimbursements to simplify workflows and control business costs.",4,0,0,4,Text,Tipalti,https://www.linkedin.com/feed/update/urn:li:activity:7498760004854906881/,https://www.linkedin.com/company/tipalti/posts/
Tipalti,22,2026-08-26 15:30,"Who enjoys PO matching? It's arduous, leads to bottlenecks, and any matching errors can cascade into serious problems.",16,0,1,17,Image,Tipalti,https://www.linkedin.com/feed/update/urn:li:activity:7498401375488212992/,https://www.linkedin.com/company/tipalti/posts/
Tipalti,23,2026-08-25 21:45,🚨 New Playbook 🚨,8,1,0,9,Image,Tipalti,https://www.linkedin.com/feed/update/urn:li:activity:7498133373173923840/,https://www.linkedin.com/company/tipalti/posts/
Tipalti,24,2026-08-25 15:40,"Before he was a product manager, Yacov Gorovoy was a lawyer. He never coded.",44,3,0,47,Image,Tipalti,https://www.linkedin.com/feed/update/urn:li:activity:7498041508441542658/,https://www.linkedin.com/company/tipalti/posts/
Tipalti,25,2026-08-24 15:30,League One Volleyball (LOVB) felt stuck with their legacy system.,3,0,1,4,Document/Carousel (PDF),Tipalti,https://www.linkedin.com/feed/update/urn:li:activity:7497676634448183296/,https://www.linkedin.com/company/tipalti/posts/
Tipalti,26,2026-08-21 17:27,Do you know what a sunny Summer day in Vancouver calls for? A team picnic on the beach!,98,7,3,108,Multi-image (4),Tipalti,https://www.linkedin.com/feed/update/urn:li:activity:7496618965771788288/,https://www.linkedin.com/company/tipalti/posts/
Tipalti,27,2026-08-21 15:56,"A company needs to pay a supplier in Germany, a creator in Brazil, and a contractor in the Philippines.",9,1,1,11,Image,Tipalti,https://www.linkedin.com/feed/update/urn:li:activity:7496595987323613184/,https://www.linkedin.com/company/tipalti/posts/
Tipalti,28,2026-08-20 16:13,Great engineering leadership isn’t just about technical expertise; it’s about creating environments where people can do their best work.,4,1,1,6,Image,Tipalti,https://www.linkedin.com/feed/update/urn:li:activity:7496238049702510592/,https://www.linkedin.com/company/tipalti/posts/
Tipalti,29,2026-08-20 14:09,"Most finance teams using AI today are using it as a faster way to do things they already knew how to do: Write an email, summarize a document, or take notes from a meeting.",35,0,0,35,Article/Link,Tipalti,https://www.linkedin.com/feed/update/urn:li:activity:7496206669354438656/,https://www.linkedin.com/company/tipalti/posts/
Tipalti,30,2026-08-19 13:20,"When Prodege's partner network grew, so did the operational complexity behind every payment.",13,0,0,13,Video,Tipalti,https://www.linkedin.com/feed/update/urn:li:activity:7495832020955099136/,https://www.linkedin.com/company/tipalti/posts/
Tipalti,31,2026-08-18 14:46,"AI is no longer a ""someday"" conversation in finance. It's a ""now"" conversation.",33,0,0,33,Image,Tipalti,https://www.linkedin.com/feed/update/urn:li:activity:7495491226494955520/,https://www.linkedin.com/company/tipalti/posts/
Tipalti,32,2026-08-17 14:45,"20 weeks of AP work, eliminated. Every year.",7,0,1,8,Document/Carousel (PDF),Tipalti,https://www.linkedin.com/feed/update/urn:li:activity:7495128560345530369/,https://www.linkedin.com/company/tipalti/posts/
Tipalti,33,2026-08-16 17:23,"In his latest for the Forbes Tech Council, Tipalti CPTO Roby Baruch discusses how AI is transforming product and engineering organizations.",2,0,0,2,Article/Link,Tipalti,https://www.linkedin.com/feed/update/urn:li:activity:7494805936738443264/,https://www.linkedin.com/company/tipalti/posts/
Tipalti,34,2026-08-16 11:10,New from the Tipalti Team 👇,25,4,0,29,Image,Tipalti,https://www.linkedin.com/feed/update/urn:li:activity:7494712091547983872/,https://www.linkedin.com/company/tipalti/posts/
Tipalti,35,2026-08-15 12:29,New from the Tipalti Product Team 👇,100,5,0,105,Image,Tipalti,https://www.linkedin.com/feed/update/urn:li:activity:7494369561652244481/,https://www.linkedin.com/company/tipalti/posts/
Tipalti,36,2026-08-14 15:45,What does it actually take to build financial infrastructure for a company scaling globally?,9,0,0,9,Image,Tipalti,https://www.linkedin.com/feed/update/urn:li:activity:7494056511439106048/,https://www.linkedin.com/company/tipalti/posts/
Tipalti,37,2026-08-13 15:29,"David Fractor, CFO at ImaginAb, has spent seven years building a finance function inside a biotech company, through a sudden shift to remote work, international expansion, and now the shift AI is bringing to finance.",12,0,0,12,Image,Tipalti,https://www.linkedin.com/feed/update/urn:li:activity:7493690088099397634/,https://www.linkedin.com/company/tipalti/posts/
Tipalti,38,2026-08-12 18:07,Technology alone won't make finance more scalable.,11,0,0,11,Image,Tipalti,https://www.linkedin.com/feed/update/urn:li:activity:7493367484897640448/,https://www.linkedin.com/company/tipalti/posts/
Tipalti,39,2026-08-11 17:16,Tipalti has officially been named to the Inc. 5000 list for nine consecutive years.,190,4,3,197,Image,Chen Amit,https://www.linkedin.com/feed/update/urn:li:activity:7492992369735385088/,https://www.linkedin.com/company/tipalti/posts/
Tipalti,40,2026-08-11 13:30,We are thrilled to share that Tipalti has been named to the Inc. 5000 list for the ninth consecutive year.,58,1,9,68,Image,Tipalti,https://www.linkedin.com/feed/update/urn:li:activity:7492935597746040832/,https://www.linkedin.com/company/tipalti/posts/
Tipalti,41,2026-08-10 16:08,"Hear directly from finance leaders at AG1, Lantern Community Services, and Lendable on how Tipalti AI agents transform their accounts payable operations, delivering real-time savings, complete visibility, and faster processing without having to add headcount.",10,0,0,10,Video,Tipalti,https://www.linkedin.com/feed/update/urn:li:activity:7492612899413159936/,https://www.linkedin.com/company/tipalti/posts/
Tipalti,42,2026-08-07 15:20,The best finance leaders often bring perspectives that can't be learned from a textbook.,2,2,0,4,Image,Tipalti,https://www.linkedin.com/feed/update/urn:li:activity:7491513520375824384/,https://www.linkedin.com/company/tipalti/posts/
Tipalti,43,2026-08-06 15:20,"Adding a new country doesn't add one new problem. It adds several at once: subsidiaries, currencies, tax rules, banking relationships, and approval flows, all requiring attention at the same time.",9,0,1,10,Video,Tipalti,https://www.linkedin.com/feed/update/urn:li:activity:7491151289582706688/,https://www.linkedin.com/company/tipalti/posts/
Tipalti,44,2026-08-05 15:11,81% of organizations say their external partner networks are vital to business success. Yet most still treat the infrastructure behind paying those partners as an afterthought.,8,0,1,9,Video,Tipalti,https://www.linkedin.com/feed/update/urn:li:activity:7490786545394765824/,https://www.linkedin.com/company/tipalti/posts/
Tipalti,45,2026-08-04 15:15,"Even the best partner programs lose talent when payments are slow, complicated, or hard to manage.",8,1,1,10,Video,Tipalti,https://www.linkedin.com/feed/update/urn:li:activity:7490425097632083968/,https://www.linkedin.com/company/tipalti/posts/
Tipalti,46,2026-08-03 15:35,"The Tipalti team is heading to Minneapolis for the Dynamics Community Summit Roadshow, and we're proud to be a sponsor!",6,0,0,6,Video,Tipalti,https://www.linkedin.com/feed/update/urn:li:activity:7490067743824658432/,https://www.linkedin.com/company/tipalti/posts/
Tipalti,47,2026-07-31 17:10,"There's a lot of noise around agentic AI right now, but what we're hearing from finance teams is far more practical.",6,1,0,7,Image,Tipalti,https://www.linkedin.com/feed/update/urn:li:activity:7489004494077313024/,https://www.linkedin.com/company/tipalti/posts/
Tipalti,48,2026-07-31 15:00,"The Tipalti C-Suite were in Vancouver last week for their executive QBR, and they capped off the sessions with a happy hour for the entire office.",128,3,2,133,Multi-image (4),Tipalti,https://www.linkedin.com/feed/update/urn:li:activity:7488971744008032256/,https://www.linkedin.com/company/tipalti/posts/
Tipalti,49,2026-07-30 16:37,The finance function is being asked to operate at a higher level. The problem is the day-to-day workload hasn't changed to match.,41,0,1,42,Video,Tipalti,https://www.linkedin.com/feed/update/urn:li:activity:7488633931689431041/,https://www.linkedin.com/company/tipalti/posts/
Tipalti,50,2026-07-29 13:37,NEW RESEARCH: The payout infrastructure gap is costing businesses their top partners.,24,0,3,27,Video,Tipalti,https://www.linkedin.com/feed/update/urn:li:activity:7488226191594786817/,https://www.linkedin.com/company/tipalti/posts/
Stampli,1,2026-09-22 14:55,Corporate cards handle the payment. Finance still owns everything that follows.,3,0,0,3,Article/Link,Stampli,https://www.linkedin.com/feed/update/urn:li:activity:7508177056522760192/,https://www.linkedin.com/company/stampli/posts/
Stampli,2,2026-09-17 17:05,Our customers recently got an in-depth look at Stampli Expense Management. Now you can too 💳,16,1,4,21,Article/Link,Stampli,https://www.linkedin.com/feed/update/urn:li:activity:7506397822401957888/,https://www.linkedin.com/company/stampli/posts/
Stampli,3,2026-09-16 16:11,What could your finance data reveal that you haven’t noticed? Ask the question.,17,1,4,22,Video,Stampli,https://www.linkedin.com/feed/update/urn:li:activity:7506021836934254593/,https://www.linkedin.com/company/stampli/posts/
Stampli,4,2026-09-14 17:03,Really lucky to work with such visionary founders!,11,0,0,11,Video,Christelle Flahaux,https://www.linkedin.com/feed/update/urn:li:activity:7505310186530828288/,https://www.linkedin.com/company/stampli/posts/
Stampli,5,2026-09-14 15:44,Calling Microsoft users to Nashville for the Community Summit 🗻 https://lnkd.in/e5KpU92r,4,0,1,5,Article/Link,Stampli,https://www.linkedin.com/feed/update/urn:li:activity:7505290274118475776/,https://www.linkedin.com/company/stampli/posts/
Stampli,6,2026-09-11 11:53,The 68% stat tells part of the story. The team behind it tells it all 💙 https://bit.ly/4y8IRre,20,0,3,23,Image,Stampli,https://www.linkedin.com/feed/update/urn:li:activity:7504145000830763008/,https://www.linkedin.com/company/stampli/posts/
Stampli,7,2026-09-10 17:08,Founders get tired of selling. That doesn’t mean the sales motion is ready to hand off.,88,21,0,109,Video,Eyal Feldman,https://www.linkedin.com/feed/update/urn:li:activity:7503861910673526784/,https://www.linkedin.com/company/stampli/posts/
Stampli,8,2026-09-10 16:53,Founders get tired of selling. That doesn’t mean the sales motion is ready to hand off.,88,21,0,109,Video,Eyal Feldman,https://www.linkedin.com/feed/update/urn:li:activity:7503858076933095424/,https://www.linkedin.com/company/stampli/posts/
Stampli,9,2026-09-09 14:48,Finance shouldn’t have to reconstruct employee spend records every month 🗓️,30,1,7,38,Article/Link,Stampli,https://www.linkedin.com/feed/update/urn:li:activity:7503464250934255616/,https://www.linkedin.com/company/stampli/posts/
Stampli,10,2026-09-08 15:37,An employee swipes a company card. Another pays out of pocket. Someone submits mileage.,18,0,6,24,Article/Link,Stampli,https://www.linkedin.com/feed/update/urn:li:activity:7503114180867039232/,https://www.linkedin.com/company/stampli/posts/
Stampli,11,2026-09-02 15:35,"When leaders have room to grow, their teams can grow with them 🌱 https://lnkd.in/grPnq-3H",6,0,0,6,Image,Stampli,https://www.linkedin.com/feed/update/urn:li:activity:7500939342903816195/,https://www.linkedin.com/company/stampli/posts/
Stampli,12,2026-08-31 15:19,"In finance, efficiency only matters if you can improve it without giving up control and accuracy.",6,0,2,8,Article/Link,Stampli,https://www.linkedin.com/feed/update/urn:li:activity:7500210551743049728/,https://www.linkedin.com/company/stampli/posts/
Stampli,13,2026-08-28 23:31,Business leaders always have questions. They just don’t ask all of them because answering each one can take weeks of work.,48,5,5,58,Video,Eyal Feldman,https://www.linkedin.com/feed/update/urn:li:activity:7499247223994535936/,https://www.linkedin.com/company/stampli/posts/
Stampli,14,2026-08-26 15:20,Answering a good finance question shouldn’t require a costly project.,44,7,10,61,Video,Stampli,https://www.linkedin.com/feed/update/urn:li:activity:7498398949129515008/,https://www.linkedin.com/company/stampli/posts/
Stampli,15,2026-08-25 00:55,OpenAI published a story last week about how our team at Stampli used ChatGPT for Work and Codex to launch Deep Finance.,17,2,3,22,Article/Link,Melad Zahedi,https://www.linkedin.com/feed/update/urn:li:activity:7497818954103468032/,https://www.linkedin.com/company/stampli/posts/
Stampli,16,2026-08-24 15:05,Anyone who’s launched a product knows the hard part isn’t just one thing.,28,2,14,44,Article/Link,Stampli,https://www.linkedin.com/feed/update/urn:li:activity:7497670332653371392/,https://www.linkedin.com/company/stampli/posts/
Stampli,17,2026-08-19 16:09,Month-end problems rarely begin at month-end 💭 https://lnkd.in/grPnq-3H,17,0,7,24,Image,Stampli,https://www.linkedin.com/feed/update/urn:li:activity:7495874607586136064/,https://www.linkedin.com/company/stampli/posts/
Stampli,18,2026-08-13 16:41,"An invoice in manufacturing is rarely just that. There's usually a PO, a receipt, a plant, a cost center, and someone who needs to make a call.",3,0,0,3,Article/Link,Stampli,https://www.linkedin.com/feed/update/urn:li:activity:7493708207337439232/,https://www.linkedin.com/company/stampli/posts/
Stampli,19,2026-08-10 17:17,"At Quincy Recycle, connecting Procurement and AP brought clarity to daily work and more team capacity. https://lnkd.in/gcxpA7aD",25,0,7,32,Image,Stampli,https://www.linkedin.com/feed/update/urn:li:activity:7492630306575986688/,https://www.linkedin.com/company/stampli/posts/
Stampli,20,2026-08-07 17:45,Every vendor relationship carries a set of important commitments.,12,0,4,16,Article/Link,Stampli,https://www.linkedin.com/feed/update/urn:li:activity:7491550133990649856/,https://www.linkedin.com/company/stampli/posts/
Stampli,21,2026-08-06 16:41,"From 10 locations to more than 50, America's Group built a finance operation designed to scale with its growth.",19,0,8,27,Article/Link,Stampli,https://www.linkedin.com/feed/update/urn:li:activity:7491171494178455552/,https://www.linkedin.com/company/stampli/posts/
Stampli,22,2026-08-04 18:14,"71 locations. 1,000+ monthly invoices. A two-person AP team.",14,0,1,15,Article/Link,Stampli,https://www.linkedin.com/feed/update/urn:li:activity:7490470160655376385/,https://www.linkedin.com/company/stampli/posts/
Stampli,23,2026-07-27 16:15,New software shouldn’t take years to deliver value.,36,1,14,51,Image,Stampli,https://www.linkedin.com/feed/update/urn:li:activity:7487541089772572672/,https://www.linkedin.com/company/stampli/posts/
Stampli,24,2026-07-22 17:45,Procure-to-pay breaks down fast when teams work across disconnected tools 🫣,11,0,5,16,Article/Link,Stampli,https://www.linkedin.com/feed/update/urn:li:activity:7485751784376815617/,https://www.linkedin.com/company/stampli/posts/
Stampli,25,2026-07-14 16:14,Finance leaders do not need a lesson in prompting. They need better data to prompt from.,6,0,1,7,Article/Link,Stampli,https://www.linkedin.com/feed/update/urn:li:activity:7482829790388056064/,https://www.linkedin.com/company/stampli/posts/
Stampli,26,2026-07-10 20:41,“It’s allowed basically a one-person team to do the work of a team of four or five.”,0,0,0,0,Video,OpenAI for Business,https://www.linkedin.com/feed/update/urn:li:activity:7481447429310140416/,https://www.linkedin.com/company/stampli/posts/
Stampli,27,2026-07-09 20:18,"I spent ten years as an accountant before I ever touched marketing. So when OpenAI asked to feature how my team works as part of their ChatGPT Work launch, it felt a little surreal.",63,3,5,71,Video,Melad Zahedi,https://www.linkedin.com/feed/update/urn:li:activity:7481079331687981057/,https://www.linkedin.com/company/stampli/posts/
Stampli,28,2026-07-02 15:55,"What changes when finance teams can analyze data in ways that used to be slow, manual, or expensive to explore?",13,0,1,14,Article/Link,Stampli,https://www.linkedin.com/feed/update/urn:li:activity:7478476361188237312/,https://www.linkedin.com/company/stampli/posts/
Stampli,29,2026-06-30 17:58,Finance teams don't run out of good questions. They run out of practical ways to get answers.,32,0,12,44,Document/Carousel (PDF),Stampli,https://www.linkedin.com/feed/update/urn:li:activity:7477782702507728897/,https://www.linkedin.com/company/stampli/posts/
Stampli,30,2026-06-26 17:59,Accounts Payable is where Procure-to-Pay either works or breaks.,18,0,6,24,Article/Link,Stampli,https://www.linkedin.com/feed/update/urn:li:activity:7476333219932549120/,https://www.linkedin.com/company/stampli/posts/
Stampli,31,2026-06-23 19:43,Vendor renewal coming up? A lot can change since the last contract.,12,1,4,17,Article/Link,Stampli,https://www.linkedin.com/feed/update/urn:li:activity:7475272288779554817/,https://www.linkedin.com/company/stampli/posts/
Stampli,32,2026-06-19 01:24,Strong customer feedback on real value for finance teams to create one connected P2P story.,37,1,16,54,Article/Link,Stampli,https://www.linkedin.com/feed/update/urn:li:activity:7473546137669382144/,https://www.linkedin.com/company/stampli/posts/
Stampli,33,2026-06-19 01:23,Finance teams don't run out of useful questions. They run out of practical ways to get answers.,22,1,6,29,Article/Link,Stampli,https://www.linkedin.com/feed/update/urn:li:activity:7473546016936443904/,https://www.linkedin.com/company/stampli/posts/
Stampli,34,2026-06-17 22:19,Strong customer feedback on real value for finance teams to create one connected P2P story.,37,1,16,54,Article/Link,Stampli,https://www.linkedin.com/feed/update/urn:li:activity:7473137280950489088/,https://www.linkedin.com/company/stampli/posts/
Stampli,35,2026-06-16 16:48,Finance teams don't run out of useful questions. They run out of practical ways to get answers.,22,1,6,29,Article/Link,Stampli,https://www.linkedin.com/feed/update/urn:li:activity:7472691476020371456/,https://www.linkedin.com/company/stampli/posts/
Stampli,36,2026-06-12 23:24,"Market stories become clearer when they show up in operational spend. Josh Constine's CNN segment adds timely context on SpaceX's IPO, including Stampli data on how this broader technology story is appearing in spend across mid-market and enterprise organizations.",11,1,4,16,Video,Stampli,https://www.linkedin.com/feed/update/urn:li:activity:7471341777321517056/,https://www.linkedin.com/company/stampli/posts/
Stampli,37,2026-06-11 17:45,NetSuite 3-way matching often breaks on one missing piece: the item receipt.,9,0,2,11,Article/Link,Stampli,https://www.linkedin.com/feed/update/urn:li:activity:7470894018252611585/,https://www.linkedin.com/company/stampli/posts/
Stampli,38,2026-06-09 16:13,ACH risks don't start at the bank portal. They often start earlier.,17,3,7,27,Article/Link,Stampli,https://www.linkedin.com/feed/update/urn:li:activity:7470146179570278400/,https://www.linkedin.com/company/stampli/posts/
Stampli,39,2026-06-02 18:20,"Meaningful savings can hide in everyday finance data. For Integra Investments, Deep Finance surfaced insights they estimated could save $20K-$30K a year.",32,3,10,45,Image,Stampli,https://www.linkedin.com/feed/update/urn:li:activity:7467641260682690560/,https://www.linkedin.com/company/stampli/posts/
Stampli,40,2026-05-22 18:34,"Built to scale your business, not your headcount.",25,0,11,36,Article/Link,Stampli,https://www.linkedin.com/feed/update/urn:li:activity:7463658491082162176/,https://www.linkedin.com/company/stampli/posts/
Stampli,41,2026-05-07 18:09,Vendor concentration risk is hiding in your AP data.,11,0,1,12,Article/Link,Stampli,https://www.linkedin.com/feed/update/urn:li:activity:7458216341255270400/,https://www.linkedin.com/company/stampli/posts/
Stampli,42,2026-04-29 21:22,Day 2 at #SageFuture and the energy is still going strong! Visit us at booth 126 today or tomorrow to see how Stampli is making stress-free finance operations a reality.,42,1,1,44,Image,Stampli,https://www.linkedin.com/feed/update/urn:li:activity:7455365803056717825/,https://www.linkedin.com/company/stampli/posts/
Stampli,43,2026-04-29 17:08,"Day 1 of #SageFuture in the books. Partner day was fantastic. Got to connect with Plante Moran, Rand Group, CLA (CliftonLarsonAllen), DSD Business Systems, CBIZ, and Aprio",91,1,5,97,Multi-image (3),Nathan Hansel,https://www.linkedin.com/feed/update/urn:li:activity:7455302057294729217/,https://www.linkedin.com/company/stampli/posts/
Stampli,44,2026-04-21 15:53,We’re about to see the death of the dashboard. Here's why they'll get replaced by interactive AI visualizations that explain themselves and you can talk to. It starts with the end of intelligence scarcity.,83,8,23,114,Image,Eyal Feldman,https://www.linkedin.com/feed/update/urn:li:activity:7452383909046169600/,https://www.linkedin.com/company/stampli/posts/
Stampli,45,2026-04-16 15:37,Budget variance usually doesn't start with one big decision. It builds quietly across everyday work. 🗓️,7,0,2,9,Article/Link,Stampli,https://www.linkedin.com/feed/update/urn:li:activity:7450567947728650240/,https://www.linkedin.com/company/stampli/posts/
Stampli,46,2026-04-10 16:32,Cash flow opportunities often hide in Accounts Payable.,18,2,4,24,Article/Link,Stampli,https://www.linkedin.com/feed/update/urn:li:activity:7448407527593099265/,https://www.linkedin.com/company/stampli/posts/
Stampli,47,2026-04-07 16:36,Big things are happening at Stampli. 🚀,101,2,5,108,Article/Link,Matthew E.,https://www.linkedin.com/feed/update/urn:li:activity:7447321308419489792/,https://www.linkedin.com/company/stampli/posts/
Stampli,48,2026-04-06 16:39,The data moving through finance systems holds a story that teams never see.,25,1,6,32,Article/Link,Stampli,https://www.linkedin.com/feed/update/urn:li:activity:7446959667169316864/,https://www.linkedin.com/company/stampli/posts/
Stampli,49,2026-04-03 18:48,"The most valuable signals in finance are buried in places traditional BI can’t reach. Invoice line items, approval comments, vendor back-and-forths, exception notes, and thousands of small decisions that shape cash flow and margins but never make it to a dashboard.",52,2,6,60,Video,SignalFire,https://www.linkedin.com/feed/update/urn:li:activity:7445905103506583552/,https://www.linkedin.com/company/stampli/posts/
Stampli,50,2026-04-02 18:00,We're launching something big: an agentic financial analyst you can ask anything. Stampli Deep Finance™ generates an interactive analysis that would take consultants weeks to make. Personally I’m excited to use this myself because you know I always have questions.,148,3,21,172,Video,Eyal Feldman,https://www.linkedin.com/feed/update/urn:li:activity:7445530496417226752/,https://www.linkedin.com/company/stampli/posts/
Pleo,1,2026-09-22 08:02,"When your spend data lives across six inboxes, multiple tools, and spreadsheets, closing the books becomes a monthly scavenger hunt.",12,0,0,12,Document/Carousel (PDF),Pleo,https://www.linkedin.com/feed/update/urn:li:activity:7508073143161511937/,https://www.linkedin.com/company/pleo-company/posts/
Pleo,2,2026-09-21 11:02,You shouldn’t have to dig through reports and chase updates to understand what’s happening with company spend.,13,1,0,14,Document/Carousel (PDF),Pleo,https://www.linkedin.com/feed/update/urn:li:activity:7507756126017454080/,https://www.linkedin.com/company/pleo-company/posts/
Pleo,3,2026-09-17 08:35,"AI-powered workflows? Split expenses on the go? Less month-end guesswork? Yes, yes, and yes.",15,1,0,16,Document/Carousel (PDF),Pleo,https://www.linkedin.com/feed/update/urn:li:activity:7506269595067039744/,https://www.linkedin.com/company/pleo-company/posts/
Pleo,4,2026-09-16 12:00,That’s a wrap on Accountex Summit Manchester. 🤝,93,2,2,97,Multi-image (3),Pleo,https://www.linkedin.com/feed/update/urn:li:activity:7505958843017994241/,https://www.linkedin.com/company/pleo-company/posts/
Pleo,5,2026-09-16 08:54,"Finance teams are losing hours every week to reconciliation, approval chasing and out-of-policy corrections.",18,1,0,19,Video,Pleo,https://www.linkedin.com/feed/update/urn:li:activity:7505912079686569984/,https://www.linkedin.com/company/pleo-company/posts/
Pleo,6,2026-09-15 08:02,WINGSTOP UK (Lemon Pepper Holdings Ltd) doubled its number of locations in two years. But rapid growth called for a new approach to managing company spending.,33,0,4,37,Video,Pleo,https://www.linkedin.com/feed/update/urn:li:activity:7505536446594969601/,https://www.linkedin.com/company/pleo-company/posts/
Pleo,7,2026-09-14 07:41,"Finance is a craft running on judgment, precision, and care. At Pleo, we acknowledge it as a discipline that deserves respect.",27,0,2,29,Text,Pleo,https://www.linkedin.com/feed/update/urn:li:activity:7505168740616142849/,https://www.linkedin.com/company/pleo-company/posts/
Pleo,8,2026-09-10 13:02,Your AI tool just became a spend expert. 🤝,37,0,1,38,Text,Pleo,https://www.linkedin.com/feed/update/urn:li:activity:7503800017615499265/,https://www.linkedin.com/company/pleo-company/posts/
Pleo,9,2026-09-10 09:41,"Finance leaders, this one’s for you.",51,0,9,60,Video,Pleo,https://www.linkedin.com/feed/update/urn:li:activity:7503749508523024384/,https://www.linkedin.com/company/pleo-company/posts/
Pleo,10,2026-09-09 13:30,What’s currently costing your finance team its time?,43,5,0,48,Document/Carousel (PDF),Pleo,https://www.linkedin.com/feed/update/urn:li:activity:7503444790949265408/,https://www.linkedin.com/company/pleo-company/posts/
Pleo,11,2026-09-09 08:03,Pleo has entered the chat.,113,3,29,145,Video,Pleo,https://www.linkedin.com/feed/update/urn:li:activity:7503362501590335490/,https://www.linkedin.com/company/pleo-company/posts/
Pleo,12,2026-09-08 11:45,98% of UK finance leaders already use AI. But 49% still struggle to manage it.,18,0,4,22,Document/Carousel (PDF),Pleo,https://www.linkedin.com/feed/update/urn:li:activity:7503055880209203200/,https://www.linkedin.com/company/pleo-company/posts/
Pleo,13,2026-09-07 13:30,"Two things we took to the World Finance Forum in London last week: a new look, and a talk about knowing when to leave things alone.",53,3,2,58,Multi-image (4),Pleo,https://www.linkedin.com/feed/update/urn:li:activity:7502720002807029760/,https://www.linkedin.com/company/pleo-company/posts/
Pleo,14,2026-09-04 08:50,"Discover the story behind our brand refresh and new navigation experience, designed with craft for the teams we serve: sharp, forward-thinking, and human.",72,3,6,81,Text,Pleo,https://www.linkedin.com/feed/update/urn:li:activity:7501562200176873472/,https://www.linkedin.com/company/pleo-company/posts/
Pleo,15,2026-09-03 07:05,"We've spent eleven years watching finance teams hold companies together with judgement, precision and nerve, then heard that work described as admin.",390,5,64,459,Video,Pleo,https://www.linkedin.com/feed/update/urn:li:activity:7501173628353576961/,https://www.linkedin.com/company/pleo-company/posts/
Pleo,16,2026-08-26 11:08,Finance teams have been testing whether AI tools and platforms can provide a complete picture of company spending.,8,1,0,9,Article/Link,Pleo,https://www.linkedin.com/feed/update/urn:li:activity:7498335467122348032/,https://www.linkedin.com/company/pleo-company/posts/
Pleo,17,2026-08-25 07:16,Cooltra reduced lost receipts by 80% while gaining better visibility and control over spending across eight countries. 🛵,20,0,1,21,Video,Pleo,https://www.linkedin.com/feed/update/urn:li:activity:7497914863806050304/,https://www.linkedin.com/company/pleo-company/posts/
Pleo,18,2026-08-20 10:50,Competing priorities. Imperfect information. High-stakes decisions.,18,1,1,20,Article/Link,Pleo,https://www.linkedin.com/feed/update/urn:li:activity:7496156620129767424/,https://www.linkedin.com/company/pleo-company/posts/
Pleo,19,2026-08-14 09:41,✨🥁 Here's a sneak peek into our recent AI releases and some that are coming.,215,14,19,248,Video,Jeppe Rindom,https://www.linkedin.com/feed/update/urn:li:activity:7493965123959631873/,https://www.linkedin.com/company/pleo-company/posts/
Pleo,20,2026-08-13 06:30,"Flowering.dk is a Copenhagen-based floristry business with a great idea: buy up surplus flowers, turn them into surprise bouquets, and eliminate floral waste. Their finance process, as Johan Vang Wildt, COO at Flowering, put it, was living in the Stone Age.",15,1,0,16,Video,Pleo,https://www.linkedin.com/feed/update/urn:li:activity:7493554518677368832/,https://www.linkedin.com/company/pleo-company/posts/
Pleo,21,2026-08-11 06:00,Distributed spending doesn't have to mean distributed risk.,9,1,0,10,Article/Link,Pleo,https://www.linkedin.com/feed/update/urn:li:activity:7492822169832284161/,https://www.linkedin.com/company/pleo-company/posts/
Pleo,22,2026-08-06 08:42,"This is how Bonzer took control of €700,000+ in marketing spend with Pleo 🔥 https://lnkd.in/d4b4TUX5",23,0,0,23,Video,Pleo,https://www.linkedin.com/feed/update/urn:li:activity:7491051106836451329/,https://www.linkedin.com/company/pleo-company/posts/
Pleo,23,2026-08-05 09:15,One click. No manual back-and-forth. Far less room for error.,10,0,0,10,Article/Link,Pleo,https://www.linkedin.com/feed/update/urn:li:activity:7490696979312820224/,https://www.linkedin.com/company/pleo-company/posts/
Pleo,24,2026-07-30 09:08,"Finance leaders need AI that knows its limits, works invisibly where it can, and steps back immediately where it matters 🦾 https://lnkd.in/dQ2DKA_P",16,0,3,19,Article/Link,Pleo,https://www.linkedin.com/feed/update/urn:li:activity:7488520965103173634/,https://www.linkedin.com/company/pleo-company/posts/
Pleo,25,2026-07-28 08:13,What’s next in AI spend control?,9,0,0,9,Image,Pleo,https://www.linkedin.com/feed/update/urn:li:activity:7487782257504456704/,https://www.linkedin.com/company/pleo-company/posts/
Pleo,26,2026-07-27 07:52,From 16 hours of monthly expense admin to just ≈1.5 hours. Now that’s something worth raising a glass to. 🍺,21,1,0,22,Video,Pleo,https://www.linkedin.com/feed/update/urn:li:activity:7487414564758745088/,https://www.linkedin.com/company/pleo-company/posts/
Pleo,27,2026-07-23 07:49,"Pleo has been named one of CNBC and Statista’s World’s Top Fintech Companies of 2026, earning a place among the leaders in the Enterprise fintech category. 🏆 https://lnkd.in/evWFTej8",75,0,8,83,Article/Link,Pleo,https://www.linkedin.com/feed/update/urn:li:activity:7485964231058726926/,https://www.linkedin.com/company/pleo-company/posts/
Pleo,28,2026-07-22 06:39,What's new in July? Exactly what you need 🎯,13,0,0,13,Document/Carousel (PDF),Pleo,https://www.linkedin.com/feed/update/urn:li:activity:7485584289389273088/,https://www.linkedin.com/company/pleo-company/posts/
Pleo,29,2026-07-21 07:50,Stepping into a CFO role comes with immediate pressure.,17,0,2,19,Article/Link,Pleo,https://www.linkedin.com/feed/update/urn:li:activity:7485239842772127744/,https://www.linkedin.com/company/pleo-company/posts/
Pleo,30,2026-07-20 08:05,It’s alive. But does it work?,11,0,1,12,Image,Pleo,https://www.linkedin.com/feed/update/urn:li:activity:7484881119134441473/,https://www.linkedin.com/company/pleo-company/posts/
Pleo,31,2026-07-16 08:39,"Turns out, the future of finance goes very well with breakfast. ☕️ 🥐",77,0,5,82,Multi-image (4),Pleo,https://www.linkedin.com/feed/update/urn:li:activity:7483440173855350785/,https://www.linkedin.com/company/pleo-company/posts/
Pleo,32,2026-07-15 07:47,"When you're managing project-based work across multiple entities, a single misclick in the export process can break your entire flow.",16,0,3,19,Document/Carousel (PDF),Pleo,https://www.linkedin.com/feed/update/urn:li:activity:7483064598011576320/,https://www.linkedin.com/company/pleo-company/posts/
Pleo,33,2026-07-14 11:59,Let's talk about the Pleo MCP. 🤖,85,3,9,97,Multi-image (2),Ajay Khanna,https://www.linkedin.com/feed/update/urn:li:activity:7482765706757959680/,https://www.linkedin.com/company/pleo-company/posts/
Pleo,34,2026-07-14 07:59,What does a new CFO actually walk into?,12,2,2,16,Article/Link,Pleo,https://www.linkedin.com/feed/update/urn:li:activity:7482705240706924544/,https://www.linkedin.com/company/pleo-company/posts/
Pleo,35,2026-07-13 11:12,Big moment for the Solution Engineering team at Pleo: our first ever Post-Sales Solution Engineer role is now live. 🚀,67,7,13,87,Text,Ajay Khanna,https://www.linkedin.com/feed/update/urn:li:activity:7482391436345249792/,https://www.linkedin.com/company/pleo-company/posts/
Pleo,36,2026-07-13 08:17,It's a wrap on Xerocon 2026!,55,1,5,61,Multi-image (4),Pleo,https://www.linkedin.com/feed/update/urn:li:activity:7482347405783474176/,https://www.linkedin.com/company/pleo-company/posts/
Pleo,37,2026-07-08 08:33,Pleo Champions Club 2026: Legends of Palermo 🌟,79,0,6,85,Video,Pleo,https://www.linkedin.com/feed/update/urn:li:activity:7480539500289527808/,https://www.linkedin.com/company/pleo-company/posts/
Pleo,38,2026-07-07 09:08,"We're heading to Xerocon London on 8–9 July, and we're excited to see you there 🔜",15,1,2,18,Image,Pleo,https://www.linkedin.com/feed/update/urn:li:activity:7480186016109252608/,https://www.linkedin.com/company/pleo-company/posts/
Pleo,39,2026-07-07 07:43,"Up to Speed is back with everything you need to know about spend that runs itself: how agentic AI is reshaping expense management, the product updates rewriting finance workflows, and the Danish startup that traded two weeks of manual admin for bloom beyond belief.",69,2,3,74,Text,Pleo,https://www.linkedin.com/feed/update/urn:li:activity:7480164471852933120/,https://www.linkedin.com/company/pleo-company/posts/
Pleo,40,2026-07-01 09:08,"For Conmedia ApS, a marketing company that usually builds its own solutions, the goal was simple: get expense management sorted without the ""card chaos"".",21,1,1,23,Document/Carousel (PDF),Pleo,https://www.linkedin.com/feed/update/urn:li:activity:7478011653503205377/,https://www.linkedin.com/company/pleo-company/posts/
Pleo,41,2026-06-30 08:24,"When he co-built Pleo, our CEO Jeppe Rindom did it for finance teams who were tired of systems that break the moment growth gets serious.",31,0,2,33,Image,Pleo,https://www.linkedin.com/feed/update/urn:li:activity:7477638111628308480/,https://www.linkedin.com/company/pleo-company/posts/
Pleo,42,2026-06-29 08:53,"For Flowering.dk, the shift from manual to automated finance with Pleo has been in equal parts a time-saver and a culture-shifter:",9,0,2,11,Document/Carousel (PDF),Pleo,https://www.linkedin.com/feed/update/urn:li:activity:7477283200176685056/,https://www.linkedin.com/company/pleo-company/posts/
Pleo,43,2026-06-25 07:20,"AI spend is changing, and rapidly so.",7,0,0,7,Article/Link,Pleo,https://www.linkedin.com/feed/update/urn:li:activity:7475810080844726272/,https://www.linkedin.com/company/pleo-company/posts/
Pleo,44,2026-06-24 08:30,Finance leaders know exactly what they should be working on. The problem is that *everything else* gets in the way first.,13,1,3,17,Document/Carousel (PDF),Pleo,https://www.linkedin.com/feed/update/urn:li:activity:7475465294891761664/,https://www.linkedin.com/company/pleo-company/posts/
Pleo,45,2026-06-23 09:11,"""Can I spend this on…?""",48,0,7,55,Video,Pleo,https://www.linkedin.com/feed/update/urn:li:activity:7475113222728056832/,https://www.linkedin.com/company/pleo-company/posts/
Pleo,46,2026-06-22 09:14,Sustainable floristry 🤝 Modern spend management,24,0,4,28,Image,Pleo,https://www.linkedin.com/feed/update/urn:li:activity:7474751563933351936/,https://www.linkedin.com/company/pleo-company/posts/
Pleo,47,2026-06-18 12:49,Thank you FF News | Fintech Finance for the great discussion,22,0,1,23,Video,Kunal Galav,https://www.linkedin.com/feed/update/urn:li:activity:7473356120632467456/,https://www.linkedin.com/company/pleo-company/posts/
Pleo,48,2026-06-18 10:39,"We're rethinking how teams manage spend—starting with agentic AI that actually understands your company's rules, surfaces what needs attention, answers your questions in real time, and so much more (coming soon).",20,1,1,22,Document/Carousel (PDF),Pleo,https://www.linkedin.com/feed/update/urn:li:activity:7473323383536033792/,https://www.linkedin.com/company/pleo-company/posts/
Pleo,49,2026-06-18 08:14,Cross-border expansion has a hidden cost. Finance teams are paying it every day. And 71% say it can feel like launching a new business all over again.,17,1,1,19,Video,Pleo,https://www.linkedin.com/feed/update/urn:li:activity:7473287104035426306/,https://www.linkedin.com/company/pleo-company/posts/
Pleo,50,2026-06-17 08:13,Most finance teams don't realise how much they're losing to expense admin until they see it written down.,15,1,3,19,Document/Carousel (PDF),Pleo,https://www.linkedin.com/feed/update/urn:li:activity:7472924424439107584/,https://www.linkedin.com/company/pleo-company/posts/
Payhawk,1,2026-09-22 10:31,Every customer buys Payhawk differently. Everyone still got the same implementation checklist.,75,6,7,88,Video,Martin Jürgen Reindl,https://www.linkedin.com/feed/update/urn:li:activity:7508110742026522624/,https://www.linkedin.com/company/payhawk/posts/
Payhawk,2,2026-09-17 15:50,"Welcome to Europe, Eric Glyman, Ramp and all US founders coming with fresh valuations, famous cap tables and big expectations to conquer Europe.",1317,83,157,1557,Video,Hristo Borisov,https://www.linkedin.com/feed/update/urn:li:activity:7506379030666035200/,https://www.linkedin.com/company/payhawk/posts/
Payhawk,3,2026-09-17 10:54,"When you move to Campfire with Payhawk, you want instant bookkeeping without a black box.",43,1,2,46,Video,Payhawk,https://www.linkedin.com/feed/update/urn:li:activity:7506304548718755842/,https://www.linkedin.com/company/payhawk/posts/
Payhawk,4,2026-09-17 08:06,Huge congrats to the whole EnduroSat team for raising $205M and becoming Bulgaria's second unicorn. 🦄🇧🇬,913,2,4,919,Image,Payhawk,https://www.linkedin.com/feed/update/urn:li:activity:7506262302585909248/,https://www.linkedin.com/company/payhawk/posts/
Payhawk,5,2026-09-16 14:10,🎾 Eleven years since Grigor Dimitrov last wore Bulgaria's colors in Davis Cup. Now he's back and this time he'll be together with another Payhawk brand ambassador.,287,1,4,292,Image,Payhawk,https://www.linkedin.com/feed/update/urn:li:activity:7505991541765885952/,https://www.linkedin.com/company/payhawk/posts/
Payhawk,6,2026-09-16 08:00,"This is Martin, General Manager and SVP Customer Success at Payhawk, and he's inviting you all to our Fall '26 webinar.",95,0,5,100,Video,Payhawk,https://www.linkedin.com/feed/update/urn:li:activity:7505898276265795584/,https://www.linkedin.com/company/payhawk/posts/
Payhawk,7,2026-09-15 08:00,This edition puts finance's best next move one prompt away.,76,2,19,97,Video,Payhawk,https://www.linkedin.com/feed/update/urn:li:activity:7505535894699999232/,https://www.linkedin.com/company/payhawk/posts/
Payhawk,8,2026-09-14 14:14,"We asked 1,520 finance leaders about their tools. Here's what we found 📊",20,1,0,21,Document/Carousel (PDF),Payhawk,https://www.linkedin.com/feed/update/urn:li:activity:7505267835770834944/,https://www.linkedin.com/company/payhawk/posts/
Payhawk,9,2026-09-14 12:08,We didn't launch travel at Payhawk to give people the same product in a different place.,55,1,1,57,Image,Boris A. Angelov,https://www.linkedin.com/feed/update/urn:li:activity:7505236102270767104/,https://www.linkedin.com/company/payhawk/posts/
Payhawk,10,2026-09-14 09:04,A four-day month-end close. An approval flow nobody can explain anymore. A reconciliation that runs through one person.,43,6,0,49,Image,Payhawk,https://www.linkedin.com/feed/update/urn:li:activity:7505189665252196352/,https://www.linkedin.com/company/payhawk/posts/
Payhawk,11,2026-09-12 19:59,Chamath Palihapitiya & Jason Calacanis you said today you don't believe AI is capable of booking you a hotel yet. You just got a booking in LA under your names fully booked and paid by AI courtesy of Payhawk's Travel agent.,222,12,22,256,Video,Hristo Borisov,https://www.linkedin.com/feed/update/urn:li:activity:7504629863467884544/,https://www.linkedin.com/company/payhawk/posts/
Payhawk,12,2026-09-11 13:39,"Yesterday, The Loft at A'dam Tower filled up with Europe's finance leaders and the conversation went straight past ""should we use AI"" to ""what do we fix first.""",74,3,3,80,Multi-image (4),Payhawk,https://www.linkedin.com/feed/update/urn:li:activity:7504171854149115906/,https://www.linkedin.com/company/payhawk/posts/
Payhawk,13,2026-09-11 08:30,"Business travel looks simple until it isn't. One person, one city, one night. Any tool can do that.",49,1,1,51,Image,Payhawk,https://www.linkedin.com/feed/update/urn:li:activity:7504093900324921345/,https://www.linkedin.com/company/payhawk/posts/
Payhawk,14,2026-09-10 08:12,"You're moving to DualEntry to get ahead, but that's only half of the solution. AI-native spend management is the other half.",48,0,4,52,Video,Payhawk,https://www.linkedin.com/feed/update/urn:li:activity:7503727197916999680/,https://www.linkedin.com/company/payhawk/posts/
Payhawk,15,2026-09-10 08:00,"You're moving to DualEntry to get ahead, but that's only half of the solution. AI-native spend management is the other half.",48,0,4,52,Video,Payhawk,https://www.linkedin.com/feed/update/urn:li:activity:7503724110976401408/,https://www.linkedin.com/company/payhawk/posts/
Payhawk,16,2026-09-09 08:43,"This month, Payhawk is showing up in person across Europe.",85,1,1,87,Image,Gabriela Belnikolovska,https://www.linkedin.com/feed/update/urn:li:activity:7503372411694919680/,https://www.linkedin.com/company/payhawk/posts/
Payhawk,17,2026-09-08 08:00,Payhawk now proudly partners with Rillet.,40,1,3,44,Video,Payhawk,https://www.linkedin.com/feed/update/urn:li:activity:7502999186406309889/,https://www.linkedin.com/company/payhawk/posts/
Payhawk,18,2026-09-04 10:45,"Nachdem ich letztes Jahr das erste mal als Aussteller auf dem Accounting Summit dabei war, gehe ich dieses Jahr gleich All-In. Am 16. September, 10:30 halte ich die Keynote auf der Main Stage: ""Ein Jahr KI-Agenten in der Buchhaltung: die ehrliche Bilanz""",69,2,1,72,Image,Martin Jürgen Reindl,https://www.linkedin.com/feed/update/urn:li:activity:7501591298127273984/,https://www.linkedin.com/company/payhawk/posts/
Payhawk,19,2026-09-03 11:20,"Dashboards answer the question somebody decided was important when they were built, often 𝘮𝘰𝘯𝘵𝘩𝘴 𝘦𝘢𝘳𝘭𝘪𝘦𝘳. Fine for the metrics tracked every week. No use for the urgent one nobody saw coming.",24,0,0,24,Image,Payhawk,https://www.linkedin.com/feed/update/urn:li:activity:7501237771207102464/,https://www.linkedin.com/company/payhawk/posts/
Payhawk,20,2026-09-01 07:46,France Digitale is back for its 14th edition — and we’ll be there to experience it live!,62,0,8,70,Image,Payhawk,https://www.linkedin.com/feed/update/urn:li:activity:7500459015420866560/,https://www.linkedin.com/company/payhawk/posts/
Payhawk,21,2026-09-01 07:23,"Every AI-pitch sounds the same right now: ""architected for AI,"" ""faster onboarding,"" ""sharper UX."" Even legacy systems lean into the script.",9,1,0,10,Image,Payhawk,https://www.linkedin.com/feed/update/urn:li:activity:7500453201322762241/,https://www.linkedin.com/company/payhawk/posts/
Payhawk,22,2026-08-31 13:30,"It's US Open time and Grigor Dimitrov begins his campaign in New York today, in his 15th main draw appearance at this tournament - a milestone that says as much about resilience as it does about talent.",171,1,0,172,Image,Payhawk,https://www.linkedin.com/feed/update/urn:li:activity:7500183244303261697/,https://www.linkedin.com/company/payhawk/posts/
Payhawk,23,2026-08-31 07:30,This is what an AI-first team looks like.,106,0,9,115,Video,Payhawk,https://www.linkedin.com/feed/update/urn:li:activity:7500092576847470592/,https://www.linkedin.com/company/payhawk/posts/
Payhawk,24,2026-08-28 10:24,Finance has automated almost everything. Except the part that needs judgment.,27,0,0,27,Text,Payhawk,https://www.linkedin.com/feed/update/urn:li:activity:7499049203302809600/,https://www.linkedin.com/company/payhawk/posts/
Payhawk,25,2026-08-20 08:45,💳 Corporate spend moves across payment types and markets. Fraud and AML controls need to keep pace.,90,3,11,104,Image,Flagright,https://www.linkedin.com/feed/update/urn:li:activity:7496125289274601473/,https://www.linkedin.com/company/payhawk/posts/
Payhawk,26,2026-08-18 12:00,"Two weeks after the New York Stock Exchange celebrated our $100M ARR milestone with a trading floor takeover, our CEO and Co-founder Hristo Borisov sat down with NYSE Live for a conversation on how we got here.",377,10,13,400,Video,Payhawk,https://www.linkedin.com/feed/update/urn:li:activity:7495449609708945408/,https://www.linkedin.com/company/payhawk/posts/
Payhawk,27,2026-08-18 07:38,"France's e-invoicing mandate goes live in 14 days. The most dangerous words we're hearing from finance teams right now are: ""We're compliant.""",34,2,2,38,Image,Pavel Hadzhiev,https://www.linkedin.com/feed/update/urn:li:activity:7495383490759303168/,https://www.linkedin.com/company/payhawk/posts/
Payhawk,28,2026-08-11 14:37,"Spent a few days in Stockholm and loved the city (and the coffee) so much, it made the news even better: Payhawk is opening its newest office here.",484,16,3,503,Multi-image (2),Gabriela Belnikolovska,https://www.linkedin.com/feed/update/urn:li:activity:7492952224533278721/,https://www.linkedin.com/company/payhawk/posts/
Payhawk,29,2026-08-06 09:11,We had a proper unbox therapy in the office. 📦,170,4,7,181,Video,Payhawk,https://www.linkedin.com/feed/update/urn:li:activity:7491058429508218881/,https://www.linkedin.com/company/payhawk/posts/
Payhawk,30,2026-08-05 07:30,"For finance leaders, the conversation is shifting from AI hype toward how to actually govern it. That was the topic in Munich - The Future CFO Talks, live from BMW Welt.",61,0,2,63,Video,Payhawk,https://www.linkedin.com/feed/update/urn:li:activity:7490670435018215425/,https://www.linkedin.com/company/payhawk/posts/
Payhawk,31,2026-08-04 13:00,Now that's a nice surprise! A trading floor takeover by the NYSE to mark us surpassing $100M ARR - congratulations messages up on the boards and everything.,280,4,13,297,Multi-image (3),Payhawk,https://www.linkedin.com/feed/update/urn:li:activity:7490391223183249408/,https://www.linkedin.com/company/payhawk/posts/
Payhawk,32,2026-08-03 10:57,🚀 The Future CFO Talks — Amsterdam,18,0,1,19,Image,Angel Rivera,https://www.linkedin.com/feed/update/urn:li:activity:7489997820465188864/,https://www.linkedin.com/company/payhawk/posts/
Payhawk,33,2026-07-31 11:22,AI can take the task. It can't take the accountability.,29,1,1,31,Text,Payhawk,https://www.linkedin.com/feed/update/urn:li:activity:7488917034903396354/,https://www.linkedin.com/company/payhawk/posts/
Payhawk,34,2026-07-31 07:57,1/5 of the Payhawk Marketing team merched up ✨🦄,54,3,3,60,Video,Dessy Duleva,https://www.linkedin.com/feed/update/urn:li:activity:7488865364286701568/,https://www.linkedin.com/company/payhawk/posts/
Payhawk,35,2026-07-30 14:02,"We must say, our name looks good on the screens of the London Stock Exchange.",136,4,5,145,Video,Payhawk,https://www.linkedin.com/feed/update/urn:li:activity:7488594830038556672/,https://www.linkedin.com/company/payhawk/posts/
Payhawk,36,2026-07-30 06:00,"“С интеграцията ни със SAP S/4HANA големите компании могат да минимизират грешките, свързани с кодирането на разходи, да намалят ръчната работа и да приключват месеца по-бързо и безпроблемно.”",53,0,1,54,Image,Payhawk,https://www.linkedin.com/feed/update/urn:li:activity:7488473616205008897/,https://www.linkedin.com/company/payhawk/posts/
Payhawk,37,2026-07-24 13:28,AI Fridays at Payhawk 🚀,84,2,2,88,Multi-image (4),Nesrine MOHELLEBI,https://www.linkedin.com/feed/update/urn:li:activity:7486412116602699776/,https://www.linkedin.com/company/payhawk/posts/
Payhawk,38,2026-07-22 06:49,🤯 More than one in five online card payments still have no invoice attached six weeks after month-end.,82,5,15,102,Video,Payhawk,https://www.linkedin.com/feed/update/urn:li:activity:7485586868676419584/,https://www.linkedin.com/company/payhawk/posts/
Payhawk,39,2026-07-17 11:47,AI Friday with the girls 👷‍♀️🛠️🪚🪓,169,4,1,174,Image,Kalina Valcheva,https://www.linkedin.com/feed/update/urn:li:activity:7483849932936732673/,https://www.linkedin.com/company/payhawk/posts/
Payhawk,40,2026-07-16 09:42,"At our Future CFO event in Barcelona, we stopped a handful of expert finance and IT leaders to ask the question: Where are you really at with AI?",12,0,0,12,Image,Payhawk,https://www.linkedin.com/feed/update/urn:li:activity:7483455944098553856/,https://www.linkedin.com/company/payhawk/posts/
Payhawk,41,2026-07-09 14:51,"A few weeks ago Ben Waite and I visited the Eagl team in Ghent, and left inspired by what they're building. They have the unmistakable energy of a team creating a business that's going places fast.",51,5,3,59,Image,Jochem van Overbeek,https://www.linkedin.com/feed/update/urn:li:activity:7480997124982206465/,https://www.linkedin.com/company/payhawk/posts/
Payhawk,42,2026-07-08 07:24,Crossing $100M in annual recurring revenue feels pretty great. But what feels even better is how we did it,437,16,62,515,Video,Payhawk,https://www.linkedin.com/feed/update/urn:li:activity:7480522282252013569/,https://www.linkedin.com/company/payhawk/posts/
Payhawk,43,2026-07-07 08:00,"We created The Court of Resilience to celebrate Grigor's behaviour during maybe the toughest moment of his career - his 2025 Wimbledon injury, and the handshake he still gave the umpire on his way off Centre Court. One year on, he's shown his resilience runs even deeper than we knew.",101,0,1,102,Image,Payhawk,https://www.linkedin.com/feed/update/urn:li:activity:7480168812605161472/,https://www.linkedin.com/company/payhawk/posts/
Payhawk,44,2026-07-06 09:10,Hundreds and hundreds of customers upgraded. Tens of millions in euros. No failed card transactions.,71,7,0,78,Video,Payhawk,https://www.linkedin.com/feed/update/urn:li:activity:7479823968305160192/,https://www.linkedin.com/company/payhawk/posts/
Payhawk,45,2026-07-06 07:17,Heading home from our teambuilding in Greece today. 🇬🇷,103,2,1,106,Multi-image (2),Jack Cummings,https://www.linkedin.com/feed/update/urn:li:activity:7479795623421173760/,https://www.linkedin.com/company/payhawk/posts/
Payhawk,46,2026-07-03 04:45,"We are thrilled to see our global brand ambassador Grigor Dimitrov swinging back at SW19, and winning in style.",251,1,5,257,Image,Payhawk,https://www.linkedin.com/feed/update/urn:li:activity:7478670106206560256/,https://www.linkedin.com/company/payhawk/posts/
Payhawk,47,2026-07-02 09:32,"This week, we had the absolute pleasure of hosting a group of business and finance leaders at Wimbledon 🎾",76,0,0,76,Multi-image (4),Payhawk,https://www.linkedin.com/feed/update/urn:li:activity:7478380005870243840/,https://www.linkedin.com/company/payhawk/posts/
Payhawk,48,2026-07-01 13:35,A few weeks ago I took the train to Ghent with Jochem van Overbeek to meet the team at Eagl - and left convinced we'd partnered with one of the most exciting names in finance automation. They are great guys who have the unmistakable energy of a creating a business that is going places fast.,65,4,1,70,Image,Ben Waite,https://www.linkedin.com/feed/update/urn:li:activity:7478078865731653632/,https://www.linkedin.com/company/payhawk/posts/
Payhawk,49,2026-07-01 11:08,Munich just hosted the latest stop on The Future CFO Talks 🎉,79,6,2,87,Multi-image (4),Payhawk,https://www.linkedin.com/feed/update/urn:li:activity:7478041895051550720/,https://www.linkedin.com/company/payhawk/posts/
Payhawk,50,2026-06-30 19:28,"A year ago, Grigor was forced off Wimbledon with a heartbreaking injury. So today's win on Court 18 feels truly symbolic.",76,1,2,79,Video,Payhawk,https://www.linkedin.com/feed/update/urn:li:activity:7477805310603341824/,https://www.linkedin.com/company/payhawk/posts/
Rydoo,1,2026-09-18 14:19,"Four years ago, Katrijn joined Rydoo to onboard customers. Today she is one of our sales engineers.",35,1,2,38,Article/Link,Rydoo,https://www.linkedin.com/feed/update/urn:li:activity:7506718603996565504/,https://www.linkedin.com/company/rydoo/posts/
Rydoo,2,2026-09-16 10:39,Last week we mapped the five European e-invoicing frameworks. This is the follow-up we promised: what happens after you meet every deadline.,21,0,0,21,Image,Rydoo,https://www.linkedin.com/feed/update/urn:li:activity:7505938431139770368/,https://www.linkedin.com/company/rydoo/posts/
Rydoo,3,2026-09-14 10:51,"One e-invoicing mandate is a project. For multi-entity companies, European e-invoicing is an operating model.",28,4,7,39,Event,Rydoo,https://www.linkedin.com/feed/update/urn:li:activity:7505216609893011456/,https://www.linkedin.com/company/rydoo/posts/
Rydoo,4,2026-09-10 09:00,"""The software that matters over the next few years will be the one that shows up inside the tools people already live in - governed, trusted, one click away - instead of demanding its own real estate on the screen.""",3,0,0,3,Video,Rydoo,https://www.linkedin.com/feed/update/urn:li:activity:7503739241881980928/,https://www.linkedin.com/company/rydoo/posts/
Rydoo,5,2026-09-09 12:18,"""How do you eat an elephant? One bite at a time"" 🐘",69,3,1,73,Multi-image (3),Daniel Keat,https://www.linkedin.com/feed/update/urn:li:activity:7503426501648777216/,https://www.linkedin.com/company/rydoo/posts/
Rydoo,6,2026-09-09 11:55,Do you know which of your European entities are already in scope for e-invoicing?,16,5,4,25,Image,Rydoo,https://www.linkedin.com/feed/update/urn:li:activity:7503420789069852674/,https://www.linkedin.com/company/rydoo/posts/
Rydoo,7,2026-09-08 13:19,Don't you just love events when the conversations are more honest than you expect?,25,1,0,26,Multi-image (3),Rydoo,https://www.linkedin.com/feed/update/urn:li:activity:7503079619747647489/,https://www.linkedin.com/company/rydoo/posts/
Rydoo,8,2026-09-08 09:00,"There are thousands of tools out there: travel platforms, HR systems, ERPs, accounting tools, corporate cards, the list goes on.",41,0,2,43,Video,Rydoo,https://www.linkedin.com/feed/update/urn:li:activity:7503014417446498304/,https://www.linkedin.com/company/rydoo/posts/
Rydoo,9,2026-09-03 08:45,Introducing the Rydoo MCP. All you have to do is ask.,100,19,26,145,Video,Rydoo,https://www.linkedin.com/feed/update/urn:li:activity:7501198758701977600/,https://www.linkedin.com/company/rydoo/posts/
Rydoo,10,2026-09-01 10:28,Performance = Potential − Interference.,16,2,1,19,Document/Carousel (PDF),Rydoo,https://www.linkedin.com/feed/update/urn:li:activity:7500499724618129408/,https://www.linkedin.com/company/rydoo/posts/
Rydoo,11,2026-08-27 12:36,Three months ago we gave everyone at Rydoo a judo belt 🥋 .,40,4,3,47,Article/Link,Sebastien Marchon,https://www.linkedin.com/feed/update/urn:li:activity:7498720151169564673/,https://www.linkedin.com/company/rydoo/posts/
Rydoo,12,2026-08-27 10:40,Around 14% of company expenses are non-compliant. Some of them on purpose.,36,0,5,41,Video,Rydoo,https://www.linkedin.com/feed/update/urn:li:activity:7498691021036343296/,https://www.linkedin.com/company/rydoo/posts/
Rydoo,13,2026-08-26 11:06,"""You rarely do just finance, especially if you're in a leadership role.""",19,0,0,19,Image,Rydoo,https://www.linkedin.com/feed/update/urn:li:activity:7498334969161838592/,https://www.linkedin.com/company/rydoo/posts/
Rydoo,14,2026-08-24 08:01,"According to Gallup, roughly half of remote-capable employees work hybrid. About a quarter are fully remote. Only a fifth are back in the office full time.",19,1,5,25,Article/Link,Rydoo,https://www.linkedin.com/feed/update/urn:li:activity:7497563650191302656/,https://www.linkedin.com/company/rydoo/posts/
Rydoo,15,2026-08-21 12:22,Browsing new roles on this lovely Friday afternoon? Look no further.,8,1,0,9,Image,Rydoo,https://www.linkedin.com/feed/update/urn:li:activity:7496542337419100160/,https://www.linkedin.com/company/rydoo/posts/
Rydoo,16,2026-08-21 09:48,What happens when AI invoice automation meets deep financial expertise?,9,0,0,9,Image,Rydoo,https://www.linkedin.com/feed/update/urn:li:activity:7496503508494368768/,https://www.linkedin.com/company/rydoo/posts/
Rydoo,17,2026-08-19 10:20,"A few months ago, we gave everyone at Rydoo a virtual judo belt to reflect their level of AI fluency.",28,2,1,31,Video,Rydoo,https://www.linkedin.com/feed/update/urn:li:activity:7495786651487477762/,https://www.linkedin.com/company/rydoo/posts/
Rydoo,18,2026-08-18 17:34,"Back in 2018 I moved out of big corps into the world of scale-ups. I started as a finance controller. The fast growth environment can be challenging for some, but it does offer a lot of opportunities given the right skills and mindset.",75,10,2,87,Video,Aidana Zhakupbekova,https://www.linkedin.com/feed/update/urn:li:activity:7495533698377883648/,https://www.linkedin.com/company/rydoo/posts/
Rydoo,19,2026-08-17 08:40,We're pleased to welcome InIt4U as a partner 🤝,12,0,0,12,Article/Link,Rydoo,https://www.linkedin.com/feed/update/urn:li:activity:7495036751049039872/,https://www.linkedin.com/company/rydoo/posts/
Rydoo,20,2026-08-14 11:28,"Two years ago, Rahma Elsaid applied for a student job with no real expectations.",19,0,2,21,Article/Link,Rydoo,https://www.linkedin.com/feed/update/urn:li:activity:7493991960857370624/,https://www.linkedin.com/company/rydoo/posts/
Rydoo,21,2026-08-13 14:06,"Last week, we talked about the problem. This week, we're showing you what it actually costs you (and how to solve it).",16,1,1,18,Document/Carousel (PDF),Rydoo,https://www.linkedin.com/feed/update/urn:li:activity:7493669321597169665/,https://www.linkedin.com/company/rydoo/posts/
Rydoo,22,2026-08-12 11:24,The finance leader who only does finance is already behind.,20,0,1,21,Video,Rydoo,https://www.linkedin.com/feed/update/urn:li:activity:7493266256431652864/,https://www.linkedin.com/company/rydoo/posts/
Rydoo,23,2026-08-10 12:58,"Ein doppelter Beleg, Alkohol auf der Rechnung oder ein KI-generiertes Foto, das gar kein Beleg ist: Solche Fälle kosten Finance-Teams Zeit und bleiben trotzdem leicht unentdeckt.",21,4,5,30,Event,Travexis,https://www.linkedin.com/feed/update/urn:li:activity:7492565003267473408/,https://www.linkedin.com/company/rydoo/posts/
Rydoo,24,2026-08-10 10:02,"That's GBTA Chicago done, and we have the crowd-sourced expense stories to prove it!",70,0,0,70,Multi-image (4),Rydoo,https://www.linkedin.com/feed/update/urn:li:activity:7492520687400579073/,https://www.linkedin.com/company/rydoo/posts/
Rydoo,25,2026-08-07 08:30,"Back in the day, it was all snacks over Slacks.",39,3,2,44,Document/Carousel (PDF),Rydoo,https://www.linkedin.com/feed/update/urn:li:activity:7491410311644626945/,https://www.linkedin.com/company/rydoo/posts/
Rydoo,26,2026-08-06 09:49,"Somewhere in your company, someone has just put an AI subscription on a company card.",18,2,1,21,Document/Carousel (PDF),Rydoo,https://www.linkedin.com/feed/update/urn:li:activity:7491068019222401024/,https://www.linkedin.com/company/rydoo/posts/
Rydoo,27,2026-08-05 09:00,Anyone can write a nice line about their own product.,65,8,24,97,Image,Rydoo,https://www.linkedin.com/feed/update/urn:li:activity:7490693099980148737/,https://www.linkedin.com/company/rydoo/posts/
Rydoo,28,2026-08-04 11:10,"""If my daughter can build an app in a day, why do we need six-month transformation plans?"" - Nicolas Boucher, Founder of AI Finance Club",21,2,1,24,Video,Rydoo,https://www.linkedin.com/feed/update/urn:li:activity:7490363634489962496/,https://www.linkedin.com/company/rydoo/posts/
Rydoo,29,2026-08-03 08:23,"Two weeks ago, five Rydoo teammates and I stood in front of a crowd at Google's Paris offices, pitching an AI tool we'd built in 24 hours.",41,3,1,45,Image,Adam Mazik,https://www.linkedin.com/feed/update/urn:li:activity:7489959208906551296/,https://www.linkedin.com/company/rydoo/posts/
Rydoo,30,2026-08-03 08:23,"OUT NOW 🎙️Aidana Zhakupbekova, Chief Operational & Financial Officer (COFO) at Rydoo, explores why tomorrow's CFO must think beyond finance.",22,0,1,23,Video,Finance Chief,https://www.linkedin.com/feed/update/urn:li:activity:7489959109270646785/,https://www.linkedin.com/company/rydoo/posts/
Rydoo,31,2026-07-30 09:30,What happens when you give a cross-functional team a real problem and 24 hours to build an AI tool to solve it?,57,5,0,62,Image,Rydoo,https://www.linkedin.com/feed/update/urn:li:activity:7488526323947311104/,https://www.linkedin.com/company/rydoo/posts/
Rydoo,32,2026-07-27 08:30,"Chicago, we're coming for you next week!",32,1,2,35,Image,Rydoo,https://www.linkedin.com/feed/update/urn:li:activity:7487424061808021505/,https://www.linkedin.com/company/rydoo/posts/
Rydoo,33,2026-07-23 09:30,"When cloud first showed up, costs were unpredictable and nobody knew how to budget it.",11,0,0,11,Article/Link,Rydoo,https://www.linkedin.com/feed/update/urn:li:activity:7485989611102572544/,https://www.linkedin.com/company/rydoo/posts/
Rydoo,34,2026-07-20 12:30,Are we AI native? Perhaps not yet. Are we on the way? Most definitely.,24,0,1,25,Article/Link,Rydoo,https://www.linkedin.com/feed/update/urn:li:activity:7484947744843866112/,https://www.linkedin.com/company/rydoo/posts/
Rydoo,35,2026-07-17 08:00,"When you have 37 nationalities across your org, embedding cultural fluency is key.",6,1,1,8,Image,Rydoo,https://www.linkedin.com/feed/update/urn:li:activity:7483792641306898432/,https://www.linkedin.com/company/rydoo/posts/
Rydoo,36,2026-07-16 12:00,What's the one thing every finance leader talks about at a finance event?,29,3,1,33,Video,Rydoo,https://www.linkedin.com/feed/update/urn:li:activity:7483490629503750146/,https://www.linkedin.com/company/rydoo/posts/
Rydoo,37,2026-07-15 12:00,We just closed the biggest gap in our enterprise story: SAP.,37,1,8,46,Document/Carousel (PDF),Rydoo,https://www.linkedin.com/feed/update/urn:li:activity:7483128271509958656/,https://www.linkedin.com/company/rydoo/posts/
Rydoo,38,2026-07-14 08:01,Global growth. Local compliance. One partnership.,29,1,2,32,Image,Rydoo,https://www.linkedin.com/feed/update/urn:li:activity:7482705725991989248/,https://www.linkedin.com/company/rydoo/posts/
Rydoo,39,2026-07-13 08:56,"Go Rydoo team! What an amazing achievement - winning the best, most complete project overall at the Eurazeo AI Hackathon!",34,3,0,37,Multi-image (2),Rydoo,https://www.linkedin.com/feed/update/urn:li:activity:7482357400474267648/,https://www.linkedin.com/company/rydoo/posts/
Rydoo,40,2026-07-09 10:49,"🚀 As we head into the final sessions of the day, we're tackling one of finance's biggest challenges, and that's turning AI potential into real business value.",50,3,2,55,Multi-image (3),World Finance Forum,https://www.linkedin.com/feed/update/urn:li:activity:7480936195036954625/,https://www.linkedin.com/company/rydoo/posts/
Rydoo,41,2026-07-08 15:04,The real conversations finance leaders are having right now? It's all at World Finance Forum Berlin.,40,2,1,43,Multi-image (2),Rydoo,https://www.linkedin.com/feed/update/urn:li:activity:7480638031570440194/,https://www.linkedin.com/company/rydoo/posts/
Rydoo,42,2026-07-07 08:30,We're proud to welcome Platinum Services Europe as a Rydoo channel partner.,25,1,2,28,Document/Carousel (PDF),Rydoo,https://www.linkedin.com/feed/update/urn:li:activity:7480176323420729344/,https://www.linkedin.com/company/rydoo/posts/
Rydoo,43,2026-07-02 12:33,When was the last time you actually audited your finance tool stack?,12,1,2,15,Document/Carousel (PDF),Rydoo,https://www.linkedin.com/feed/update/urn:li:activity:7478425689180934147/,https://www.linkedin.com/company/rydoo/posts/
Rydoo,44,2026-06-30 08:30,57% of employees actively hide their AI use at work.,13,0,0,13,Image,Rydoo,https://www.linkedin.com/feed/update/urn:li:activity:7477639611297546241/,https://www.linkedin.com/company/rydoo/posts/
Rydoo,45,2026-06-26 15:08,That’s a wrap on two days at the Business Travel Show Europe and the ExCeL London floor has been buzzing!,51,0,0,51,Multi-image (3),Rydoo,https://www.linkedin.com/feed/update/urn:li:activity:7476290419207823360/,https://www.linkedin.com/company/rydoo/posts/
Rydoo,46,2026-06-26 14:26,"At Rydoo, our ambition is to lead the AI-transformation.",54,2,4,60,Image,Adam Mazik,https://www.linkedin.com/feed/update/urn:li:activity:7476279606405222400/,https://www.linkedin.com/company/rydoo/posts/
Rydoo,47,2026-06-25 15:12,Great conversations at the World Finance Forum in the Beurs van Berlage ✨,38,1,1,40,Multi-image (3),Linda Bakker,https://www.linkedin.com/feed/update/urn:li:activity:7475928852628795392/,https://www.linkedin.com/company/rydoo/posts/
Rydoo,48,2026-06-25 12:30,What does the room sound like when finance leaders stop reacting and start building?,35,0,2,37,Video,Rydoo,https://www.linkedin.com/feed/update/urn:li:activity:7475888034392145920/,https://www.linkedin.com/company/rydoo/posts/
Rydoo,49,2026-06-25 09:30,AI-first culture doesn't happen by accident.,30,4,2,36,Document/Carousel (PDF),Rydoo,https://www.linkedin.com/feed/update/urn:li:activity:7475842762802622464/,https://www.linkedin.com/company/rydoo/posts/
Rydoo,50,2026-06-24 09:31,Find us at Business Travel Show Europe for the next two days!,5,0,0,5,Image,Rydoo,https://www.linkedin.com/feed/update/urn:li:activity:7475480666290401282/,https://www.linkedin.com/company/rydoo/posts/
Expensify,1,2026-09-22 14:54,"September, summarized: Joined Anthropic's Claude for Small Business, built a two-way sync with Rillet, gave workspace rules a nice home, added 21 new HR integrations, and more. Not bad for one month!",1,0,0,1,Image,Expensify,https://www.linkedin.com/feed/update/urn:li:activity:7508177013531234304/,https://www.linkedin.com/company/expensify/posts/
Expensify,2,2026-09-17 19:46,Every firm has an opinion on AI 🤖. Fewer have actually audited where it belongs in their practice versus where people still do it better 🧐.,2,0,1,3,Image,Expensify,https://www.linkedin.com/feed/update/urn:li:activity:7506438459541229570/,https://www.linkedin.com/company/expensify/posts/
Expensify,3,2026-09-17 16:40,"A new tactic we're taking while testing our ""custom agent"" feature is: ship one customer at a time.",11,4,1,16,Text,David Barrett,https://www.linkedin.com/feed/update/urn:li:activity:7506391524117667842/,https://www.linkedin.com/company/expensify/posts/
Expensify,4,2026-09-17 14:31,We're proud to be one of the first expense management tools available as a connector in Claude for Small Business!,10,0,0,10,Image,Expensify,https://www.linkedin.com/feed/update/urn:li:activity:7506359184590790656/,https://www.linkedin.com/company/expensify/posts/
Expensify,5,2026-09-14 16:39,"""Q2 is one of our strongest shipping quarters yet. With more than 30 features and enhancements, it's been gratifying to see that work recognized externally, too. We were named Expense Management Platform of the Year at the Traveltech Breakthrough Awards this quarter.""",14,2,2,18,Video,David Barrett,https://www.linkedin.com/feed/update/urn:li:activity:7505304316761563137/,https://www.linkedin.com/company/expensify/posts/
Expensify,6,2026-09-11 16:39,"""Every single company in the world has an expense problem. You have expenses way before you have revenue. Before you have an accountant or an accounting system, you're doing something to keep track of your receipts.",9,0,2,11,Video,David Barrett,https://www.linkedin.com/feed/update/urn:li:activity:7504217176145592320/,https://www.linkedin.com/company/expensify/posts/
Expensify,7,2026-09-10 10:47,"Starting from scratch every time you set an agent rule? Not anymore. Choose from ready-made agent rule templates and let RuleBot start enforcing policy in minutes, no blank page required. Now available for both admins and employees. 🤝",1,0,0,1,Image,Expensify,https://www.linkedin.com/feed/update/urn:li:activity:7503766069862543362/,https://www.linkedin.com/company/expensify/posts/
Expensify,8,2026-09-09 16:39,"This one small (but difficult) habit change of clearly communicating the problem you are trying to solve *independent of the solution you are proposing* has really transformed how we communicate internally, and dramatically increased our project velocity. What makes a ""10x engineer"" 10x isn't that they type 10x faster, but that they make 10x better decisions, 10x better. Give it a shot!",18,0,2,20,Text,David Barrett,https://www.linkedin.com/feed/update/urn:li:activity:7503492390910017536/,https://www.linkedin.com/company/expensify/posts/
Expensify,9,2026-09-08 09:51,"Company card expenses landing in the wrong vendor record in QuickBooks? Expensify now imports your vendor list and automatically matches vendors on export, so expenses land where they belong.",7,0,1,8,Image,Expensify,https://www.linkedin.com/feed/update/urn:li:activity:7503027110941192192/,https://www.linkedin.com/company/expensify/posts/
Expensify,10,2026-09-01 15:00,New integration just dropped: Rillet.,40,0,0,40,Image,Expensify,https://www.linkedin.com/feed/update/urn:li:activity:7500568363891568641/,https://www.linkedin.com/company/expensify/posts/
Expensify,11,2026-08-28 16:39,"Traditional UI the gateway to AI. Getting our custom agent layer working was a ton of work, and it's made Expensify kind of infinitely flexible. However, it's *too* flexible -- we're finding that it goes beyond the imagination of the customer, they don't think to ask an AI they don't realize exists for something they don't even imagine is possible.",21,6,1,28,Image,David Barrett,https://www.linkedin.com/feed/update/urn:li:activity:7499143720588455936/,https://www.linkedin.com/company/expensify/posts/
Expensify,12,2026-08-27 15:00,"We're hitting the road with Advisory Amplified next month! 6 cities, 100 firm owners per stop, and hands-on sessions on where advisory services are headed.",7,0,2,9,Image,Expensify,https://www.linkedin.com/feed/update/urn:li:activity:7498756286994636800/,https://www.linkedin.com/company/expensify/posts/
Expensify,13,2026-08-25 16:00,Did you know The Expensify Visa® Commercial Card is now available in the UK and parts of the EU?,5,0,0,5,Video,Expensify,https://www.linkedin.com/feed/update/urn:li:activity:7498046548422004736/,https://www.linkedin.com/company/expensify/posts/
Expensify,14,2026-08-24 16:23,"Building AI systems is like climbing a mountain in the fog. It's really unclear how high the mountain goes, and it doesn't take any particular breakthrough to keep climbing -- but you can't take any shortcuts, even if the early stages are kinda boring.",29,24,1,54,Text,David Barrett,https://www.linkedin.com/feed/update/urn:li:activity:7497690181462917120/,https://www.linkedin.com/company/expensify/posts/
Expensify,15,2026-08-13 15:14,"When your finance dept saves 150 hours a month, you've got time for the important things...like running an NBA team. 🏀",15,0,2,17,Article/Link,Expensify,https://www.linkedin.com/feed/update/urn:li:activity:7493686423254908928/,https://www.linkedin.com/company/expensify/posts/
Expensify,16,2026-08-11 16:00,"Your people data, connected in a couple clicks. Workday, HiBob, BambooHR, and Certinia integrations are now live, so employees, groups, and org data flow straight into Expensify. More connections are rolling out through the rest of the year.",1,0,0,1,Image,Expensify,https://www.linkedin.com/feed/update/urn:li:activity:7492973126931271680/,https://www.linkedin.com/company/expensify/posts/
Expensify,17,2026-08-06 16:00,"Not every admin needs the keys to everything. New scoped roles for people, payments, and card admins give each one exactly the access they need, and auditors can now view workspace settings with expanded read-only access. One of your most-requested features, now live.",2,0,0,2,Image,Expensify,https://www.linkedin.com/feed/update/urn:li:activity:7491161182901305344/,https://www.linkedin.com/company/expensify/posts/
Expensify,18,2026-08-04 15:00,"Rigid rule-builders are out. Tell an AI agent what you want in plain English, like ""ask the submitter to justify any meal expense over $75,"" and it figures out how to edit, route, approve, or reject expenses on your behalf. Now in beta.",2,0,0,2,Image,Expensify,https://www.linkedin.com/feed/update/urn:li:activity:7490421337606225920/,https://www.linkedin.com/company/expensify/posts/
Expensify,19,2026-07-30 16:00,😎 July product update just dropped! ☀️,3,0,0,3,Document/Carousel (PDF),Expensify,https://www.linkedin.com/feed/update/urn:li:activity:7488624499735592960/,https://www.linkedin.com/company/expensify/posts/
Expensify,20,2026-07-24 17:42,"Stop digging through spreadsheets for answers. Ask Concierge instead, and go from question to chart in seconds instead of hours.",3,0,0,3,Video,Expensify,https://www.linkedin.com/feed/update/urn:li:activity:7486476036474429441/,https://www.linkedin.com/company/expensify/posts/
Expensify,21,2026-07-24 15:34,"Join our upcoming webinar on July 30th from 9-10 am PT, co-hosted by AI Finance guru, Nicolas Boucher, and our very own founder and CEO, David Barrett.",4,0,0,4,Text,Expensify,https://www.linkedin.com/feed/update/urn:li:activity:7486443741948358656/,https://www.linkedin.com/company/expensify/posts/
Expensify,22,2026-07-23 14:47,The Expensify Visa® Commercial Card is now available in the UK and EU!,34,0,9,43,Video,Expensify,https://www.linkedin.com/feed/update/urn:li:activity:7486069534412529664/,https://www.linkedin.com/company/expensify/posts/
Expensify,23,2026-07-20 16:00,"Stop out-of-policy spend before it happens. With the Expensify Card, admins can set spend rules that approve or decline transactions in real time, targeting specific merchants, categories, max amounts, or currencies. Build an allow list for tightly scoped cards or a block list for broadly-used ones.",7,0,2,9,Image,Expensify,https://www.linkedin.com/feed/update/urn:li:activity:7485000604159778816/,https://www.linkedin.com/company/expensify/posts/
Expensify,24,2026-07-16 14:00,"Your expense data, now in whatever AI tool you already use. Connect Expensify to ChatGPT, Claude, Cursor, or any MCP-compatible assistant and ask things like ""What did I spend on travel last month?"" or ""Which reports need my approval?"" No CSV exports, no custom scripts.",4,0,1,5,Image,Expensify,https://www.linkedin.com/feed/update/urn:li:activity:7483520933178036224/,https://www.linkedin.com/company/expensify/posts/
Expensify,25,2026-07-14 13:00,Last chance to register! This Thursday July 16 at 1PM CT we're showing how our Bring Your Own Card (BYOC) program brings modern spend management to the bank cards you already use - live demo and Q&A included.,5,0,0,5,Image,Expensify,https://www.linkedin.com/feed/update/urn:li:activity:7482781075367460865/,https://www.linkedin.com/company/expensify/posts/
Expensify,26,2026-07-09 14:00,"Concierge just picked up new skills. Ask it to manage expense rules, submit or retract reports, add or remove workspace members, and mark expenses as cash. Receipt scanning also now auto-flags gift card and prepaid card purchases as prohibited, alongside alcohol, gambling, and tobacco.",3,0,1,4,Image,Expensify,https://www.linkedin.com/feed/update/urn:li:activity:7480984146421497856/,https://www.linkedin.com/company/expensify/posts/
Expensify,27,2026-07-08 09:21,Our team is on the ground at Xerocon London today! Drop by stand E33 to say hello to our top product experts and learn all about our latest updates.,10,0,1,11,Video,Expensify,https://www.linkedin.com/feed/update/urn:li:activity:7480551690019098626/,https://www.linkedin.com/company/expensify/posts/
Expensify,28,2026-07-07 17:20,"Our latest product update puts AI to work on your expenses. Ask ChatGPT, Claude, or Cursor about your Expensify spend with the new MCP, hand off expense rules and report management to Concierge, and set realtime spend rules on Expensify Cards that approve or decline transactions before an expense is ever created.",6,0,1,7,Document/Carousel (PDF),Expensify,https://www.linkedin.com/feed/update/urn:li:activity:7480309856378322945/,https://www.linkedin.com/company/expensify/posts/
Expensify,29,2026-07-06 16:43,"Our Bring Your Own Cards (BYOC) program brings modern spend management to your existing bank-issued cards, no migration required. Join our VP of Partnerships & Product, Mitch Ward, on July 16 for a free webinar hosted by Institute of Commercial Payments to see it in action.",6,0,4,10,Image,Expensify,https://www.linkedin.com/feed/update/urn:li:activity:7479938153135386624/,https://www.linkedin.com/company/expensify/posts/
Expensify,30,2026-07-01 13:00,Most “AI expense management” is just rules and alerts with a shiny wrapper. But Concierge AI is the real deal.,46,3,2,51,Article/Link,Expensify,https://www.linkedin.com/feed/update/urn:li:activity:7478070016916217856/,https://www.linkedin.com/company/expensify/posts/
Expensify,31,2026-06-23 21:10,Our partners the Brooklyn Nets are making moves tonight 👀 with pick #6 in the #NBADraft2026. It might be the best investment* they've made all year.,4,0,0,4,Image,Expensify,https://www.linkedin.com/feed/update/urn:li:activity:7475294350839689218/,https://www.linkedin.com/company/expensify/posts/
Expensify,32,2026-06-22 15:03,"Getting modern spend controls shouldn't mean rebuilding your card program. Our Bring Your Own Cards (BYOC) program connects to the bank-issued cards you already use and adds real-time visibility, spend controls, and automated reconciliation.",9,0,3,12,Image,Expensify,https://www.linkedin.com/feed/update/urn:li:activity:7474839367606501377/,https://www.linkedin.com/company/expensify/posts/
Expensify,33,2026-06-14 08:53,We're heading to Scaling New Heights June 14–17 in Orlando.,8,0,1,9,Image,Expensify,https://www.linkedin.com/feed/update/urn:li:activity:7471847295878262784/,https://www.linkedin.com/company/expensify/posts/
Expensify,34,2026-06-09 17:15,"Starting today, connect ChatGPT, Claude, Cursor, and more to Expensify to get all your spend questions answered in a quick chat.",15,2,1,18,Image,Expensify,https://www.linkedin.com/feed/update/urn:li:activity:7470161674499432450/,https://www.linkedin.com/company/expensify/posts/
Expensify,35,2026-06-04 16:38,"We're excited to join the lineup of partners at this year's Advisory Amplified tour, a one-day experience for accounting professionals who want to take practical action on advisory, from adopting to evolving it in their firms.",2,1,1,4,Video,Expensify,https://www.linkedin.com/feed/update/urn:li:activity:7468340369877872640/,https://www.linkedin.com/company/expensify/posts/
Expensify,36,2026-06-02 14:06,❄️ Lost your Expensify Card or spotted something off? Freeze it instantly from the Card Details panel and unfreeze whenever you're ready.,4,1,1,6,Image,Expensify,https://www.linkedin.com/feed/update/urn:li:activity:7467577265762172930/,https://www.linkedin.com/company/expensify/posts/
Expensify,37,2026-05-29 22:17,"A warm welcome to Expensify, a Partner Sponsor of Scaling New Heights 2026.",9,1,2,12,Image,Woodard,https://www.linkedin.com/feed/update/urn:li:activity:7466251481827057664/,https://www.linkedin.com/company/expensify/posts/
Expensify,38,2026-05-28 14:48,"🧐 Your expense policy should be easy to find, not buried in an email thread. Admins can now upload a PDF directly to their workspace, where every employee can easily access it. One less thing to track down. ✅",7,2,0,9,Image,Expensify,https://www.linkedin.com/feed/update/urn:li:activity:7465776090536509440/,https://www.linkedin.com/company/expensify/posts/
Expensify,39,2026-05-21 14:13,Leaving money on the table? Not anymore. 💸,12,1,7,20,Video,Expensify,https://www.linkedin.com/feed/update/urn:li:activity:7463230606273859584/,https://www.linkedin.com/company/expensify/posts/
Expensify,40,2026-05-21 13:15,"This month's product update is live! Whether you're an admin trying to keep your team on policy, or an employee trying to get reimbursed faster, there's something in this one for you.",5,0,1,6,Article/Link,Expensify,https://www.linkedin.com/feed/update/urn:li:activity:7463215790671159297/,https://www.linkedin.com/company/expensify/posts/
Expensify,41,2026-05-19 19:09,"Using your personal card for work expenses has its perks: the points, the cash back, all yours. Now you can connect any card from 10,000+ banks, and transactions import automatically into Expensify. Keep the rewards, skip the receipts.",6,1,1,8,Image,Expensify,https://www.linkedin.com/feed/update/urn:li:activity:7462580328247943171/,https://www.linkedin.com/company/expensify/posts/
Expensify,42,2026-05-19 14:58,Paying your global team shouldn't be hard. Neither should expensing what it costs to run it.,14,0,3,17,Image,Expensify,https://www.linkedin.com/feed/update/urn:li:activity:7462517019502895104/,https://www.linkedin.com/company/expensify/posts/
Expensify,43,2026-05-13 13:15,Odometer tracking is live!,8,4,1,13,Image,Expensify,https://www.linkedin.com/feed/update/urn:li:activity:7460316763151347712/,https://www.linkedin.com/company/expensify/posts/
Expensify,44,2026-05-12 20:00,"As a proud partner of Kiwibank, we couldn't let you miss this",7,0,0,7,Text,Expensify,https://www.linkedin.com/feed/update/urn:li:activity:7460056231798353920/,https://www.linkedin.com/company/expensify/posts/
Expensify,45,2026-05-07 11:58,"Expensify has been named “Expense Management Platform of the Year"" in the 2026 TravelTech Breakthrough Awards ✈️",30,4,6,40,Image,Expensify,https://www.linkedin.com/feed/update/urn:li:activity:7458122976748584960/,https://www.linkedin.com/company/expensify/posts/
Expensify,46,2026-05-06 14:00,"One card feed, every workspace. Admins can now share a single company card feed across multiple workspaces, so employees who wear a lot of hats aren't stuck doing the same setup twice. Less redundancy, more sanity.",5,0,1,6,Image,Expensify,https://www.linkedin.com/feed/update/urn:li:activity:7457791423304847360/,https://www.linkedin.com/company/expensify/posts/
Expensify,47,2026-04-29 16:10,"Big thanks to the Institute of Commercial Payments for hosting us in Scottsdale this week! Our Chief Strategy Officer, Daniel Vidal, took the stage to talk about Bring Your Own Card, our program that lets companies keep the cards they already have and still get full expense automation. No card switch, no rip-and-replace, no lost rewards.",38,1,1,40,Image,Expensify,https://www.linkedin.com/feed/update/urn:li:activity:7455287300797681682/,https://www.linkedin.com/company/expensify/posts/
Expensify,48,2026-04-28 17:54,We're heading to #SageFuture this week! Stop by booth 312 to learn more about our Sage integration and get a quick rundown of AI-powered expense management. See you soon 🚀 https://lnkd.in/gDwE7T4A,8,1,2,11,Video,Expensify,https://www.linkedin.com/feed/update/urn:li:activity:7454951118700445697/,https://www.linkedin.com/company/expensify/posts/
Expensify,49,2026-04-21 21:46,Big news: Expensify is now a Year-Round Partner Sponsor of the Institute of Commercial Payments (IOCP). 🚀,4,0,1,5,Image,Expensify,https://www.linkedin.com/feed/update/urn:li:activity:7452472811824037889/,https://www.linkedin.com/company/expensify/posts/
Expensify,50,2026-04-16 08:44,This month's product update is all about giving you more control.,12,0,0,12,Article/Link,Expensify,https://www.linkedin.com/feed/update/urn:li:activity:7450464238873169920/,https://www.linkedin.com/company/expensify/posts/
Zoho Expense,1,2026-09-18 06:29,"Managing business travel across multiple entities and countries? Flight expenses, hotel stays, per diems, and mileage claims quickly turn into a tax and compliance maze.",11,0,0,11,Image,Zoho Expense,https://www.linkedin.com/feed/update/urn:li:activity:7506600206684098561/,https://www.linkedin.com/showcase/zoho-expense/posts/
Zoho Expense,2,2026-09-15 10:00,What if Zoho Expense existed in the 1980s? 📠💾,39,1,3,43,Document/Carousel (PDF),Zoho Expense,https://www.linkedin.com/feed/update/urn:li:activity:7505566207702355968/,https://www.linkedin.com/showcase/zoho-expense/posts/
Zoho Expense,3,2026-09-14 16:31,Your expense management just got a little smarter on iOS. 📱,61,2,10,73,Video,Zoho Expense,https://www.linkedin.com/feed/update/urn:li:activity:7505302118677762048/,https://www.linkedin.com/showcase/zoho-expense/posts/
Zoho Expense,4,2026-09-14 12:32,Great conversations around smarter T&E management at the #ZohoFinancePartnerMeetup in Dubai. 🇦🇪,99,1,2,102,Multi-image (3),Zoho Expense,https://www.linkedin.com/feed/update/urn:li:activity:7505242088922329088/,https://www.linkedin.com/showcase/zoho-expense/posts/
Zoho Expense,5,2026-09-11 14:26,A business trip creates more decisions than miles.,66,0,22,88,Video,Zoho Expense,https://www.linkedin.com/feed/update/urn:li:activity:7504183659365728256/,https://www.linkedin.com/showcase/zoho-expense/posts/
Zoho Expense,6,2026-09-09 15:46,What if?,138,1,32,171,Video,Zoho Expense,https://www.linkedin.com/feed/update/urn:li:activity:7503479046450626560/,https://www.linkedin.com/showcase/zoho-expense/posts/
Zoho Expense,7,2026-09-04 12:00,"For too long, we’ve accepted that managing business travel and expenses means navigating a complex process of booking trips, submitting expenses, checking policies, approving claims, reconciling transactions, and reviewing reports with multiple stakeholders involved at every stage.",44,0,9,53,Video,Zoho Expense,https://www.linkedin.com/feed/update/urn:li:activity:7501610195345698816/,https://www.linkedin.com/showcase/zoho-expense/posts/
Zoho Expense,8,2026-09-01 12:00,What if?,23,0,2,25,Video,Zoho Expense,https://www.linkedin.com/feed/update/urn:li:activity:7500522960961609728/,https://www.linkedin.com/showcase/zoho-expense/posts/
Zoho Expense,9,2026-09-01 07:52,What’s next for business travel? ✈️,7,0,1,8,Article/Link,Zoho Spend,https://www.linkedin.com/feed/update/urn:li:activity:7500460468264853504/,https://www.linkedin.com/showcase/zoho-expense/posts/
Zoho Expense,10,2026-08-20 10:00,Managing expenses is now as simple as having a conversation,17,0,1,18,Article/Link,Zoho Expense,https://www.linkedin.com/feed/update/urn:li:activity:7496144017055891456/,https://www.linkedin.com/showcase/zoho-expense/posts/
Zoho Expense,11,2026-08-07 04:12,"Thank you, GBTA Convention 2026!",112,2,6,120,Multi-image (4),Zoho Spend,https://www.linkedin.com/feed/update/urn:li:activity:7491345383621763072/,https://www.linkedin.com/showcase/zoho-expense/posts/
Zoho Expense,12,2026-07-30 14:06,"Meet us during GBTA Convention 2026 to see how Zoho Spend helps businesses automate travel, expenses, and corporate card management, all on one unified platform.",27,0,8,35,Image,Zoho Spend,https://www.linkedin.com/feed/update/urn:li:activity:7488595860717703169/,https://www.linkedin.com/showcase/zoho-expense/posts/
Zoho Expense,13,2026-07-23 13:00,The IRS has updated its standard mileage rates for the second half of 2026. Is your reimbursement process ready?,17,0,3,20,Article/Link,Zoho Expense,https://www.linkedin.com/feed/update/urn:li:activity:7486042505126498306/,https://www.linkedin.com/showcase/zoho-expense/posts/
Zoho Expense,14,2026-07-08 12:30,"As we wrap up the 9th Annual CFO Africa: Where strategy meets intelligence, at NH Johannesburg Sandton. We had an incredible response from finance leaders, customers, and partners who joined us.",54,0,2,56,Multi-image (3),Zoho Expense,https://www.linkedin.com/feed/update/urn:li:activity:7480599114913693696/,https://www.linkedin.com/showcase/zoho-expense/posts/
Zoho Expense,15,2026-07-07 11:30,"The final leg of the #ZohoFinanceWorkshop took us to Ahmedabad, Delhi, and Chennai, bringing together finance leaders for conversations that went beyond technology.",50,1,4,55,Multi-image (4),Zoho Expense,https://www.linkedin.com/feed/update/urn:li:activity:7480221582758465536/,https://www.linkedin.com/showcase/zoho-expense/posts/
Zoho Expense,16,2026-07-02 12:30,"Your team is booking flights, taking clients to lunch, and paying for hotels with corporate cards.",119,0,10,129,Video,Zoho Expense,https://www.linkedin.com/feed/update/urn:li:activity:7478424804849500160/,https://www.linkedin.com/showcase/zoho-expense/posts/
Zoho Expense,17,2026-06-25 11:30,How confident are you that your travel expense process is HMRC-compliant?,25,0,3,28,Article/Link,Zoho Expense,https://www.linkedin.com/feed/update/urn:li:activity:7475873116489961474/,https://www.linkedin.com/showcase/zoho-expense/posts/
Zoho Expense,18,2026-06-18 10:30,Scaling globally requires operational efficiency at every level.,17,0,0,17,Image,Zoho Expense,https://www.linkedin.com/feed/update/urn:li:activity:7473321128330178560/,https://www.linkedin.com/showcase/zoho-expense/posts/
Zoho Expense,19,2026-06-11 06:48,"In a world where uncertainty has become the norm, resilience is no longer just about weathering disruptions, it's about creating lasting value through every cycle of change.",13,0,5,18,Article/Link,CFO Exchange By Zoho,https://www.linkedin.com/feed/update/urn:li:activity:7470728626888601600/,https://www.linkedin.com/showcase/zoho-expense/posts/
Zoho Expense,20,2026-06-10 11:41,"A big thank you to everyone who joined us in the first leg of the #ZohoFinanceAndOperationsWorkshop and shared their experiences, challenges, and ideas on expense management. Your participation made these workshops truly valuable.",39,0,4,43,Multi-image (4),Zoho Expense,https://www.linkedin.com/feed/update/urn:li:activity:7470439927818825728/,https://www.linkedin.com/showcase/zoho-expense/posts/
Zoho Expense,21,2026-06-03 10:30,"Dan Perdue, President of Level Twelve, allocates every expense to the projects he works on.",27,0,0,27,Video,Zoho Expense,https://www.linkedin.com/feed/update/urn:li:activity:7467885338326315008/,https://www.linkedin.com/showcase/zoho-expense/posts/
Zoho Expense,22,2026-05-21 11:47,"From a visionary keynote on CFOs becoming Value Architects to a 90-minute strategy workshop powered by real-time business scenarios, and an insightful panel on finance evolving into an Insight Engine, Chennai witnessed an evening packed with insight, collaboration, and future-focused conversations.",103,0,12,115,Video,CFO Exchange By Zoho,https://www.linkedin.com/feed/update/urn:li:activity:7463193856218394624/,https://www.linkedin.com/showcase/zoho-expense/posts/
Zoho Expense,23,2026-05-19 10:48,To someone who says you need to leave India to build something global.,182,2,19,203,Video,National Payments Corporation Of India (NPCI),https://www.linkedin.com/feed/update/urn:li:activity:7462454036491943936/,https://www.linkedin.com/showcase/zoho-expense/posts/
Zoho Expense,24,2026-05-19 10:00,Zoho Expense is now MCP-ready. Expense submission and report approvals go beyond the app.,187,2,27,216,Video,Zoho Expense,https://www.linkedin.com/feed/update/urn:li:activity:7462441949569073152/,https://www.linkedin.com/showcase/zoho-expense/posts/
Zoho Expense,25,2026-05-14 17:30,"Excited to share that Zoholics Events USA, 2026 was a special milestone for Zoho Expense.",119,1,18,138,Multi-image (4),Zoho Expense,https://www.linkedin.com/feed/update/urn:li:activity:7460743243685580800/,https://www.linkedin.com/showcase/zoho-expense/posts/
Zoho Expense,26,2026-05-14 13:00,Capturing expenses is one thing.,43,0,1,44,Video,Zoho Expense,https://www.linkedin.com/feed/update/urn:li:activity:7460675405935685632/,https://www.linkedin.com/showcase/zoho-expense/posts/
Zoho Expense,27,2026-05-12 11:00,We are glad to announce that Forbes Advisor has named us the Best business expense tracker app.,35,0,7,42,Image,Zoho Expense,https://www.linkedin.com/feed/update/urn:li:activity:7459920339016499202/,https://www.linkedin.com/showcase/zoho-expense/posts/
Zoho Expense,28,2026-05-08 12:35,Expense management becomes harder the moment the process stops scaling.,24,1,1,26,Video,Zoho Expense,https://www.linkedin.com/feed/update/urn:li:activity:7458494844869578752/,https://www.linkedin.com/showcase/zoho-expense/posts/
Zoho Expense,29,2026-05-07 10:45,"Beyond technical expertise and financial acumen, today’s CFOs are calling out skills that don’t always make it to the spotlight on CFO take, our 1-minute series where we get real, unfiltered takes from CFOs.",95,3,8,106,Video,CFO Exchange By Zoho,https://www.linkedin.com/feed/update/urn:li:activity:7458104693408546816/,https://www.linkedin.com/showcase/zoho-expense/posts/
Zoho Expense,30,2026-04-29 13:30,Everyone talks about delays in expense approvals.,41,2,5,48,Video,Zoho Expense,https://www.linkedin.com/feed/update/urn:li:activity:7455247050486493186/,https://www.linkedin.com/showcase/zoho-expense/posts/
Zoho Expense,31,2026-04-22 13:00,"Scaling finance operations in a fast-moving environment takes more than just ordinary systems, it calls for bold solutions.",32,0,9,41,Image,Zoho Expense,https://www.linkedin.com/feed/update/urn:li:activity:7452702753681977344/,https://www.linkedin.com/showcase/zoho-expense/posts/
Zoho Expense,32,2026-04-16 11:30,"Modern finance teams need real-time visibility, tighter controls, and faster reconciliation to stay ahead. And that is exactly where corporate cards are transforming expense management.",8,0,0,8,Article/Link,Zoho Expense,https://www.linkedin.com/feed/update/urn:li:activity:7450505781151551488/,https://www.linkedin.com/showcase/zoho-expense/posts/
Zoho Expense,33,2026-04-15 13:30,Managing travel allowances shouldn’t slow your finance team down.,41,0,5,46,Image,Zoho Expense,https://www.linkedin.com/feed/update/urn:li:activity:7450173675556876288/,https://www.linkedin.com/showcase/zoho-expense/posts/
Zoho Expense,34,2026-04-09 10:30,Great conversations. Sharp insights. Real-world challenges.,131,1,3,135,Multi-image (4),Zoho Expense,https://www.linkedin.com/feed/update/urn:li:activity:7447954031240454144/,https://www.linkedin.com/showcase/zoho-expense/posts/
Zoho Expense,35,2026-04-07 11:00,Business travel does not have to mean unpredictable spending.,10,0,0,10,Article/Link,Zoho Expense,https://www.linkedin.com/feed/update/urn:li:activity:7447236737086533634/,https://www.linkedin.com/showcase/zoho-expense/posts/
Zoho Expense,36,2026-04-03 06:30,"Petty cash is a scattered problem, spread across branches, teams, and transactions.",164,3,4,171,Video,Zoho Expense,https://www.linkedin.com/feed/update/urn:li:activity:7445719332942151680/,https://www.linkedin.com/showcase/zoho-expense/posts/
Zoho Expense,37,2026-04-03 05:29,"Behind every fast-growing brand is a series of bold decisions, sharp pivots, and relentless execution.",22,0,1,23,Video,CFO Exchange By Zoho,https://www.linkedin.com/feed/update/urn:li:activity:7445704130561544192/,https://www.linkedin.com/showcase/zoho-expense/posts/
Zoho Expense,38,2026-04-01 13:00,Maximizing savings is not about cutting costs—it is about knowing where to look.,11,0,0,11,Article/Link,Zoho Expense,https://www.linkedin.com/feed/update/urn:li:activity:7445092706277756928/,https://www.linkedin.com/showcase/zoho-expense/posts/
Zoho Expense,39,2026-03-26 11:45,Business travel isn’t just a cost—it’s a growth lever.,14,0,1,15,Article/Link,Zoho Expense,https://www.linkedin.com/feed/update/urn:li:activity:7442899452903952384/,https://www.linkedin.com/showcase/zoho-expense/posts/
Zoho Expense,40,2026-03-25 13:31,Still managing expenses manually? That's costing you more than you think.,29,0,5,34,Image,Zoho Expense,https://www.linkedin.com/feed/update/urn:li:activity:7442563693336444928/,https://www.linkedin.com/showcase/zoho-expense/posts/
Zoho Expense,41,2026-03-19 11:15,Mileage claims are still based on estimates.,38,1,1,40,Video,Zoho Expense,https://www.linkedin.com/feed/update/urn:li:activity:7440355143046529024/,https://www.linkedin.com/showcase/zoho-expense/posts/
Zoho Expense,42,2026-03-17 11:00,"Nearly 2/3 of corporate travel spend is still unmanaged—leading to missed savings, policy violations, and zero visibility.",9,0,1,10,Article/Link,Zoho Expense,https://www.linkedin.com/feed/update/urn:li:activity:7439626610678571008/,https://www.linkedin.com/showcase/zoho-expense/posts/
Zoho Expense,43,2026-03-13 11:00,What happens when expense management stops being a manual headache?,42,0,1,43,Video,Zoho Expense,https://www.linkedin.com/feed/update/urn:li:activity:7438177047937699840/,https://www.linkedin.com/showcase/zoho-expense/posts/
Zoho Expense,44,2026-03-11 12:08,What will define the CFO agenda in 2026?,22,1,4,27,Article/Link,CFO Exchange By Zoho,https://www.linkedin.com/feed/update/urn:li:activity:7437469509998858241/,https://www.linkedin.com/showcase/zoho-expense/posts/
Zoho Expense,45,2026-03-10 11:00,"For large companies, even a 1% reduction in costs can translate into millions saved annually.",12,1,1,14,Article/Link,Zoho Expense,https://www.linkedin.com/feed/update/urn:li:activity:7437089898882551808/,https://www.linkedin.com/showcase/zoho-expense/posts/
Zoho Expense,46,2026-03-06 11:31,Business travel isn’t out of control. Your booking process is.,68,0,7,75,Video,Zoho Expense,https://www.linkedin.com/feed/update/urn:li:activity:7435648238000615424/,https://www.linkedin.com/showcase/zoho-expense/posts/
Zoho Expense,47,2026-03-04 10:32,🏆 We did it again.,43,0,6,49,Multi-image (4),Zoho Expense,https://www.linkedin.com/feed/update/urn:li:activity:7434908656225247232/,https://www.linkedin.com/showcase/zoho-expense/posts/
Zoho Expense,48,2026-03-03 13:30,Manual expense tracking. Corrections. Month-end stress.,21,0,2,23,Video,Zoho Expense,https://www.linkedin.com/feed/update/urn:li:activity:7434590915886792707/,https://www.linkedin.com/showcase/zoho-expense/posts/
Zoho Expense,49,2026-02-27 11:50,"The role of the CFO has fundamentally evolved. Today, impact is measured not only by financial accuracy and governance but by the ability to act as a strategic advisor, and long-term value architect.",24,1,6,31,Video,CFO Exchange By Zoho,https://www.linkedin.com/feed/update/urn:li:activity:7433116439726792704/,https://www.linkedin.com/showcase/zoho-expense/posts/
Zoho Expense,50,2026-02-24 14:00,"The card is swiped today, the transaction shows up days later in the system, and reconciliation waits for month-end.",113,1,7,121,Video,Zoho Expense,https://www.linkedin.com/feed/update/urn:li:activity:7432061759101939712/,https://www.linkedin.com/showcase/zoho-expense/posts/
DocuWare,1,2026-09-22 15:00,Oktoberfest vibes in our Germering office!🥨💙,0,0,0,0,Multi-image (3),DocuWare,https://www.linkedin.com/feed/update/urn:li:activity:7508178483601338368/,https://www.linkedin.com/company/docuware-corporation/posts/
DocuWare,2,2026-09-21 15:01,Automation doesn’t transform a business. Leadership does.,9,0,0,9,Article/Link,DocuWare,https://www.linkedin.com/feed/update/urn:li:activity:7507816219119583232/,https://www.linkedin.com/company/docuware-corporation/posts/
DocuWare,3,2026-09-21 10:00,"This week, prepare to meet our upcoming AI assistant, DocuWare Aura.",24,0,1,25,Image,DocuWare,https://www.linkedin.com/feed/update/urn:li:activity:7507740575127789569/,https://www.linkedin.com/company/docuware-corporation/posts/
DocuWare,4,2026-09-19 10:00,"""Work is no longer about creating and passing around documents. The centre of gravity has moved to continuous, file-independent information flows.""",10,1,1,12,Article/Link,DocuWare,https://www.linkedin.com/feed/update/urn:li:activity:7507015766899109889/,https://www.linkedin.com/company/docuware-corporation/posts/
DocuWare,5,2026-09-18 10:00,"On the horizon, a fundamental shift in how organisations interact with information is coming.",28,0,4,32,Image,DocuWare,https://www.linkedin.com/feed/update/urn:li:activity:7506653316479836160/,https://www.linkedin.com/company/docuware-corporation/posts/
DocuWare,6,2026-09-17 14:03,The countdown is on and the future of document management is almost here!,31,1,13,45,Video,DocuWare,https://www.linkedin.com/feed/update/urn:li:activity:7506352091330703361/,https://www.linkedin.com/company/docuware-corporation/posts/
DocuWare,7,2026-09-16 14:07,"As school years begin to ramp up, staff are finding themselves awash in a sea of documents and data. It’s the same old headaches again with an influx of documents and forms to be processed.",4,0,0,4,Article/Link,DocuWare,https://www.linkedin.com/feed/update/urn:li:activity:7505990712363089920/,https://www.linkedin.com/company/docuware-corporation/posts/
DocuWare,8,2026-09-16 10:00,The answers to some of your most pressing questions are hidden inside your document data. The challenge is finding it.,65,1,19,85,Image,DocuWare,https://www.linkedin.com/feed/update/urn:li:activity:7505928633652379649/,https://www.linkedin.com/company/docuware-corporation/posts/
DocuWare,9,2026-09-15 13:14,"DocuWare AI Hub serves as the central engine for advancing AI capabilities, enriching the DocuWare Partner ecosystem with cutting-edge technology and expertise.",52,5,9,66,Video,DocuWare,https://www.linkedin.com/feed/update/urn:li:activity:7505615133533007873/,https://www.linkedin.com/company/docuware-corporation/posts/
DocuWare,10,2026-09-14 12:01,"Disconnected tools, processes, and information bog businesses down.",30,0,8,38,Video,DocuWare,https://www.linkedin.com/feed/update/urn:li:activity:7505234182449741824/,https://www.linkedin.com/company/docuware-corporation/posts/
DocuWare,11,2026-09-11 12:01,"For decades, we've been asking single PDFs and spreadsheets to serve as a single source of truth. That's never been a good fit.",11,0,2,13,Article/Link,DocuWare,https://www.linkedin.com/feed/update/urn:li:activity:7504147029795733507/,https://www.linkedin.com/company/docuware-corporation/posts/
DocuWare,12,2026-09-11 09:08,"This fall, we're welcoming you to the new era of document management.",28,1,4,33,Video,DocuWare,https://www.linkedin.com/feed/update/urn:li:activity:7504103525577076737/,https://www.linkedin.com/company/docuware-corporation/posts/
DocuWare,13,2026-09-10 12:00,Confusion around different versions of a document and who has edited what doesn't just bog down projects. These issues become a compliance liability too.,17,1,5,23,Text,DocuWare,https://www.linkedin.com/feed/update/urn:li:activity:7503784465052368896/,https://www.linkedin.com/company/docuware-corporation/posts/
DocuWare,14,2026-09-09 15:10,"Load tickets, field reports, delivery notes, and that's just the start. Construction work means a ton of documentation and accompanying workflow. But they don't have to bog down your projects.",32,2,14,48,Image,DocuWare,https://www.linkedin.com/feed/update/urn:li:activity:7503469808001134592/,https://www.linkedin.com/company/docuware-corporation/posts/
DocuWare,15,2026-09-08 15:07,Why can you trust DocuWare’s AI?,43,0,4,47,Image,DocuWare,https://www.linkedin.com/feed/update/urn:li:activity:7503106674333941760/,https://www.linkedin.com/company/docuware-corporation/posts/
DocuWare,16,2026-09-08 08:57,"📢 ¡Mañana es el día! No te pierdas este webinar imprescindible si trabajas en logística, transporte o gestión documental.",21,0,6,27,Article/Link,DocuWare,https://www.linkedin.com/feed/update/urn:li:activity:7503013651579117568/,https://www.linkedin.com/company/docuware-corporation/posts/
DocuWare,17,2026-09-07 14:41,The combined power of e-signatures and automated workflows is posed to eliminate:,29,0,11,40,Image,DocuWare,https://www.linkedin.com/feed/update/urn:li:activity:7502737701968715778/,https://www.linkedin.com/company/docuware-corporation/posts/
DocuWare,18,2026-09-04 12:00,Every AP team's nightmare is being unable to close a month because an invoice doesn't match its related documents.,16,1,4,21,Text,DocuWare,https://www.linkedin.com/feed/update/urn:li:activity:7501610122075459584/,https://www.linkedin.com/company/docuware-corporation/posts/
DocuWare,19,2026-09-03 13:48,Confusion around different versions of a document and who has edited what doesn't just bog down projects. These issues become a compliance liability too.,39,0,11,50,Image,DocuWare,https://www.linkedin.com/feed/update/urn:li:activity:7501274838217519104/,https://www.linkedin.com/company/docuware-corporation/posts/
DocuWare,20,2026-09-02 15:28,"If you could hand off any part of your job, what would it be?",23,0,8,31,Image,DocuWare,https://www.linkedin.com/feed/update/urn:li:activity:7500937592083951616/,https://www.linkedin.com/company/docuware-corporation/posts/
DocuWare,21,2026-09-01 15:09,Sun is shining and so are our new colleagues at DocuWare!🌞,59,0,0,59,Image,DocuWare,https://www.linkedin.com/feed/update/urn:li:activity:7500570617809768448/,https://www.linkedin.com/company/docuware-corporation/posts/
DocuWare,22,2026-08-31 12:00,"Tight margins, high compliance requirements, and rising customer demands are all spurring on a need for technological evolution in auto dealerships.",7,0,2,9,Article/Link,DocuWare,https://www.linkedin.com/feed/update/urn:li:activity:7500160499293003776/,https://www.linkedin.com/company/docuware-corporation/posts/
DocuWare,23,2026-08-31 10:00,Is your finance function ready for the digital invoice revolution? The UK's adoption of Peppol-based e-invoicing isn't a distant possibility. It's an emerging reality.,17,0,0,17,Image,DocuWare,https://www.linkedin.com/feed/update/urn:li:activity:7500130364879818752/,https://www.linkedin.com/company/docuware-corporation/posts/
DocuWare,24,2026-08-30 08:25,Are you passionate about technology and ready to help businesses go digital?,9,1,0,10,Document/Carousel (PDF),DocuWare,https://www.linkedin.com/feed/update/urn:li:activity:7499744026711998464/,https://www.linkedin.com/company/docuware-corporation/posts/
DocuWare,25,2026-08-29 12:20,"Our Beacon, NY office recently came together for a school supply drive in support of Brinckerhoff Elementary School and we're overwhelmed by the generosity shown by our team! 📚✏️",12,0,1,13,Multi-image (4),DocuWare,https://www.linkedin.com/feed/update/urn:li:activity:7499440740222033920/,https://www.linkedin.com/company/docuware-corporation/posts/
DocuWare,26,2026-08-28 18:45,Great recruiting doesn't end with the offer letter - here is what we have learned over the past 6 years. 💫,4,0,0,4,Text,DocuWare,https://www.linkedin.com/feed/update/urn:li:activity:7499175349629411328/,https://www.linkedin.com/company/docuware-corporation/posts/
DocuWare,27,2026-08-27 12:00,There's a key difference between document and records management.,33,0,6,39,Text,DocuWare,https://www.linkedin.com/feed/update/urn:li:activity:7498710987777236993/,https://www.linkedin.com/company/docuware-corporation/posts/
DocuWare,28,2026-08-27 12:00,Static documents are an often unnoticed drain on a business.,9,0,4,13,Article/Link,DocuWare,https://www.linkedin.com/feed/update/urn:li:activity:7498710962137477120/,https://www.linkedin.com/company/docuware-corporation/posts/
DocuWare,29,2026-08-25 12:49,"In the age of ChatGPT, do organziations still need dedicated document management software?",52,1,20,73,Image,DocuWare,https://www.linkedin.com/feed/update/urn:li:activity:7497998477222760449/,https://www.linkedin.com/company/docuware-corporation/posts/
DocuWare,30,2026-08-24 15:45,One of the most useful things AI can do is free people from soul-draining repetitive work and let them focus on what they do best - create.,61,1,9,71,Image,DocuWare,https://www.linkedin.com/feed/update/urn:li:activity:7497680384617246720/,https://www.linkedin.com/company/docuware-corporation/posts/
DocuWare,31,2026-08-24 14:35,From Japan to the stunning alps and the beaches of Zanzibar - our DocuWare merch is traveling around the world this summer.🌏✈️,29,1,1,31,Multi-image (3),DocuWare,https://www.linkedin.com/feed/update/urn:li:activity:7497662798106292224/,https://www.linkedin.com/company/docuware-corporation/posts/
DocuWare,32,2026-08-21 15:13,Managing your documents manually and held in many places can work for a time. But systems like that crack under the pressure of an audit or higher document volumes.,14,1,5,20,Image,DocuWare,https://www.linkedin.com/feed/update/urn:li:activity:7496585269190778880/,https://www.linkedin.com/company/docuware-corporation/posts/
DocuWare,33,2026-08-20 15:55,"""Customers get updates faster, engineers spend less time on admin, and the office isn’t chasing paperwork anymore.""",22,1,3,26,Image,DocuWare,https://www.linkedin.com/feed/update/urn:li:activity:7496233363440111617/,https://www.linkedin.com/company/docuware-corporation/posts/
DocuWare,34,2026-08-20 14:32,"Prepare yourself. After this Fall, the world of work is never going to look the same again.",113,3,42,158,Video,DocuWare,https://www.linkedin.com/feed/update/urn:li:activity:7496212629288538112/,https://www.linkedin.com/company/docuware-corporation/posts/
DocuWare,35,2026-08-19 19:07,Manual processes are putting a huge burden on too many AP teams.,26,0,13,39,Image,DocuWare,https://www.linkedin.com/feed/update/urn:li:activity:7495919291444310017/,https://www.linkedin.com/company/docuware-corporation/posts/
DocuWare,36,2026-08-18 15:00,You're out of time to prep for the coming age of AI. It's here.,68,5,9,82,Image,DocuWare,https://www.linkedin.com/feed/update/urn:li:activity:7495494857952620544/,https://www.linkedin.com/company/docuware-corporation/posts/
DocuWare,37,2026-08-18 14:40,Throwback to our EMEA field trip in July!,25,0,3,28,Multi-image (4),DocuWare,https://www.linkedin.com/feed/update/urn:li:activity:7495489714733391873/,https://www.linkedin.com/company/docuware-corporation/posts/
DocuWare,38,2026-08-17 14:31,"If you're part of an HR team and have too much time on your hands, count yourself among the lucky few.",26,0,8,34,Image,DocuWare,https://www.linkedin.com/feed/update/urn:li:activity:7495125040431091712/,https://www.linkedin.com/company/docuware-corporation/posts/
DocuWare,39,2026-08-14 13:35,The manufacturing industry naturally lends itself to a ton of documentation.,12,1,2,15,Document/Carousel (PDF),DocuWare,https://www.linkedin.com/feed/update/urn:li:activity:7494023809503645696/,https://www.linkedin.com/company/docuware-corporation/posts/
DocuWare,40,2026-08-13 14:52,The countdown is on and the future of document management is almost here!,105,2,22,129,Video,DocuWare,https://www.linkedin.com/feed/update/urn:li:activity:7493680917593477120/,https://www.linkedin.com/company/docuware-corporation/posts/
DocuWare,41,2026-08-13 11:33,Here's a surprising fact: 82% of businesses are still dealing with the hassles of paper-based processes.,21,0,10,31,Image,DocuWare,https://www.linkedin.com/feed/update/urn:li:activity:7493630746503483392/,https://www.linkedin.com/company/docuware-corporation/posts/
DocuWare,42,2026-08-12 15:51,"No matter how much civilization has changed, the need to track transactions and payments has not.",14,0,6,20,Image,DocuWare,https://www.linkedin.com/feed/update/urn:li:activity:7493333269556629504/,https://www.linkedin.com/company/docuware-corporation/posts/
DocuWare,43,2026-08-11 16:00,You're living in the age of AI.,55,1,11,67,Image,DocuWare,https://www.linkedin.com/feed/update/urn:li:activity:7492973180957925376/,https://www.linkedin.com/company/docuware-corporation/posts/
DocuWare,44,2026-08-11 13:39,Cheers to SCUG’s 70th anniversary!,18,2,0,20,Image,DocuWare,https://www.linkedin.com/feed/update/urn:li:activity:7492937707770294273/,https://www.linkedin.com/company/docuware-corporation/posts/
DocuWare,45,2026-08-10 12:43,"At DocuWare, we believe that investing in our people means investing in our future. That's why we've designed two internal programs to support the growth and development of our team at every level!",37,0,1,38,Multi-image (2),DocuWare,https://www.linkedin.com/feed/update/urn:li:activity:7492561364897533953/,https://www.linkedin.com/company/docuware-corporation/posts/
DocuWare,46,2026-08-07 11:49,Companies that remove tedious work like data entry from their employees workdays thrive.,17,0,9,26,Image,DocuWare,https://www.linkedin.com/feed/update/urn:li:activity:7491460410320015360/,https://www.linkedin.com/company/docuware-corporation/posts/
DocuWare,47,2026-08-06 19:25,Most companies are still wrestling with piles of invoices and delayed approvals.,32,0,10,42,Image,DocuWare,https://www.linkedin.com/feed/update/urn:li:activity:7491212956987383808/,https://www.linkedin.com/company/docuware-corporation/posts/
DocuWare,48,2026-08-05 15:36,"If you're neglecting your records management, you're making a mistake.",21,1,7,29,Document/Carousel (PDF),DocuWare,https://www.linkedin.com/feed/update/urn:li:activity:7490792771637854208/,https://www.linkedin.com/company/docuware-corporation/posts/
DocuWare,49,2026-08-04 12:30,Hello August and hello to our newest DocuWarians!,49,0,1,50,Image,DocuWare,https://www.linkedin.com/feed/update/urn:li:activity:7490383599867822080/,https://www.linkedin.com/company/docuware-corporation/posts/
DocuWare,50,2026-07-31 17:21,"A week in the life of a digital nomad: Singapore to DocuWare HQ, Germering, Germany.",0,0,0,0,Video,Halid Bin Ayob📱,https://www.linkedin.com/feed/update/urn:li:activity:7489007428257165312/,https://www.linkedin.com/company/docuware-corporation/posts/
Yooz,1,2026-09-21 16:57,"Más allá del cumplimiento, la reforma de la factura electrónica se presenta como una oportunidad única para modernizar la función financiera, ganar eficiencia operativa e impulsar un crecimiento empresarial sostenible.",2,0,5,7,Article/Link,Franco Bendayan Petri,https://www.linkedin.com/feed/update/urn:li:activity:7507845433772236800/,https://www.linkedin.com/company/yooz/posts/
Yooz,2,2026-09-20 11:24,We're #hiring a new Sales Development Representative - marché ESP (F/H) in Greater Montpellier Metropolitan Area. Apply today or share this post with your network.,5,0,2,7,Entity/Link,Yooz,https://www.linkedin.com/feed/update/urn:li:activity:7507399206727331840/,https://www.linkedin.com/company/yooz/posts/
Yooz,3,2026-09-19 11:22,We're #hiring a new Project Manager bilingue anglais (F/H) in Greater Montpellier Metropolitan Area. Apply today or share this post with your network.,6,0,1,7,Entity/Link,Yooz,https://www.linkedin.com/feed/update/urn:li:activity:7507036428942393344/,https://www.linkedin.com/company/yooz/posts/
Yooz,4,2026-09-18 07:05,🎙️ Quelles missions pour les cabinets d’expertise comptable de demain ?,118,3,7,128,Video,Yooz,https://www.linkedin.com/feed/update/urn:li:activity:7506609339940474880/,https://www.linkedin.com/company/yooz/posts/
Yooz,5,2026-09-16 08:00,Automation should not mean giving up control!,1,0,0,1,Image,Yooz,https://www.linkedin.com/feed/update/urn:li:activity:7505898490405781504/,https://www.linkedin.com/company/yooz/posts/
Yooz,6,2026-09-15 17:06,"La Ley Crea y Crece, #VeriFactu y la próxima implantación de la factura electrónica están transformando la #gestión de las #facturas en las empresas españolas y generando numerosas dudas sobre plazos, requisitos y soluciones tecnológicas.",12,2,4,18,Article/Link,Franco Bendayan Petri,https://www.linkedin.com/feed/update/urn:li:activity:7505673337667227649/,https://www.linkedin.com/company/yooz/posts/
Yooz,7,2026-09-15 17:06,CFOs: You invested in AI > Congrats > But how are you measuring ROI?,14,5,5,24,Image,Chris Ortega,https://www.linkedin.com/feed/update/urn:li:activity:7505673287813787648/,https://www.linkedin.com/company/yooz/posts/
Yooz,8,2026-09-13 11:29,We're #hiring a new Full Stack Development Engineer (F/H) in Greater Montpellier Metropolitan Area. Apply today or share this post with your network.,2,0,2,4,Entity/Link,Yooz,https://www.linkedin.com/feed/update/urn:li:activity:7504863731185664000/,https://www.linkedin.com/company/yooz/posts/
Yooz,9,2026-09-12 11:25,We're #hiring a new Production Software Analyst (F/H) in Greater Montpellier Metropolitan Area. Apply today or share this post with your network.,4,0,2,6,Entity/Link,Yooz,https://www.linkedin.com/feed/update/urn:li:activity:7504500310275551232/,https://www.linkedin.com/company/yooz/posts/
Yooz,10,2026-09-11 08:00,Using AI is easy. Building a finance function that actually gets value from it is harder.,0,0,0,0,Image,Yooz,https://www.linkedin.com/feed/update/urn:li:activity:7504086369930055681/,https://www.linkedin.com/company/yooz/posts/
Yooz,11,2026-09-10 15:00,How much of your P2P process still depends on someone manually keeping it moving?,1,0,0,1,Image,Yooz,https://www.linkedin.com/feed/update/urn:li:activity:7503829840438034432/,https://www.linkedin.com/company/yooz/posts/
Yooz,12,2026-09-08 23:58,"La Ley Crea y Crece, #VeriFactu y la próxima implantación de la factura electrónica están transformando la #gestión de las facturas en las empresas españolas y generando numerosas dudas sobre plazos, requisitos y soluciones tecnológicas.",10,0,0,10,Article/Link,Franco Bendayan Petri,https://www.linkedin.com/feed/update/urn:li:activity:7503240290388926464/,https://www.linkedin.com/company/yooz/posts/
Yooz,13,2026-09-06 11:17,"We're #hiring a new Marketing Intern - Customer Marketing & AI Programs in Coppell, Texas. Apply today or share this post with your network.",4,0,4,8,Entity/Link,Yooz,https://www.linkedin.com/feed/update/urn:li:activity:7502324205070340096/,https://www.linkedin.com/company/yooz/posts/
Yooz,14,2026-09-05 11:24,"We're #hiring a new Gestionnaire de paie et administratif (F/H) - CDD in Aimargues, Occitanie. Apply today or share this post with your network.",4,0,2,6,Entity/Link,Yooz,https://www.linkedin.com/feed/update/urn:li:activity:7501963368354906112/,https://www.linkedin.com/company/yooz/posts/
Yooz,15,2026-09-03 19:20,"Supplier Statements Recon in seconds, not afternoons!",10,0,0,10,Video,Frederic Billet,https://www.linkedin.com/feed/update/urn:li:activity:7501358418901778433/,https://www.linkedin.com/company/yooz/posts/
Yooz,16,2026-08-30 08:03,🚗 Prolongez l’été avec le Summer road trip Yooz — Étape 6 · Suisse 🏁,3,0,0,3,Video,Yooz,https://www.linkedin.com/feed/update/urn:li:activity:7499738442273284096/,https://www.linkedin.com/company/yooz/posts/
Yooz,17,2026-08-29 11:45,We're #hiring a new Customer Marketing Specialist (F/H) - CDD in Greater Montpellier Metropolitan Area. Apply today or share this post with your network.,6,0,0,6,Entity/Link,Yooz,https://www.linkedin.com/feed/update/urn:li:activity:7499432084525203456/,https://www.linkedin.com/company/yooz/posts/
Yooz,18,2026-08-29 08:03,Prolongez l’été avec le Summer road trip Yooz - Étape 5 · Allemagne 🚗,3,0,2,5,Video,Yooz,https://www.linkedin.com/feed/update/urn:li:activity:7499376064448626688/,https://www.linkedin.com/company/yooz/posts/
Yooz,19,2026-08-28 08:03,Prolongez l’été avec le Summer road trip Yooz - Étape 4 · Luxembourg 🚗,3,0,0,3,Video,Yooz,https://www.linkedin.com/feed/update/urn:li:activity:7499013661445935105/,https://www.linkedin.com/company/yooz/posts/
Yooz,20,2026-08-27 11:32,Prolongez l’été avec le Summer road trip Yooz - Étape 3 · Belgique,2,0,0,2,Video,Yooz,https://www.linkedin.com/feed/update/urn:li:activity:7498703920387526656/,https://www.linkedin.com/company/yooz/posts/
Yooz,21,2026-08-25 10:02,Keep summer going with the Yooz Summer Road Trip - Stop 2 · United Kingdom 🚗,1,0,0,1,Video,Yooz,https://www.linkedin.com/feed/update/urn:li:activity:7497956573114404864/,https://www.linkedin.com/company/yooz/posts/
Yooz,22,2026-08-25 08:00,"If your AI investment cannot prove its value, should finance be investing in it at all?",4,0,1,5,Image,Yooz,https://www.linkedin.com/feed/update/urn:li:activity:7497925962286768128/,https://www.linkedin.com/company/yooz/posts/
Yooz,23,2026-08-24 13:32,Keep summer going with the Yooz Summer Road Trip - Stop 1 · España 🚗,2,0,0,2,Video,Yooz,https://www.linkedin.com/feed/update/urn:li:activity:7497646978600783872/,https://www.linkedin.com/company/yooz/posts/
Yooz,24,2026-08-22 11:39,We're #hiring a new Comptable Support Fonctionnel (F/H) in Greater Montpellier Metropolitan Area. Apply today or share this post with your network.,10,0,2,12,Entity/Link,Yooz,https://www.linkedin.com/feed/update/urn:li:activity:7496893906467405824/,https://www.linkedin.com/company/yooz/posts/
Yooz,25,2026-08-20 10:00,Finance leaders do not need more AI. They need better AI decisions 🤔,11,3,2,16,Image,Yooz,https://www.linkedin.com/feed/update/urn:li:activity:7496144202356019200/,https://www.linkedin.com/company/yooz/posts/
Yooz,26,2026-08-16 11:32,We're #hiring a new Research Engineer (F/H) in Greater Montpellier Metropolitan Area. Apply today or share this post with your network.,6,0,1,7,Entity/Link,Yooz,https://www.linkedin.com/feed/update/urn:li:activity:7494717780185862144/,https://www.linkedin.com/company/yooz/posts/
Yooz,27,2026-08-15 11:35,We're #hiring a new Technical Product Owner (F/H) in Greater Montpellier Metropolitan Area. Apply today or share this post with your network.,4,0,0,4,Entity/Link,Yooz,https://www.linkedin.com/feed/update/urn:li:activity:7494355985826910208/,https://www.linkedin.com/company/yooz/posts/
Yooz,28,2026-08-11 10:00,What if your invoice processing could run on autopilot?,4,0,0,4,Image,Yooz,https://www.linkedin.com/feed/update/urn:li:activity:7492882713348288513/,https://www.linkedin.com/company/yooz/posts/
Yooz,29,2026-08-09 11:28,"We're #hiring a new Digital Marketing Manager in Dallas, Texas. Apply today or share this post with your network.",7,0,1,8,Entity/Link,Yooz,https://www.linkedin.com/feed/update/urn:li:activity:7492179956911919104/,https://www.linkedin.com/company/yooz/posts/
Yooz,30,2026-08-08 11:39,"We're #hiring a new SaaS Trainer in Coppell, Texas. Apply today or share this post with your network.",2,0,2,4,Entity/Link,Yooz,https://www.linkedin.com/feed/update/urn:li:activity:7491820326809579520/,https://www.linkedin.com/company/yooz/posts/
Yooz,31,2026-08-01 11:25,We're #hiring a new Product Evangelist (F/H) in Greater Montpellier Metropolitan Area. Apply today or share this post with your network.,8,0,3,11,Entity/Link,Yooz,https://www.linkedin.com/feed/update/urn:li:activity:7489280194776653824/,https://www.linkedin.com/company/yooz/posts/
Yooz,32,2026-07-26 11:32,We're #hiring a new Customer Marketing Specialist (F/H) - CDD in Greater Montpellier Metropolitan Area. Apply today or share this post with your network.,6,0,0,6,Entity/Link,Yooz,https://www.linkedin.com/feed/update/urn:li:activity:7487107478510456832/,https://www.linkedin.com/company/yooz/posts/
Yooz,33,2026-07-25 11:46,"We're #hiring a new AP Automation Support Specialist in Coppell, Texas. Apply today or share this post with your network.",7,1,2,10,Entity/Link,Yooz,https://www.linkedin.com/feed/update/urn:li:activity:7486748676527312896/,https://www.linkedin.com/company/yooz/posts/
Yooz,34,2026-07-20 08:00,"Still chasing approvals, switching between systems and losing time on manual Purchase-to-Pay tasks?",0,0,0,0,Image,Yooz,https://www.linkedin.com/feed/update/urn:li:activity:7484879862470541313/,https://www.linkedin.com/company/yooz/posts/
Yooz,35,2026-07-19 14:00,The final. 🦩🏆,6,0,1,7,Image,Yooz,https://www.linkedin.com/feed/update/urn:li:activity:7484608176110153728/,https://www.linkedin.com/company/yooz/posts/
Yooz,36,2026-07-19 11:20,We're #hiring a new Comptable (F/H) - bilingue anglais in Greater Montpellier Metropolitan Area. Apply today or share this post with your network.,3,0,2,5,Entity/Link,Yooz,https://www.linkedin.com/feed/update/urn:li:activity:7484567836259082240/,https://www.linkedin.com/company/yooz/posts/
Yooz,37,2026-07-18 14:00,Yoozie has a soft spot for the 3rd place match 🦩🥉,5,0,0,5,Image,Yooz,https://www.linkedin.com/feed/update/urn:li:activity:7484245789960134656/,https://www.linkedin.com/company/yooz/posts/
Yooz,38,2026-07-18 11:37,"We're #hiring a new Office Manager Junior (F/H) - Alternance in Aimargues, Occitanie. Apply today or share this post with your network.",3,0,3,6,Entity/Link,Yooz,https://www.linkedin.com/feed/update/urn:li:activity:7484209767490596864/,https://www.linkedin.com/company/yooz/posts/
Yooz,39,2026-07-18 07:32,The final stretch ⚽,0,0,0,0,Video,Yooz,https://www.linkedin.com/feed/update/urn:li:activity:7484147967004860416/,https://www.linkedin.com/company/yooz/posts/
Yooz,40,2026-07-16 07:32,Semi-finals. The last four ⚽,0,0,0,0,Video,Yooz,https://www.linkedin.com/feed/update/urn:li:activity:7483423192024244224/,https://www.linkedin.com/company/yooz/posts/
Yooz,41,2026-07-16 07:30,"🚨 À moins de 2 mois de l'échéance, êtes-vous réellement prêt pour la facturation électronique ?",10,0,3,13,Image,Yooz,https://www.linkedin.com/feed/update/urn:li:activity:7483422701106290689/,https://www.linkedin.com/company/yooz/posts/
Yooz,42,2026-07-15 14:01,Yoozie is thinking about VAR today 🦩📺,4,0,0,4,Image,Yooz,https://www.linkedin.com/feed/update/urn:li:activity:7483158734312185856/,https://www.linkedin.com/company/yooz/posts/
Yooz,43,2026-07-14 14:01,Yoozie is two matches away from the final 🦩🏆,8,2,0,10,Image,Yooz,https://www.linkedin.com/feed/update/urn:li:activity:7482796369099984896/,https://www.linkedin.com/company/yooz/posts/
Yooz,44,2026-07-12 11:36,We're #hiring a new Field Marketing Specialist - CDD (F/H) in Greater Montpellier Metropolitan Area. Apply today or share this post with your network.,5,0,6,11,Entity/Link,Yooz,https://www.linkedin.com/feed/update/urn:li:activity:7482035050478452736/,https://www.linkedin.com/company/yooz/posts/
Yooz,45,2026-07-11 14:00,Yoozie thinks the best teams have one thing in common 🦩,7,0,2,9,Image,Yooz,https://www.linkedin.com/feed/update/urn:li:activity:7481709074083024896/,https://www.linkedin.com/company/yooz/posts/
Yooz,46,2026-07-11 11:38,We're #hiring a new Functional Test Engineer (F/H) in Greater Montpellier Metropolitan Area. Apply today or share this post with your network.,1,0,1,2,Entity/Link,Yooz,https://www.linkedin.com/feed/update/urn:li:activity:7481673201194938369/,https://www.linkedin.com/company/yooz/posts/
Yooz,47,2026-07-09 14:01,Yoozie noticed the offside trap today 🦩,5,0,1,6,Image,Yooz,https://www.linkedin.com/feed/update/urn:li:activity:7480984403406471168/,https://www.linkedin.com/company/yooz/posts/
Yooz,48,2026-07-09 07:32,The knockout stage begins ⚽,1,0,0,1,Video,Yooz,https://www.linkedin.com/feed/update/urn:li:activity:7480886474352136192/,https://www.linkedin.com/company/yooz/posts/
Yooz,49,2026-07-05 11:35,"We're #hiring a new Digital Marketing Manager in Dallas, Texas. Apply today or share this post with your network.",5,0,4,9,Entity/Link,Yooz,https://www.linkedin.com/feed/update/urn:li:activity:7479498180053671936/,https://www.linkedin.com/company/yooz/posts/
Yooz,50,2026-07-04 11:34,We're #hiring a new Customer Success Manager (F/H) - marché Expert-Comptable - CDD in Greater Montpellier Metropolitan Area. Apply today or share this post with your network.,6,0,1,7,Entity/Link,Yooz,https://www.linkedin.com/feed/update/urn:li:activity:7479135440336470016/,https://www.linkedin.com/company/yooz/posts/
AvidXchange,1,2026-09-16 18:37,⛳ Great company. Great competition. Great golf.,83,8,5,96,Multi-image (4),"AvidXchange, Inc.",https://www.linkedin.com/feed/update/urn:li:activity:7506058694908915712/,https://www.linkedin.com/company/avidxchange-inc-/posts/
AvidXchange,2,2026-09-08 17:00,"🏆 The Change Maker Awards are back! If you or someone you know is driving real change in finance, this is your chance to share that story.",30,0,4,34,Image,"AvidXchange, Inc.",https://www.linkedin.com/feed/update/urn:li:activity:7503135196624424960/,https://www.linkedin.com/company/avidxchange-inc-/posts/
AvidXchange,3,2026-09-04 15:00,✨AI adoption is accelerating. But where should finance teams focus first?,14,0,7,21,Document/Carousel (PDF),"AvidXchange, Inc.",https://www.linkedin.com/feed/update/urn:li:activity:7501655435402190848/,https://www.linkedin.com/company/avidxchange-inc-/posts/
AvidXchange,4,2026-08-28 14:00,"AI-powered AP is helping finance teams move faster, and our customers are seeing the difference. ✨",9,0,0,9,Image,"AvidXchange, Inc.",https://www.linkedin.com/feed/update/urn:li:activity:7499103581103390722/,https://www.linkedin.com/company/avidxchange-inc-/posts/
AvidXchange,5,2026-08-27 18:48,Celebrating the people who have helped shape AvidXchange along the way! 🎉,129,1,2,132,Multi-image (4),"AvidXchange, Inc.",https://www.linkedin.com/feed/update/urn:li:activity:7498813652385390592/,https://www.linkedin.com/company/avidxchange-inc-/posts/
AvidXchange,6,2026-08-18 14:02,"""Your people strategy is your AI strategy.""",59,1,10,70,Video,"AvidXchange, Inc.",https://www.linkedin.com/feed/update/urn:li:activity:7495480196318326784/,https://www.linkedin.com/company/avidxchange-inc-/posts/
AvidXchange,7,2026-07-31 20:22,"""AvidXchange allows us to work smarter.""",27,1,7,35,Multi-image (3),"AvidXchange, Inc.",https://www.linkedin.com/feed/update/urn:li:activity:7489052845825224704/,https://www.linkedin.com/company/avidxchange-inc-/posts/
AvidXchange,8,2026-07-29 19:54,Every great ERP deserves an AP solution built to help it scale.,23,1,11,35,Video,"AvidXchange, Inc.",https://www.linkedin.com/feed/update/urn:li:activity:7488321161093812224/,https://www.linkedin.com/company/avidxchange-inc-/posts/
AvidXchange,9,2026-07-28 20:15,Giving back is one of the best ways to come together as a team.,63,1,2,66,Multi-image (4),"AvidXchange, Inc.",https://www.linkedin.com/feed/update/urn:li:activity:7487963880929857536/,https://www.linkedin.com/company/avidxchange-inc-/posts/
AvidXchange,10,2026-07-24 18:25,Career best. Course record. History made.,140,0,20,160,Image,"AvidXchange, Inc.",https://www.linkedin.com/feed/update/urn:li:activity:7486486641474174976/,https://www.linkedin.com/company/avidxchange-inc-/posts/
AvidXchange,11,2026-07-23 21:08,"AI-powered AP is making a measurable difference for finance teams, and there's no better proof than the people using it every day.",38,1,19,58,Image,"AvidXchange, Inc.",https://www.linkedin.com/feed/update/urn:li:activity:7486165271116759040/,https://www.linkedin.com/company/avidxchange-inc-/posts/
AvidXchange,12,2026-07-15 15:02,✨ AI-powered AP isn't what's next. It's what's now.,65,1,29,95,Video,"AvidXchange, Inc.",https://www.linkedin.com/feed/update/urn:li:activity:7483174058906431488/,https://www.linkedin.com/company/avidxchange-inc-/posts/
AvidXchange,13,2026-06-30 14:14,What makes a great technology partnership?,36,2,7,45,Video,"AvidXchange, Inc.",https://www.linkedin.com/feed/update/urn:li:activity:7477726329115865088/,https://www.linkedin.com/company/avidxchange-inc-/posts/
AvidXchange,14,2026-06-23 14:01,"☀️Another season, another reason to thank our customers.",36,2,9,47,Document/Carousel (PDF),"AvidXchange, Inc.",https://www.linkedin.com/feed/update/urn:li:activity:7475186234038935555/,https://www.linkedin.com/company/avidxchange-inc-/posts/
AvidXchange,15,2026-06-22 18:09,A recent article from The Washington Post serves as an important reminder that payment security remains a top priority for finance teams.,13,2,1,16,Image,"AvidXchange, Inc.",https://www.linkedin.com/feed/update/urn:li:activity:7474886367085277186/,https://www.linkedin.com/company/avidxchange-inc-/posts/
AvidXchange,16,2026-06-18 17:46,"💡""Embedded payments are pushing ERPs from systems of record to systems of action."" — Michael Dunn, CEO of Centerbase",26,1,8,35,Video,"AvidXchange, Inc.",https://www.linkedin.com/feed/update/urn:li:activity:7473430940971847681/,https://www.linkedin.com/company/avidxchange-inc-/posts/
AvidXchange,17,2026-06-17 19:44,"Congratulations on another IOFM certification, Vicki🎉 We're proud to work with customers like you who are so committed to continuous learning and advancing the AP profession. Well deserved!",12,3,4,19,Image,"AvidXchange, Inc.",https://www.linkedin.com/feed/update/urn:li:activity:7473098345243197440/,https://www.linkedin.com/company/avidxchange-inc-/posts/
AvidXchange,18,2026-06-16 14:02,🎉 Happy National Accounts Payable Day!,69,9,18,96,Multi-image (4),"AvidXchange, Inc.",https://www.linkedin.com/feed/update/urn:li:activity:7472649787788394496/,https://www.linkedin.com/company/avidxchange-inc-/posts/
AvidXchange,19,2026-06-15 18:36,"The more specialized tech teams become, the harder it is for teams to stay connected to the broader business.",30,1,4,35,Image,"AvidXchange, Inc.",https://www.linkedin.com/feed/update/urn:li:activity:7472356284869296129/,https://www.linkedin.com/company/avidxchange-inc-/posts/
AvidXchange,20,2026-06-09 14:35,"Payments, now fully embedded in Workday.",99,5,22,126,Document/Carousel (PDF),"AvidXchange, Inc.",https://www.linkedin.com/feed/update/urn:li:activity:7470121404189876225/,https://www.linkedin.com/company/avidxchange-inc-/posts/
AvidXchange,21,2026-06-04 14:30,We’re excited to welcome Wade Fairey to AvidXchange as Chief Operating Officer.,429,90,2,521,Image,"AvidXchange, Inc.",https://www.linkedin.com/feed/update/urn:li:activity:7468308152694886401/,https://www.linkedin.com/company/avidxchange-inc-/posts/
AvidXchange,22,2026-06-02 14:20,Our work with Ministry Brands continues to grow as we launch embedded payments within ParishSOFT Accounting 🎉,77,3,7,87,Document/Carousel (PDF),"AvidXchange, Inc.",https://www.linkedin.com/feed/update/urn:li:activity:7467580843352342528/,https://www.linkedin.com/company/avidxchange-inc-/posts/
AvidXchange,23,2026-05-29 15:47,"The technology landscape is constantly evolving, making diverse perspectives and industry expertise more important than ever.",62,1,5,68,Image,"AvidXchange, Inc.",https://www.linkedin.com/feed/update/urn:li:activity:7466153155949379584/,https://www.linkedin.com/company/avidxchange-inc-/posts/
AvidXchange,24,2026-05-27 20:24,"What happens when AP gets faster, more accurate, and more connected?",69,7,5,81,Image,"AvidXchange, Inc.",https://www.linkedin.com/feed/update/urn:li:activity:7465498083494121472/,https://www.linkedin.com/company/avidxchange-inc-/posts/
AvidXchange,25,2026-05-26 14:38,Big partnership and ERP news 🎉,127,6,33,166,Video,"AvidXchange, Inc.",https://www.linkedin.com/feed/update/urn:li:activity:7465048813267984384/,https://www.linkedin.com/company/avidxchange-inc-/posts/
AvidXchange,26,2026-05-19 14:31,"Embedded payment automation is here for Centerbase, the leading practice management platform for law firms. 🎉",75,2,16,93,Document/Carousel (PDF),"AvidXchange, Inc.",https://www.linkedin.com/feed/update/urn:li:activity:7462510311724720128/,https://www.linkedin.com/company/avidxchange-inc-/posts/
AvidXchange,27,2026-05-14 20:22,Great to see this! 👏,45,1,0,46,Image,"AvidXchange, Inc.",https://www.linkedin.com/feed/update/urn:li:activity:7460786656388747266/,https://www.linkedin.com/company/avidxchange-inc-/posts/
AvidXchange,28,2026-05-07 19:09,"As AI agents play a bigger role in decision-making, oversight matters more than ever.",40,7,1,48,Image,"AvidXchange, Inc.",https://www.linkedin.com/feed/update/urn:li:activity:7458231468079603712/,https://www.linkedin.com/company/avidxchange-inc-/posts/
AvidXchange,29,2026-05-06 14:50,"Good conversations, great partners, and a little time with Michael Kim. Hard to beat that combo!⛳",184,3,10,197,Multi-image (4),"AvidXchange, Inc.",https://www.linkedin.com/feed/update/urn:li:activity:7457804073501605888/,https://www.linkedin.com/company/avidxchange-inc-/posts/
AvidXchange,30,2026-04-30 21:38,"April is National Volunteer Month, but giving back is something our teammates do all year 🎉",66,1,4,71,Multi-image (4),"AvidXchange, Inc.",https://www.linkedin.com/feed/update/urn:li:activity:7455732337293697024/,https://www.linkedin.com/company/avidxchange-inc-/posts/
AvidXchange,31,2026-04-29 20:03,"Proud to see our very own Emily Dalton on PBS representing AvidXchange and sharing how AI is helping finance teams work smarter, faster, and with more confidence!",35,1,2,38,Article/Link,"AvidXchange, Inc.",https://www.linkedin.com/feed/update/urn:li:activity:7455346073960869888/,https://www.linkedin.com/company/avidxchange-inc-/posts/
AvidXchange,32,2026-04-27 16:18,"📣Big ERP News: Our Accounts Payable as a Service solution is now embedded within Ministry Brands, the leading provider of church management software and online giving solutions.",85,0,18,103,Video,"AvidXchange, Inc.",https://www.linkedin.com/feed/update/urn:li:activity:7454564537992847360/,https://www.linkedin.com/company/avidxchange-inc-/posts/
AvidXchange,33,2026-04-24 19:29,What do AvidXchange customers think of us?,57,3,17,77,Document/Carousel (PDF),"AvidXchange, Inc.",https://www.linkedin.com/feed/update/urn:li:activity:7453525469343182848/,https://www.linkedin.com/company/avidxchange-inc-/posts/
AvidXchange,34,2026-04-23 18:03,A more efficient office starts with a better process.,20,2,3,25,Image,"AvidXchange, Inc.",https://www.linkedin.com/feed/update/urn:li:activity:7453141426269356032/,https://www.linkedin.com/company/avidxchange-inc-/posts/
AvidXchange,35,2026-04-21 17:55,Proud to partner with CINC Systems to help CAM companies rethink what’s possible with AP!,10,0,0,10,Document/Carousel (PDF),"AvidXchange, Inc.",https://www.linkedin.com/feed/update/urn:li:activity:7452414808160636928/,https://www.linkedin.com/company/avidxchange-inc-/posts/
AvidXchange,36,2026-04-16 16:42,Accounting can be more than a back-office function.,20,2,2,24,Video,"AvidXchange, Inc.",https://www.linkedin.com/feed/update/urn:li:activity:7450584316570386434/,https://www.linkedin.com/company/avidxchange-inc-/posts/
AvidXchange,37,2026-04-09 18:06,These findings highlight a growing reality for community management organizations.,14,0,1,15,Image,"AvidXchange, Inc.",https://www.linkedin.com/feed/update/urn:li:activity:7448068793425092608/,https://www.linkedin.com/company/avidxchange-inc-/posts/
AvidXchange,38,2026-04-08 14:33,Third time’s the charm. ⛳️,120,0,20,140,Image,"AvidXchange, Inc.",https://www.linkedin.com/feed/update/urn:li:activity:7447652769639088128/,https://www.linkedin.com/company/avidxchange-inc-/posts/
AvidXchange,39,2026-03-31 17:53,What happens when finance teams can spend less time on cutting checks and more time focusing on strategic work?,44,2,10,56,Image,"AvidXchange, Inc.",https://www.linkedin.com/feed/update/urn:li:activity:7444803987024961537/,https://www.linkedin.com/company/avidxchange-inc-/posts/
AvidXchange,40,2026-03-25 14:02,Finance is entering a new phase of transformation.,158,0,3,161,Multi-image (3),"AvidXchange, Inc.",https://www.linkedin.com/feed/update/urn:li:activity:7442571574383247360/,https://www.linkedin.com/company/avidxchange-inc-/posts/
AvidXchange,41,2026-03-24 15:15,"🤝 We’re excited to announce a new strategic partnership with COCC, a premier provider of innovative fintech solutions for community banks and credit unions, to bring our AP automation and payment solutions to their network.",130,1,10,141,Image,"AvidXchange, Inc.",https://www.linkedin.com/feed/update/urn:li:activity:7442227512635461632/,https://www.linkedin.com/company/avidxchange-inc-/posts/
AvidXchange,42,2026-03-11 18:31,"🎉Celebrating four consecutive years on the Spend Matters, A Hackett Group Division 50 Providers to Know list!",20,1,12,33,Image,"AvidXchange, Inc.",https://www.linkedin.com/feed/update/urn:li:activity:7437565791400738816/,https://www.linkedin.com/company/avidxchange-inc-/posts/
AvidXchange,43,2026-03-09 18:34,"AI can accelerate support, surface insights, and solve complex problems, but it works best when paired with human judgment.",17,1,10,28,Video,"AvidXchange, Inc.",https://www.linkedin.com/feed/update/urn:li:activity:7436841797445812225/,https://www.linkedin.com/company/avidxchange-inc-/posts/
AvidXchange,44,2026-03-03 17:00,📣Big ERP News: Our Accounts Payable as a Service solution is now embedded in AppFolio.,170,4,34,208,Image,"AvidXchange, Inc.",https://www.linkedin.com/feed/update/urn:li:activity:7434643862138241025/,https://www.linkedin.com/company/avidxchange-inc-/posts/
AvidXchange,45,2026-02-20 20:22,Proud to partner with Acumatica and continue delivering value to our shared customers. Excited about what we’re building together! 🎉,29,1,1,31,Article/Link,"AvidXchange, Inc.",https://www.linkedin.com/feed/update/urn:li:activity:7430708508310007808/,https://www.linkedin.com/company/avidxchange-inc-/posts/
AvidXchange,46,2026-02-19 15:03,"🎙️On the Power of Change podcast, Howard Barash, CFO of Property Resources Corporation, shares a simple but powerful truth about leadership—especially when it comes to change:",24,0,8,32,Video,"AvidXchange, Inc.",https://www.linkedin.com/feed/update/urn:li:activity:7430265736079781888/,https://www.linkedin.com/company/avidxchange-inc-/posts/
AvidXchange,47,2026-02-17 15:08,"As Peak Property Management continued to grow across the Virginia, so did the volume and complexity of its AP processes.",47,0,19,66,Multi-image (4),"AvidXchange, Inc.",https://www.linkedin.com/feed/update/urn:li:activity:7429542303775592451/,https://www.linkedin.com/company/avidxchange-inc-/posts/
AvidXchange,48,2026-02-16 18:20,"Finance teams are under pressure. Smaller teams, bigger workloads, higher expectations.",26,0,20,46,Multi-image (4),"AvidXchange, Inc.",https://www.linkedin.com/feed/update/urn:li:activity:7429228153774104578/,https://www.linkedin.com/company/avidxchange-inc-/posts/
AvidXchange,49,2026-02-11 15:02,Big ideas. Real connections. Well-earned recognition.,108,3,10,121,Multi-image (4),"AvidXchange, Inc.",https://www.linkedin.com/feed/update/urn:li:activity:7427366349783470081/,https://www.linkedin.com/company/avidxchange-inc-/posts/
AvidXchange,50,2026-02-05 19:10,"The future of AP is integrated, automated, and optimized for the systems finance teams rely on every day.",36,1,17,54,Image,"AvidXchange, Inc.",https://www.linkedin.com/feed/update/urn:li:activity:7425254434403688449/,https://www.linkedin.com/company/avidxchange-inc-/posts/
Pagero,1,2026-09-22 09:27,Thomson Reuters strengthens its position in global e-invoicing.,17,1,1,19,Image,IT-Branschen,https://www.linkedin.com/feed/update/urn:li:activity:7508094521360941056/,https://www.linkedin.com/company/pagero/posts/
Pagero,2,2026-09-21 08:46,"“Being named a Leader again by IDC is proof that our approach works: bringing tax determination, e-invoicing, continuous transaction controls, and regulatory intelligence together into one connected system is exactly the kind of innovation this market needs right now” Ray Grove, Global Head of Product, at Thomson Reuters.",30,0,9,39,Video,Thomson Reuters Europe,https://www.linkedin.com/feed/update/urn:li:activity:7507721976233259008/,https://www.linkedin.com/company/pagero/posts/
Pagero,3,2026-09-17 11:25,"In this episode of Compliance Newsflash, we're covering key developments from France, Spain, Germany, Denmark, Oman and the UAE, including major e-invoicing reforms, evolving reporting requirements and important compliance milestones businesses should be preparing for.",83,2,6,91,Video,Thomson Reuters Europe,https://www.linkedin.com/feed/update/urn:li:activity:7506312285636820992/,https://www.linkedin.com/company/pagero/posts/
Pagero,4,2026-09-16 14:17,"Great conversations, valuable insights and new connections at Nordic Legal Tech Day in Copenhagen.",2,0,0,2,Image,Thomson Reuters Europe,https://www.linkedin.com/feed/update/urn:li:activity:7505993144660869120/,https://www.linkedin.com/company/pagero/posts/
Pagero,5,2026-09-15 13:02,IDC has recognised Thomson Reuters as a Leader in the IDC MarketScape: Worldwide Compliant e-Invoicing Solutions 2026 Vendor Assessment.,44,0,14,58,Video,Thomson Reuters Europe,https://www.linkedin.com/feed/update/urn:li:activity:7505611927289741312/,https://www.linkedin.com/company/pagero/posts/
Pagero,6,2026-09-15 09:10,"Spain's tax authority has provided further clarity on the country's B2B e-invoicing mandate, including updates to technical requirements, implementation timelines and reporting obligations.",44,0,12,56,Image,Thomson Reuters Europe,https://www.linkedin.com/feed/update/urn:li:activity:7505553594616594432/,https://www.linkedin.com/company/pagero/posts/
Pagero,7,2026-09-14 14:47,We’re proud to announce that Thomson Reuters has been named a Leader in the IDC MarketScape: Worldwide Compliant e-Invoicing Solutions 2026 Vendor Assessment.,82,4,45,131,Document/Carousel (PDF),Thomson Reuters Europe,https://www.linkedin.com/feed/update/urn:li:activity:7505275973458890752/,https://www.linkedin.com/company/pagero/posts/
Pagero,8,2026-09-14 09:27,"Delayed payments are often viewed as a temporary challenge. But they can also signal deeper risks that, if left unchecked, may impact cash flow, planning and business resilience.",9,0,2,11,Image,Thomson Reuters Europe,https://www.linkedin.com/feed/update/urn:li:activity:7505195437377646593/,https://www.linkedin.com/company/pagero/posts/
Pagero,9,2026-09-14 07:45,"Tomorrow: join Thomson Reuters, IDC and Goodyear for a live discussion on building an e-invoicing operating model that scales.",7,0,4,11,Image,Thomson Reuters Europe,https://www.linkedin.com/feed/update/urn:li:activity:7505169819105751040/,https://www.linkedin.com/company/pagero/posts/
Pagero,10,2026-09-11 10:00,"Italy has published new rules governing the automated VAT assessment procedure for businesses that fail to submit an annual VAT return, providing greater clarity on assessments, notifications and payment requirements.",8,0,0,8,Image,Thomson Reuters Europe,https://www.linkedin.com/feed/update/urn:li:activity:7504116756488060928/,https://www.linkedin.com/company/pagero/posts/
Pagero,11,2026-09-11 08:24,⏰ Less than a week to go!,26,1,15,42,Text,Thomson Reuters,https://www.linkedin.com/feed/update/urn:li:activity:7504092486219284480/,https://www.linkedin.com/company/pagero/posts/
Pagero,12,2026-09-10 14:47,"We're pleased to extend our partnership with Medius through the integration of Thomson Reuters ONESOURCE indirect tax determination into Medius AP Automation. The integration helps businesses verify US sales and use tax before invoices are posted to their ERP, supporting organisations that operate across borders and need greater confidence in their tax determination processes.",12,0,2,14,Image,Thomson Reuters Europe,https://www.linkedin.com/feed/update/urn:li:activity:7503826477403144192/,https://www.linkedin.com/company/pagero/posts/
Pagero,13,2026-09-10 12:21,"Today, Thomson Reuters teammates across the globe are coming together for Global Volunteer Day; an annual initiative that reflects our commitment to social impact and purpose-driven work. Giving back is at the heart of who we are, and we're proud to be part of a company where making a difference truly matters.",89,2,11,102,Image,Thomson Reuters,https://www.linkedin.com/feed/update/urn:li:activity:7503789700135084032/,https://www.linkedin.com/company/pagero/posts/
Pagero,14,2026-09-10 10:52,"Join us at Legal Revolution 2026, 21 to 22 September at Estrel Berlin.",14,1,5,20,Image,Thomson Reuters Europe,https://www.linkedin.com/feed/update/urn:li:activity:7503767228069093377/,https://www.linkedin.com/company/pagero/posts/
Pagero,15,2026-09-09 15:09,"The EU's biggest VAT reform is set to reshape reporting and e-invoicing across Europe. Yet for many Swedish organisations, preparation is still in its early stages.",17,0,1,18,Image,Thomson Reuters Europe,https://www.linkedin.com/feed/update/urn:li:activity:7503469654976167936/,https://www.linkedin.com/company/pagero/posts/
Pagero,16,2026-09-09 13:00,"Many organisations are investing in AI, but investment alone doesn't guarantee results.",2,0,0,2,Article/Link,Thomson Reuters Europe,https://www.linkedin.com/feed/update/urn:li:activity:7503437269144543232/,https://www.linkedin.com/company/pagero/posts/
Pagero,17,2026-09-09 09:15,A common misconception about e-invoicing? That it's just a compliance project.,11,0,0,11,Article/Link,Thomson Reuters Europe,https://www.linkedin.com/feed/update/urn:li:activity:7503380432063758336/,https://www.linkedin.com/company/pagero/posts/
Pagero,18,2026-09-08 11:33,"Still time to register! If you're responsible for UK accounts, statutory reporting or direct tax, this webinar is for you.",17,0,9,26,Image,Thomson Reuters ONESOURCE,https://www.linkedin.com/feed/update/urn:li:activity:7503052773966528512/,https://www.linkedin.com/company/pagero/posts/
Pagero,19,2026-09-08 08:15,"Finance, compliance, operations, and IT leaders: if you're building an e-invoicing strategy that scales across markets, this is for you.",3,0,3,6,Image,Thomson Reuters Europe,https://www.linkedin.com/feed/update/urn:li:activity:7503002962965917696/,https://www.linkedin.com/company/pagero/posts/
Pagero,20,2026-09-07 11:10,"Peppol has become one of the most important frameworks in global e-invoicing, helping organisations exchange invoices and other business documents securely across borders. The network now supports millions of businesses worldwide and is playing an increasingly important role as governments expand e-invoicing requirements.",20,0,1,21,Image,Thomson Reuters Europe,https://www.linkedin.com/feed/update/urn:li:activity:7502684739540000768/,https://www.linkedin.com/company/pagero/posts/
Pagero,21,2026-09-03 07:46,"Portugal has issued updated guidance on invoice corrections, consolidating rules for credit notes, VAT adjustments and invoice error corrections.",20,0,1,21,Image,Thomson Reuters Europe,https://www.linkedin.com/feed/update/urn:li:activity:7501183850056679424/,https://www.linkedin.com/company/pagero/posts/
Pagero,22,2026-09-02 08:34,E-invoicing isn't a country-by-country compliance problem anymore. It's an operating model problem. Organisations managing dozens of mandates can't solve this with fragmented processes. They need scalable architecture.,14,0,1,15,Image,Thomson Reuters Europe,https://www.linkedin.com/feed/update/urn:li:activity:7500833467312545792/,https://www.linkedin.com/company/pagero/posts/
Pagero,23,2026-08-31 09:54,"Today at #ILTACON2026, the largest legal technology conference globally, we launched Thomson, our first proprietary large language model, built in-house, and fully owned and controlled by Thomson Reuters.",1090,287,967,2344,Video,Thomson Reuters,https://www.linkedin.com/feed/update/urn:li:activity:7500128878607278080/,https://www.linkedin.com/company/pagero/posts/
Pagero,24,2026-08-27 13:47,Slovakia's Financial Administration has confirmed that the technical infrastructure supporting the country's e-invoicing system is fully operational ahead of the planned 2027 mandate. The system is designed to support both domestic requirements and future VAT in the Digital Age (ViDA) obligations.,50,0,7,57,Image,Thomson Reuters Europe,https://www.linkedin.com/feed/update/urn:li:activity:7498737943168094208/,https://www.linkedin.com/company/pagero/posts/
Pagero,25,2026-08-26 11:52,"When discussing VAT in the Digital Age (ViDA), regulatory penalties often dominate the conversation.",25,0,6,31,Image,Thomson Reuters Europe,https://www.linkedin.com/feed/update/urn:li:activity:7498346649673551873/,https://www.linkedin.com/company/pagero/posts/
Pagero,26,2026-08-20 12:15,Spain's Senate has approved a motion calling for a unified VAT reporting framework aligned with the EU's VAT in the Digital Age (ViDA) initiative.,49,0,5,54,Image,Thomson Reuters Europe,https://www.linkedin.com/feed/update/urn:li:activity:7496177973318983680/,https://www.linkedin.com/company/pagero/posts/
Pagero,27,2026-08-20 08:23,"We're bringing Connect to Frankfurt! Join Thomson Reuters and your peers from across DACH to explore the trends reshaping tax, legal and compliance. Expect expert insights, customer experiences and practical takeaways you can apply in your organisation: https://lnkd.in/dSQ5cm9Y",52,1,28,81,Image,Thomson Reuters Europe,https://www.linkedin.com/feed/update/urn:li:activity:7496119684845441025/,https://www.linkedin.com/company/pagero/posts/
Pagero,28,2026-08-17 07:30,"If your business operates in France, the countdown to e-invoicing compliance is already underway.",34,4,13,51,Article/Link,Thomson Reuters Europe,https://www.linkedin.com/feed/update/urn:li:activity:7495019249808318464/,https://www.linkedin.com/company/pagero/posts/
Pagero,29,2026-08-13 09:15,"German authorities have published a new action plan to combat tax and financial crime, including proposals for a VAT e-reporting system that could further accelerate Germany's digital tax and e-invoicing journey.",53,0,6,59,Image,Thomson Reuters Europe,https://www.linkedin.com/feed/update/urn:li:activity:7493596054496641024/,https://www.linkedin.com/company/pagero/posts/
Pagero,30,2026-08-12 09:03,Would you rather your AI learn from tax experts or from the internet?,74,0,16,90,Video,Thomson Reuters Europe,https://www.linkedin.com/feed/update/urn:li:activity:7493230707318894592/,https://www.linkedin.com/company/pagero/posts/
Pagero,31,2026-08-07 12:34,Compliance Connect London was a hit.,38,4,11,53,Video,Thomson Reuters Europe,https://www.linkedin.com/feed/update/urn:li:activity:7491471730096410624/,https://www.linkedin.com/company/pagero/posts/
Pagero,32,2026-08-06 13:41,France has published additional regulations ahead of its September 2026 e-invoicing mandate. The updates provide greater clarity on key e-invoicing requirements for businesses and accredited platforms. Read the update and what it means for your organization: https://lnkd.in/d4whiXjJ,73,2,13,88,Image,Thomson Reuters Europe,https://www.linkedin.com/feed/update/urn:li:activity:7491126209926316032/,https://www.linkedin.com/company/pagero/posts/
Pagero,33,2026-08-05 07:34,"When invoice processing becomes more efficient, the benefits extend across the entire business.",42,0,1,43,Image,Thomson Reuters Europe,https://www.linkedin.com/feed/update/urn:li:activity:7490671450174001152/,https://www.linkedin.com/company/pagero/posts/
Pagero,34,2026-07-30 08:30,"We're pleased to announce that ONESOURCE Pagero has received full UAE ASP accreditation, helping businesses prepare for upcoming e-invoicing requirements. Discover how Thomson Reuters can support your business in the UAE. https://lnkd.in/e8WA5Tqh",98,2,17,117,Image,Thomson Reuters Europe,https://www.linkedin.com/feed/update/urn:li:activity:7488511229645287424/,https://www.linkedin.com/company/pagero/posts/
Pagero,35,2026-07-27 07:07,AI is changing how tax teams approach compliance.,29,1,3,33,Video,Thomson Reuters Europe,https://www.linkedin.com/feed/update/urn:li:activity:7487403304793124864/,https://www.linkedin.com/company/pagero/posts/
Pagero,36,2026-07-24 08:00,"Another European e-invoicing mandate is taking shape. Luxembourg has approved draft legislation introducing mandatory domestic B2B e-invoicing, with a phased roll-out beginning in 2028. Read the full update and what it means for your business: https://lnkd.in/e5sridPP",49,0,5,54,Image,Thomson Reuters Europe,https://www.linkedin.com/feed/update/urn:li:activity:7486329346043838465/,https://www.linkedin.com/company/pagero/posts/
Pagero,37,2026-07-23 08:00,The Belgian Council of Ministers has approved a pre-draft law introducing dual near real-time e-reporting from 2028. Read the full update and what it means for your business: https://lnkd.in/eQiEe9_a,40,0,2,42,Image,Thomson Reuters Europe,https://www.linkedin.com/feed/update/urn:li:activity:7485967105020895233/,https://www.linkedin.com/company/pagero/posts/
Pagero,38,2026-07-21 06:55,Come take a walk down knowers lane and meet The CoCo — the result of 175 years of Thomson Reuters knowledge.,1870,70,810,2750,Video,Thomson Reuters,https://www.linkedin.com/feed/update/urn:li:activity:7485225964449296384/,https://www.linkedin.com/company/pagero/posts/
Pagero,39,2026-07-20 05:15,Too much insight to scribble down in one notebook!,40,0,5,45,Video,Thomson Reuters Europe,https://www.linkedin.com/feed/update/urn:li:activity:7484838266094018560/,https://www.linkedin.com/company/pagero/posts/
Pagero,40,2026-07-17 07:00,The UK's e-invoicing mandate is pushing businesses to rethink how they handle financial data — and it's all part of a bigger move to digitalize the economy and make doing business easier.,68,0,2,70,Video,Thomson Reuters Europe,https://www.linkedin.com/feed/update/urn:li:activity:7483777729956601856/,https://www.linkedin.com/company/pagero/posts/
Pagero,41,2026-07-14 12:00,More than an event. A community in motion.,17,0,4,21,Video,Thomson Reuters Europe,https://www.linkedin.com/feed/update/urn:li:activity:7482765932344414208/,https://www.linkedin.com/company/pagero/posts/
Pagero,42,2026-07-14 05:00,France's e-invoicing rollout remains on track.,94,0,12,106,Image,Thomson Reuters Europe,https://www.linkedin.com/feed/update/urn:li:activity:7482660162529394688/,https://www.linkedin.com/company/pagero/posts/
Pagero,43,2026-07-13 07:02,Regulatory change doesn’t pause for summer. Stay one step ahead with our 2026 Regulatory Forecast: https://lnkd.in/eymn65YR,22,0,5,27,Image,Thomson Reuters Europe,https://www.linkedin.com/feed/update/urn:li:activity:7482328708922621952/,https://www.linkedin.com/company/pagero/posts/
Pagero,44,2026-07-10 10:30,New e-invoicing and digital tax reporting developments are shaping compliance requirements across Europe and beyond.,42,0,2,44,Video,Thomson Reuters Europe,https://www.linkedin.com/feed/update/urn:li:activity:7481293772732084225/,https://www.linkedin.com/company/pagero/posts/
Pagero,45,2026-07-10 07:02,"Tax has gone from background function to business priority. Along with this change, tax professionals are stepping into the corporate spotlight as ""leaders in change and leaders in digital transformation"" — driving automation, improving data quality and shifting tech stacks to meet modern compliance needs.",60,2,5,67,Video,Thomson Reuters Europe,https://www.linkedin.com/feed/update/urn:li:activity:7481241484453830657/,https://www.linkedin.com/company/pagero/posts/
Pagero,46,2026-07-07 07:02,Less manual work. More visibility. Better control.,32,1,1,34,Image,Thomson Reuters Europe,https://www.linkedin.com/feed/update/urn:li:activity:7480154175406964736/,https://www.linkedin.com/company/pagero/posts/
Pagero,47,2026-07-07 05:00,Many businesses know ViDA is coming. Fewer know what readiness actually looks like.,81,2,9,92,Video,Thomson Reuters Europe,https://www.linkedin.com/feed/update/urn:li:activity:7480123535525511168/,https://www.linkedin.com/company/pagero/posts/
Pagero,48,2026-07-03 07:12,"E‑invoicing requirements continue to evolve rapidly, creating both challenges and opportunities for tax and finance leaders.",49,1,12,62,Image,Thomson Reuters Europe,https://www.linkedin.com/feed/update/urn:li:activity:7478707152346497024/,https://www.linkedin.com/company/pagero/posts/
Pagero,49,2026-07-02 11:43,"""Getting it good isn't good enough. You have to get it right.""",46,0,7,53,Video,Thomson Reuters Europe,https://www.linkedin.com/feed/update/urn:li:activity:7478413076682149889/,https://www.linkedin.com/company/pagero/posts/
Pagero,50,2026-07-02 07:02,Navigate regulatory change with confidence. Explore the insights in our 2026 Regulatory Forecast: https://lnkd.in/eymn65YR,21,0,6,27,Image,Thomson Reuters Europe,https://www.linkedin.com/feed/update/urn:li:activity:7478342335043452929/,https://www.linkedin.com/company/pagero/posts/
Compleat,1,2026-09-16 13:11,"92% of invoices are now paid after their due date. That's not a blip, it's the new normal.",2,0,1,3,Image,Compleat Software,https://www.linkedin.com/feed/update/urn:li:activity:7505976555907706880/,https://www.linkedin.com/company/compleat-software-ltd/posts/
Compleat,2,2026-09-10 10:05,97% of #finance teams have adopted #AI. Only 23% say it's exceeding expectations.,1,0,0,1,Image,Compleat Software,https://www.linkedin.com/feed/update/urn:li:activity:7503755624485134337/,https://www.linkedin.com/company/compleat-software-ltd/posts/
Compleat,3,2026-09-08 13:01,96% of UK charities have restricted their own services this year. Energy costs up 80%. Staffing costs up 12%. Inflation running 15-20% on top of both.,1,0,0,1,Image,Compleat Software,https://www.linkedin.com/feed/update/urn:li:activity:7503075060723740672/,https://www.linkedin.com/company/compleat-software-ltd/posts/
Compleat,4,2026-09-04 10:10,Global business travel spend is set to hit $1.71 trillion this year. Trip volume is only up 1.3%.,1,0,1,2,Image,Compleat Software,https://www.linkedin.com/feed/update/urn:li:activity:7501582380705439744/,https://www.linkedin.com/company/compleat-software-ltd/posts/
Compleat,5,2026-09-02 14:34,The #DfE has quietly updated the academies chart of accounts for 2026-27.,1,0,1,2,Image,Compleat Software,https://www.linkedin.com/feed/update/urn:li:activity:7500924009971265536/,https://www.linkedin.com/company/compleat-software-ltd/posts/
Compleat,6,2026-08-31 14:31,"If your #nonprofit passes federal grant money to subrecipients, the compliance bar just moved.",1,0,1,2,Image,Compleat Software,https://www.linkedin.com/feed/update/urn:li:activity:7500198637067468800/,https://www.linkedin.com/company/compleat-software-ltd/posts/
Compleat,7,2026-08-28 14:31,K-12 families are spending 24% more per student on back-to-school than seven years ago.,4,0,0,4,Image,Compleat Software,https://www.linkedin.com/feed/update/urn:li:activity:7499111478810087424/,https://www.linkedin.com/company/compleat-software-ltd/posts/
Compleat,8,2026-08-06 13:01,"October 1, 2026 is coming up fast for any nonprofit that relies on federal grants.",9,0,3,12,Image,Compleat Software,https://www.linkedin.com/feed/update/urn:li:activity:7491116339487596544/,https://www.linkedin.com/company/compleat-software-ltd/posts/
Compleat,9,2026-08-05 13:09,"Ask most finance leaders how long an invoice takes to get approved, and the answer is usually a guess.",4,0,1,5,Image,Compleat Software,https://www.linkedin.com/feed/update/urn:li:activity:7490755774927773696/,https://www.linkedin.com/company/compleat-software-ltd/posts/
Compleat,10,2026-08-04 10:07,There's one question that comes up in almost every board meeting. And it's the one that quietly sorts the finance leaders who have real influence from the ones who don't.,6,0,0,6,Image,Compleat Software,https://www.linkedin.com/feed/update/urn:li:activity:7490347651444596737/,https://www.linkedin.com/company/compleat-software-ltd/posts/
Compleat,11,2026-08-03 10:05,#HMRC isn't reviewing charity finances the way it used to.,1,0,0,1,Image,Compleat Software,https://www.linkedin.com/feed/update/urn:li:activity:7489984808861822977/,https://www.linkedin.com/company/compleat-software-ltd/posts/
Compleat,12,2026-08-02 13:04,#ESSERfunding is gone. Enrollment is down in nearly 30 of the 50 largest US school districts. And the bills haven't gotten any smaller.,1,0,0,1,Image,Compleat Software,https://www.linkedin.com/feed/update/urn:li:activity:7489667342470197248/,https://www.linkedin.com/company/compleat-software-ltd/posts/
Compleat,13,2026-08-01 10:08,Most expense fraud doesn't look like fraud. It looks like a slightly generous mileage claim. A receipt just over the limit. A subscription that quietly became personal.,0,0,0,0,Image,Compleat Software,https://www.linkedin.com/feed/update/urn:li:activity:7489260821148045312/,https://www.linkedin.com/company/compleat-software-ltd/posts/
Compleat,14,2026-07-31 10:07,"The Academy Trust Handbook 2026 takes effect on 1 October, right as 37% of trusts expect to be holding under 5% of income in reserves.",3,0,2,5,Image,Compleat Software,https://www.linkedin.com/feed/update/urn:li:activity:7488898113190055936/,https://www.linkedin.com/company/compleat-software-ltd/posts/
Compleat,15,2026-07-30 13:06,Most finance professionals spend the majority of their week on things that don't need them,1,0,0,1,Image,Compleat Software,https://www.linkedin.com/feed/update/urn:li:activity:7488580665567789056/,https://www.linkedin.com/company/compleat-software-ltd/posts/
Compleat,16,2026-07-29 13:03,Tariffs aren't a one-off cost anymore. They're a slow leak.,3,0,0,3,Image,Compleat Software,https://www.linkedin.com/feed/update/urn:li:activity:7488217593019981825/,https://www.linkedin.com/company/compleat-software-ltd/posts/
Compleat,17,2026-07-28 15:46,"Britain has a new Prime Minister, and a Budget date that's still pending.",0,0,0,0,Image,Compleat Software,https://www.linkedin.com/feed/update/urn:li:activity:7487896182388719616/,https://www.linkedin.com/company/compleat-software-ltd/posts/
Compleat,18,2026-07-26 13:07,The best finance leaders in the room aren't the most technically brilliant.,3,0,3,6,Image,Compleat Software,https://www.linkedin.com/feed/update/urn:li:activity:7487131493480263680/,https://www.linkedin.com/company/compleat-software-ltd/posts/
Compleat,19,2026-07-24 13:12,"Holkham Hall's Finance Director used to run a team where 90% of their time went on processing. Typing. Ticking boxes. Now it's 50/50. Half processing, half analysis & planning. ""That's where the real value is."" — Luke Tyce, Finance Director, Holkham Hall. Want to know what changed — & how to do the same in your team? Download The Free Finance Leader Playbook - How to Lead Beyond the Numbers.",6,0,1,7,Video,Compleat Software,https://www.linkedin.com/feed/update/urn:li:activity:7486408043556081664/,https://www.linkedin.com/company/compleat-software-ltd/posts/
Compleat,20,2026-07-22 10:06,There's five dimensions of finance leadership that separate the professionals who get noticed from the ones who don't. Download our free playbook: How To Lead Beyond the Numbers by clicking the link below. Start shaping decisions instead of reporting on them.,3,0,0,3,Image,Compleat Software,https://www.linkedin.com/feed/update/urn:li:activity:7485636367042101250/,https://www.linkedin.com/company/compleat-software-ltd/posts/
Compleat,21,2026-07-20 13:04,"What's your cash position right now? This is the question that separates influential from operational finance leaders. Most finance professionals spend the majority of their week on tasks that don't actually need them. The invoices, the approvals, the reconciliations. If that sounds familiar — this is for you. The Finance Leader Playbook is a free, practical guide for CFOs and finance professionals who are ready to operate strategically, not just operationally. Free download - just click the link below.",7,0,1,8,Video,Compleat Software,https://www.linkedin.com/feed/update/urn:li:activity:7484956402730348546/,https://www.linkedin.com/company/compleat-software-ltd/posts/
Compleat,22,2026-07-16 10:03,"What type of finance leader are you? The finance leaders who get noticed aren't the most technically brilliant in the room. They're the ones who've stopped drowning in the operational grind — & started operating strategically. We've written a playbook. It covers the five things that separate finance leaders who shape decisions from the ones who report on them. Free, practical guidance - just click the link below.",4,0,1,5,Video,Compleat Software,https://www.linkedin.com/feed/update/urn:li:activity:7483461367270711297/,https://www.linkedin.com/company/compleat-software-ltd/posts/
Compleat,23,2026-06-29 10:01,"How much of your finance team's day is spent creating value and how much is spent chasing approvals, matching invoices, and fixing errors?",1,0,1,2,Image,Compleat Software,https://www.linkedin.com/feed/update/urn:li:activity:7477300278048952320/,https://www.linkedin.com/company/compleat-software-ltd/posts/
Compleat,24,2026-06-24 13:08,"AI isn’t replacing finance professionals but it will change what makes them valuable. The teams getting ahead today aren’t waiting for a perfect strategy, they’re learning where AI helps, where human judgement matters, and how better data creates better outcomes.",2,0,0,2,Image,Compleat Software,https://www.linkedin.com/feed/update/urn:li:activity:7475535259619659776/,https://www.linkedin.com/company/compleat-software-ltd/posts/
Compleat,25,2026-06-22 10:13,"A grant award is only the beginning of the story. The real challenge starts when funding needs to be tracked across purchases, invoices, expenses, payments, and reporting. For many non-profits, that journey still happens across multiple systems and spreadsheets. What would change if every transaction could be connected back to the original funding source from the moment it was approved? How does your organization track one clear trail from funding to impact?",1,0,0,1,Image,Compleat Software,https://www.linkedin.com/feed/update/urn:li:activity:7474766582443880448/,https://www.linkedin.com/company/compleat-software-ltd/posts/
Compleat,26,2026-06-19 10:05,"Finance careers used to be built on technical expertise alone, but today, the people moving into leadership roles are doing something different. They're spending less time producing reports and more time influencing decisions.",0,0,0,0,Image,Compleat Software,https://www.linkedin.com/feed/update/urn:li:activity:7473677238580883456/,https://www.linkedin.com/company/compleat-software-ltd/posts/
Compleat,27,2026-06-18 13:03,"The conversation around the Children's Wellbeing and Schools Bill has focused heavily on policy. But what happens when those expectations reach individual schools? For trust leaders, school business leaders, and senior leadership teams, stronger governance cannot mean more administrative burden.",0,0,0,0,Image,Compleat Software,https://www.linkedin.com/feed/update/urn:li:activity:7473359644447563777/,https://www.linkedin.com/company/compleat-software-ltd/posts/
Compleat,28,2026-06-17 15:46,School district finance teams are used to managing tight budgets. What’s different about fiscal year 2027 is the level of uncertainty.,1,0,0,1,Image,Compleat Software,https://www.linkedin.com/feed/update/urn:li:activity:7473038283560648704/,https://www.linkedin.com/company/compleat-software-ltd/posts/
Compleat,29,2026-06-12 12:00,"#HMRC has increased funding for #charities supporting vulnerable customers and the interesting part is what sits behind it. Across the funding landscape, there’s a growing focus on evidence, accountability, and impact. Charities are increasingly being asked not just what they do, but how they know it's working. What does this shift mean for organisations applying for funding today?",2,0,0,2,Image,Compleat Software,https://www.linkedin.com/feed/update/urn:li:activity:7471169462801645569/,https://www.linkedin.com/company/compleat-software-ltd/posts/
Compleat,30,2026-06-10 09:27,We’re all set up at EdExec: Live Events for School Business Professionals (Liverpool and the Wirral)!,9,0,0,9,Article/Link,Compleat Software,https://www.linkedin.com/feed/update/urn:li:activity:7470406167513640960/,https://www.linkedin.com/company/compleat-software-ltd/posts/
Compleat,31,2026-05-29 10:05,"Everyone talks about removing friction from business processes but some friction can be useful. A quick approval before money is committed, a budget check before a purchase goes through, or a pause that gives someone the right context before saying yes. The problem usually isn’t friction itself. it’s where the friction sits.",1,0,0,1,Image,Compleat Software,https://www.linkedin.com/feed/update/urn:li:activity:7466067196612390912/,https://www.linkedin.com/company/compleat-software-ltd/posts/
Compleat,32,2026-05-27 10:01,"Most #financereporting is accurate, but it’s also just slightly behind reality.",1,0,0,1,Image,Compleat Software,https://www.linkedin.com/feed/update/urn:li:activity:7465341483160653825/,https://www.linkedin.com/company/compleat-software-ltd/posts/
Compleat,33,2026-05-26 10:02,"Most finance teams assume they're already sending and receiving invoices electronically because they use PDFs via emails. From April 2029, that won't count.",6,0,1,7,Video,Compleat Software,https://www.linkedin.com/feed/update/urn:li:activity:7464979234369921024/,https://www.linkedin.com/company/compleat-software-ltd/posts/
Compleat,34,2026-05-22 13:08,Most companies have two systems.,4,1,0,5,Image,Compleat Software,https://www.linkedin.com/feed/update/urn:li:activity:7463576428425564160/,https://www.linkedin.com/company/compleat-software-ltd/posts/
Compleat,35,2026-05-21 09:30,The UK e-invoicing mandate will change how businesses send and receive invoices. But the readiness question isn't really about the format. It's about whether your underlying processes can handle it.,5,0,0,5,Image,Compleat Software,https://www.linkedin.com/feed/update/urn:li:activity:7463159193240449024/,https://www.linkedin.com/company/compleat-software-ltd/posts/
Compleat,36,2026-05-18 13:13,Most finance teams we speak to think they're broadly ready for the UK #einvoicing mandate. Then they see their score.,3,0,0,3,Image,Compleat Software,https://www.linkedin.com/feed/update/urn:li:activity:7462128216351141888/,https://www.linkedin.com/company/compleat-software-ltd/posts/
Compleat,37,2026-05-08 08:36,What a week for #JMTInnovate in Washington!,9,1,0,10,Multi-image (3),Compleat Software,https://www.linkedin.com/feed/update/urn:li:activity:7458434660872781824/,https://www.linkedin.com/company/compleat-software-ltd/posts/
Compleat,38,2026-04-28 09:39,"Most organisations don’t have a spending problem, they have a behaviour problem.",6,0,0,6,Image,Compleat Software,https://www.linkedin.com/feed/update/urn:li:activity:7454826646961926146/,https://www.linkedin.com/company/compleat-software-ltd/posts/
Compleat,39,2026-04-21 11:42,There’s a growing gap between how people buy and how finance expects to control spend.,2,0,0,2,Image,Compleat Software,https://www.linkedin.com/feed/update/urn:li:activity:7452320918632214528/,https://www.linkedin.com/company/compleat-software-ltd/posts/
Compleat,40,2026-04-14 08:59,A recent post from Philip Douglas on budgeting really summed it up.,4,0,0,4,Image,Compleat Software,https://www.linkedin.com/feed/update/urn:li:activity:7449743141324259328/,https://www.linkedin.com/company/compleat-software-ltd/posts/
Compleat,41,2026-04-13 14:30,Most school finance teams aren’t short on effort,2,0,0,2,Image,Compleat Software,https://www.linkedin.com/feed/update/urn:li:activity:7449463945062494208/,https://www.linkedin.com/company/compleat-software-ltd/posts/
Compleat,42,2026-04-07 14:36,Most finance teams are not struggling because of a lack of skill or effort.,3,0,0,3,Article/Link,Compleat Software,https://www.linkedin.com/feed/update/urn:li:activity:7447291154355613697/,https://www.linkedin.com/company/compleat-software-ltd/posts/
Compleat,43,2026-03-27 16:21,There is a difference between a system that includes purchasing functionality and one that is built for it.,6,0,0,6,Article/Link,Compleat Software,https://www.linkedin.com/feed/update/urn:li:activity:7443331387388141569/,https://www.linkedin.com/company/compleat-software-ltd/posts/
Compleat,44,2026-03-25 11:24,Late payments are no longer just an operational headache.,4,1,0,5,Article/Link,Compleat Software,https://www.linkedin.com/feed/update/urn:li:activity:7442531747390439425/,https://www.linkedin.com/company/compleat-software-ltd/posts/
Compleat,45,2026-03-23 15:17,"Growth is supposed to feel good. More funding, more programmes, more impact.",2,0,0,2,Article/Link,Compleat Software,https://www.linkedin.com/feed/update/urn:li:activity:7441865758172729345/,https://www.linkedin.com/company/compleat-software-ltd/posts/
Compleat,46,2026-03-18 15:39,Approvals aren’t the same as control.,2,0,0,2,Article/Link,Compleat Software,https://www.linkedin.com/feed/update/urn:li:activity:7440059329057058816/,https://www.linkedin.com/company/compleat-software-ltd/posts/
Compleat,47,2026-03-13 11:14,"Email approvals might seem convenient, but they can introduce serious governance and fraud risks into your Accounts Payable process.",3,0,1,4,Image,Compleat Software,https://www.linkedin.com/feed/update/urn:li:activity:7438180696457809921/,https://www.linkedin.com/company/compleat-software-ltd/posts/
Compleat,48,2026-03-12 12:29,"Built-In vs Built-For AP Automation, what’s the real difference? 🤔",5,0,2,7,Image,Compleat Software,https://www.linkedin.com/feed/update/urn:li:activity:7437837267605348353/,https://www.linkedin.com/company/compleat-software-ltd/posts/
Compleat,49,2026-03-11 10:23,What the Education White Paper Means for MAT Governance,3,0,0,3,Image,Compleat Software,https://www.linkedin.com/feed/update/urn:li:activity:7437443118456569856/,https://www.linkedin.com/company/compleat-software-ltd/posts/
Compleat,50,2026-03-10 09:55,Many finance systems include purchasing or AP tools. But are they built for the way organisations actually buy?,8,0,1,9,Image,Compleat Software,https://www.linkedin.com/feed/update/urn:li:activity:7437073722387206145/,https://www.linkedin.com/company/compleat-software-ltd/posts/
Tungsten Automation,1,2026-09-22 14:34,"Last Thursday, we proudly launched our first Portugal Connect! The conversation? Real. How intelligent automation makes AI actually work when you're drowning in unstructured data. How it stops fraud before it costs you. How transformation happens when you automate the boring, so you can focus on the brilliant.",12,2,0,14,Multi-image (4),Tungsten Automation,https://www.linkedin.com/feed/update/urn:li:activity:7508171933780205568/,https://www.linkedin.com/company/tungstenautomation/posts/
Tungsten Automation,2,2026-09-22 13:00,Germany just set a deadline. What it's really testing is whether your invoice data was ever real data at all. Full breakdown here: https://ow.ly/k2SN50ZPLiG,7,0,2,9,Image,Tungsten Automation,https://www.linkedin.com/feed/update/urn:li:activity:7508148329583763456/,https://www.linkedin.com/company/tungstenautomation/posts/
Tungsten Automation,3,2026-09-22 12:13,Had a great time attending TD SYNNEX Belgium & Luxembourg’s Meet IT event in Belgium last week with Tungsten Automation.,22,1,2,25,Multi-image (4),Meredith Berger,https://www.linkedin.com/feed/update/urn:li:activity:7508136292962983937/,https://www.linkedin.com/company/tungstenautomation/posts/
Tungsten Automation,4,2026-09-21 14:01,AI pilots are easy. Accurate AI at scale is brutal. But where to start? https://ow.ly/Qh3W50ZPe0R,5,0,1,6,Image,Tungsten Automation,https://www.linkedin.com/feed/update/urn:li:activity:7507801149056671744/,https://www.linkedin.com/company/tungstenautomation/posts/
Tungsten Automation,5,2026-09-21 10:41,45% of businesses now name dark documents as the primary barrier to AI success.,2,0,2,4,Poll,Tungsten Automation,https://www.linkedin.com/feed/update/urn:li:activity:7507750967778406401/,https://www.linkedin.com/company/tungstenautomation/posts/
Tungsten Automation,6,2026-09-21 09:10,"Thankful for the opportunity to meet more than 300 CXOs at C-Engage Convention to understand their current state of AI adoption and the support they need to improve their workflows. Turning unstructured data into informed decisions was something that amazed the room, especially once they learned that Tungsten Automation is agnostic across all ERP systems and integrates with theirs easily. Looking forward to deeper conversations with them!",30,0,2,32,Multi-image (4),Gladys Wong,https://www.linkedin.com/feed/update/urn:li:activity:7507728004328988673/,https://www.linkedin.com/company/tungstenautomation/posts/
Tungsten Automation,7,2026-09-18 15:00,"The IDP market is evolving to meet growing demand for platforms that feed AI agents and decision engines with accurate, governed data.",20,2,4,26,Image,Tungsten Automation,https://www.linkedin.com/feed/update/urn:li:activity:7506728909078519810/,https://www.linkedin.com/company/tungstenautomation/posts/
Tungsten Automation,8,2026-09-18 13:03,"The Fed just raised interest rates by 25 basis points, its first rate hike in more than three years, pushing the federal funds rate to 3.75% to 4.0% and signaling that inflation remains a key concern (given all of the things, not surprising and maybe another hike coming?).",11,2,2,15,Text,Nick Hoppenjans,https://www.linkedin.com/feed/update/urn:li:activity:7506699442645819392/,https://www.linkedin.com/company/tungstenautomation/posts/
Tungsten Automation,9,2026-09-18 07:39,Tungsten Automation Connect Portugal today at BPI in Lisbon!,33,0,3,36,Multi-image (3),Inês Piçarro,https://www.linkedin.com/feed/update/urn:li:activity:7506617881510547457/,https://www.linkedin.com/company/tungstenautomation/posts/
Tungsten Automation,10,2026-09-17 13:28,"ScienceSoft put out research last week projecting that by 2028, midsize US insurers will factor AI risk into 60 to 80 percent of new policies and renewals across E&O, D&O, EPLI and cyber.",2,0,1,3,Text,Nick Hoppenjans,https://www.linkedin.com/feed/update/urn:li:activity:7506343206586916864/,https://www.linkedin.com/company/tungstenautomation/posts/
Tungsten Automation,11,2026-09-17 12:00,Proven accuracy. Governed AI. Trusted answers. Here's all you need to know about TotalAgility 2026.3: https://ow.ly/7BTm50ZM1r8,33,0,11,44,Image,Tungsten Automation,https://www.linkedin.com/feed/update/urn:li:activity:7506321230065541121/,https://www.linkedin.com/company/tungstenautomation/posts/
Tungsten Automation,12,2026-09-17 10:55,"Everyone's chasing ""faster."" The retailer that wins is the one that acts.",28,2,4,34,Multi-image (2),Gabrielle Wandl,https://www.linkedin.com/feed/update/urn:li:activity:7506304904358084608/,https://www.linkedin.com/company/tungstenautomation/posts/
Tungsten Automation,13,2026-09-16 15:27,"Something I've wanted for a long time: you can now see InvoiceAgility+, not just read about it. 🎥",62,2,7,71,Image,Emily Nash-Walker,https://www.linkedin.com/feed/update/urn:li:activity:7506010765179478016/,https://www.linkedin.com/company/tungstenautomation/posts/
Tungsten Automation,14,2026-09-16 15:26,Just to make sure I have this right. The AI companies:,37,1,2,40,Text,Adam Field,https://www.linkedin.com/feed/update/urn:li:activity:7506010530055225345/,https://www.linkedin.com/company/tungstenautomation/posts/
Tungsten Automation,15,2026-09-16 15:25,"Team Tungsten Automation will be down at the Retail Tech Marketplace #RTM26 this Thursday. If you want to understand how we turn Retail Paperwork into Intelligence, stop by booth #310. Lathika Sekar | Syed Umar Ahmed | James Gerondis | Hoa Lam",11,0,3,14,Image,Gabrielle Wandl,https://www.linkedin.com/feed/update/urn:li:activity:7506010422337265664/,https://www.linkedin.com/company/tungstenautomation/posts/
Tungsten Automation,16,2026-09-16 09:36,"And the momentum continues from the APJ Partner Summit in Danang. This time, it's a collaboration with Fujifilm to expand our foothold in the FSI industry in Malaysia. Being on stage is important to bring across the message of how critical it is to set the right plan before AI implementation, but speaking to prospects as one team with our local partner is just as important! The message doesn't change: Going To Market, Together! Better Together.",21,0,1,22,Multi-image (3),Gladys Wong,https://www.linkedin.com/feed/update/urn:li:activity:7505922610958950401/,https://www.linkedin.com/company/tungstenautomation/posts/
Tungsten Automation,17,2026-09-15 13:14,"Full house at our London office this morning for our quarterly UKI AP/AR Breakfast Club. We covered the UK e-invoicing mandate, talked through where agentic AI is heading, and walked through our current solutions and product roadmap. Customers brought sharp questions and the conversations kept going well past the agenda. Looking forward to the next one!",35,0,1,36,Multi-image (2),Tungsten Automation,https://www.linkedin.com/feed/update/urn:li:activity:7505614949033943041/,https://www.linkedin.com/company/tungstenautomation/posts/
Tungsten Automation,18,2026-09-15 12:01,"In intelligence, the decisions with the greatest consequences are often made with the least margin for error.",8,4,3,15,Image,Tungsten Automation,https://www.linkedin.com/feed/update/urn:li:activity:7505596560710336513/,https://www.linkedin.com/company/tungstenautomation/posts/
Tungsten Automation,19,2026-09-15 11:34,"Another successful Public Sector Network Australia event in Brisbane with visionary leaders like Charlie Hamer, The Hon. Victor Dominello, Marco Fahmi & Nathan Bines that are driving the initiatives in government we as citizens ask for and expect.",40,2,2,44,Video,Dirk Kotzé,https://www.linkedin.com/feed/update/urn:li:activity:7505589779162390529/,https://www.linkedin.com/company/tungstenautomation/posts/
Tungsten Automation,20,2026-09-14 14:01,A Leader. Again!,74,2,29,105,Image,Tungsten Automation,https://www.linkedin.com/feed/update/urn:li:activity:7505264464016011264/,https://www.linkedin.com/company/tungstenautomation/posts/
Tungsten Automation,21,2026-09-14 08:47,"Most AP teams do the work twice. Approve the invoice in one system, then rebuild all that context somewhere else just to pay it. 💸",20,0,3,23,Image,Emily Nash-Walker,https://www.linkedin.com/feed/update/urn:li:activity:7505185475545059328/,https://www.linkedin.com/company/tungstenautomation/posts/
Tungsten Automation,22,2026-09-11 22:00,"Sydney Summit came and went — and if you were interstate, across the ditch in NZ, or just couldn't clear the calendar, you missed a room full of changemakers talking about what actually moves the needle. Good news: we recorded it all. From Beyond IDP: From Documents to Decisions to Invoice Automation Strategy to Business Success, and a Customer Panel full of real lessons from real deployments — the sessions are now available to watch on demand. We'll leave the flashy AI hype to someone else.",5,0,1,6,Multi-image (2),Tungsten Automation,https://www.linkedin.com/feed/update/urn:li:activity:7504297791293255681/,https://www.linkedin.com/company/tungstenautomation/posts/
Tungsten Automation,23,2026-09-11 16:16,"Most organizations believe they are progressing with AI. In reality, they are building AI debt on pilots that will never scale, as solid data foundations have not been put in place.",3,0,1,4,Image,Tungsten Automation,https://www.linkedin.com/feed/update/urn:li:activity:7504211288563179520/,https://www.linkedin.com/company/tungstenautomation/posts/
Tungsten Automation,24,2026-09-11 15:50,"Tungsten Automation has again been named a Leader in the 2026 Gartner® Magic Quadrant™ for Intelligent Document Processing (IDP). A repeat recognition, in the second year Gartner has evaluated the IDP market.",113,2,31,146,Image,Tungsten Automation,https://www.linkedin.com/feed/update/urn:li:activity:7504204642948435969/,https://www.linkedin.com/company/tungstenautomation/posts/
Tungsten Automation,25,2026-09-10 16:15,WonderBotz and Tungsten Automation are Houston-bound 🤠 Join us next week at the CIO Houston Summit as we meet with tech leaders across the region.,22,0,3,25,Image,WonderBotz,https://www.linkedin.com/feed/update/urn:li:activity:7503848646539640832/,https://www.linkedin.com/company/tungstenautomation/posts/
Tungsten Automation,26,2026-09-10 16:15,Most finance teams will tell you they don't have an invoicing fraud problem. Analysts put it closer to a third of businesses. 🔍,11,0,1,12,Image,Emily Nash-Walker,https://www.linkedin.com/feed/update/urn:li:activity:7503848594731536384/,https://www.linkedin.com/company/tungstenautomation/posts/
Tungsten Automation,27,2026-09-10 15:00,"Teaching people to use AI was step one, nobody planned for step two. Learn more in this featured article: https://ow.ly/PttY50ZLYt8",3,0,2,5,Image,Tungsten Automation,https://www.linkedin.com/feed/update/urn:li:activity:7503829854593822720/,https://www.linkedin.com/company/tungstenautomation/posts/
Tungsten Automation,28,2026-09-10 10:54,"Great energy at the Public Sector Network Queensland Innovation Showcase today! Thanks for stopping by our booth, Neb H. (PSN) - its always good to connect.",55,3,1,59,Image,Gabrielle Wandl,https://www.linkedin.com/feed/update/urn:li:activity:7503767820896382977/,https://www.linkedin.com/company/tungstenautomation/posts/
Tungsten Automation,29,2026-09-10 10:35,"We spent two days having great conversations while attending and sponsoring the 8th Annual AI in Financial Services Conference in London, September 8-9.",32,0,1,33,Multi-image (2),Tungsten Automation,https://www.linkedin.com/feed/update/urn:li:activity:7503763165604818945/,https://www.linkedin.com/company/tungstenautomation/posts/
Tungsten Automation,30,2026-09-10 10:00,"95% of enterprise AI pilots never make it to production. In banking, the reason is almost always the same. Get the report 👉 https://ow.ly/sqHn50ZL9xf",0,0,1,1,Image,Tungsten Automation,https://www.linkedin.com/feed/update/urn:li:activity:7503754314537140224/,https://www.linkedin.com/company/tungstenautomation/posts/
Tungsten Automation,31,2026-09-09 12:01,"Your ex-employee left, their access didn’t.",3,0,1,4,Image,Tungsten Automation,https://www.linkedin.com/feed/update/urn:li:activity:7503422297622528001/,https://www.linkedin.com/company/tungstenautomation/posts/
Tungsten Automation,32,2026-09-09 10:00,See how Sudarshan Chemical went from managing compliance across multiple systems to 1: https://ow.ly/4rfs50ZJjhg 🔗,1,0,1,2,Image,Tungsten Automation,https://www.linkedin.com/feed/update/urn:li:activity:7503391877614960642/,https://www.linkedin.com/company/tungstenautomation/posts/
Tungsten Automation,33,2026-09-08 10:00,"Learn why most ""AI-ready"" enterprises aren't, and what closes the gap through our on demand webinars: https://ow.ly/wZ1Q50ZIfRY 🔗",8,0,5,13,Image,Tungsten Automation,https://www.linkedin.com/feed/update/urn:li:activity:7503029482354700288/,https://www.linkedin.com/company/tungstenautomation/posts/
Tungsten Automation,34,2026-09-07 09:00,"Join us on 17th September, 2026 at 10:00 AM UK time to learn how Tungsten Automation brings print and PDF fully into your Microsoft environment, backed by AI-powered automation end to end. Think Copilot integration, Entra ID authentication, and premium features without the premium price tag.",5,0,1,6,Image,Tungsten Automation,https://www.linkedin.com/feed/update/urn:li:activity:7502651974396338176/,https://www.linkedin.com/company/tungstenautomation/posts/
Tungsten Automation,35,2026-09-04 10:00,Read Kate Bohn's featured article to learn why print is your biggest compliance blind spot: https://ow.ly/FVaO50ZIlGk,11,0,4,15,Image,Tungsten Automation,https://www.linkedin.com/feed/update/urn:li:activity:7501579963968471040/,https://www.linkedin.com/company/tungstenautomation/posts/
Tungsten Automation,36,2026-09-03 16:34,Ask a finance leader where their process breaks down and you'll usually hear the same answer: the handoffs. Between capture and approval. Between AP and AR. Between approval and payment. 🔗,51,0,16,67,Image,Emily Nash-Walker,https://www.linkedin.com/feed/update/urn:li:activity:7501316652253437952/,https://www.linkedin.com/company/tungstenautomation/posts/
Tungsten Automation,37,2026-09-03 16:01,68% of trade professionals now call supply chain management their top strategic priority. Up from 35% a year ago. Learn why: https://ow.ly/n15o50ZIebJ,1,0,2,3,Image,Tungsten Automation,https://www.linkedin.com/feed/update/urn:li:activity:7501308307177984000/,https://www.linkedin.com/company/tungstenautomation/posts/
Tungsten Automation,38,2026-09-03 10:00,95% touchless invoice postings. That's not a Jungheinrich win. That's what happens when you stop trying to automate documents and start converting them into AI-ready data. Learn more: https://lnkd.in/ezFQ4yqV,9,0,5,14,Video,Tungsten Automation,https://www.linkedin.com/feed/update/urn:li:activity:7501217450865233920/,https://www.linkedin.com/company/tungstenautomation/posts/
Tungsten Automation,39,2026-09-02 15:34,"Two things happened this week that don't usually get mentioned in the same conversation, but probably should. The EU AI Act's deepfake disclosure requirements officially kicked in, and Deloitte is projecting generative AI fraud losses could reach $40 billion by 2027.",14,2,1,17,Text,Nick Hoppenjans,https://www.linkedin.com/feed/update/urn:li:activity:7500939202218377216/,https://www.linkedin.com/company/tungstenautomation/posts/
Tungsten Automation,40,2026-09-02 12:00,"Every invoice is a payment decision, which bank, which rail, which timing. Most ERPs don't make that choice. They just transmit a file.",8,0,4,12,Image,Tungsten Automation,https://www.linkedin.com/feed/update/urn:li:activity:7500885366745370624/,https://www.linkedin.com/company/tungstenautomation/posts/
Tungsten Automation,41,2026-09-02 10:00,Your paperwork is quietly costing you six figures. You just haven't found the leak yet. Find out where in 5 minutes: https://ow.ly/ufc750ZGCGA,6,0,2,8,Image,Tungsten Automation,https://www.linkedin.com/feed/update/urn:li:activity:7500855191886295043/,https://www.linkedin.com/company/tungstenautomation/posts/
Tungsten Automation,42,2026-09-01 12:01,Still tracking e-invoicing mandates by checking government sites once a quarter? That's the problem. Fix it here: https://lnkd.in/eSSYuPvN,5,0,6,11,Image,Tungsten Automation,https://www.linkedin.com/feed/update/urn:li:activity:7500523245176025088/,https://www.linkedin.com/company/tungstenautomation/posts/
Tungsten Automation,43,2026-09-01 10:39,Today is the day. France's e-invoicing mandate is live. 🇫🇷,74,0,11,85,Image,Emily Nash-Walker,https://www.linkedin.com/feed/update/urn:li:activity:7500502504699305985/,https://www.linkedin.com/company/tungstenautomation/posts/
Tungsten Automation,44,2026-09-01 10:02,"As the summer winds down and the kids go back to school, I'm reminded of those back-to-school first-week assignments, “What I did on my summer vacation.” 📝",26,0,1,27,Image,Emily Nash-Walker,https://www.linkedin.com/feed/update/urn:li:activity:7500493199141134336/,https://www.linkedin.com/company/tungstenautomation/posts/
Tungsten Automation,45,2026-09-01 08:00,"One navy warship generates 150 TB of sensor data a day. One day of Maxar imagery takes an analyst 85 years to review. Across 12 DCGS facilities, 97% of analyst time goes to just getting the data together, before analysis even starts.",14,0,5,19,Image,Tungsten Automation,https://www.linkedin.com/feed/update/urn:li:activity:7500462560664600576/,https://www.linkedin.com/company/tungstenautomation/posts/
Tungsten Automation,46,2026-08-31 17:36,"We had such a good conversation at PSN NSW, we're doing it again in Queensland! Tungsten Automation is facilitating PSN's roundtable, Service Experience 2.0: Redesigning Citizen Journeys with AI and Automation, at the PSN QLD Government Innovation Showcase, 10th September.",15,0,2,17,Image,Gabrielle Wandl,https://www.linkedin.com/feed/update/urn:li:activity:7500245132038975488/,https://www.linkedin.com/company/tungstenautomation/posts/
Tungsten Automation,47,2026-08-31 10:00,Last chance to register to our upcoming webinar! https://ow.ly/Wb1k50ZtNaC,9,0,5,14,Image,Tungsten Automation,https://www.linkedin.com/feed/update/urn:li:activity:7500130332650807296/,https://www.linkedin.com/company/tungstenautomation/posts/
Tungsten Automation,48,2026-08-28 12:00,"Everyone's coaching executives on ""how to talk about AI."" Almost nobody's coaching them on what to check before that conversation happens. We built a framework for both, read it here: https://ow.ly/gHTy50ZCt2r 🔗",4,0,3,7,Image,Tungsten Automation,https://www.linkedin.com/feed/update/urn:li:activity:7499073495147147266/,https://www.linkedin.com/company/tungstenautomation/posts/
Tungsten Automation,49,2026-08-28 11:20,"Be part of CXOCIETY’s 7th Annual C-Engage Convention 2026 at Marina Bay Sands Singapore on 17 September 2026, and get a chance to meet Tungsten Automation! This event brings together our annual FutureCFO and FutureCIO Conferences under one roof.",5,0,2,7,Image,FutureCIO,https://www.linkedin.com/feed/update/urn:li:activity:7499063407116017664/,https://www.linkedin.com/company/tungstenautomation/posts/
Tungsten Automation,50,2026-08-28 09:30,Most finance automation projects fail for the same reason: leadership fixes the reporting layer before fixing the workflow feeding it.,5,0,1,6,Video,Tungsten Automation,https://www.linkedin.com/feed/update/urn:li:activity:7499035554844499968/,https://www.linkedin.com/company/tungstenautomation/posts/
onPhase,1,2026-09-22 13:49,Budget season doesn't create finance problems. It just makes the existing ones impossible to ignore.,3,1,0,4,Image,onPhase,https://www.linkedin.com/feed/update/urn:li:activity:7508160428733136896/,https://www.linkedin.com/company/onphase/posts/
onPhase,2,2026-09-22 13:00,"Heading to the Peterbilt CFO Dealer Meeting? Be sure to stop by the onPhase Booth and connect with Luis Salcido and Bob Balak. They're ready to talk shop and excited to meet you out in Fort Worth, TX! See you there. 🚚",0,0,0,0,Text,onPhase,https://www.linkedin.com/feed/update/urn:li:activity:7508148316166193152/,https://www.linkedin.com/company/onphase/posts/
onPhase,3,2026-09-18 13:49,"Procede Software Conference is next week. Come with your toughest finance and operations questions, we've got two spots on the agenda built to answer them.",8,0,1,9,Image,onPhase,https://www.linkedin.com/feed/update/urn:li:activity:7506710877325262848/,https://www.linkedin.com/company/onphase/posts/
onPhase,4,2026-09-17 13:21,"We're excited to announce a new partnership with Arcadium Technologies, LLC, a Work Truck Solutions company serving heavy-duty truck, trailer, and equipment dealers.",27,1,5,33,Image,onPhase,https://www.linkedin.com/feed/update/urn:li:activity:7506341582422540289/,https://www.linkedin.com/company/onphase/posts/
onPhase,5,2026-09-15 13:49,You can't fix what you can't see.,10,1,1,12,Image,onPhase,https://www.linkedin.com/feed/update/urn:li:activity:7505623713640259584/,https://www.linkedin.com/company/onphase/posts/
onPhase,6,2026-09-10 16:18,"More than 75% of U.S. organizations experienced attempted or actual payment fraud last year. Only 22% currently use AI in their fraud controls, according to IFOL.",3,0,0,3,Image,onPhase,https://www.linkedin.com/feed/update/urn:li:activity:7503849348430995457/,https://www.linkedin.com/company/onphase/posts/
onPhase,7,2026-09-09 14:57,"When invoices, contracts, approvals, and operational data live in different systems, it's difficult to make confident, timely decisions.",3,0,0,3,Image,onPhase,https://www.linkedin.com/feed/update/urn:li:activity:7503466567268012032/,https://www.linkedin.com/company/onphase/posts/
onPhase,8,2026-09-08 13:49,Profit isn’t only lost on the lot.,12,0,2,14,Image,onPhase,https://www.linkedin.com/feed/update/urn:li:activity:7503086998514118656/,https://www.linkedin.com/company/onphase/posts/
onPhase,9,2026-09-03 19:25,AI strategy is easy to talk about. Turning it into measurable business impact is where the real work begins.,9,0,1,10,Image,onPhase,https://www.linkedin.com/feed/update/urn:li:activity:7501359680674234368/,https://www.linkedin.com/company/onphase/posts/
onPhase,10,2026-09-02 13:49,Every invoice. Every approval. Every supplier flag.,6,1,1,8,Image,onPhase,https://www.linkedin.com/feed/update/urn:li:activity:7500912673333637120/,https://www.linkedin.com/company/onphase/posts/
onPhase,11,2026-08-26 13:07,It's official: onPhase is on the Inc. 5000 list...again! 🎉,37,0,8,45,Video,onPhase,https://www.linkedin.com/feed/update/urn:li:activity:7498365417640423425/,https://www.linkedin.com/company/onphase/posts/
onPhase,12,2026-08-25 13:49,"Ask a healthcare CFO where their HIPAA risk lives, and AP is almost never the answer.",6,1,2,9,Image,onPhase,https://www.linkedin.com/feed/update/urn:li:activity:7498013568370483200/,https://www.linkedin.com/company/onphase/posts/
onPhase,13,2026-08-20 13:49,Q4 is coming. Your AP team already knows.,7,1,1,9,Document/Carousel (PDF),onPhase,https://www.linkedin.com/feed/update/urn:li:activity:7496201629101375489/,https://www.linkedin.com/company/onphase/posts/
onPhase,14,2026-08-18 13:49,Our team has been on the road all year and we're just getting started!,15,0,2,17,Video,onPhase,https://www.linkedin.com/feed/update/urn:li:activity:7495476853881872384/,https://www.linkedin.com/company/onphase/posts/
onPhase,15,2026-08-13 13:49,Every dealership has that one process... You know the one.,13,0,1,14,Image,onPhase,https://www.linkedin.com/feed/update/urn:li:activity:7493664913970868224/,https://www.linkedin.com/company/onphase/posts/
onPhase,16,2026-08-12 19:39,We're officially Certified in Karmak's Alliance Program.,74,5,16,95,Image,onPhase,https://www.linkedin.com/feed/update/urn:li:activity:7493390772918964224/,https://www.linkedin.com/company/onphase/posts/
onPhase,17,2026-08-12 13:05,We're officially Certified in Karmak's Alliance Program.,74,5,16,95,Image,onPhase,https://www.linkedin.com/feed/update/urn:li:activity:7493291656604205056/,https://www.linkedin.com/company/onphase/posts/
onPhase,18,2026-08-11 20:48,"The Hackett Group found $1.7 trillion in excess working capital hiding among the 1,000 largest U.S. public companies.",27,0,8,35,Event,onPhase,https://www.linkedin.com/feed/update/urn:li:activity:7493045585298518016/,https://www.linkedin.com/company/onphase/posts/
onPhase,19,2026-08-06 13:49,"Microsoft Dynamics GP is losing support at the end of 2029, and ERP migration conversations are already happening across finance teams.",7,1,1,9,Document/Carousel (PDF),onPhase,https://www.linkedin.com/feed/update/urn:li:activity:7491128198966095872/,https://www.linkedin.com/company/onphase/posts/
onPhase,20,2026-08-04 13:49,"Month-end across multiple rooftops can turn into a scavenger hunt. An invoice stuck at another location, a payment still unconfirmed, a missing credit memo no one can find. Every loose end adds pressure when it's time to close the books.",6,0,0,6,Image,onPhase,https://www.linkedin.com/feed/update/urn:li:activity:7490403423180288000/,https://www.linkedin.com/company/onphase/posts/
onPhase,21,2026-08-03 17:38,Account Executive – B2B SaaS Sales | OnPhase | Rust Belt (MI/IN/OH/PA) | Drive New Business in Finance Automation,4,0,3,7,Article/Link,onPhase,https://www.linkedin.com/feed/update/urn:li:activity:7490098760102924288/,https://www.linkedin.com/company/onphase/posts/
onPhase,22,2026-08-03 15:52,"Hiring: Account Executive, Mid Atlantic Territory | OnPhase | B2B SaaS Sales, Finance, Consultative Selling, New Logo Growth",4,0,3,7,Article/Link,onPhase,https://www.linkedin.com/feed/update/urn:li:activity:7490072016600006656/,https://www.linkedin.com/company/onphase/posts/
onPhase,23,2026-07-30 13:49,"Moving from paper invoices to email. Expanding supplier portals. Automating workflows. These changes have transformed how AP operates, making finance teams faster, more connected, and more efficient.",6,0,0,6,Video,onPhase,https://www.linkedin.com/feed/update/urn:li:activity:7488591483885916161/,https://www.linkedin.com/company/onphase/posts/
onPhase,24,2026-07-29 13:49,Fixed ops isn't a side department anymore. It's carrying the dealership.,9,1,0,10,Image,onPhase,https://www.linkedin.com/feed/update/urn:li:activity:7488229095948918784/,https://www.linkedin.com/company/onphase/posts/
onPhase,25,2026-07-28 13:49,Having AP automation and having a better AP process are two different things.,7,1,0,8,Image,onPhase,https://www.linkedin.com/feed/update/urn:li:activity:7487866708037308416/,https://www.linkedin.com/company/onphase/posts/
onPhase,26,2026-07-25 14:34,"Last week was a launch, in every sense of the word.",95,4,5,104,Multi-image (4),onPhase,https://www.linkedin.com/feed/update/urn:li:activity:7486790882701185024/,https://www.linkedin.com/company/onphase/posts/
onPhase,27,2026-07-23 15:15,"Last week was a launch, in every sense of the word.",95,4,5,104,Multi-image (4),onPhase,https://www.linkedin.com/feed/update/urn:li:activity:7486076411406073856/,https://www.linkedin.com/company/onphase/posts/
onPhase,28,2026-07-22 13:49,Another customer review that made our day.,5,0,0,5,Image,onPhase,https://www.linkedin.com/feed/update/urn:li:activity:7485692381359628288/,https://www.linkedin.com/company/onphase/posts/
onPhase,29,2026-07-16 13:49,"As AI becomes a bigger part of finance, one thing remains clear: automation without visibility creates new risks.",11,0,0,11,Image,onPhase,https://www.linkedin.com/feed/update/urn:li:activity:7483518053746577409/,https://www.linkedin.com/company/onphase/posts/
onPhase,30,2026-07-15 13:49,Your suppliers are keeping score.,7,1,0,8,Image,onPhase,https://www.linkedin.com/feed/update/urn:li:activity:7483155665910304769/,https://www.linkedin.com/company/onphase/posts/
onPhase,31,2026-07-14 14:30,"Payment fraud isn't always caused by one major event. More often, it's the result of small control gaps that build up over time.",5,0,0,5,Image,onPhase,https://www.linkedin.com/feed/update/urn:li:activity:7482803622032936960/,https://www.linkedin.com/company/onphase/posts/
onPhase,32,2026-07-09 13:49,"""Start with the end in mind.""",13,0,0,13,Video,onPhase,https://www.linkedin.com/feed/update/urn:li:activity:7480981338637045760/,https://www.linkedin.com/company/onphase/posts/
onPhase,33,2026-07-07 21:13,"Excited for #PSC2026 this September in San Diego! As a strategic partner of Procede, we can't wait to reconnect with the dealers and OEMs who make this community what it is. See you there, Excede family!",13,0,0,13,Image,onPhase,https://www.linkedin.com/feed/update/urn:li:activity:7480368497747804160/,https://www.linkedin.com/company/onphase/posts/
onPhase,34,2026-07-07 13:49,Counterintuitive take: your manual processes might be your biggest control risk.,9,1,0,10,Image,onPhase,https://www.linkedin.com/feed/update/urn:li:activity:7480256562960347136/,https://www.linkedin.com/company/onphase/posts/
onPhase,35,2026-07-02 19:07,onPhase is Hiring: Principal Data Engineer — Shape Our AI Research Direction | High-Impact Document AI,13,0,9,22,Article/Link,onPhase,https://www.linkedin.com/feed/update/urn:li:activity:7478524681365659650/,https://www.linkedin.com/company/onphase/posts/
onPhase,36,2026-07-02 13:49,Floor plan interest does not pause while your invoices wait for approval.,5,1,2,8,Image,onPhase,https://www.linkedin.com/feed/update/urn:li:activity:7478444623808499712/,https://www.linkedin.com/company/onphase/posts/
onPhase,37,2026-07-01 16:25,"On July 14, we are teaming up with Procede Software to show dealer groups what integrated AP and payments actually look like in practice. Six years of building together, and we're showing you exactly what that looks like.",9,0,3,12,Event,onPhase,https://www.linkedin.com/feed/update/urn:li:activity:7478121513691377665/,https://www.linkedin.com/company/onphase/posts/
onPhase,38,2026-06-30 12:16,"We're excited to announce our strategic partnership with TransferMate Global Payments, the world's largest regulated fintech payments infrastructure, bringing cross-border payment capabilities directly into the onPhase platform.",65,1,12,78,Image,onPhase,https://www.linkedin.com/feed/update/urn:li:activity:7477696604842647552/,https://www.linkedin.com/company/onphase/posts/
onPhase,39,2026-06-23 13:49,Most cash flow problems aren't cash flow problems.,6,1,1,8,Document/Carousel (PDF),onPhase,https://www.linkedin.com/feed/update/urn:li:activity:7475183132762206209/,https://www.linkedin.com/company/onphase/posts/
onPhase,40,2026-06-18 15:45,"""At the six month mark, I could finally breathe each day."" — Ashley Felts, AP Specialist",9,0,0,9,Video,onPhase,https://www.linkedin.com/feed/update/urn:li:activity:7473400397852975104/,https://www.linkedin.com/company/onphase/posts/
onPhase,41,2026-06-17 13:49,The best dealership finance teams right now aren't waiting for the market to stabilize. They're building the kind of AP and payment control that holds up regardless of what the market does.,14,1,4,19,Document/Carousel (PDF),onPhase,https://www.linkedin.com/feed/update/urn:li:activity:7473008805664993281/,https://www.linkedin.com/company/onphase/posts/
onPhase,42,2026-06-16 13:49,Happy National AP Day! 🎉,24,0,0,24,Image,onPhase,https://www.linkedin.com/feed/update/urn:li:activity:7472646413659758592/,https://www.linkedin.com/company/onphase/posts/
onPhase,43,2026-06-15 13:49,"Summer vacation season is officially here. ✈️ For AP teams without automation, that usually means:",8,0,0,8,Image,onPhase,https://www.linkedin.com/feed/update/urn:li:activity:7472284029912965121/,https://www.linkedin.com/company/onphase/posts/
onPhase,44,2026-06-10 18:52,Join onPhase as an Implementation Consultant | AP Automation | ERP Integrations | Make a Real Client Impact,8,0,5,13,Article/Link,onPhase,https://www.linkedin.com/feed/update/urn:li:activity:7470548439588704256/,https://www.linkedin.com/company/onphase/posts/
onPhase,45,2026-06-10 13:49,Hot take: your inbox is not an approval system.,10,1,1,12,Image,onPhase,https://www.linkedin.com/feed/update/urn:li:activity:7470472090609987585/,https://www.linkedin.com/company/onphase/posts/
onPhase,46,2026-06-05 13:49,The biggest challenge finance teams are facing right now isn’t just change it’s the speed of change.,10,0,1,11,Video,onPhase,https://www.linkedin.com/feed/update/urn:li:activity:7468660151177211905/,https://www.linkedin.com/company/onphase/posts/
onPhase,47,2026-06-03 13:49,Audit season doesn't knock. It just walks in.,7,1,1,9,Document/Carousel (PDF),onPhase,https://www.linkedin.com/feed/update/urn:li:activity:7467935375597027328/,https://www.linkedin.com/company/onphase/posts/
onPhase,48,2026-06-01 13:49,Fraud rarely happens in isolation. It happens when pressure meets opportunity.,10,1,2,13,Image,onPhase,https://www.linkedin.com/feed/update/urn:li:activity:7467210599731445760/,https://www.linkedin.com/company/onphase/posts/
onPhase,49,2026-05-28 18:52,What does getting time back actually look like in finance?,8,0,0,8,Video,onPhase,https://www.linkedin.com/feed/update/urn:li:activity:7465837492169019393/,https://www.linkedin.com/company/onphase/posts/
onPhase,50,2026-05-26 13:55,"Most finance teams aren't flying blind. They're flying with partial visibility. And in 2026, that gap is where the risk lives.",6,0,0,6,Image,onPhase,https://www.linkedin.com/feed/update/urn:li:activity:7465037944483999744/,https://www.linkedin.com/company/onphase/posts/
MineralTree,1,2026-09-22 14:30,Uncover the hidden operational challenges that remain after invoice approval and what it takes to unlock the full value of AP modernization in this eBook: https://lnkd.in/gJ-mwUeZ,0,0,0,0,Image,"MineralTree, Inc.",https://www.linkedin.com/feed/update/urn:li:activity:7508170929915469824/,https://www.linkedin.com/company/mineraltree-inc-/posts/
MineralTree,2,2026-09-21 16:30,"📅 Happening TOMORROW, September 22 at 1pm ET! Join Erik Hedstrom, Account Executive at MineralTree, to see how MineralTree’s TotalAP helps finance teams reduce manual work and costs by automating invoices, approvals, and payments in QuickBooks.",4,0,1,5,Image,"MineralTree, Inc.",https://www.linkedin.com/feed/update/urn:li:activity:7507838771950678016/,https://www.linkedin.com/company/mineraltree-inc-/posts/
MineralTree,3,2026-09-17 15:23,Automating AP doesn't mean all the manual work disappears. Sometimes it just moves somewhere else.,1,0,1,2,Image,"MineralTree, Inc.",https://www.linkedin.com/feed/update/urn:li:activity:7506372356349509632/,https://www.linkedin.com/company/mineraltree-inc-/posts/
MineralTree,4,2026-09-16 16:01,"Virtual card payments can do more than simplify the payment process. For this company, the first five months of rebates covered 90% of their MineralTree platform fee. Suppliers like getting paid without the wait, while the accounting team benefits from a strong reporting process.",6,0,1,7,Image,"MineralTree, Inc.",https://www.linkedin.com/feed/update/urn:li:activity:7506019339335028736/,https://www.linkedin.com/company/mineraltree-inc-/posts/
MineralTree,5,2026-09-15 16:15,"Looking to streamline and scale your AP process in QuickBooks? Join Erik Hedstrom, Account Executive at MineralTree, for a Lunch & Learn to see how MineralTree's TotalAP helps finance teams reduce manual work and costs by automating invoices, approvals, and payments.",6,0,1,7,Image,"MineralTree, Inc.",https://www.linkedin.com/feed/update/urn:li:activity:7505660675940249600/,https://www.linkedin.com/company/mineraltree-inc-/posts/
MineralTree,6,2026-09-14 16:30,"Happening TOMORROW! Join Jordan de Groot, Head of Sales at MineralTree, for a closer look at Vendor Payments powered by MineralTree, a powerful new solution built directly into Sage Intacct.",7,0,2,9,Image,"MineralTree, Inc.",https://www.linkedin.com/feed/update/urn:li:activity:7505302046221361153/,https://www.linkedin.com/company/mineraltree-inc-/posts/
MineralTree,7,2026-09-10 13:25,"Paying suppliers on time doesn't necessarily mean your payment strategy is performing. A payment can go out on time and still cost too much, require too much manual work, or leave financial value on the table.",4,0,3,7,Image,"MineralTree, Inc.",https://www.linkedin.com/feed/update/urn:li:activity:7503805947169910784/,https://www.linkedin.com/company/mineraltree-inc-/posts/
MineralTree,8,2026-09-09 14:10,Processing a high volume of invoices is hard enough without duplicate information creating headaches.,4,0,1,5,Image,"MineralTree, Inc.",https://www.linkedin.com/feed/update/urn:li:activity:7503454832024817664/,https://www.linkedin.com/company/mineraltree-inc-/posts/
MineralTree,9,2026-09-08 13:33,"Paying vendors shouldn't require a patchwork of separate logins, manual uploads, and disconnected tools.",5,0,2,7,Image,"MineralTree, Inc.",https://www.linkedin.com/feed/update/urn:li:activity:7503083129134268416/,https://www.linkedin.com/company/mineraltree-inc-/posts/
MineralTree,10,2026-09-07 16:30,What does it actually cost to pay your suppliers?,7,0,5,12,Image,"MineralTree, Inc.",https://www.linkedin.com/feed/update/urn:li:activity:7502765285540573185/,https://www.linkedin.com/company/mineraltree-inc-/posts/
MineralTree,11,2026-09-03 13:41,What could your finance team do with 6-10 hours back each week?,7,0,2,9,Image,"MineralTree, Inc.",https://www.linkedin.com/feed/update/urn:li:activity:7501273223569821696/,https://www.linkedin.com/company/mineraltree-inc-/posts/
MineralTree,12,2026-09-01 18:00,"You automated AP, but are you getting as much value from it as you should be?",8,0,3,11,Image,"MineralTree, Inc.",https://www.linkedin.com/feed/update/urn:li:activity:7500613460414779392/,https://www.linkedin.com/company/mineraltree-inc-/posts/
MineralTree,13,2026-08-31 16:00,"Supplier payments aren't just the last step in the AP process. Decisions around how and when suppliers are paid can impact costs, cash flow, working capital, and even potential discounts and rebates.",4,0,2,6,Image,"MineralTree, Inc.",https://www.linkedin.com/feed/update/urn:li:activity:7500221057606365187/,https://www.linkedin.com/company/mineraltree-inc-/posts/
MineralTree,14,2026-08-27 15:00,"Invoice processing can eat up a lot of time when teams are manually entering data, routing approvals, and tracking down invoices.",4,0,3,7,Image,"MineralTree, Inc.",https://www.linkedin.com/feed/update/urn:li:activity:7498756416204345345/,https://www.linkedin.com/company/mineraltree-inc-/posts/
MineralTree,15,2026-08-26 13:25,Moving away from paper checks can make a big difference in the day-to-day.,5,2,1,8,Image,"MineralTree, Inc.",https://www.linkedin.com/feed/update/urn:li:activity:7498370043676905473/,https://www.linkedin.com/company/mineraltree-inc-/posts/
MineralTree,16,2026-08-25 18:00,What can a more efficient AP process give your finance team back?,4,0,1,5,Article/Link,"MineralTree, Inc.",https://www.linkedin.com/feed/update/urn:li:activity:7498076740028850176/,https://www.linkedin.com/company/mineraltree-inc-/posts/
MineralTree,17,2026-08-24 16:45,"Working capital isn't just about keeping more cash on hand. Your payment strategy plays a role, too.",4,0,2,6,Image,"MineralTree, Inc.",https://www.linkedin.com/feed/update/urn:li:activity:7497695488423669760/,https://www.linkedin.com/company/mineraltree-inc-/posts/
MineralTree,18,2026-08-20 15:49,"There are still a lot of misconceptions about B2B virtual cards, from supplier acceptance and security to cost and complexity.",4,0,2,6,Image,"MineralTree, Inc.",https://www.linkedin.com/feed/update/urn:li:activity:7496231916988153856/,https://www.linkedin.com/company/mineraltree-inc-/posts/
MineralTree,19,2026-08-19 14:55,"""Virtual card is one of the fastest, easiest ways for our suppliers to get paid.""",15,2,4,21,Image,"MineralTree, Inc.",https://www.linkedin.com/feed/update/urn:li:activity:7495855935190421504/,https://www.linkedin.com/company/mineraltree-inc-/posts/
MineralTree,20,2026-08-18 16:17,"Check out the most common electronic supplier payment methods, the benefits for AP teams, and what to consider when choosing the right approach for your business in this blog: https://lnkd.in/g_hhAs8Y",7,0,2,9,Image,"MineralTree, Inc.",https://www.linkedin.com/feed/update/urn:li:activity:7495514343174758400/,https://www.linkedin.com/company/mineraltree-inc-/posts/
MineralTree,21,2026-08-17 17:30,"Implementing AP automation that delivers real results takes more than selecting software. It’s about strategy, process, and execution and ensuring you’re starting with the right foundation.",3,0,0,3,Article/Link,"MineralTree, Inc.",https://www.linkedin.com/feed/update/urn:li:activity:7495170105169825792/,https://www.linkedin.com/company/mineraltree-inc-/posts/
MineralTree,22,2026-08-13 16:00,"AP automation in your ERP system can improve invoice processing and approvals, but many finance teams still rely on separate tools to manage payments. The result is more systems to manage, more manual work, and less visibility throughout the payment process.",3,0,1,4,Image,"MineralTree, Inc.",https://www.linkedin.com/feed/update/urn:li:activity:7493697984770035712/,https://www.linkedin.com/company/mineraltree-inc-/posts/
MineralTree,23,2026-08-12 17:30,"Growth can expose the limits of manual AP processes. This healthcare practice management company, which supports dozens of practices across 35+ legal entities, implemented MineralTree to automate its AP workflow.",3,0,1,4,Article/Link,"MineralTree, Inc.",https://www.linkedin.com/feed/update/urn:li:activity:7493358176541700096/,https://www.linkedin.com/company/mineraltree-inc-/posts/
MineralTree,24,2026-08-11 13:00,"Jordan de Groot, Head of Sales, is live today at 1pm ET! Jordan will cover how Vendor Payments powered by MineralTree helps finance teams manage payments directly within Sage Intacct. Attendees will see how to reduce manual uploads, eliminate third-party tools, and streamline the payment process from initiation through reconciliation.",22,0,1,23,Image,"MineralTree, Inc.",https://www.linkedin.com/feed/update/urn:li:activity:7492927999810392065/,https://www.linkedin.com/company/mineraltree-inc-/posts/
MineralTree,25,2026-08-10 17:30,"There's still time to register for the Lunch & Learn taking place tomorrow, August 11 at 1pm ET.",6,0,0,6,Image,"MineralTree, Inc.",https://www.linkedin.com/feed/update/urn:li:activity:7492633508977254400/,https://www.linkedin.com/company/mineraltree-inc-/posts/
MineralTree,26,2026-08-06 13:54,"Paytronix turned manual AP processes into a revenue-generating powerhouse by adding MineralTree to their tech stack. Learn how the team eliminated tedious, manual AP work and transformed their department with automated efficiency, with results that include:",12,0,2,14,Image,"MineralTree, Inc.",https://www.linkedin.com/feed/update/urn:li:activity:7491129677730729984/,https://www.linkedin.com/company/mineraltree-inc-/posts/
MineralTree,27,2026-08-05 18:00,Uncover the hidden operational challenges that remain after invoice approval and what it takes to unlock the full value of AP modernization in the newest eBook: https://lnkd.in/gJ-mwUeZ,6,0,2,8,Image,"MineralTree, Inc.",https://www.linkedin.com/feed/update/urn:li:activity:7490828983333482496/,https://www.linkedin.com/company/mineraltree-inc-/posts/
MineralTree,28,2026-08-04 17:00,"Still juggling logins, syncing delays, disconnected tools, and additional bank accounts just to pay your vendors?",10,0,5,15,Image,"MineralTree, Inc.",https://www.linkedin.com/feed/update/urn:li:activity:7490451508543627265/,https://www.linkedin.com/company/mineraltree-inc-/posts/
MineralTree,29,2026-08-03 17:30,Still paying suppliers by check?,3,0,1,4,Image,"MineralTree, Inc.",https://www.linkedin.com/feed/update/urn:li:activity:7490096652863590401/,https://www.linkedin.com/company/mineraltree-inc-/posts/
MineralTree,30,2026-07-30 20:02,Did you know that leading finance teams are modernizing AP by extending their ERP with automation instead of replacing it? This eBook goes into more detail: https://lnkd.in/gwghYhV8,2,0,1,3,Article/Link,"MineralTree, Inc.",https://www.linkedin.com/feed/update/urn:li:activity:7488685536971354112/,https://www.linkedin.com/company/mineraltree-inc-/posts/
MineralTree,31,2026-07-29 17:33,"Many businesses have separate systems for invoicing processing and approval versus payment execution and reconciliation, which can create a disconnect in the end-to-end process and a lack of visibility and control. This makes it difficult to ensure timely supplier payments, hurting important relationships and risking the loss of valuable supplier discounts.",3,0,1,4,Article/Link,"MineralTree, Inc.",https://www.linkedin.com/feed/update/urn:li:activity:7488285529042509824/,https://www.linkedin.com/company/mineraltree-inc-/posts/
MineralTree,32,2026-07-28 18:00,Still relying on manual AP processes? You’re not alone—66% of teams are still keying in invoice data by hand.,8,0,3,11,Image,"MineralTree, Inc.",https://www.linkedin.com/feed/update/urn:li:activity:7487929876021137408/,https://www.linkedin.com/company/mineraltree-inc-/posts/
MineralTree,33,2026-07-27 18:30,"Wondering what benefits you'll gain by automating AP with MineralTree? Branson Johnson, senior implementation manager, goes over it in this video.",1,0,3,4,Video,"MineralTree, Inc.",https://www.linkedin.com/feed/update/urn:li:activity:7487575050724757504/,https://www.linkedin.com/company/mineraltree-inc-/posts/
MineralTree,34,2026-07-23 13:11,"Many organizations believe they’ve modernized AP because invoice processing is automated. But payment execution, supplier management, reconciliation, and payment optimization remain fragmented and highly manual. This new eBook uncovers the hidden operational challenges that remain after invoice approval and what it takes to unlock the full value of AP modernization.",6,1,5,12,Video,"MineralTree, Inc.",https://www.linkedin.com/feed/update/urn:li:activity:7486045204484067328/,https://www.linkedin.com/company/mineraltree-inc-/posts/
MineralTree,35,2026-07-22 19:30,"REMINDER! The AP Automation for QuickBooks Lunch & Learn is tomorrow, July 23 at 1pm ET.",4,0,0,4,Image,"MineralTree, Inc.",https://www.linkedin.com/feed/update/urn:li:activity:7485778208244736000/,https://www.linkedin.com/company/mineraltree-inc-/posts/
MineralTree,36,2026-07-21 17:30,"Modernizing AP isn’t just about invoices, approvals, and workflows—how you pay vendors is just as important. Your payment mix (checks, ACH, wire, card, bank transfers) can either streamline your operation or create unnecessary cost and complexity. Getting it right turns AP into a real strategic lever.",3,0,2,5,Article/Link,"MineralTree, Inc.",https://www.linkedin.com/feed/update/urn:li:activity:7485385610929778688/,https://www.linkedin.com/company/mineraltree-inc-/posts/
MineralTree,37,2026-07-20 14:02,Looking to streamline and scale your AP process in QuickBooks?,2,0,3,5,Image,"MineralTree, Inc.",https://www.linkedin.com/feed/update/urn:li:activity:7484971000988737536/,https://www.linkedin.com/company/mineraltree-inc-/posts/
MineralTree,38,2026-07-16 19:45,"Is your ERP actually the problem, or is the problem the workflows around it? Most AP challenges come down to disconnected processes, not a broken system. Replacing your ERP is a big, disruptive fix for what’s usually a workflow issue.",6,0,2,8,Article/Link,"MineralTree, Inc.",https://www.linkedin.com/feed/update/urn:li:activity:7483607644734386176/,https://www.linkedin.com/company/mineraltree-inc-/posts/
MineralTree,39,2026-07-15 14:30,"Modernizing supplier payments isn't just about changing payment methods. It's about creating a connected workflow that brings greater visibility, control, and efficiency to the payment process. Learn more in the blog: https://lnkd.in/g_SS8Eb3",4,0,2,6,Article/Link,"MineralTree, Inc.",https://www.linkedin.com/feed/update/urn:li:activity:7483166036104597505/,https://www.linkedin.com/company/mineraltree-inc-/posts/
MineralTree,40,2026-07-14 17:45,AP automation doesn’t fail because of technology—it stalls because of approach. This blog takes a closer look at how to avoid common implementation pitfalls: https://lnkd.in/ezUncDf4,5,0,1,6,Article/Link,"MineralTree, Inc.",https://www.linkedin.com/feed/update/urn:li:activity:7482852673244000256/,https://www.linkedin.com/company/mineraltree-inc-/posts/
MineralTree,41,2026-07-13 18:00,Accounts payable shouldn’t be stuck in the background as a cost center.,3,0,2,5,Article/Link,"MineralTree, Inc.",https://www.linkedin.com/feed/update/urn:li:activity:7482494084373168128/,https://www.linkedin.com/company/mineraltree-inc-/posts/
MineralTree,42,2026-07-09 19:15,"Modernizing AP doesn't have to mean replacing your ERP. Manual workflows, slow payments, and limited visibility continue to hold teams back. This eBook explores a faster, lower-risk path to AP automation and payments transformation without the disruption of an ERP overhaul.",6,0,3,9,Article/Link,"MineralTree, Inc.",https://www.linkedin.com/feed/update/urn:li:activity:7481063380917604352/,https://www.linkedin.com/company/mineraltree-inc-/posts/
MineralTree,43,2026-07-08 17:30,"Payments shouldn’t be a bottleneck, but for this global SaaS company, they were. With Sage Vendor Payments powered by MineralTree, everything changed. What used to be a weekly pain point is now fast, seamless, and stress-free.",3,0,1,4,Article/Link,"MineralTree, Inc.",https://www.linkedin.com/feed/update/urn:li:activity:7480674583864516609/,https://www.linkedin.com/company/mineraltree-inc-/posts/
MineralTree,44,2026-07-07 18:51,"At Sage Future, Aubree Nash, Controller at Mereté Hotel Management, shared how her team unlocked meaningful time savings, gained better control, and achieved more scalable business growth with Vendor Payments powered by MineralTree.",6,0,4,10,Article/Link,"MineralTree, Inc.",https://www.linkedin.com/feed/update/urn:li:activity:7480332574901436416/,https://www.linkedin.com/company/mineraltree-inc-/posts/
MineralTree,45,2026-07-06 20:30,Learn how you can extend your AP workflow with embedded payments in this infographic: https://lnkd.in/gJkXtcnZ,7,0,4,11,Image,"MineralTree, Inc.",https://www.linkedin.com/feed/update/urn:li:activity:7479995091688779777/,https://www.linkedin.com/company/mineraltree-inc-/posts/
MineralTree,46,2026-07-04 11:00,Wishing you all a safe and happy Fourth of July from all of us at MineralTree! 🇺🇸,2,0,0,2,Text,"MineralTree, Inc.",https://www.linkedin.com/feed/update/urn:li:activity:7479126885466124289/,https://www.linkedin.com/company/mineraltree-inc-/posts/
MineralTree,47,2026-07-02 16:28,"Implementing AP automation isn't just about choosing the software. It’s about strategy, process, and execution and ensuring you’re starting with the right foundation.",5,0,1,6,Image,"MineralTree, Inc.",https://www.linkedin.com/feed/update/urn:li:activity:7478484666673418240/,https://www.linkedin.com/company/mineraltree-inc-/posts/
MineralTree,48,2026-07-01 16:19,"“Before MineralTree, the company had five people focused entirely on AP, including one whose entire job was organizing thousands of physical invoices received, and moving invoices from the ticket portal to load onto the servers. Another person’s role was manually entering the invoice details. Today, with MineralTree’s automation capabilities, the company is handling that same volume of invoices with just three people.”",5,0,1,6,Article/Link,"MineralTree, Inc.",https://www.linkedin.com/feed/update/urn:li:activity:7478119985270136832/,https://www.linkedin.com/company/mineraltree-inc-/posts/
MineralTree,49,2026-06-29 14:15,⏱️ TOMORROW: Learn how to modernize AP without replacing your ERP.,5,0,1,6,Image,"MineralTree, Inc.",https://www.linkedin.com/feed/update/urn:li:activity:7477364008384135168/,https://www.linkedin.com/company/mineraltree-inc-/posts/
MineralTree,50,2026-06-25 14:30,"AP automation can help streamline invoice processing, but payments are often still managed somewhere else. That means exporting files, logging into separate systems, tracking down payment status, and reconciling disconnected records.",8,0,8,16,Image,"MineralTree, Inc.",https://www.linkedin.com/feed/update/urn:li:activity:7475918265601454080/,https://www.linkedin.com/company/mineraltree-inc-/posts/
Lasernet,1,2026-09-21 14:12,Attending Nordic Summit at Legoland? 🧩,91,9,6,106,Multi-image (4),Tabellae DK - ERP Document Output Management Specialists,https://www.linkedin.com/feed/update/urn:li:activity:7507803945596026881/,https://www.linkedin.com/showcase/lasernet-formpipe/posts/
Lasernet,2,2026-09-21 14:11,18 years later… full circle. 🔄,50,3,4,57,Multi-image (2),Rasmus Lyhne,https://www.linkedin.com/feed/update/urn:li:activity:7507803728100503554/,https://www.linkedin.com/showcase/lasernet-formpipe/posts/
Lasernet,3,2026-09-16 13:56,Why maintain a different label template in every warehouse?,15,0,0,15,Image,Lasernet,https://www.linkedin.com/feed/update/urn:li:activity:7505987887398596608/,https://www.linkedin.com/showcase/lasernet-formpipe/posts/
Lasernet,4,2026-09-15 13:08,"Y’all, we have a LOT going on in Nashville. 🤠🎸",18,1,1,20,Image,Lasernet,https://www.linkedin.com/feed/update/urn:li:activity:7505613501504192512/,https://www.linkedin.com/showcase/lasernet-formpipe/posts/
Lasernet,5,2026-09-09 12:04,Can you prove that a batch certificate used the right data and approved format?,23,0,1,24,Image,Lasernet,https://www.linkedin.com/feed/update/urn:li:activity:7503422990219497472/,https://www.linkedin.com/showcase/lasernet-formpipe/posts/
Lasernet,6,2026-09-08 11:30,You may have made your website European Accessibility Act (EAA) compliant. But what about the PDFs you send to your clients? 🗎,14,0,1,15,Image,Lasernet,https://www.linkedin.com/feed/update/urn:li:activity:7503052101694996480/,https://www.linkedin.com/showcase/lasernet-formpipe/posts/
Lasernet,7,2026-09-02 10:59,Could your bank use the data it already holds to make marketing messages more relevant?,9,0,0,9,Image,Lasernet,https://www.linkedin.com/feed/update/urn:li:activity:7500869915063648256/,https://www.linkedin.com/showcase/lasernet-formpipe/posts/
Lasernet,8,2026-09-01 10:48,A great example of Lasernet in action within a complex SAP environment. 💪,11,1,0,12,Image,Lasernet,https://www.linkedin.com/feed/update/urn:li:activity:7500504738984058880/,https://www.linkedin.com/showcase/lasernet-formpipe/posts/
Lasernet,9,2026-08-28 12:50,The end of an era for our Nottingham office. 🥹,39,2,0,41,Multi-image (4),Lasernet,https://www.linkedin.com/feed/update/urn:li:activity:7499085964493889536/,https://www.linkedin.com/showcase/lasernet-formpipe/posts/
Lasernet,10,2026-08-27 13:02,A new event is joining the Dynamics calendar 👀,17,1,1,19,Article/Link,Lasernet,https://www.linkedin.com/feed/update/urn:li:activity:7498726517699411971/,https://www.linkedin.com/showcase/lasernet-formpipe/posts/
Lasernet,11,2026-08-26 11:44,Why should a warehouse document follow the order Dynamics 365 happens to return the data?,21,0,1,22,Image,Lasernet,https://www.linkedin.com/feed/update/urn:li:activity:7498344525879324673/,https://www.linkedin.com/showcase/lasernet-formpipe/posts/
Lasernet,12,2026-08-21 11:37,The excitement is building for Nordic Summit at Legoland! 🧱,21,1,1,23,Image,Lasernet,https://www.linkedin.com/feed/update/urn:li:activity:7496531033668935680/,https://www.linkedin.com/showcase/lasernet-formpipe/posts/
Lasernet,13,2026-08-19 10:46,What happens when the document stage cannot keep up with your utility billing run?,12,0,0,12,Image,Lasernet,https://www.linkedin.com/feed/update/urn:li:activity:7495793214684106753/,https://www.linkedin.com/showcase/lasernet-formpipe/posts/
Lasernet,14,2026-08-18 18:00,We can't wait to see you all in Nashville!,5,1,0,6,Image,Lasernet,https://www.linkedin.com/feed/update/urn:li:activity:7495540091063414784/,https://www.linkedin.com/showcase/lasernet-formpipe/posts/
Lasernet,15,2026-08-13 09:55,"Same office, new relationship. 💪",139,6,3,148,Multi-image (3),Lasernet,https://www.linkedin.com/feed/update/urn:li:activity:7493606135170772993/,https://www.linkedin.com/showcase/lasernet-formpipe/posts/
Lasernet,16,2026-08-12 09:47,Is your document portal really self-service if staff still have to find and upload every file?,16,0,1,17,Image,Lasernet,https://www.linkedin.com/feed/update/urn:li:activity:7493241651356942336/,https://www.linkedin.com/showcase/lasernet-formpipe/posts/
Lasernet,17,2026-08-10 07:49,𝗗𝗮𝘆 #𝟭 𝗼𝗳 𝘁𝗵𝗲 𝗠𝗲𝗿𝗴𝗲𝗿 & 𝗜𝗻𝘁𝗲𝗴𝗿𝗮𝘁𝗶𝗼𝗻 𝗼𝗳 𝗟𝗮𝘀𝗲𝗿𝗻𝗲𝘁 𝗮𝗻𝗱 𝗧𝗮𝗯𝗲𝗹𝗹𝗮𝗲.,246,24,5,275,Multi-image (3),Lennart Garbarsch,https://www.linkedin.com/feed/update/urn:li:activity:7492487295992803329/,https://www.linkedin.com/showcase/lasernet-formpipe/posts/
Lasernet,18,2026-08-05 10:09,How many systems does your team open just to build one customer document?,17,0,1,18,Image,Lasernet,https://www.linkedin.com/feed/update/urn:li:activity:7490710675107852290/,https://www.linkedin.com/showcase/lasernet-formpipe/posts/
Lasernet,19,2026-07-27 14:00,Lasernet is heading to Billund this September as a Gold Sponsor of Nordic Summit 2026. 🙌,21,0,1,22,Image,Lasernet,https://www.linkedin.com/feed/update/urn:li:activity:7487507123569053697/,https://www.linkedin.com/showcase/lasernet-formpipe/posts/
Lasernet,20,2026-07-24 11:36,Today marks an exciting new chapter in the Lasernet journey. 🥳,88,2,5,95,Image,Lasernet,https://www.linkedin.com/feed/update/urn:li:activity:7486383858687356928/,https://www.linkedin.com/showcase/lasernet-formpipe/posts/
Lasernet,21,2026-07-21 10:04,How much is invoice format complexity really costing your manufacturing business? 🛠️,9,0,1,10,Image,Lasernet,https://www.linkedin.com/feed/update/urn:li:activity:7485273532499689472/,https://www.linkedin.com/showcase/lasernet-formpipe/posts/
Lasernet,22,2026-07-20 11:20,Password-protecting output documents is a common requirement for many Lasernet users - and it’s quick to configure using one of our prebuilt modifiers.,6,0,0,6,Video,Lasernet,https://www.linkedin.com/feed/update/urn:li:activity:7484930270433837057/,https://www.linkedin.com/showcase/lasernet-formpipe/posts/
Lasernet,23,2026-06-30 08:42,The UK Government has announced that Peppol will serve as the core interoperability network for the country’s future e-invoicing framework. 📄🔌,10,0,0,10,Image,Lasernet,https://www.linkedin.com/feed/update/urn:li:activity:7477642623382626305/,https://www.linkedin.com/showcase/lasernet-formpipe/posts/
Lasernet,24,2026-06-23 10:06,"CCM, DMS, ECM and output management are often treated as competing tools, but they’re really four layers of the same document architecture. 🔧",7,0,0,7,Image,Lasernet,https://www.linkedin.com/feed/update/urn:li:activity:7475127039327559681/,https://www.linkedin.com/showcase/lasernet-formpipe/posts/
Lasernet,25,2026-06-18 13:03,"☀️ Drinks, great company and a stunning venue in Paddington? We cannot wait!",7,0,1,8,Image,Lasernet,https://www.linkedin.com/feed/update/urn:li:activity:7473359649992445952/,https://www.linkedin.com/showcase/lasernet-formpipe/posts/
Lasernet,26,2026-06-10 11:48,Many Dynamics 365 Finance & Operations teams already use Microsoft's Electronic Reporting framework to generate country-specific e-invoice formats.,13,0,2,15,Image,Lasernet,https://www.linkedin.com/feed/update/urn:li:activity:7470441719994585088/,https://www.linkedin.com/showcase/lasernet-formpipe/posts/
Lasernet,27,2026-06-02 10:05,E-invoicing mandates are accelerating. 😯,9,0,1,10,Image,Lasernet,https://www.linkedin.com/feed/update/urn:li:activity:7467516743402528768/,https://www.linkedin.com/showcase/lasernet-formpipe/posts/
Lasernet,28,2026-05-29 11:54,DynamicsMinds you did it again!,79,2,1,82,Multi-image (4),Lasernet,https://www.linkedin.com/feed/update/urn:li:activity:7466094494375952384/,https://www.linkedin.com/showcase/lasernet-formpipe/posts/
Lasernet,29,2026-05-28 14:34,We’re proud to share that Lasernet won Best Booth Activation at DynamicsMinds! 🏆,31,4,0,35,Multi-image (4),Lasernet,https://www.linkedin.com/feed/update/urn:li:activity:7465772597008531456/,https://www.linkedin.com/showcase/lasernet-formpipe/posts/
Lasernet,30,2026-05-25 15:28,"And just like that, we've transported you back to 2005. 💾",55,1,1,57,Multi-image (4),Lasernet,https://www.linkedin.com/feed/update/urn:li:activity:7464698814805721089/,https://www.linkedin.com/showcase/lasernet-formpipe/posts/
Lasernet,31,2026-05-19 13:02,Your DynamicsMinds agenda just got a little busier.💃,22,2,3,27,Image,Lasernet,https://www.linkedin.com/feed/update/urn:li:activity:7462487778497540096/,https://www.linkedin.com/showcase/lasernet-formpipe/posts/
Lasernet,32,2026-05-12 09:30,"Last week, we had a fantastic two days at the European Collaboration Summit, co-hosting alongside our partner Tabellae - ERP Document Output Management Specialists.",32,1,0,33,Image,Lasernet,https://www.linkedin.com/feed/update/urn:li:activity:7459897685869842432/,https://www.linkedin.com/showcase/lasernet-formpipe/posts/
Lasernet,33,2026-05-08 09:55,We’re keeping things focused next week. 🎯,7,1,1,9,Image,Lasernet,https://www.linkedin.com/feed/update/urn:li:activity:7458454474836135938/,https://www.linkedin.com/showcase/lasernet-formpipe/posts/
Lasernet,34,2026-05-06 07:30,"Document management deserves more attention in Dynamics 365 conversations, and later today at 3pm BST / 9am EST, we’re teaming up with ERP Mechanics and PartnerTalks to cover it in-depth. 🎙️",12,0,0,12,Image,Lasernet,https://www.linkedin.com/feed/update/urn:li:activity:7457693166536716288/,https://www.linkedin.com/showcase/lasernet-formpipe/posts/
Lasernet,35,2026-05-05 10:08,Viva Las Vegas. 🎲 Lasernet is heading to DynamicsCon 2026 next week.,14,0,1,15,Image,Lasernet,https://www.linkedin.com/feed/update/urn:li:activity:7457370542237499392/,https://www.linkedin.com/showcase/lasernet-formpipe/posts/
Lasernet,36,2026-05-01 10:03,Heading to Cologne next week for the European Collaboration Summit 2026. 🇩🇪,21,1,3,25,Image,Lasernet,https://www.linkedin.com/feed/update/urn:li:activity:7455919815128698880/,https://www.linkedin.com/showcase/lasernet-formpipe/posts/
Lasernet,37,2026-04-29 13:34,Document management doesn’t usually get the spotlight it deserves in Dynamics 365 conversations... and it should. 💪,19,2,0,21,Image,Lasernet,https://www.linkedin.com/feed/update/urn:li:activity:7455248047170543616/,https://www.linkedin.com/showcase/lasernet-formpipe/posts/
Lasernet,38,2026-04-28 10:01,We’re out and about a fair bit in 2026. ✈️,13,1,1,15,Image,Lasernet,https://www.linkedin.com/feed/update/urn:li:activity:7454832234563411968/,https://www.linkedin.com/showcase/lasernet-formpipe/posts/
Lasernet,39,2026-04-22 14:26,We’re pleased to be partnering with UST FinX to support their customers with document management and customer communications. 🎉,26,0,0,26,Image,Lasernet,https://www.linkedin.com/feed/update/urn:li:activity:7452724392666624000/,https://www.linkedin.com/showcase/lasernet-formpipe/posts/
Lasernet,40,2026-04-21 15:12,Do you hate managing product labels? 🏭,15,1,0,16,Image,Lasernet,https://www.linkedin.com/feed/update/urn:li:activity:7452373758205480961/,https://www.linkedin.com/showcase/lasernet-formpipe/posts/
Lasernet,41,2026-04-16 10:01,Lasernet is heading to Vegas. 🎲,31,2,0,33,Image,Lasernet,https://www.linkedin.com/feed/update/urn:li:activity:7450483442418491392/,https://www.linkedin.com/showcase/lasernet-formpipe/posts/
Lasernet,42,2026-03-26 14:01,Supply chain visibility isn’t a nice to have anymore. It’s a priority. ‼️,13,0,0,13,Image,Lasernet,https://www.linkedin.com/feed/update/urn:li:activity:7442933638503116800/,https://www.linkedin.com/showcase/lasernet-formpipe/posts/
Lasernet,43,2026-03-24 11:07,"When creating the new Lasernet identity, we started with one simple idea: Documents are at the heart of everything we do.📄 ❤️",27,0,0,27,Image,Lasernet,https://www.linkedin.com/feed/update/urn:li:activity:7442165091623387136/,https://www.linkedin.com/showcase/lasernet-formpipe/posts/
Lasernet,44,2026-03-19 11:04,We’re proud to be Platinum Sponsors of DynamicsMinds 2026. 🚀,42,2,0,44,Image,Lasernet,https://www.linkedin.com/feed/update/urn:li:activity:7440352402081202177/,https://www.linkedin.com/showcase/lasernet-formpipe/posts/
Lasernet,45,2026-03-16 12:03,"As we close the chapter on Formpipe, we’re proud to introduce the new Lasernet brand identity. 🎉🎈",62,4,10,76,Video,Lasernet,https://www.linkedin.com/feed/update/urn:li:activity:7439280075482681344/,https://www.linkedin.com/showcase/lasernet-formpipe/posts/
Lasernet,46,2026-03-13 09:30,A premium fashion brand needs premium documents. 👔,32,0,2,34,Image,Lasernet,https://www.linkedin.com/feed/update/urn:li:activity:7438154416014307329/,https://www.linkedin.com/showcase/lasernet-formpipe/posts/
Lasernet,47,2026-03-12 10:31,We’re live at HSO Customer Day 2026 today! 🚀,40,2,1,43,Image,Lasernet,https://www.linkedin.com/feed/update/urn:li:activity:7437807504790712320/,https://www.linkedin.com/showcase/lasernet-formpipe/posts/
Lasernet,48,2026-03-11 14:05,Rising costs are forcing organisations to look closely at where money is really going. But one area that often slips under the radar is documents. 👀,12,0,3,15,Image,Lasernet,https://www.linkedin.com/feed/update/urn:li:activity:7437498850350690322/,https://www.linkedin.com/showcase/lasernet-formpipe/posts/
Lasernet,49,2026-03-10 11:03,"In celebration of Women’s History Month, we’re proud to see our CEO, Sophie Reinius, featured on the front cover of Dagens Industri as one of 40 female CEOs of publicly listed companies in Sweden. 🙌",33,0,0,33,Image,Lasernet,https://www.linkedin.com/feed/update/urn:li:activity:7437090658420531202/,https://www.linkedin.com/showcase/lasernet-formpipe/posts/
Lasernet,50,2026-03-03 13:55,Manufacturers are under pressure from every direction. Supply chain disruption. Talent shortages. Rising costs. 😯,9,1,0,10,Image,Lasernet,https://www.linkedin.com/feed/update/urn:li:activity:7434597257024286720/,https://www.linkedin.com/showcase/lasernet-formpipe/posts/
Dime Scheduler,1,2026-09-16 08:12,"Big changes are coming to Dime.Scheduler, and we’re taking things to a whole new level. Join Hendrik Bulens at Directions EMEA on October 27 at 12:15 PM for an exclusive preview of what’s next!",11,1,2,14,Image,Dime Software,https://www.linkedin.com/feed/update/urn:li:activity:7505901427463155712/,https://www.linkedin.com/company/dimesoftware/posts/
Dime Scheduler,2,2026-05-27 07:36,🚀 Webinar alert: What's new in 𝐃𝐢𝐦𝐞.𝐒𝐜𝐡𝐞𝐝𝐮𝐥𝐞𝐫,4,0,0,4,Image,Dime Software,https://www.linkedin.com/feed/update/urn:li:activity:7465304885429796864/,https://www.linkedin.com/company/dimesoftware/posts/
Dime Scheduler,3,2026-05-19 08:13,"The latest updates to Dime.Scheduler bring a range of great new capabilities and improvements, and I’ll be walking through them in our upcoming webinar:",9,0,1,10,Image,Hendrik Bulens,https://www.linkedin.com/feed/update/urn:li:activity:7462415118987857920/,https://www.linkedin.com/company/dimesoftware/posts/
Dime Scheduler,4,2026-05-13 07:29,"🚀 A new version of 𝐃𝐢𝐦𝐞.𝐒𝐜𝐡𝐞𝐝𝐮𝐥𝐞𝐫 is out now! Discover the latest improvements, performance enhancements, and new innovations designed to make scheduling in Microsoft Dynamics 365 Business Central even more efficient.",17,0,2,19,Image,Dime Software,https://www.linkedin.com/feed/update/urn:li:activity:7460229664289112064/,https://www.linkedin.com/company/dimesoftware/posts/
Dime Scheduler,5,2026-02-24 10:20,🚀 New sandbox update for 𝐃𝐢𝐦𝐞.𝐒𝐜𝐡𝐞𝐝𝐮𝐥𝐞𝐫,16,4,1,21,Image,Dime Software,https://www.linkedin.com/feed/update/urn:li:activity:7432006461666471937/,https://www.linkedin.com/company/dimesoftware/posts/
Dime Scheduler,6,2025-12-19 08:14,"As the year comes to a close, we would like to thank everyone who has been part of our journey this year. We wish our customers and partners a relaxing holiday season and look forward to what the new year will bring. Exciting new things are just around the corner! 🎄✨",13,3,1,17,Image,Dime Software,https://www.linkedin.com/feed/update/urn:li:activity:7407694867532894208/,https://www.linkedin.com/company/dimesoftware/posts/
Dime Scheduler,7,2025-11-07 07:37,🎬 That’s a wrap for Directions,33,0,0,33,Multi-image (4),Dime Software,https://www.linkedin.com/feed/update/urn:li:activity:7392465089825615873/,https://www.linkedin.com/company/dimesoftware/posts/
Dime Scheduler,8,2025-11-06 06:45,"Great to see so many partners stopping by our booth, joining our session, and showing off their best dance moves at the Directions #EMEA2025 party! Day 3 is about to kick off, and we’re looking forward to making the most of this final day!",33,0,0,33,Multi-image (4),Dime Software,https://www.linkedin.com/feed/update/urn:li:activity:7392089686221066240/,https://www.linkedin.com/company/dimesoftware/posts/
Dime Scheduler,9,2025-11-05 06:48,It’s day 2 at Directions #EMEA2025! Join Hendrik Bulens at 12:15 to see Dime.Scheduler in action and discover what’s coming next.,25,0,2,27,Multi-image (3),Dime Software,https://www.linkedin.com/feed/update/urn:li:activity:7391728177816944641/,https://www.linkedin.com/company/dimesoftware/posts/
Dime Scheduler,10,2025-11-04 08:09,Early morning shenanigans at our booth on day 1 of Directions #EMEA2025. We’re all set for three days of catching up with familiar faces and meeting new partners along the way!,23,0,0,23,Image,Dime Software,https://www.linkedin.com/feed/update/urn:li:activity:7391385991522963456/,https://www.linkedin.com/company/dimesoftware/posts/
Dime Scheduler,11,2025-11-03 12:13,Hello from beautiful Poznań! We’re all set for Directions #EMEA2025 and can’t wait for our action-packed session this Wednesday at 12:15!,22,0,0,22,Multi-image (3),Dime Software,https://www.linkedin.com/feed/update/urn:li:activity:7391085002416963584/,https://www.linkedin.com/company/dimesoftware/posts/
Dime Scheduler,12,2025-10-21 13:03,Mark your calendars - this is going to be a good one!,2,0,0,2,Image,Dime Software,https://www.linkedin.com/feed/update/urn:li:activity:7386386531680399360/,https://www.linkedin.com/company/dimesoftware/posts/
Dime Scheduler,13,2025-10-13 07:44,"Integration comes first in Dime.Scheduler, not as an afterthought. That’s what makes it so flexible and powerful.",4,1,1,6,Document/Carousel (PDF),Dime Software,https://www.linkedin.com/feed/update/urn:li:activity:7383407152780050432/,https://www.linkedin.com/company/dimesoftware/posts/
Dime Scheduler,14,2025-10-06 08:01,"It’s already been a couple of weeks since our webinar with Bertalan Nagy from MultiSoft Ltd., where we explored field service management in Business Central using 𝐒𝐞𝐫𝐯𝐨𝐭𝐢𝐨𝐧 and 𝐃𝐢𝐦𝐞.𝐒𝐜𝐡𝐞𝐝𝐮𝐥𝐞𝐫.",3,0,0,3,Article/Link,Dime Software,https://www.linkedin.com/feed/update/urn:li:activity:7380874844252434432/,https://www.linkedin.com/company/dimesoftware/posts/
Dime Scheduler,15,2025-09-29 09:44,"Today we welcome a new member to the Dime.Scheduler team. A robot member, that is! 🤖",9,0,1,10,Video,Dime Software,https://www.linkedin.com/feed/update/urn:li:activity:7378364092899561472/,https://www.linkedin.com/company/dimesoftware/posts/
Acubiz,1,2026-09-22 07:00,I fredags trak hele Acubiz og vores svenske kollegaer i kokkeforklædet til madlavningskursus hos Timm Vladimirs Køkken. Der blev kokkereret og hygget på tværs af holdet 💜,33,0,0,33,Multi-image (3),Acubiz,https://www.linkedin.com/feed/update/urn:li:activity:7508057571363315714/,https://www.linkedin.com/company/acubiz/posts/
Acubiz,2,2026-09-16 07:32,"Betaler I fuld licens for kollegaen, der køber morgenbrød én gang om måneden?",14,0,1,15,Video,Acubiz,https://www.linkedin.com/feed/update/urn:li:activity:7505891238231908352/,https://www.linkedin.com/company/acubiz/posts/
Acubiz,3,2026-09-11 07:02,"En chat er fin til det simple. Når det ikke er simpelt, kan I ringe og tale med en fra vores support, der kender jeres opsætning.",24,0,0,24,Video,Acubiz,https://www.linkedin.com/feed/update/urn:li:activity:7504071749500641282/,https://www.linkedin.com/company/acubiz/posts/
Acubiz,4,2026-08-31 11:30,I fredags løb og gik vi fra Acubiz sammen med Visma endnu engang DHL-stafetten. 🏃 Der var smil hele turen rundt. Tak for en dejlig aften - vi glæder os allerede til næste år 💜,76,2,0,78,Image,Acubiz,https://www.linkedin.com/feed/update/urn:li:activity:7500152938477035520/,https://www.linkedin.com/company/acubiz/posts/
Acubiz,5,2026-08-18 10:22,"Den hyppigste grund til at blive i sit udgiftssystem er ikke prisen. Det er frygten for projektet: hvem skal trække det, hvor lang tid tager det, og hvad går der galt undervejs?",21,0,0,21,Video,Acubiz,https://www.linkedin.com/feed/update/urn:li:activity:7495424978331451393/,https://www.linkedin.com/company/acubiz/posts/
Acubiz,6,2026-08-06 08:30,"Vi er så glade for at byde tre nye kolleger velkommen til Acubiz her efter sommerferien - Jonas Woetmann Larsen, Karl Tovgaard og Rasmus Buskov! 🎉",60,7,0,67,Image,Acubiz,https://www.linkedin.com/feed/update/urn:li:activity:7491047954363920384/,https://www.linkedin.com/company/acubiz/posts/
Acubiz,7,2026-07-29 09:05,Bruger I stadig tid på at taste udgifter ind manuelt?,19,0,0,19,Image,Acubiz,https://www.linkedin.com/feed/update/urn:li:activity:7488157649876783105/,https://www.linkedin.com/company/acubiz/posts/
Acubiz,8,2026-07-22 09:10,Ét overblik. Alle udgifter.,16,0,0,16,Image,Acubiz,https://www.linkedin.com/feed/update/urn:li:activity:7485622197252923392/,https://www.linkedin.com/company/acubiz/posts/
Acubiz,9,2026-07-16 09:10,Udgiftshåndtering behøver ikke være besværligt.,16,0,0,16,Image,Acubiz,https://www.linkedin.com/feed/update/urn:li:activity:7483447864354902016/,https://www.linkedin.com/company/acubiz/posts/
Acubiz,10,2026-07-15 08:20,Vi søger en barselsvikar til vores seje marketingafdeling! 🌟,23,2,2,27,Article/Link,Acubiz,https://www.linkedin.com/feed/update/urn:li:activity:7483073042777059328/,https://www.linkedin.com/company/acubiz/posts/
Acubiz,11,2026-07-03 08:00,"Sommeren er her, og det er tid til at koble fra. 🌞",26,0,0,26,Image,Acubiz,https://www.linkedin.com/feed/update/urn:li:activity:7478719206457430016/,https://www.linkedin.com/company/acubiz/posts/
Acubiz,12,2026-06-25 07:26,☀️ Sommerferien nærmer sig... 🎧,16,0,0,16,Image,Acubiz,https://www.linkedin.com/feed/update/urn:li:activity:7475811621542588416/,https://www.linkedin.com/company/acubiz/posts/
Acubiz,13,2026-06-16 09:00,Sommerferien er lige om hjørnet,17,0,0,17,Image,Acubiz,https://www.linkedin.com/feed/update/urn:li:activity:7472573713692151808/,https://www.linkedin.com/company/acubiz/posts/
Acubiz,14,2026-06-11 09:00,Vi er simpelthen så glade for at kunne byde et varmt velkommen til vores to nye kollegaer - Leonardo Trailov og Lubna Irmam 🎉,94,7,1,102,Image,Acubiz,https://www.linkedin.com/feed/update/urn:li:activity:7470761819876474880/,https://www.linkedin.com/company/acubiz/posts/
Acubiz,15,2026-06-10 07:00,Store nyheder fra Acubiz! 🚀,41,1,3,45,Image,Acubiz,https://www.linkedin.com/feed/update/urn:li:activity:7470369249451237377/,https://www.linkedin.com/company/acubiz/posts/
Acubiz,16,2026-06-09 09:02,☀️ Snart er det tid til at koble af,23,0,0,23,Video,Acubiz,https://www.linkedin.com/feed/update/urn:li:activity:7470037531015749632/,https://www.linkedin.com/company/acubiz/posts/
Acubiz,17,2026-06-02 07:45,Sommerferien nærmer sig med hastige skridt... ☀️,16,0,1,17,Image,Acubiz,https://www.linkedin.com/feed/update/urn:li:activity:7467481508329570304/,https://www.linkedin.com/company/acubiz/posts/
Acubiz,18,2026-05-26 08:36,Effektive økonomiske processer på tværs af afdelinger? Det har vi kigget nærmere på i vores seneste kundecase med AABO-IDEAL A/S.,18,1,0,19,Document/Carousel (PDF),Acubiz,https://www.linkedin.com/feed/update/urn:li:activity:7464957540259344384/,https://www.linkedin.com/company/acubiz/posts/
Acubiz,19,2026-05-20 13:16,I formiddags holdt vi årets Finance Summit i samrbejde med Compello og efacto. Her havde vi fokus på fremtidens fakturering - og især hvordan vi rykker os fra paragraffer til praktisk værdi i hverdagen.,60,1,0,61,Multi-image (4),Acubiz,https://www.linkedin.com/feed/update/urn:li:activity:7462853712823226370/,https://www.linkedin.com/company/acubiz/posts/
Acubiz,20,2026-05-18 10:13,Hvordan slipper man af med fysiske bilag og manuelle arbejdsprocesser?,20,1,0,21,Document/Carousel (PDF),Acubiz,https://www.linkedin.com/feed/update/urn:li:activity:7462082974910578689/,https://www.linkedin.com/company/acubiz/posts/
Acubiz,21,2026-05-12 09:07,Hvorfor bruge tid på papirnusseri i 2026?,51,1,0,52,Video,Acubiz,https://www.linkedin.com/feed/update/urn:li:activity:7459891966898556928/,https://www.linkedin.com/company/acubiz/posts/
Acubiz,22,2026-04-30 09:05,Vi holder fast i hvederne!,56,1,1,58,Image,Acubiz,https://www.linkedin.com/feed/update/urn:li:activity:7455542744401461248/,https://www.linkedin.com/company/acubiz/posts/
Acubiz,23,2026-04-22 07:00,Hvorfor skal du automatisere din fakturahåndtering? 🤳,17,1,0,18,Document/Carousel (PDF),Acubiz,https://www.linkedin.com/feed/update/urn:li:activity:7452612184603488256/,https://www.linkedin.com/company/acubiz/posts/
Acubiz,24,2026-04-16 11:02,"Hvorfor gøre det manuelt, når det kan ske automatisk? 🚀",22,1,1,24,Video,Acubiz,https://www.linkedin.com/feed/update/urn:li:activity:7450498928447373312/,https://www.linkedin.com/company/acubiz/posts/
Acubiz,25,2026-04-14 07:01,Vi håndterer dine udgifter fra a-z. Helt enkelt!,65,1,2,68,Video,Acubiz,https://www.linkedin.com/feed/update/urn:li:activity:7449713326831505408/,https://www.linkedin.com/company/acubiz/posts/
Acubiz,26,2026-04-13 07:00,Byd varmt velkommen til Daniel og Anders! 🤩,180,3,0,183,Image,Acubiz,https://www.linkedin.com/feed/update/urn:li:activity:7449350818345934848/,https://www.linkedin.com/company/acubiz/posts/
Acubiz,27,2026-04-07 11:00,Bruger I for meget tid på at rette fejl i indgående fakturaer? 👀,14,1,0,15,Document/Carousel (PDF),Acubiz,https://www.linkedin.com/feed/update/urn:li:activity:7447236759912017920/,https://www.linkedin.com/company/acubiz/posts/
Acubiz,28,2026-04-01 11:00,🐣 God påske fra hele Acubiz!,27,0,0,27,Image,Acubiz,https://www.linkedin.com/feed/update/urn:li:activity:7445062411281203200/,https://www.linkedin.com/company/acubiz/posts/
Acubiz,29,2026-03-30 10:00,I fredags var vi ude at spille padel 🎾💜,89,1,0,90,Image,Acubiz,https://www.linkedin.com/feed/update/urn:li:activity:7444322561003393024/,https://www.linkedin.com/company/acubiz/posts/
Acubiz,30,2026-03-25 12:01,Er tidsregistrering en tidsrøver hos jer? 👀,26,1,0,27,Document/Carousel (PDF),Acubiz,https://www.linkedin.com/feed/update/urn:li:activity:7442541215411138560/,https://www.linkedin.com/company/acubiz/posts/
Acubiz,31,2026-03-19 09:45,Er fakturahåndtering stadig en tidsrøver hos jer?,26,2,0,28,Document/Carousel (PDF),Acubiz,https://www.linkedin.com/feed/update/urn:li:activity:7440332490197741568/,https://www.linkedin.com/company/acubiz/posts/
Acubiz,32,2026-03-17 09:02,"Nogle ting er svære at skjule... ligesom mængden af systemer, Acubiz integrerer til! 🌵💥",18,0,0,18,Video,Acubiz,https://www.linkedin.com/feed/update/urn:li:activity:7439596902746206209/,https://www.linkedin.com/company/acubiz/posts/
Acubiz,33,2026-03-12 07:55,"De fleste virksomheder drukner i manuelle opgaver, der spænder ben for væksten. I vores nyeste episode af Regnskabets Time har vi besøg af Oliver Henriksen fra Nordic Nexuz, som har knækket koden til at bruge AI som en ægte vækstmotor. 🤖",29,1,0,30,Image,Acubiz,https://www.linkedin.com/feed/update/urn:li:activity:7437768218867519488/,https://www.linkedin.com/company/acubiz/posts/
Acubiz,34,2026-03-10 08:02,"Vidste du, at Acubiz kan integreres med de fleste systemer?",20,0,1,21,Video,Acubiz,https://www.linkedin.com/feed/update/urn:li:activity:7437045094261805056/,https://www.linkedin.com/company/acubiz/posts/
Acubiz,35,2026-03-06 13:14,Fodboldtrøjefredag hos Acubiz ⚽,99,0,0,99,Image,Acubiz,https://www.linkedin.com/feed/update/urn:li:activity:7435674126926635008/,https://www.linkedin.com/company/acubiz/posts/
Acubiz,36,2026-03-05 11:00,"Ny feature i Acubiz, der gør din hverdag lettere⭐",23,2,3,28,Image,Acubiz,https://www.linkedin.com/feed/update/urn:li:activity:7435278044430225408/,https://www.linkedin.com/company/acubiz/posts/
Acubiz,37,2026-03-03 11:30,Vi er så glade for at byde Mikaela Kihl og @Kresten de Place velkommen som vores nye praktikanter hos Acubiz!,60,0,0,60,Image,Acubiz,https://www.linkedin.com/feed/update/urn:li:activity:7434560737731166208/,https://www.linkedin.com/company/acubiz/posts/
Acubiz,38,2026-02-26 12:00,"I Acubiz mener vi det, når vi siger, at medarbejdernes trivsel kommer i første række! 🌟",57,2,0,59,Multi-image (4),Acubiz,https://www.linkedin.com/feed/update/urn:li:activity:7432756405956145152/,https://www.linkedin.com/company/acubiz/posts/
Acubiz,39,2026-02-25 10:47,Er det dig vi leder efter? 👀,12,0,0,12,Article/Link,Acubiz,https://www.linkedin.com/feed/update/urn:li:activity:7432375636045873153/,https://www.linkedin.com/company/acubiz/posts/
Acubiz,40,2026-02-24 11:04,"Vi er mega stolte af Christian Gjerum Fredbo-Nielsen og Kasper Kruse Lange ! 🚀 De startede deres AI-rejse som interns hos os i Acubiz og vi er så glade for, at de er blevet hos os.",8,0,0,8,Document/Carousel (PDF),Acubiz,https://www.linkedin.com/feed/update/urn:li:activity:7432017501401550849/,https://www.linkedin.com/company/acubiz/posts/
Acubiz,41,2026-02-18 12:00,Hos Acubiz har vi taget en beslutning: Vi vil hellere give med en betydning end bare at give. 🎁,52,4,1,57,Image,Acubiz,https://www.linkedin.com/feed/update/urn:li:activity:7429857244189581312/,https://www.linkedin.com/company/acubiz/posts/
Acubiz,42,2026-02-12 10:07,Det er den tid på året - sæsonen for fastelavnsboller er over os! 📢,24,0,0,24,Image,Acubiz,https://www.linkedin.com/feed/update/urn:li:activity:7427654479270948865/,https://www.linkedin.com/company/acubiz/posts/
Acubiz,43,2026-02-10 12:30,Glædelig tirsdag fra Acubiz-kontoret! 👋,63,2,0,65,Multi-image (4),Acubiz,https://www.linkedin.com/feed/update/urn:li:activity:7426965734758559744/,https://www.linkedin.com/company/acubiz/posts/
Acubiz,44,2026-02-05 11:00,"Det skal være nemt at få afsluttet ugens småopgaver, før ferieroen sænker sig.",33,0,0,33,Image,Acubiz,https://www.linkedin.com/feed/update/urn:li:activity:7425131104958902272/,https://www.linkedin.com/company/acubiz/posts/
Acubiz,45,2026-02-03 11:00,"Overgangen til Acubiz er lettere, end du tror ✨",17,1,1,19,Video,Acubiz,https://www.linkedin.com/feed/update/urn:li:activity:7424406379873939457/,https://www.linkedin.com/company/acubiz/posts/
Acubiz,46,2026-01-29 11:15,Hos E-nettet er målet klart: Mindre manuelt arbejde og en mere effektiv infrastruktur. Ved at kombinere Acubiz og Compello har de øget automatiseringsgraden markant og frigjort værdifuld tid.,23,1,3,27,Document/Carousel (PDF),Acubiz,https://www.linkedin.com/feed/update/urn:li:activity:7422598136881225728/,https://www.linkedin.com/company/acubiz/posts/
Acubiz,47,2026-01-27 11:00,"Vi er så begejstrede over, at byde Malene Drost Henriksen velkommen som vores nye management trainee fra Visma!",121,8,0,129,Image,Acubiz,https://www.linkedin.com/feed/update/urn:li:activity:7421869613908471808/,https://www.linkedin.com/company/acubiz/posts/
Acubiz,48,2026-01-22 11:32,Udgifter er en del af hverdagen.,18,1,1,20,Video,Acubiz,https://www.linkedin.com/feed/update/urn:li:activity:7420065733956771840/,https://www.linkedin.com/company/acubiz/posts/
Acubiz,49,2026-01-19 08:00,Er du også træt af at slæbe rundt på dine kvitteringer?,23,0,1,24,Document/Carousel (PDF),Acubiz,https://www.linkedin.com/feed/update/urn:li:activity:7418925227096756225/,https://www.linkedin.com/company/acubiz/posts/
Acubiz,50,2026-01-16 08:00,Byd varmt velkommen til Petra og Cecilie! 🤩,102,3,0,105,Image,Acubiz,https://www.linkedin.com/feed/update/urn:li:activity:7417838175546413056/,https://www.linkedin.com/company/acubiz/posts/
Stripe,1,2026-09-22 15:30,New ship: Billing for LLM tokens is now live for all on Metronome!,14,1,2,17,Video,Miles Matthias,https://www.linkedin.com/feed/update/urn:li:activity:7508185869967745024/,https://www.linkedin.com/company/stripe/posts/
Stripe,2,2026-09-21 21:42,"More than 400 million cards have been created with Stripe Issuing. Launch, manage, and distribute payment cards for your business: https://stripe.com/issuing.",194,19,18,231,Video,Stripe,https://www.linkedin.com/feed/update/urn:li:activity:7507917125169311744/,https://www.linkedin.com/company/stripe/posts/
Stripe,3,2026-09-17 21:24,What do we mean when we say Stripe is building the economic infrastructure for AI?,340,15,13,368,Video,Emily Sands,https://www.linkedin.com/feed/update/urn:li:activity:7506463076334899201/,https://www.linkedin.com/company/stripe/posts/
Stripe,4,2026-09-15 20:38,I launched a Substack: Breaking Change!,300,20,4,324,Article/Link,Michelle Bu,https://www.linkedin.com/feed/update/urn:li:activity:7505726784911474689/,https://www.linkedin.com/company/stripe/posts/
Stripe,5,2026-09-15 17:14,New Stripe data shows fraudulent actors disproportionately targeting AI companies:,123,22,9,154,Multi-image (2),Stripe,https://www.linkedin.com/feed/update/urn:li:activity:7505675379710500864/,https://www.linkedin.com/company/stripe/posts/
Stripe,6,2026-09-11 22:43,Latest from Stripe Economics: The SaaSpocalypse was more like a RenaiSaaS.,182,51,16,249,Image,Stripe,https://www.linkedin.com/feed/update/urn:li:activity:7504308642557345792/,https://www.linkedin.com/company/stripe/posts/
Stripe,7,2026-09-08 19:45,"Connect Link’s wallet for agents to Muse, a new app from Meta that lets you set up and interact with a personal agent.",127,35,20,182,Video,Stripe,https://www.linkedin.com/feed/update/urn:li:activity:7503176710318854144/,https://www.linkedin.com/company/stripe/posts/
Stripe,8,2026-09-03 12:36,"As the parent company behind Shopee, Garena and Monee, Sea is one of Southeast Asia’s largest tech conglomerates. Sea founder and CEO Forrest Li sat down with Stripe CRO Tyler Bryson to discuss their growth journey, maintaining a customer-first mindset, and preserving startup culture at scale. Watch the full conversation: https://lnkd.in/gi4qNKyP.",179,27,6,212,Video,Stripe,https://www.linkedin.com/feed/update/urn:li:activity:7501256832003231744/,https://www.linkedin.com/company/stripe/posts/
Stripe,9,2026-09-01 20:47,Shopify is now available in projects.dev,57,1,5,63,Video,Stripe,https://www.linkedin.com/feed/update/urn:li:activity:7500655543502630912/,https://www.linkedin.com/company/stripe/posts/
Stripe,10,2026-09-01 19:20,"We just partnered with Stripe Projects, so you can add Shopify to your app stack.",270,25,22,317,Video,Shopify,https://www.linkedin.com/feed/update/urn:li:activity:7500633670400212992/,https://www.linkedin.com/company/stripe/posts/
Stripe,11,2026-08-28 19:51,Give your Grok Bot a card with Link. Bots can now buy from any business on the internet. Available in the US.,194,38,15,247,Image,Stripe,https://www.linkedin.com/feed/update/urn:li:activity:7499191937820889089/,https://www.linkedin.com/company/stripe/posts/
Stripe,12,2026-08-28 17:38,Payments with Instinct are now powered by Link.,67,15,12,94,Video,Stripe,https://www.linkedin.com/feed/update/urn:li:activity:7499158551211368448/,https://www.linkedin.com/company/stripe/posts/
Stripe,13,2026-08-27 12:07,Agents are reshaping how people discover and buy products and services.,45,2,2,49,Text,Stripe,https://www.linkedin.com/feed/update/urn:li:activity:7498712735929708545/,https://www.linkedin.com/company/stripe/posts/
Stripe,14,2026-08-26 09:05,"Revolut is rolling out EURR, its first euro-denominated stablecoin, built with Bridge.",696,41,45,782,Article/Link,Stripe,https://www.linkedin.com/feed/update/urn:li:activity:7498304681723674624/,https://www.linkedin.com/company/stripe/posts/
Stripe,15,2026-08-25 21:27,New: analyze your Stripe data with agents.,130,17,4,151,Video,Stripe,https://www.linkedin.com/feed/update/urn:li:activity:7498129042144014337/,https://www.linkedin.com/company/stripe/posts/
Stripe,16,2026-08-25 18:15,"Today, I’m excited to announce my book, Built to Grow: A Handbook for High-Performance Sales Teams, is available for pre-order with Stripe Press!",197,35,6,238,Image,Stephanie Friedman,https://www.linkedin.com/feed/update/urn:li:activity:7498080511349678080/,https://www.linkedin.com/company/stripe/posts/
Stripe,17,2026-08-25 03:15,"John Collison sits down with Canva cofounder and COO Cliff Obrecht to discuss Canva's journey to becoming Australia's biggest tech startup. They explore the need for brand stewardship in the age of AI, the decision to build a global company from Australia, and how quality, latency, and cost are inseparable at scale. Watch the full interview: https://lnkd.in/geY9QhMq.",291,20,14,325,Video,Stripe,https://www.linkedin.com/feed/update/urn:li:activity:7497854118158299136/,https://www.linkedin.com/company/stripe/posts/
Stripe,18,2026-08-20 22:30,"Kraken is launching Krak Cards in the US, powered by Stripe Issuing. Spend crypto anywhere Visa is accepted.",116,7,10,133,Video,Stripe,https://www.linkedin.com/feed/update/urn:li:activity:7496332962540589056/,https://www.linkedin.com/company/stripe/posts/
Stripe,19,2026-08-19 17:49,Tokens are the central currency for companies building with AI. We've agreed to acquire OpenRouter to help businesses optimize token routing and usage.,1034,56,80,1170,Image,Stripe,https://www.linkedin.com/feed/update/urn:li:activity:7495899832687984640/,https://www.linkedin.com/company/stripe/posts/
Stripe,20,2026-08-18 22:00,Amazon Bedrock AgentCore payments now supports Machine Payments Protocol (MPP) giving agents a new way to transact with stablecoins. Powered by Privy wallet infrastructure.,117,8,16,141,Video,Stripe,https://www.linkedin.com/feed/update/urn:li:activity:7495600518073962498/,https://www.linkedin.com/company/stripe/posts/
Stripe,21,2026-08-18 16:10,Gartner has named Stripe a Leader in the 2026 Gartner® Magic Quadrant™ for Recurring Billing Applications for the third consecutive year.,220,11,17,248,Image,Stripe,https://www.linkedin.com/feed/update/urn:li:activity:7495512334262644737/,https://www.linkedin.com/company/stripe/posts/
Stripe,22,2026-08-18 07:49,New currency capabilities to help cut FX costs:,218,25,15,258,Image,Stripe,https://www.linkedin.com/feed/update/urn:li:activity:7495386426793000960/,https://www.linkedin.com/company/stripe/posts/
Stripe,23,2026-08-17 23:02,"""We think of Stripe as having inverted its value proposition. We began as a payments company with add-ons. Today, we’re a multiproduct platform built around financial infrastructure.",339,24,27,390,Video,Stripe,https://www.linkedin.com/feed/update/urn:li:activity:7495253758512271360/,https://www.linkedin.com/company/stripe/posts/
Stripe,24,2026-08-14 19:53,AI companies are now global by default.,208,9,18,235,Article/Link,Abhinav Tiwari,https://www.linkedin.com/feed/update/urn:li:activity:7494118902784798721/,https://www.linkedin.com/company/stripe/posts/
Stripe,25,2026-08-07 16:15,Connect Stripe to Perplexity Computer for Builders.,204,52,8,264,Video,Stripe,https://www.linkedin.com/feed/update/urn:li:activity:7491527475970105344/,https://www.linkedin.com/company/stripe/posts/
Stripe,26,2026-08-04 13:51,Something wild is happening with Stripe Connect right now.,774,43,37,854,Text,Aakash Sahney,https://www.linkedin.com/feed/update/urn:li:activity:7490404063877177344/,https://www.linkedin.com/company/stripe/posts/
Stripe,27,2026-07-31 17:56,"Earlier this year, Anupam Upadhyay and I set ourselves a new goal: 10x every Stripe in the same way coding agents had 10x-ed engineers.",323,30,32,385,Article/Link,Sharadh Krishnamurthy,https://www.linkedin.com/feed/update/urn:li:activity:7489016036600614912/,https://www.linkedin.com/company/stripe/posts/
Stripe,28,2026-07-30 20:05,There comes a time in every acquisition where you ask yourself 'was this worth it? Did we actually inflect the business?',601,55,27,683,Image,Scott Woody,https://www.linkedin.com/feed/update/urn:li:activity:7488686264544833536/,https://www.linkedin.com/company/stripe/posts/
Stripe,29,2026-07-27 18:08,We’ve rolled out improvements to Stripe Directory to make it easier to find the best companies to help you and your agent:,25,2,4,31,Video,Miles Matthias,https://www.linkedin.com/feed/update/urn:li:activity:7487569602357628928/,https://www.linkedin.com/company/stripe/posts/
Stripe,30,2026-07-22 09:22,Businesses often tell me they believe the best way to fight a “product not received” dispute is to submit more evidence. We analyzed one million “product not received” disputes on Stripe and found that evidence specificity matters more than volume.,109,17,7,133,Image,Kai Strubel,https://www.linkedin.com/feed/update/urn:li:activity:7485625318335184896/,https://www.linkedin.com/company/stripe/posts/
Stripe,31,2026-07-15 20:17,New providers on Stripe Projects are available now:,225,43,36,304,Video,Stripe,https://www.linkedin.com/feed/update/urn:li:activity:7483253516766109696/,https://www.linkedin.com/company/stripe/posts/
Stripe,32,2026-07-15 19:07,New: templates for Stripe Projects.,125,20,16,161,Video,Stripe,https://www.linkedin.com/feed/update/urn:li:activity:7483235745420369920/,https://www.linkedin.com/company/stripe/posts/
Stripe,33,2026-07-10 16:00,"""More people will become entrepreneurs with AI. It's never been as easy to test ideas, and if you strike gold, you're going to grow much faster than ever before. We're starting to see solo entrepreneurs on track to build $1 billion businesses on Replit."" — Michele Catasta, President and Head of AI at Replit",310,30,20,360,Video,Stripe,https://www.linkedin.com/feed/update/urn:li:activity:7481376718868643840/,https://www.linkedin.com/company/stripe/posts/
Stripe,34,2026-07-09 14:55,Most of us judge a book by its cover before we've read a single page. That makes cover design a pretty special craft—and one of the many reasons it was so fun to have a Cheeky Chat with Pablo Delcan about his work designing the covers of Stripe Press books!,192,11,8,211,Video,Katie Dill,https://www.linkedin.com/feed/update/urn:li:activity:7480998026195431424/,https://www.linkedin.com/company/stripe/posts/
Stripe,35,2026-06-30 18:34,"Conor McNamara sits down with investor and tech analyst Philipp Klöckner to discuss the impact of AI on the global economy, arguing that regions with the most affordable energy and natural resources will win. They explore what the automation wave means for Germany’s labor shortages, and the critical need for a cultural shift, where engineers build new companies that accelerate economic growth: https://lnkd.in/gpbJvvnF.",208,28,6,242,Video,Stripe,https://www.linkedin.com/feed/update/urn:li:activity:7477791740645564416/,https://www.linkedin.com/company/stripe/posts/
Stripe,36,2026-06-30 16:49,We’re making Open USD the default for businesses using stablecoins on Stripe. Coming soon.,70,6,7,83,Video,Stripe,https://www.linkedin.com/feed/update/urn:li:activity:7477765322079567872/,https://www.linkedin.com/company/stripe/posts/
Stripe,37,2026-06-25 15:19,Shutdowns among new startups continue to decline.,129,21,16,166,Image,Jesse Carey,https://www.linkedin.com/feed/update/urn:li:activity:7475930637804331009/,https://www.linkedin.com/company/stripe/posts/
Stripe,38,2026-06-24 13:21,"Today, we treat respiratory infections like the cold and flu as a minor nuisance. The evidence increasingly suggests otherwise.",219,19,34,272,Image,Intercept,https://www.linkedin.com/feed/update/urn:li:activity:7475538591868272640/,https://www.linkedin.com/company/stripe/posts/
Stripe,39,2026-06-22 15:33,"After seven extraordinary years building Stripe's go-to-market engine, I'm stepping into a new role: Vice Chair of Stripe. As Vice Chair, I'll represent the company with business, government, and policy leaders around the world, alongside Patrick Collison and John Collison.",3155,349,15,3519,Article/Link,Eileen O'Mara,https://www.linkedin.com/feed/update/urn:li:activity:7474846920255926273/,https://www.linkedin.com/company/stripe/posts/
Stripe,40,2026-06-22 15:01,"Introducing Stripe Directory, a new way for you (and your agents) to search for businesses on the Stripe network. https://stripe.directory",174,18,25,217,Video,Stripe,https://www.linkedin.com/feed/update/urn:li:activity:7474838911408685056/,https://www.linkedin.com/company/stripe/posts/
Stripe,41,2026-06-17 12:49,"In 2022, we launched Frontier to send a signal to scientists and entrepreneurs: build carbon removal technology, and we will buy it.",144,13,9,166,Article/Link,Stripe,https://www.linkedin.com/feed/update/urn:li:activity:7472993950933569537/,https://www.linkedin.com/company/stripe/posts/
Stripe,42,2026-06-16 16:08,"I just got off stage in Paris at Stripe Tour, talking about how French businesses are becoming more international. One in three customers of French businesses on Stripe now comes from outside France. French companies on Stripe generate 22% of their revenue internationally, up from 16% in 2020. Reaching customers in Mumbai or São Paulo, or giving them the option to pay later, means offering the payment methods they already use. That's where Link comes in.",619,23,22,664,Video,William Gaybrick,https://www.linkedin.com/feed/update/urn:li:activity:7472681605304639489/,https://www.linkedin.com/company/stripe/posts/
Stripe,43,2026-06-16 14:37,"I was just at Stripe Tour Paris talking about a new frontier in fraud: token theft. Fraudsters have moved beyond stealing money and credentials — now they're stealing compute. Every prompt, every API call, every token costs real money. As AI gets embedded in more products, token theft is becoming one of the most urgent threats facing AI businesses.",438,35,7,480,Video,Tanya Khakbaz,https://www.linkedin.com/feed/update/urn:li:activity:7472658536984944641/,https://www.linkedin.com/company/stripe/posts/
Stripe,44,2026-06-15 21:20,"I recently wrote about what I've been working on the past two years, and others have built over the past decade: the infrastructure that keeps Stripe's entire developer ecosystem in sync with every API change we ship.",176,6,16,198,Article/Link,Mikael Mello,https://www.linkedin.com/feed/update/urn:li:activity:7472397543809925121/,https://www.linkedin.com/company/stripe/posts/
Stripe,45,2026-06-15 17:54,"I've been thinking a lot about the future of user experience and what it looks like when commerce becomes AI-native. Had a great ""cheeky chat"" with Jonathan Arena from New Generation about exactly that—the future of commerce, the web, and creativity.",267,17,7,291,Video,Katie Dill,https://www.linkedin.com/feed/update/urn:li:activity:7472345698043346944/,https://www.linkedin.com/company/stripe/posts/
Stripe,46,2026-06-11 17:00,"Last week, agent traffic surpassed human traffic on the internet for the first time. Agents browsing webpages account for some of that traffic, but our data points to a more significant reason for this growth: agents building software.",219,37,28,284,Image,Stripe,https://www.linkedin.com/feed/update/urn:li:activity:7470882737390940160/,https://www.linkedin.com/company/stripe/posts/
Stripe,47,2026-06-11 16:53,It's a wild time to be building infrastructure.,95,7,4,106,Article/Link,Rami Banna,https://www.linkedin.com/feed/update/urn:li:activity:7470880958137888770/,https://www.linkedin.com/company/stripe/posts/
Stripe,48,2026-06-11 12:45,More than 1.5 million UK businesses and solopreneurs run on Stripe.,447,10,7,464,Video,Conor McNamara,https://www.linkedin.com/feed/update/urn:li:activity:7470818425330651137/,https://www.linkedin.com/company/stripe/posts/
Stripe,49,2026-06-11 09:06,"I was just at Stripe Tour London talking about the new Stripe Treasury, our financial operating system for storing, spending, and managing all your money on Stripe:",317,8,6,331,Video,Neetika Bansal,https://www.linkedin.com/feed/update/urn:li:activity:7470763274196660226/,https://www.linkedin.com/company/stripe/posts/
Stripe,50,2026-06-10 18:38,"John Collison sits down with Barney Hussey-Yeo, the founder and CEO of AI financial assistant Cleo. They discuss the realities of delivering personalized financial advice to the 99%, the critical need for ""creative destruction,"" and why deep vertical AI applications will ultimately outperform broad frontier models.",276,13,17,306,Video,Stripe,https://www.linkedin.com/feed/update/urn:li:activity:7470544995326787584/,https://www.linkedin.com/company/stripe/posts/
Incedo,1,2026-09-22 03:42,"𝗢𝗻𝗲 𝘆𝗲𝗮𝗿 𝗮𝗴𝗼, 𝗜 𝘀𝗲𝘁 𝗼𝘂𝘁 𝘄𝗶𝘁𝗵 𝗮 𝘀𝗶𝗺𝗽𝗹𝗲 𝗯𝘂𝘁 𝘂𝗿𝗴𝗲𝗻𝘁 𝗾𝘂𝗲𝘀𝘁𝗶𝗼𝗻: 𝗮𝘀 𝗔𝗜 𝘁𝗮𝗸𝗲𝘀 𝗼𝘃𝗲𝗿 𝗺𝗼𝗿𝗲 𝗼𝗳 𝗼𝘂𝗿 𝗰𝗼𝗴𝗻𝗶𝘁𝗶𝘃𝗲 𝘄𝗼𝗿𝗸, 𝘄𝗵𝗮𝘁 𝗿𝗲𝗺𝗮𝗶𝗻𝘀 𝗱𝗶𝘀𝘁𝗶𝗻𝗰𝘁𝗹𝘆 𝗵𝘂𝗺𝗮𝗻, 𝗮𝗻𝗱 𝗵𝗼𝘄 𝗱𝗼 𝘄𝗲 𝗺𝗮𝗸𝗲 𝘁𝗵𝗮𝘁 𝗼𝘂𝗿 𝗲𝗱𝗴𝗲?",164,4,4,172,Multi-image (4),Nitin Seth,https://www.linkedin.com/feed/update/urn:li:activity:7508007826254966785/,https://www.linkedin.com/company/incedo-inc/posts/
Incedo,2,2026-09-22 03:38,𝗦𝗽𝗼𝘁 𝗻𝗲𝘁𝘄𝗼𝗿𝗸 𝗿𝗶𝘀𝗸 𝗲𝗮𝗿𝗹𝗶𝗲𝗿. 𝗨𝗻𝗱𝗲𝗿𝘀𝘁𝗮𝗻𝗱 𝗰𝗵𝘂𝗿𝗻 𝗳𝗮𝘀𝘁𝗲𝗿. 𝗣𝗹𝗮𝗻 𝗰𝗮𝗽𝗮𝗰𝗶𝘁𝘆 𝘀𝗺𝗮𝗿𝘁𝗲𝗿.,8,0,0,8,Document/Carousel (PDF),Incedo Inc.,https://www.linkedin.com/feed/update/urn:li:activity:7508006676281806850/,https://www.linkedin.com/company/incedo-inc/posts/
Incedo,3,2026-09-18 12:39,Most data modernization programs succeed at moving data.,13,0,0,13,Document/Carousel (PDF),Incedo Inc.,https://www.linkedin.com/feed/update/urn:li:activity:7506693361047683072/,https://www.linkedin.com/company/incedo-inc/posts/
Incedo,4,2026-09-17 04:56,"𝗧𝗼𝗱𝗮𝘆, 𝘁𝗵𝗲 𝗛𝗶𝗻𝗱𝗶 𝗲𝗱𝗶𝘁𝗶𝗼𝗻 𝗼𝗳 𝗺𝘆 𝗹𝗮𝘁𝗲𝘀𝘁 𝗯𝗼𝗼𝗸, 𝗛𝘂𝗺𝗮𝗻 𝗘𝗱𝗴𝗲 𝗶𝗻 𝘁𝗵𝗲 𝗔𝗜 𝗔𝗴𝗲, 𝗹𝗮𝘂𝗻𝗰𝗵𝗲𝘀 𝗮𝗰𝗿𝗼𝘀𝘀 𝗜𝗻𝗱𝗶𝗮.",542,21,5,568,Image,Nitin Seth,https://www.linkedin.com/feed/update/urn:li:activity:7506214473800572928/,https://www.linkedin.com/company/incedo-inc/posts/
Incedo,5,2026-09-16 13:47,"AI is reshaping software engineering, but enterprise transformation requires more than isolated copilots.",45,0,4,49,Image,Incedo Inc.,https://www.linkedin.com/feed/update/urn:li:activity:7505985643190185984/,https://www.linkedin.com/company/incedo-inc/posts/
Incedo,6,2026-09-14 15:58,The metric is visible.,14,0,1,15,Document/Carousel (PDF),Incedo Inc.,https://www.linkedin.com/feed/update/urn:li:activity:7505293808495108096/,https://www.linkedin.com/company/incedo-inc/posts/
Incedo,7,2026-09-10 03:15,"Agentic AI becomes valuable when AI agents can move work from intake to outcome with the right context, controls and accountability.",21,1,0,22,Document/Carousel (PDF),Incedo Inc.,https://www.linkedin.com/feed/update/urn:li:activity:7503652374603886593/,https://www.linkedin.com/company/incedo-inc/posts/
Incedo,8,2026-09-08 16:00,𝗪𝗵𝗮𝘁 𝘄𝗶𝗹𝗹 𝗿𝗲𝗺𝗮𝗶𝗻 𝘂𝗻𝗶𝗾𝘂𝗲𝗹𝘆 𝗵𝘂𝗺𝗮𝗻 𝗶𝗻 𝘁𝗵𝗲 𝗮𝗴𝗲 𝗼𝗳 𝗔𝗜?,111,2,2,115,Image,Incedo Inc.,https://www.linkedin.com/feed/update/urn:li:activity:7503120034085380096/,https://www.linkedin.com/company/incedo-inc/posts/
Incedo,9,2026-09-07 12:33,We are building the future of software development—together with AWS.,47,3,1,51,Image,Incedo Inc.,https://www.linkedin.com/feed/update/urn:li:activity:7502705641325785089/,https://www.linkedin.com/company/incedo-inc/posts/
Incedo,10,2026-09-03 13:51,🎙️ 𝗔 𝗰𝗼𝗻𝘃𝗲𝗿𝘀𝗮𝘁𝗶𝗼𝗻 𝘄𝗼𝗿𝘁𝗵 𝘁𝘂𝗻𝗶𝗻𝗴 𝗶𝗻 𝗳𝗼𝗿!,70,1,4,75,Image,Incedo Inc.,https://www.linkedin.com/feed/update/urn:li:activity:7501275603527135233/,https://www.linkedin.com/company/incedo-inc/posts/
Incedo,11,2026-09-02 14:28,"Incedo Navigator helps enterprises transform the economics of operations with AI-enabled, governed execution.",25,0,0,25,Image,Incedo Inc.,https://www.linkedin.com/feed/update/urn:li:activity:7500922688522219520/,https://www.linkedin.com/company/incedo-inc/posts/
Incedo,12,2026-09-01 14:36,AI can move fast. But who keeps it moving in the right direction?,60,0,1,61,Video,Incedo Inc.,https://www.linkedin.com/feed/update/urn:li:activity:7500562146217590784/,https://www.linkedin.com/company/incedo-inc/posts/
Incedo,13,2026-08-31 16:36,Reporting answers to an important question: what changed?,18,0,2,20,Image,Incedo Inc.,https://www.linkedin.com/feed/update/urn:li:activity:7500230153436975104/,https://www.linkedin.com/company/incedo-inc/posts/
Incedo,14,2026-08-27 13:20,𝗣𝗮𝘁𝗶𝗲𝗻𝘁-𝗰𝗲𝗻𝘁𝗿𝗶𝗰 𝗽𝗵𝗮𝗿𝗺𝗮 𝗵𝗮𝘀 𝗿𝗲𝗮𝗰𝗵𝗲𝗱 𝗮𝗻 𝗶𝗻𝗳𝗹𝗲𝗰𝘁𝗶𝗼𝗻 𝗽𝗼𝗶𝗻𝘁.,22,0,2,24,Image,Incedo Inc.,https://www.linkedin.com/feed/update/urn:li:activity:7498731208026198016/,https://www.linkedin.com/company/incedo-inc/posts/
Incedo,15,2026-08-26 13:58,What does it take to lead through constant change?,96,0,0,96,Image,Incedo Inc.,https://www.linkedin.com/feed/update/urn:li:activity:7498378279662399488/,https://www.linkedin.com/company/incedo-inc/posts/
Incedo,16,2026-08-25 15:26,The metric is not the decision.,19,0,0,19,Document/Carousel (PDF),Incedo Inc.,https://www.linkedin.com/feed/update/urn:li:activity:7498038176062550017/,https://www.linkedin.com/company/incedo-inc/posts/
Incedo,17,2026-08-24 13:53,Deploying AI agents is one thing. Transforming an operation is another.,23,0,0,23,Document/Carousel (PDF),Incedo Inc.,https://www.linkedin.com/feed/update/urn:li:activity:7497652197510385664/,https://www.linkedin.com/company/incedo-inc/posts/
Incedo,18,2026-08-21 14:16,𝗣𝗿𝗼𝘂𝗱 𝘁𝗼 𝗯𝗲 𝗽𝗮𝗿𝘁 𝗼𝗳 𝘁𝗵𝗲 𝟮𝟬𝟮𝟲 𝗜𝗻𝗰. 𝟱𝟬𝟬𝟬.,94,1,2,97,Image,Incedo Inc.,https://www.linkedin.com/feed/update/urn:li:activity:7496570892202835968/,https://www.linkedin.com/company/incedo-inc/posts/
Incedo,19,2026-08-20 12:21,AI isn’t magic. It’s an interaction.,82,1,2,85,Video,Incedo Inc.,https://www.linkedin.com/feed/update/urn:li:activity:7496179521809768449/,https://www.linkedin.com/company/incedo-inc/posts/
Incedo,20,2026-08-19 16:15,Can performance testing keep pace with the complexity of modern network devices?,13,1,0,14,Image,Incedo Inc.,https://www.linkedin.com/feed/update/urn:li:activity:7495876140188930048/,https://www.linkedin.com/company/incedo-inc/posts/
Incedo,21,2026-08-18 15:28,A dashboard can make a metric visible.,22,0,0,22,Document/Carousel (PDF),Incedo Inc.,https://www.linkedin.com/feed/update/urn:li:activity:7495501836985065472/,https://www.linkedin.com/company/incedo-inc/posts/
Incedo,22,2026-08-17 14:31,"Complex operations need more than disconnected AI tools. They need coordinated execution, operational knowledge, and governance built into every step.",15,0,1,16,Document/Carousel (PDF),Incedo Inc.,https://www.linkedin.com/feed/update/urn:li:activity:7495125056008921088/,https://www.linkedin.com/company/incedo-inc/posts/
Incedo,23,2026-08-15 06:01,"At Incedo, we believe India’s next chapter will be shaped by bold ideas, human ingenuity, and the power of technology.",97,1,2,100,Image,Incedo Inc.,https://www.linkedin.com/feed/update/urn:li:activity:7494272146324643840/,https://www.linkedin.com/company/incedo-inc/posts/
Incedo,24,2026-08-14 16:26,Your AI strategy is only as strong as your data foundation.,13,2,0,15,Document/Carousel (PDF),Incedo Inc.,https://www.linkedin.com/feed/update/urn:li:activity:7494066938634051584/,https://www.linkedin.com/company/incedo-inc/posts/
Incedo,25,2026-08-13 12:54,Cyber risk is moving at machine speed. Banking defense must catch up.,108,2,2,112,Image,Incedo Inc.,https://www.linkedin.com/feed/update/urn:li:activity:7493651246311055360/,https://www.linkedin.com/company/incedo-inc/posts/
Incedo,26,2026-08-11 13:39,Most AI tools can answer questions.,22,1,0,23,Document/Carousel (PDF),Incedo Inc.,https://www.linkedin.com/feed/update/urn:li:activity:7492937822975434752/,https://www.linkedin.com/company/incedo-inc/posts/
Incedo,27,2026-08-07 13:14,Data Modernization should not break what already works.,30,0,0,30,Image,Incedo Inc.,https://www.linkedin.com/feed/update/urn:li:activity:7491481980702957568/,https://www.linkedin.com/company/incedo-inc/posts/
Incedo,28,2026-08-06 14:12,AI is becoming more capable every day.,61,2,1,64,Video,Incedo Inc.,https://www.linkedin.com/feed/update/urn:li:activity:7491134006529331201/,https://www.linkedin.com/company/incedo-inc/posts/
Incedo,29,2026-08-05 01:36,Business signals lose value when action comes too late.,21,0,0,21,Image,Incedo Inc.,https://www.linkedin.com/feed/update/urn:li:activity:7490581542579367936/,https://www.linkedin.com/company/incedo-inc/posts/
Incedo,30,2026-08-03 07:49,"𝗢𝗻𝗲 𝘆𝗲𝗮𝗿 𝗮𝗴𝗼, 𝗛𝘂𝗺𝗮𝗻 𝗘𝗱𝗴𝗲 𝗶𝗻 𝘁𝗵𝗲 𝗔𝗜 𝗔𝗴𝗲 𝘄𝗮𝘀 𝗹𝗮𝘂𝗻𝗰𝗵𝗲𝗱 𝗶𝗻 𝗜𝗻𝗱𝗶𝗮 𝘄𝗶𝘁𝗵 𝗮 𝗰𝗹𝗲𝗮𝗿 𝗯𝗲𝗹𝗶𝗲𝗳:",572,32,8,612,Image,Nitin Seth,https://www.linkedin.com/feed/update/urn:li:activity:7489950549799419904/,https://www.linkedin.com/company/incedo-inc/posts/
Incedo,31,2026-07-31 15:48,One of the biggest barriers to scaling enterprise AI isn't the capability of the models—it's the lack of enterprise context.,13,0,1,14,Document/Carousel (PDF),Incedo Inc.,https://www.linkedin.com/feed/update/urn:li:activity:7488983923918655488/,https://www.linkedin.com/company/incedo-inc/posts/
Incedo,32,2026-07-30 14:18,AI is everywhere. But where does real business value actually come from?,83,0,1,84,Image,Incedo Inc.,https://www.linkedin.com/feed/update/urn:li:activity:7488598836253224961/,https://www.linkedin.com/company/incedo-inc/posts/
Incedo,33,2026-07-29 15:56,Modernizing legacy data should not mean losing the business logic that makes your enterprise run.,29,0,1,30,Image,Incedo Inc.,https://www.linkedin.com/feed/update/urn:li:activity:7488261286011756544/,https://www.linkedin.com/company/incedo-inc/posts/
Incedo,34,2026-07-28 14:23,"In Life Sciences, timing matters.",27,0,0,27,Document/Carousel (PDF),Incedo Inc.,https://www.linkedin.com/feed/update/urn:li:activity:7487875387016781824/,https://www.linkedin.com/company/incedo-inc/posts/
Incedo,35,2026-07-24 14:33,"As AI becomes deeply embedded in how we work and lead, success will depend on more than adopting new technology; it will require strengthening the qualities that make us uniquely human.",38,0,0,38,Image,Incedo Inc.,https://www.linkedin.com/feed/update/urn:li:activity:7486428286298767361/,https://www.linkedin.com/company/incedo-inc/posts/
Incedo,36,2026-07-24 06:38,"Legacy data modernization does not need to be slow, complex, or cost-heavy.",23,0,0,23,Image,Incedo Inc.,https://www.linkedin.com/feed/update/urn:li:activity:7486308786610188288/,https://www.linkedin.com/company/incedo-inc/posts/
Incedo,37,2026-07-22 14:33,Every industry has its own signals.,26,0,0,26,Image,Incedo Inc.,https://www.linkedin.com/feed/update/urn:li:activity:7485703610182533120/,https://www.linkedin.com/company/incedo-inc/posts/
Incedo,38,2026-07-21 06:23,Tune in Live with Nitin Seth!,33,0,0,33,Image,Incedo Inc.,https://www.linkedin.com/feed/update/urn:li:activity:7485217969195798528/,https://www.linkedin.com/company/incedo-inc/posts/
Incedo,39,2026-07-20 16:11,Big news!,116,4,1,121,Image,Incedo Inc.,https://www.linkedin.com/feed/update/urn:li:activity:7485003502474301440/,https://www.linkedin.com/company/incedo-inc/posts/
Incedo,40,2026-07-17 14:19,𝗪𝗲𝗹𝗰𝗼𝗺𝗶𝗻𝗴 𝗼𝘂𝗿 𝗻𝗲𝘄𝗲𝘀𝘁 𝗰𝗼𝗹𝗹𝗲𝗮𝗴𝘂𝗲𝘀!,53,0,1,54,Document/Carousel (PDF),Incedo Inc.,https://www.linkedin.com/feed/update/urn:li:activity:7483888038595588096/,https://www.linkedin.com/company/incedo-inc/posts/
Incedo,41,2026-07-16 15:19,AI is only as powerful as the data that powers it.,31,2,0,33,Video,Incedo Inc.,https://www.linkedin.com/feed/update/urn:li:activity:7483540871519502336/,https://www.linkedin.com/company/incedo-inc/posts/
Incedo,42,2026-07-14 14:45,Business problems rarely appear overnight.,15,0,1,16,Document/Carousel (PDF),Incedo Inc.,https://www.linkedin.com/feed/update/urn:li:activity:7482807516180058113/,https://www.linkedin.com/company/incedo-inc/posts/
Incedo,43,2026-07-13 14:37,Incedo BrainSpark is our enterprise AI platform built to help organizations achieve measurable business outcomes across the product development lifecycle—not just AI adoption.,40,0,2,42,Document/Carousel (PDF),Incedo Inc.,https://www.linkedin.com/feed/update/urn:li:activity:7482443182778060800/,https://www.linkedin.com/company/incedo-inc/posts/
Incedo,44,2026-07-13 14:11,"We are drowning in data, yet starving for insight. That is the paradox at the center of the AI age: the more data we accumulate, the harder it becomes to turn it into clarity, judgment, and value. The winners will not be those with the most data, but those who master this paradox and turn data into meaningful decisions.",1148,57,5,1210,Image,Nitin Seth,https://www.linkedin.com/feed/update/urn:li:activity:7482436613457809408/,https://www.linkedin.com/company/incedo-inc/posts/
Incedo,45,2026-07-09 16:32,𝗪𝗵𝗮𝘁 𝗶𝘀 𝘁𝗵𝗲 𝗿𝗼𝗹𝗲 𝗼𝗳 𝗵𝘂𝗺𝗮𝗻𝘀 𝗶𝗻 𝗮𝗻 𝗔𝗜-𝗳𝗶𝗿𝘀𝘁 𝘄𝗼𝗿𝗹𝗱?,83,1,2,86,Video,Incedo Inc.,https://www.linkedin.com/feed/update/urn:li:activity:7481022583614730241/,https://www.linkedin.com/company/incedo-inc/posts/
Incedo,46,2026-07-08 16:59,Your AI strategy is only as strong as the data it runs on.,35,2,4,41,Document/Carousel (PDF),Incedo Inc.,https://www.linkedin.com/feed/update/urn:li:activity:7480666869990047744/,https://www.linkedin.com/company/incedo-inc/posts/
Incedo,47,2026-07-07 14:42,"Your business is sending signals every day — shifts in revenue, risk, and customer behavior that most leaders only catch once they've become problems.",18,0,0,18,Document/Carousel (PDF),Incedo Inc.,https://www.linkedin.com/feed/update/urn:li:activity:7480269986662477827/,https://www.linkedin.com/company/incedo-inc/posts/
Incedo,48,2026-07-06 13:45,"AI is reshaping software engineering, but enterprise transformation requires more than isolated copilots.",46,1,2,49,Image,Incedo Inc.,https://www.linkedin.com/feed/update/urn:li:activity:7479893297403072512/,https://www.linkedin.com/company/incedo-inc/posts/
Incedo,49,2026-07-04 14:02,"Today, we join our colleagues, clients, and partners across the United States in celebrating Independence Day.",56,0,3,59,Image,Incedo Inc.,https://www.linkedin.com/feed/update/urn:li:activity:7479172759625969664/,https://www.linkedin.com/company/incedo-inc/posts/
Incedo,50,2026-07-03 11:59,"Today, we're celebrating a milestone that belongs to every member of the Incedo community.",81,2,1,84,Image,Incedo Inc.,https://www.linkedin.com/feed/update/urn:li:activity:7478779537720430592/,https://www.linkedin.com/company/incedo-inc/posts/
