Company,Post #,Date (UTC),Title (first line of post),Reactions,Comments,Reposts,Total engagement,Post type,Posted by,Post URL,Company page
Truvio,1,2026-09-16 08:45,"When production planning involves up to 22,000 orders per month at a single plant, having a clear overview makes a real difference.",7,0,3,10,Image,Truvio,https://www.linkedin.com/feed/update/urn:li:activity:7505909696629837826/,https://www.linkedin.com/company/truvio-official/posts/?feedView=all
Truvio,2,2026-09-15 08:00,The Digital Product Passport is becoming a reality for companies selling products in the EU. But DPP is about more than compliance.,16,0,3,19,Image,Truvio,https://www.linkedin.com/feed/update/urn:li:activity:7505535913612050432/,https://www.linkedin.com/company/truvio-official/posts/?feedView=all
Truvio,3,2026-09-14 14:00,"Join us for the Ole Red Round Up, a fun Nashville-style Summit after party designed for networking, connecting with fellow Dynamics professionals, and celebrating the Summit commun",0,0,0,0,Event,Truvio,https://www.linkedin.com/feed/update/urn:li:activity:7505264294301814784/,https://www.linkedin.com/company/truvio-official/posts/?feedView=all
Truvio,4,2026-09-14 09:16,That's a wrap on Commerce Partner Days 2026. 🎉,0,0,0,0,Multi-image (4),Truvio,https://www.linkedin.com/feed/update/urn:li:activity:7505192846690373632/,https://www.linkedin.com/company/truvio-official/posts/?feedView=all
Truvio,5,2026-09-11 19:24,"Most B2B self-service portals fail on data, not design: when buyers see list price instead of their contract price, or ""call for availability"" instead of real stock, they pick up t",0,0,0,0,Event,Truvio,https://www.linkedin.com/feed/update/urn:li:activity:7504258627315335168/,https://www.linkedin.com/company/truvio-official/posts/?feedView=all
Truvio,6,2026-09-10 13:55,A fantastic start to Commerce Partner Days 2026!,0,0,0,0,Multi-image (6),Truvio,https://www.linkedin.com/feed/update/urn:li:activity:7503813317400936448/,https://www.linkedin.com/company/truvio-official/posts/?feedView=all
Truvio,7,2026-09-09 11:32,"Today, developers from across our partner community have taken over Aarhus for the Extended Day of Commerce Partner Days 2026.",0,0,0,0,Multi-image (7),Truvio,https://www.linkedin.com/feed/update/urn:li:activity:7503415053665099776/,https://www.linkedin.com/company/truvio-official/posts/?feedView=all
Truvio,8,2026-09-08 07:40,En hel dag væk fra indbakken skal være tiden værd.,21,0,2,23,Image,Truvio,https://www.linkedin.com/feed/update/urn:li:activity:7502994197914923008/,https://www.linkedin.com/company/truvio-official/posts/?feedView=all
Truvio,9,2026-09-07 05:00,"For St Vincent de Paul Society NSW, modernising Accounts Payable meant more than replacing manual data entry.",26,1,6,33,Image,Truvio,https://www.linkedin.com/feed/update/urn:li:activity:7502591635537555456/,https://www.linkedin.com/company/truvio-official/posts/?feedView=all
Truvio,10,2026-09-04 11:17,📍 See you in Nashville this October?,0,0,0,0,Text,Truvio,https://www.linkedin.com/feed/update/urn:li:activity:7501599238544351232/,https://www.linkedin.com/company/truvio-official/posts/?feedView=all
Truvio,11,2026-09-04 00:32,What an energising few days for the Truvio team at Days of Knowledge ANZ! From insightful conversations to new connections across the Microsoft Dynamics 365 Business Central commun,61,4,2,67,Image,Truvio,https://www.linkedin.com/feed/update/urn:li:activity:7501436968182894592/,https://www.linkedin.com/company/truvio-official/posts/?feedView=all
Truvio,12,2026-09-03 08:42,"Great start to Days of Knowledge ANZ!Today, David Williams, GAICD. and I had the opportunity to discuss how Business Central partners can move the AP automation conversation beyond",0,0,0,0,Multi-image (4),Ari Liukko,https://www.linkedin.com/feed/update/urn:li:activity:7501197893987368961/,https://www.linkedin.com/company/truvio-official/posts/?feedView=all
Truvio,13,2026-09-03 03:14,Day 1 at Days of Knowledge - ANZ is well underway!,0,0,0,0,Multi-image (3),Truvio,https://www.linkedin.com/feed/update/urn:li:activity:7501115371299495936/,https://www.linkedin.com/company/truvio-official/posts/?feedView=all
Truvio,14,2026-09-02 08:01,Your AP dashboard might say “automated.” Your AP team might tell a different story.,16,0,2,18,Image,Truvio,https://www.linkedin.com/feed/update/urn:li:activity:7500825109536894976/,https://www.linkedin.com/company/truvio-official/posts/?feedView=all
Truvio,15,2026-09-01 18:06,Remember when waiting was just part of the process?,18,0,2,20,Image,Truvio,https://www.linkedin.com/feed/update/urn:li:activity:7500615198873985024/,https://www.linkedin.com/company/truvio-official/posts/?feedView=all
Truvio,16,2026-09-01 07:30,"How do you manage more than 200,000 products across your own webshop and a growing network of partner shops?",15,0,1,16,Image,Truvio,https://www.linkedin.com/feed/update/urn:li:activity:7500454932307681280/,https://www.linkedin.com/company/truvio-official/posts/?feedView=all
Truvio,17,2026-08-31 08:47,"November 14, 2026. From that date, SWIFT CBPR+ will no longer accept cross-border payment messages containing fully unstructured postal addresses. If the required address data is n",12,0,1,13,Image,Truvio,https://www.linkedin.com/feed/update/urn:li:activity:7500112134568058880/,https://www.linkedin.com/company/truvio-official/posts/?feedView=all
Truvio,18,2026-08-28 07:02,4 minutes versus 17 minutes per invoice.,0,0,0,0,Video,Truvio,https://www.linkedin.com/feed/update/urn:li:activity:7498998431638556673/,https://www.linkedin.com/company/truvio-official/posts/?feedView=all
Truvio,19,2026-08-27 07:30,B2B-kunder begynder ikke nødvendigvis deres købsrejse på jeres webshop.,10,2,0,12,Image,Truvio,https://www.linkedin.com/feed/update/urn:li:activity:7498643056674402304/,https://www.linkedin.com/company/truvio-official/posts/?feedView=all
Truvio,20,2026-08-27 00:00,"Invoice capture is only one part of accounts payable automation. What happens when customers also need greater control over approvals, matching, exceptions, audit trails and the mo",37,2,6,45,Image,Truvio,https://www.linkedin.com/feed/update/urn:li:activity:7498529844528398336/,https://www.linkedin.com/company/truvio-official/posts/?feedView=all
Truvio,21,2026-08-25 18:32,☀️ One last episode. One last chance to enter!,0,0,0,0,Text,Truvio,https://www.linkedin.com/feed/update/urn:li:activity:7498084830446899201/,https://www.linkedin.com/company/truvio-official/posts/?feedView=all
Truvio,22,2026-08-25 07:30,A keynote worth joining us in Aarhus for.,29,0,2,31,Image,Truvio,https://www.linkedin.com/feed/update/urn:li:activity:7497918214878978048/,https://www.linkedin.com/company/truvio-official/posts/?feedView=all
Truvio,23,2026-08-24 14:00,Truvio is heading to Columbus for DynamicsCon Regional: Ohio Valley!,23,1,2,26,Image,Truvio,https://www.linkedin.com/feed/update/urn:li:activity:7497653978923696129/,https://www.linkedin.com/company/truvio-official/posts/?feedView=all
Truvio,24,2026-08-24 08:39,We're proud to sponsor the 4PS Customer Day 2026! 🏗️,28,3,1,32,Image,Truvio,https://www.linkedin.com/feed/update/urn:li:activity:7497573188978118656/,https://www.linkedin.com/company/truvio-official/posts/?feedView=all
Truvio,25,2026-08-21 07:30,"Running, walking and cheering each other on 🏃‍♀️👏",0,0,0,0,Multi-image (3),Truvio,https://www.linkedin.com/feed/update/urn:li:activity:7496468884510789632/,https://www.linkedin.com/company/truvio-official/posts/?feedView=all
Truvio,26,2026-08-20 18:17,🌴 One last conversation before we officially close out summer.,15,0,3,18,Image,Truvio,https://www.linkedin.com/feed/update/urn:li:activity:7496269124956913664/,https://www.linkedin.com/company/truvio-official/posts/?feedView=all
Truvio,27,2026-08-20 09:26,"AI er allerede ved at ændre den måde, B2B-kunder finder, sammenligner og vælger produkter på.",16,0,1,17,Image,Truvio,https://www.linkedin.com/feed/update/urn:li:activity:7496135681115860994/,https://www.linkedin.com/company/truvio-official/posts/?feedView=all
Truvio,28,2026-08-20 08:00,The Commerce Product Brief is already next week 👀,17,0,5,22,Image,Truvio,https://www.linkedin.com/feed/update/urn:li:activity:7496113825079918592/,https://www.linkedin.com/company/truvio-official/posts/?feedView=all
Truvio,29,2026-08-19 17:40,Remember when waiting was just part of the process?,0,0,0,0,Event,Truvio,https://www.linkedin.com/feed/update/urn:li:activity:7495897408086851584/,https://www.linkedin.com/company/truvio-official/posts/?feedView=all
Truvio,30,2026-08-19 07:30,Nine steps. Zero manual touchpoints. ✅,16,0,4,20,Image,Truvio,https://www.linkedin.com/feed/update/urn:li:activity:7495744057663631360/,https://www.linkedin.com/company/truvio-official/posts/?feedView=all
Truvio,31,2026-08-18 20:00,A little sneak peek at what’s coming next to Truvio Talks… ⏪📼,19,0,4,23,Image,Truvio,https://www.linkedin.com/feed/update/urn:li:activity:7495570246632775680/,https://www.linkedin.com/company/truvio-official/posts/?feedView=all
Truvio,32,2026-08-18 17:16,Only 2 more days until the next episode of Truvio Talks! ☀️🎙️,0,0,0,0,Text,Truvio,https://www.linkedin.com/feed/update/urn:li:activity:7495529000841420801/,https://www.linkedin.com/company/truvio-official/posts/?feedView=all
Truvio,33,2026-08-18 09:00,"When you're in the middle of a complex ERP transformation, a smooth implementation can make a real difference.",18,0,0,18,Image,Truvio,https://www.linkedin.com/feed/update/urn:li:activity:7495404151665905664/,https://www.linkedin.com/company/truvio-official/posts/?feedView=all
Truvio,34,2026-08-18 07:01,"Vi glæder os til at være med, når Computerworld Events sætter fokus på vejen videre fra Dynamics AX den 25. august i Køge.",23,0,1,24,Image,Truvio,https://www.linkedin.com/feed/update/urn:li:activity:7495374176422113280/,https://www.linkedin.com/company/truvio-official/posts/?feedView=all
Truvio,35,2026-08-17 11:48,Hylke Britstra is taking the stage at Directions for Enterprise 2026 in Copenhagen.,28,0,2,30,Image,Truvio,https://www.linkedin.com/feed/update/urn:li:activity:7495084086164627457/,https://www.linkedin.com/company/truvio-official/posts/?feedView=all
Truvio,36,2026-08-14 18:34,"☀️ Summer isn’t over yet, and neither is your chance to win!",16,0,5,21,Image,Truvio,https://www.linkedin.com/feed/update/urn:li:activity:7494099208589774848/,https://www.linkedin.com/company/truvio-official/posts/?feedView=all
Truvio,37,2026-08-14 01:00,"We’re excited to share that Truvio is a Gold Sponsor at Days of Knowledge - ANZ 2026, taking place on 3–4 September in Melbourne.",19,0,3,22,Image,Truvio,https://www.linkedin.com/feed/update/urn:li:activity:7493833803094994944/,https://www.linkedin.com/company/truvio-official/posts/?feedView=all
Truvio,38,2026-08-13 12:45,"This year I started working for Truvio, currently focusing on the ExFlow AP module in D365FO.",0,0,0,0,Image,Hylke Britstra,https://www.linkedin.com/feed/update/urn:li:activity:7493648978950123520/,https://www.linkedin.com/company/truvio-official/posts/?feedView=all
Truvio,39,2026-08-13 12:30,Manual payments cost more than money.,27,0,5,32,Image,Truvio,https://www.linkedin.com/feed/update/urn:li:activity:7493645057619566592/,https://www.linkedin.com/company/truvio-official/posts/?feedView=all
Truvio,40,2026-08-11 12:31,"Tomorrow, new EU packaging rules begin to apply.",16,0,7,23,Image,Truvio,https://www.linkedin.com/feed/update/urn:li:activity:7492920578803220480/,https://www.linkedin.com/company/truvio-official/posts/?feedView=all
Truvio,41,2026-08-10 02:00,"This week, we’re hosting two APJ Partner Training sessions for D365 F&O partners.",14,0,3,17,Image,Truvio,https://www.linkedin.com/feed/update/urn:li:activity:7492399403820007424/,https://www.linkedin.com/company/truvio-official/posts/?feedView=all
Truvio,42,2026-08-07 08:00,Truvio is heading to Directions for Enterprise 2026 in Copenhagen!,52,2,2,56,Image,Truvio,https://www.linkedin.com/feed/update/urn:li:activity:7491402783993290752/,https://www.linkedin.com/company/truvio-official/posts/?feedView=all
Truvio,43,2026-08-06 18:48,"☀️ Summer may be winding down, but there's still time to make your finance operations more resilient. 🌴",8,0,2,10,Image,Truvio,https://www.linkedin.com/feed/update/urn:li:activity:7491203629517987840/,https://www.linkedin.com/company/truvio-official/posts/?feedView=all
Truvio,44,2026-08-06 08:31,A 4.65/5 score is one thing. Understanding what drives enterprise fit is another.,30,0,9,39,Image,Truvio,https://www.linkedin.com/feed/update/urn:li:activity:7491048167564726273/,https://www.linkedin.com/company/truvio-official/posts/?feedView=all
Truvio,45,2026-08-05 09:00,Every quarter brings new improvements across Truvio Commerce.,13,0,0,13,Image,Truvio,https://www.linkedin.com/feed/update/urn:li:activity:7490693248349356032/,https://www.linkedin.com/company/truvio-official/posts/?feedView=all
Truvio,46,2026-08-04 16:53,Ready to shorten your order-to-cash cycle?,0,0,0,0,Event,Truvio,https://www.linkedin.com/feed/update/urn:li:activity:7490449961004875776/,https://www.linkedin.com/company/truvio-official/posts/?feedView=all
Truvio,47,2026-08-04 13:00,We are excited to be attending the Dynamics 365 ERP/CE & AI Summit NA Roadshow in Minneapolis on August 6!,20,0,2,22,Image,Truvio,https://www.linkedin.com/feed/update/urn:li:activity:7490391135408934912/,https://www.linkedin.com/company/truvio-official/posts/?feedView=all
Truvio,48,2026-08-04 07:32,"When customers need a spare part, finding the right one should be simple - even when the product catalogue behind it contains more than 500,000 SKUs.",0,0,0,0,Video,Truvio,https://www.linkedin.com/feed/update/urn:li:activity:7490308577312546817/,https://www.linkedin.com/company/truvio-official/posts/?feedView=all
Truvio,49,2026-08-03 07:06,"This September, we’re bringing the Truvio Commerce partner community together in Aarhus for three days of product insights, practical learning and conversations about what’s next i",26,0,1,27,Image,Truvio,https://www.linkedin.com/feed/update/urn:li:activity:7489939705556344832/,https://www.linkedin.com/company/truvio-official/posts/?feedView=all
Truvio,50,2026-08-03 02:30,Where are the untapped opportunities within your customers’ Dynamics 365 finance processes?,19,1,2,22,Image,Truvio,https://www.linkedin.com/feed/update/urn:li:activity:7489870224968798208/,https://www.linkedin.com/company/truvio-official/posts/?feedView=all
Equisys,1,2026-09-15 09:56,Join us as our panel of product experts and support specialists answer your Zetadocs Capture and Zetadocs Expenses-related questions live during our 'Ask Us Anything' webinars!,0,0,0,0,Image,Equisys,https://www.linkedin.com/feed/update/urn:li:activity:7505565286411063296/,https://www.linkedin.com/company/equisys/posts/?feedView=all
Equisys,2,2026-09-08 11:30,"Whether you're just starting to consider a change to your processes or actively assessing solutions, our resource center has all the tools you need to evaluate AP automation, expen",1,0,3,4,Image,Equisys,https://www.linkedin.com/feed/update/urn:li:activity:7503052041250934806/,https://www.linkedin.com/company/equisys/posts/?feedView=all
Equisys,3,2026-09-01 11:30,Join us as our panel of product experts and support specialists answer your Zetadocs Capture and Zetadocs Expenses-related questions live during our 'Ask Us Anything' webinars!,3,0,7,10,Image,Equisys,https://www.linkedin.com/feed/update/urn:li:activity:7500515319464058880/,https://www.linkedin.com/company/equisys/posts/?feedView=all
Equisys,4,2026-08-14 13:00,"Our Implementation Services help Business Central partners deliver faster, smoother Zetadocs projects for their customers with less risk and more predictable outcomes. Read the ful",4,0,3,7,Image,Equisys,https://www.linkedin.com/feed/update/urn:li:activity:7494015007639334912/,https://www.linkedin.com/company/equisys/posts/?feedView=all
Equisys,5,2026-07-28 09:25,"Manage your documents more effectively, rather than just storing them in a repository. Discover why Business Central customers choose Zetadocs Capture with SharePoint in this artic",3,0,4,7,Image,Equisys,https://www.linkedin.com/feed/update/urn:li:activity:7487800383118032896/,https://www.linkedin.com/company/equisys/posts/?feedView=all
Equisys,6,2026-07-14 11:30,Cut costs without compromising control 💼,4,0,2,6,Image,Equisys,https://www.linkedin.com/feed/update/urn:li:activity:7482758322664869890/,https://www.linkedin.com/company/equisys/posts/?feedView=all
Equisys,7,2026-07-07 11:45,"With Zetadocs, you can drag and drop supporting documents against a journal entry in Business Central. This provides context or justification for a transaction, with documents inst",4,1,2,7,Image,Equisys,https://www.linkedin.com/feed/update/urn:li:activity:7480225562238685185/,https://www.linkedin.com/company/equisys/posts/?feedView=all
Equisys,8,2026-06-25 11:33,Missed our recent webinar? Catch up now!,0,0,0,0,Video,Equisys,https://www.linkedin.com/feed/update/urn:li:activity:7475873917270822912/,https://www.linkedin.com/company/equisys/posts/?feedView=all
Equisys,9,2026-06-10 09:16,"We're just a few hours away from our webinar, 'Discover THE BEST AP Automation Solution for Business Central'!",0,0,1,1,Image,Equisys,https://www.linkedin.com/feed/update/urn:li:activity:7470403616667947009/,https://www.linkedin.com/company/equisys/posts/?feedView=all
Equisys,10,2026-06-09 14:56,There's less than 24 hours left to register for our webinar - 'Discover THE BEST AP Automation solution for Business Central',2,0,3,5,Image,Equisys,https://www.linkedin.com/feed/update/urn:li:activity:7470126776522788865/,https://www.linkedin.com/company/equisys/posts/?feedView=all
Equisys,11,2026-05-14 12:00,Looking for a smarter way to manage employee expenses and ensure compliant claims? Book a demo of Zetadocs Expenses today:,3,0,3,6,Image,Equisys,https://www.linkedin.com/feed/update/urn:li:activity:7460660212190830592/,https://www.linkedin.com/company/equisys/posts/?feedView=all
Equisys,12,2026-05-07 13:20,"Last week, we had a great time sponsoring Directions North America 2026! Thank you to all that stopped by to chat about Zetadocs and those who entered our competition (the winner w",0,0,0,0,Multi-image (4),Equisys,https://www.linkedin.com/feed/update/urn:li:activity:7458143787702243328/,https://www.linkedin.com/company/equisys/posts/?feedView=all
Equisys,13,2026-04-28 08:56,We had an amazing first day at Directions North America and can’t wait to see what day two brings! Be sure to stop by our booth (E-32) to say hello and enter our giveaway for a Met,15,0,5,20,Image,Equisys,https://www.linkedin.com/feed/update/urn:li:activity:7454815678991347713/,https://www.linkedin.com/company/equisys/posts/?feedView=all
Equisys,14,2026-04-23 15:08,"We’ll be in Orlando, Florida next week for Directions North America, and we’d love to say hello. Drop by booth E-32 to meet the team, ask questions, and see what’s new. Plus, we’re",5,0,3,8,Image,Equisys,https://www.linkedin.com/feed/update/urn:li:activity:7453097367190401024/,https://www.linkedin.com/company/equisys/posts/?feedView=all
Equisys,15,2026-04-15 09:00,"We're headed to Directions in Orlando, Florida in 2 weeks✈️",6,0,4,10,Image,Equisys,https://www.linkedin.com/feed/update/urn:li:activity:7450105668079927296/,https://www.linkedin.com/company/equisys/posts/?feedView=all
Equisys,16,2026-04-01 14:35,"Deliver smarter, not harder!",2,0,0,2,Image,Equisys,https://www.linkedin.com/feed/update/urn:li:activity:7445116539613175808/,https://www.linkedin.com/company/equisys/posts/?feedView=all
Equisys,17,2026-03-27 15:27,We're delighted to be part of this exciting event that takes an in-depth look at AP Automation options for Microsoft Dynamics 365 Business Central.,3,0,1,4,Image,Equisys,https://www.linkedin.com/feed/update/urn:li:activity:7443317734987345920/,https://www.linkedin.com/company/equisys/posts/?feedView=all
Equisys,18,2026-03-18 13:45,"Zetadocs Expenses offers a smooth expense workflow right out-of-the-box, with minimal training required for both finance teams and the submitters.",4,0,1,5,Image,Equisys,https://www.linkedin.com/feed/update/urn:li:activity:7440030525597220865/,https://www.linkedin.com/company/equisys/posts/?feedView=all
Equisys,19,2026-03-11 11:27,It's not too late to reserve your space on today's Lunch & Learn event!,3,0,5,8,Image,Equisys,https://www.linkedin.com/feed/update/urn:li:activity:7437459098012631040/,https://www.linkedin.com/company/equisys/posts/?feedView=all
Equisys,20,2026-03-10 10:23,It's not too late - join a Lunch & Learn event this week to learn how to get even more out of your Zetadocs investment. Book your place now via the links:,3,0,2,5,Image,Equisys,https://www.linkedin.com/feed/update/urn:li:activity:7437080598629793792/,https://www.linkedin.com/company/equisys/posts/?feedView=all
Equisys,21,2026-03-06 13:49,Our Lunch & Learn series starts next week! Are you registered yet? Each session will last around 15 minutes and is designed to demonstrate tricks and tips to help existing Zetadocs,0,0,1,1,Image,Equisys,https://www.linkedin.com/feed/update/urn:li:activity:7435682886860673024/,https://www.linkedin.com/company/equisys/posts/?feedView=all
Equisys,22,2026-03-02 15:30,Looking forward to being part of this great event!,1,0,0,1,Text,Equisys,https://www.linkedin.com/feed/update/urn:li:activity:7434258762414338049/,https://www.linkedin.com/company/equisys/posts/?feedView=all
Equisys,23,2026-02-26 15:27,"Looking for an expense management solution built for Business Central, ready to go straight away? Look no further than Zetadocs Expenses.",7,0,2,9,Image,Equisys,https://www.linkedin.com/feed/update/urn:li:activity:7432808568292204545/,https://www.linkedin.com/company/equisys/posts/?feedView=all
Equisys,24,2026-01-28 16:15,Even the most well-written expense policies can prove difficult to enforce across a company. This whitepaper discusses the hurdles finance teams face when it comes to policy enforc,7,0,4,11,Image,Equisys,https://www.linkedin.com/feed/update/urn:li:activity:7422311288229396481/,https://www.linkedin.com/company/equisys/posts/?feedView=all
Equisys,25,2026-01-20 15:43,"See how Zetadocs can transform the way you work. Book a demo today to explore any of our AP automation, document management or expense management solutions in action.",6,0,4,10,Image,Equisys,https://www.linkedin.com/feed/update/urn:li:activity:7419404126649769985/,https://www.linkedin.com/company/equisys/posts/?feedView=all
Equisys,26,2026-01-14 10:35,"The future of accounts payable is automated. Explore expert perspectives on how AI and accounting technology will drive efficiency, accuracy and better decision-making in 2026 in t",2,0,0,2,Article/Link,Equisys,https://www.linkedin.com/feed/update/urn:li:activity:7417152357836201984/,https://www.linkedin.com/company/equisys/posts/?feedView=all
Equisys,27,2026-01-13 13:02,Zetadocs Delivery helps finance teams spend less time on admin and more time on what really matters. Learn more about how it could help save your team time & money here:,3,0,2,5,Image,Equisys,https://www.linkedin.com/feed/update/urn:li:activity:7416827007893700608/,https://www.linkedin.com/company/equisys/posts/?feedView=all
Equisys,28,2026-01-08 15:03,Learn how to build a clear travel and entertainment expenses policy that's easy to consistently enforce in this blog post:,1,0,1,2,Image,Equisys,https://www.linkedin.com/feed/update/urn:li:activity:7415045518608969728/,https://www.linkedin.com/company/equisys/posts/?feedView=all
Equisys,29,2026-01-07 15:53,"Still chasing approvals and fixing errors? AP automation removes bottlenecks, speeds up approvals and helps teams scale without the stress.",0,0,0,0,Article/Link,Equisys,https://www.linkedin.com/feed/update/urn:li:activity:7414695566208811009/,https://www.linkedin.com/company/equisys/posts/?feedView=all
Equisys,30,2025-12-10 16:17,"Many employees feel unsure about what they can expense, even if upper management think they have a clear expense policy. Solutions like Zetadocs Expenses help remove that confusion",1,0,1,2,Image,Equisys,https://www.linkedin.com/feed/update/urn:li:activity:7404554818054422528/,https://www.linkedin.com/company/equisys/posts/?feedView=all
Equisys,31,2025-12-05 13:48,"AI in ERP is accelerating fast, and ISVs are leading the way with practical, real-world innovations. Read this article to find out why AI-driven ISV solutions, like Zetadocs, are b",3,0,2,5,Article/Link,Equisys,https://www.linkedin.com/feed/update/urn:li:activity:7402705536359571457/,https://www.linkedin.com/company/equisys/posts/?feedView=all
Equisys,32,2025-11-26 14:54,This month we're celebrating 15 years of the Equisys blog! Here’s some of the highlights from along the way...,0,0,0,0,Document/Carousel (PDF),Equisys,https://www.linkedin.com/feed/update/urn:li:activity:7399460639901130752/,https://www.linkedin.com/company/equisys/posts/?feedView=all
Equisys,33,2025-11-14 15:57,Accounting teams in the manufacturing industry (and beyond) are facing challenges with manual AP workflows. Check out this article on why automating AP is a game-changer across ind,1,0,0,1,Article/Link,Equisys,https://www.linkedin.com/feed/update/urn:li:activity:7395127780033789953/,https://www.linkedin.com/company/equisys/posts/?feedView=all
Equisys,34,2025-11-06 15:37,"Thank you to all who stopped by our booth at Directions #EMEA2025! Our team have had a great few days in Poznan, and loved chatting with everyone who came by. Stay tuned as we anno",11,0,2,13,Image,Equisys,https://www.linkedin.com/feed/update/urn:li:activity:7392223608443674624/,https://www.linkedin.com/company/equisys/posts/?feedView=all
Equisys,35,2025-11-05 14:35,Our team is really enjoying the informative sessions and great conversations happening at Directions #EMEA2025. Come say hello at booth B-13 today to discover what’s new with Zetad,1,0,0,1,Image,Equisys,https://www.linkedin.com/feed/update/urn:li:activity:7391845502817837056/,https://www.linkedin.com/company/equisys/posts/?feedView=all
Equisys,36,2025-11-04 11:50,We're delighted to be at Directions #EMEA2025 in Poznan! Be sure to come and visit our team at booth B-13 to discover the latest news about Zetadocs and enter our competition to wi,23,0,5,28,Image,Equisys,https://www.linkedin.com/feed/update/urn:li:activity:7391441694900256768/,https://www.linkedin.com/company/equisys/posts/?feedView=all
Equisys,37,2025-10-22 12:28,"We're excited to be heading to Directions EMEA next week! If you're attending, we'd love to connect and show you how Zetadocs can simplify AP automation, expense management and doc",14,0,7,21,Image,Equisys,https://www.linkedin.com/feed/update/urn:li:activity:7386740316340645889/,https://www.linkedin.com/company/equisys/posts/?feedView=all
Equisys,38,2025-10-17 14:50,"It's almost time for Demo Week! From October 20–24, we're offering live, personalized demos of our expense management solution. This is a great opportunity to see how Zetadocs Expe",3,0,2,5,Image,Equisys,https://www.linkedin.com/feed/update/urn:li:activity:7384963993129472000/,https://www.linkedin.com/company/equisys/posts/?feedView=all
Equisys,39,2025-09-25 14:30,Join us for our webinar!,0,0,1,1,Article/Link,Equisys,https://www.linkedin.com/feed/update/urn:li:activity:7376986386958295041/,https://www.linkedin.com/company/equisys/posts/?feedView=all
Equisys,40,2025-09-25 11:24,We're delighted to partner with Z9Works Inc. and look forward to helping your customers!,0,0,0,0,Text,Equisys,https://www.linkedin.com/feed/update/urn:li:activity:7376939640907382784/,https://www.linkedin.com/company/equisys/posts/?feedView=all
Medius,1,2026-09-16 08:15,Great news from Benelux.,138,21,2,161,Image,Medius,https://www.linkedin.com/feed/update/urn:li:activity:7505902045745491968/,https://www.linkedin.com/company/medius/posts/?feedView=all
Medius,2,2026-09-15 13:32,"Today’s finance leaders are coming face-to-face with the AP perception gap. 90% say they're satisfied with their current AP technology, yet 45% of teams still say up to 40% of thei",9,0,0,9,Image,Medius,https://www.linkedin.com/feed/update/urn:li:activity:7505619525279842304/,https://www.linkedin.com/company/medius/posts/?feedView=all
Medius,3,2026-09-14 13:53,Medius is pleased to announce the appointment of Kevin Young the role of Chief Marketing Officer.,100,3,1,104,Image,Medius,https://www.linkedin.com/feed/update/urn:li:activity:7505262448413671424/,https://www.linkedin.com/company/medius/posts/?feedView=all
Medius,4,2026-09-14 08:13,The best conversations don’t always need a stage.,0,0,0,0,Video,Medius,https://www.linkedin.com/feed/update/urn:li:activity:7505176795525083138/,https://www.linkedin.com/company/medius/posts/?feedView=all
Medius,5,2026-09-11 05:30,What does it take to truly understand B2B payments?,12,0,1,13,Image,Medius,https://www.linkedin.com/feed/update/urn:li:activity:7504048659550855168/,https://www.linkedin.com/company/medius/posts/?feedView=all
Medius,6,2026-09-09 14:30,We're excited to announce that Medius and Thomson Reuters have extended their partnership to help US finance teams manage taxes.,112,0,27,139,Image,Medius,https://www.linkedin.com/feed/update/urn:li:activity:7503459817491955712/,https://www.linkedin.com/company/medius/posts/?feedView=all
Medius,7,2026-09-07 10:57,"“Within the first days of France's e-invoicing mandate, thousands of invoices have already been processed through the Medius Approved Platform, with numbers growing rapidly. We kno",42,0,10,52,Image,Medius,https://www.linkedin.com/feed/update/urn:li:activity:7502681502728601600/,https://www.linkedin.com/company/medius/posts/?feedView=all
Medius,8,2026-09-04 17:44,"87% of finance leaders have personally ignored a small expense, reimbursement, or claim they believed was fraudulent.",0,0,0,0,Document/Carousel (PDF),Medius,https://www.linkedin.com/feed/update/urn:li:activity:7501696715742351362/,https://www.linkedin.com/company/medius/posts/?feedView=all
Medius,9,2026-09-03 12:15,Managing expenses across a large organization is no small task.,0,0,0,0,Document/Carousel (PDF),Medius,https://www.linkedin.com/feed/update/urn:li:activity:7501251415520993280/,https://www.linkedin.com/company/medius/posts/?feedView=all
Medius,10,2026-09-02 13:31,"Are you a leader in finance, tax, tech, or compliance? We've got the perfect event for you bringing together two industry frontrunners.",22,0,2,24,Image,Medius,https://www.linkedin.com/feed/update/urn:li:activity:7500908195511578624/,https://www.linkedin.com/company/medius/posts/?feedView=all
Medius,11,2026-09-02 05:45,We’re thrilled to announce that Medius has earned three prestigious G2 badges in the Fall 2026 reports! These accolades recognize the exceptional value and impact Medius is deliver,37,1,9,47,Image,Medius,https://www.linkedin.com/feed/update/urn:li:activity:7500790878840664064/,https://www.linkedin.com/company/medius/posts/?feedView=all
Medius,12,2026-09-01 17:27,Finance leaders know fraud when they see it. But what happens when the line gets easier to cross?,0,0,0,0,Poll,Medius,https://www.linkedin.com/feed/update/urn:li:activity:7500605341773025280/,https://www.linkedin.com/company/medius/posts/?feedView=all
Medius,13,2026-08-31 06:22,September is a good month to sort out AP.,0,0,0,0,Document/Carousel (PDF),Medius,https://www.linkedin.com/feed/update/urn:li:activity:7500075470428991488/,https://www.linkedin.com/company/medius/posts/?feedView=all
Medius,14,2026-08-27 13:50,"Not sure which AP automation features actually matter, and which are just on the checklist for show?",8,0,2,10,Image,Medius,https://www.linkedin.com/feed/update/urn:li:activity:7498738675896385536/,https://www.linkedin.com/company/medius/posts/?feedView=all
Medius,15,2026-08-25 15:39,Medius’ Financial Census 2026 is officially here.,0,0,0,0,Document/Carousel (PDF),Medius,https://www.linkedin.com/feed/update/urn:li:activity:7498041306196135936/,https://www.linkedin.com/company/medius/posts/?feedView=all
Medius,16,2026-08-24 13:30,"Join the Medius team at the upcoming inPOWER User Conference, taking place September 14-17 in Pewaukee, Wisconsin.",13,1,1,15,Image,Medius,https://www.linkedin.com/feed/update/urn:li:activity:7497646475758157824/,https://www.linkedin.com/company/medius/posts/?feedView=all
Medius,17,2026-08-21 16:12,"What better way to close out the week than with a new edition of MediusExplains? Today, we're discussing the 5 signs your AP process is costing you spend visibility.",0,0,0,0,Document/Carousel (PDF),Medius,https://www.linkedin.com/feed/update/urn:li:activity:7496600050375176192/,https://www.linkedin.com/company/medius/posts/?feedView=all
Medius,18,2026-08-20 13:30,"Mark your calendars! Our Top Tips in Action live interactive webinar is coming up on September 9, 10:00 - 10:30 AM ET.",12,0,4,16,Image,Medius,https://www.linkedin.com/feed/update/urn:li:activity:7496196895950934016/,https://www.linkedin.com/company/medius/posts/?feedView=all
Medius,19,2026-08-19 11:49,Invoices processed in one day.,26,0,9,35,Image,Medius,https://www.linkedin.com/feed/update/urn:li:activity:7495809285231308800/,https://www.linkedin.com/company/medius/posts/?feedView=all
Medius,20,2026-08-17 13:30,"Medius will be at JDE INFOCUS 2026, taking place September 21-23 in Denver, Colorado. This three-day event will join the JD Edwards community for hands-on learning, practical insig",16,0,0,16,Image,Medius,https://www.linkedin.com/feed/update/urn:li:activity:7495109706479218688/,https://www.linkedin.com/company/medius/posts/?feedView=all
Medius,21,2026-08-13 11:45,A failed invoice match in manufacturing isn't just an AP problem.,7,0,2,9,Article/Link,Medius,https://www.linkedin.com/feed/update/urn:li:activity:7493633738174742530/,https://www.linkedin.com/company/medius/posts/?feedView=all
Medius,22,2026-08-12 14:30,58% of AP teams are already using or piloting AI. The other 42% are watching the gap widen.,12,0,1,13,Image,Medius,https://www.linkedin.com/feed/update/urn:li:activity:7493312928813719553/,https://www.linkedin.com/company/medius/posts/?feedView=all
Medius,23,2026-08-11 13:30,Join us on August 26 for our Explore Medius: Compliance & E-invoicing live webinar.,68,0,5,73,Image,Medius,https://www.linkedin.com/feed/update/urn:li:activity:7492935358167347201/,https://www.linkedin.com/company/medius/posts/?feedView=all
Medius,24,2026-08-10 13:30,Duplicate payments in retail don't usually look like duplicates.,7,0,0,7,Article/Link,Medius,https://www.linkedin.com/feed/update/urn:li:activity:7492573025675157504/,https://www.linkedin.com/company/medius/posts/?feedView=all
Medius,25,2026-08-06 13:30,"Join us on August 20 for our Medius Momentum: Q3 2026 Product Update, a live webinar featuring our own Graeme Chard, SVP, Product Marketing, as he provides an update on the Q3 prod",35,2,4,41,Image,Medius,https://www.linkedin.com/feed/update/urn:li:activity:7491123449978015744/,https://www.linkedin.com/company/medius/posts/?feedView=all
Medius,26,2026-08-04 12:15,Most enterprise finance teams aren't waiting on budget to modernize AP. They're waiting on IT. And IT is waiting on the ERP.,5,1,0,6,Image,Medius,https://www.linkedin.com/feed/update/urn:li:activity:7490379801422180353/,https://www.linkedin.com/company/medius/posts/?feedView=all
Medius,27,2026-08-04 09:30,"⚙️Great Northern Equipment: small team, big efficiency gains",33,0,10,43,Image,Medius,https://www.linkedin.com/feed/update/urn:li:activity:7490338242291089408/,https://www.linkedin.com/company/medius/posts/?feedView=all
Medius,28,2026-07-31 14:00,We had a great time this week at the Microsoft AI Business Solutions Partner Executive Summit.,0,0,0,0,Multi-image (4),Medius,https://www.linkedin.com/feed/update/urn:li:activity:7488956699341660160/,https://www.linkedin.com/company/medius/posts/?feedView=all
Medius,29,2026-07-29 17:30,AP fraud doesn't announce itself. It hides in duplicate invoices and last-minute bank account changes.,6,0,0,6,Article/Link,Medius,https://www.linkedin.com/feed/update/urn:li:activity:7488284719449739264/,https://www.linkedin.com/company/medius/posts/?feedView=all
Medius,30,2026-07-29 11:30,"The accounts payable process covers a lot of ground: purchase orders, invoice capture, three-way matching, approvals, payment scheduling, and record-keeping. Each step has to work",12,0,3,15,Article/Link,Medius,https://www.linkedin.com/feed/update/urn:li:activity:7488194155492478976/,https://www.linkedin.com/company/medius/posts/?feedView=all
Medius,31,2026-07-28 15:30,Still chasing invoice approvals and manually keying payments? There's a live demo for that.,11,0,4,15,Image,Medius,https://www.linkedin.com/feed/update/urn:li:activity:7487892173103738880/,https://www.linkedin.com/company/medius/posts/?feedView=all
Medius,32,2026-07-27 09:30,🏗️ Innovation meets efficiency: Marshalls plc’s AP automation journey,18,0,3,21,Image,Medius,https://www.linkedin.com/feed/update/urn:li:activity:7487439141299830784/,https://www.linkedin.com/company/medius/posts/?feedView=all
Medius,33,2026-07-22 18:06,We’re excited to return with a new edition of our MediusAsks series. This series invites our team of experts at Medius to share their insights on the topics and trends shaping toda,0,0,0,0,Video,Medius,https://www.linkedin.com/feed/update/urn:li:activity:7485757066792316929/,https://www.linkedin.com/company/medius/posts/?feedView=all
Medius,34,2026-07-22 06:45,The industry average for invoice cycle time is 8.2 days.,11,0,1,12,Article/Link,Medius,https://www.linkedin.com/feed/update/urn:li:activity:7485585679586897920/,https://www.linkedin.com/company/medius/posts/?feedView=all
Medius,35,2026-07-21 06:30,"In the food and beverage industry, fast-moving operations require real-time invoicing and tight delivery schedules.",7,0,0,7,Image,Medius,https://www.linkedin.com/feed/update/urn:li:activity:7485219532903632897/,https://www.linkedin.com/company/medius/posts/?feedView=all
Medius,36,2026-07-16 13:45,"Choosing AP solutions can be as complex and confusing as managing AP itself, but we think analysis like this from Gartner® can help clarify which solution might be right for you.",34,0,6,40,Image,Medius,https://www.linkedin.com/feed/update/urn:li:activity:7483517063592824833/,https://www.linkedin.com/company/medius/posts/?feedView=all
Medius,37,2026-07-15 14:15,"You're already running AP on Medius. Invoices are moving, approvals are flowing, payments are going out.",44,0,6,50,Image,Medius,https://www.linkedin.com/feed/update/urn:li:activity:7483162210786148352/,https://www.linkedin.com/company/medius/posts/?feedView=all
Medius,38,2026-07-14 09:45,🔧 Say goodbye to AP exceptions with intelligent automation,15,0,1,16,Image,Medius,https://www.linkedin.com/feed/update/urn:li:activity:7482731871072747520/,https://www.linkedin.com/company/medius/posts/?feedView=all
Medius,39,2026-07-09 13:45,"The most significant financial leaks in transportation rarely appear on the invoice header. They are buried in the line items—fuel surcharges, demurrage, and accessorial fees that",10,0,0,10,Image,Medius,https://www.linkedin.com/feed/update/urn:li:activity:7480980347174903808/,https://www.linkedin.com/company/medius/posts/?feedView=all
Medius,40,2026-07-08 10:45,"Late payments affect most businesses, even those using e-invoicing.",15,0,2,17,Image,Medius,https://www.linkedin.com/feed/update/urn:li:activity:7480572675447496704/,https://www.linkedin.com/company/medius/posts/?feedView=all
Medius,41,2026-07-07 14:15,Is your payment mix actually working for you — or against you?,13,0,2,15,Image,Medius,https://www.linkedin.com/feed/update/urn:li:activity:7480263107756490752/,https://www.linkedin.com/company/medius/posts/?feedView=all
Medius,42,2026-07-03 06:45,Finance and diplomacy have more in common than you'd think.,0,0,0,0,Multi-image (7),Medius,https://www.linkedin.com/feed/update/urn:li:activity:7478700357691465729/,https://www.linkedin.com/company/medius/posts/?feedView=all
Medius,43,2026-07-02 14:15,"Nobody goes into a finance role thinking ""I can't wait to spend my week managing late payments."" And yet for 52% of European companies, that's the reality.",16,0,1,17,Image,Medius,https://www.linkedin.com/feed/update/urn:li:activity:7478451184362758144/,https://www.linkedin.com/company/medius/posts/?feedView=all
Medius,44,2026-07-01 11:45,💡Thorlux Lighting’s journey to AP excellence,29,0,4,33,Image,Medius,https://www.linkedin.com/feed/update/urn:li:activity:7478051031889678336/,https://www.linkedin.com/company/medius/posts/?feedView=all
Medius,45,2026-06-30 15:30,"Manual exception handling. Fragmented workflows. Decisions made after the fact. If that sounds familiar, you're not alone.",26,1,2,29,Image,Medius,https://www.linkedin.com/feed/update/urn:li:activity:7477745270621933568/,https://www.linkedin.com/company/medius/posts/?feedView=all
Medius,46,2026-06-29 07:00,"If July gives you a little breathing room, why not use it to learn something new about AP?",0,0,0,0,Document/Carousel (PDF),Medius,https://www.linkedin.com/feed/update/urn:li:activity:7477254531911929858/,https://www.linkedin.com/company/medius/posts/?feedView=all
Medius,47,2026-06-26 13:45,Many legacy AP systems simply weren't built for the complexity of freight charges. The result is often a manual workaround that sacrifices both accuracy and speed.,23,0,2,25,Image,Medius,https://www.linkedin.com/feed/update/urn:li:activity:7476269317928431616/,https://www.linkedin.com/company/medius/posts/?feedView=all
Medius,48,2026-06-25 17:10,"A new edition of MediusExplains? Don’t mind if we do! Today, we’re discussing how AP automation is enabling improved productivity and faster finance.",0,0,0,0,Document/Carousel (PDF),Medius,https://www.linkedin.com/feed/update/urn:li:activity:7475958568970571777/,https://www.linkedin.com/company/medius/posts/?feedView=all
Medius,49,2026-06-25 05:30,"In a recent webinar, Yvonne Gockel-Jans our Director of Global Partners joined Antaras to walk through how Infor LN users can get to touchless AP.",0,0,0,0,Article/Link,Medius,https://www.linkedin.com/feed/update/urn:li:activity:7475782358181261312/,https://www.linkedin.com/company/medius/posts/?feedView=all
Medius,50,2026-06-24 06:30,Your working capital strategy is only as strong as your invoice execution.,7,0,0,7,Article/Link,Medius,https://www.linkedin.com/feed/update/urn:li:activity:7475435064198328320/,https://www.linkedin.com/company/medius/posts/?feedView=all
Qvalia,1,2026-09-16 10:25,"🇦🇪 We are glad to support the UAE Buyer's Guide to E-Invoicing & Tax Compliance, produced by billentis, The Invoicing Hub, and sharedserviceslink. This independent guide helps or",6,0,1,7,Text,Qvalia,https://www.linkedin.com/feed/update/urn:li:activity:7505934833659961344/,https://www.linkedin.com/company/qvalia/posts/?feedView=all
Qvalia,2,2026-09-04 08:05,"Peppol for developers: 10 common invoice errors and how to fix them. From recipient IDs and profile mismatches to VAT, rounding, and routing issues, this guide explains where invoi",8,0,1,9,Image,Qvalia,https://www.linkedin.com/feed/update/urn:li:activity:7501550906727923712/,https://www.linkedin.com/company/qvalia/posts/?feedView=all
Qvalia,3,2026-06-10 08:18,E-invoicing mandates are becoming infrastructure decisions.,5,0,1,6,Image,Qvalia,https://www.linkedin.com/feed/update/urn:li:activity:7470388817791860737/,https://www.linkedin.com/company/qvalia/posts/?feedView=all
Qvalia,4,2026-06-09 06:50,The new Billentis report on the global e-invoicing market is here. 🌐,8,2,0,10,Image,Qvalia,https://www.linkedin.com/feed/update/urn:li:activity:7470004295195734017/,https://www.linkedin.com/company/qvalia/posts/?feedView=all
Qvalia,5,2026-06-01 08:18,Slovakia’s eFaktúra framework is another important step in Europe’s transition toward structured electronic invoicing.,29,0,2,31,Image,Qvalia,https://www.linkedin.com/feed/update/urn:li:activity:7467127330210078722/,https://www.linkedin.com/company/qvalia/posts/?feedView=all
Qvalia,6,2026-05-28 07:08,Qvalia is now certified for Slovakia e-invoicing under the eFaktúra framework.,33,1,6,40,Image,Qvalia,https://www.linkedin.com/feed/update/urn:li:activity:7465660148884291585/,https://www.linkedin.com/company/qvalia/posts/?feedView=all
Qvalia,7,2026-05-12 07:50,"🔃 Qvalia's Business Continuity Management System has now been certified against ISO 22301:2019, the international standard for business continuity planning and organizational resi",6,0,1,7,Image,Qvalia,https://www.linkedin.com/feed/update/urn:li:activity:7459872521908281345/,https://www.linkedin.com/company/qvalia/posts/?feedView=all
Qvalia,8,2026-04-30 07:10,🔒 Qvalia is now listed in the Cloud Security Alliance STAR Registry.,8,1,0,9,Image,Qvalia,https://www.linkedin.com/feed/update/urn:li:activity:7455513854815506432/,https://www.linkedin.com/company/qvalia/posts/?feedView=all
Qvalia,9,2026-04-21 07:45,📲 Qvalia is now available on iPhone and Android.,42,5,5,52,Image,Qvalia,https://www.linkedin.com/feed/update/urn:li:activity:7452261177042104321/,https://www.linkedin.com/company/qvalia/posts/?feedView=all
Qvalia,10,2025-12-19 08:34,"In 2025, we expanded Qvalia’s platform across nearly all fronts. Fredrik Forsell highlights the year’s product updates — from new APIs to AI capabilities.",13,1,2,16,Image,Qvalia,https://www.linkedin.com/feed/update/urn:li:activity:7407699784410664961/,https://www.linkedin.com/company/qvalia/posts/?feedView=all
Qvalia,11,2025-12-01 07:19,🌐 [Peppol for developers] How to get started with Peppol API.,9,0,1,10,Image,Qvalia,https://www.linkedin.com/feed/update/urn:li:activity:7401157892222922752/,https://www.linkedin.com/company/qvalia/posts/?feedView=all
Qvalia,12,2025-11-21 07:22,"👉 Belgium mandates #Peppol e-invoicing for most B2B transactions on January 1, 2026. Our guide covers all you need to know and how to comply in 5 minutes: https://qvl.ai/44dyy8Q",9,0,1,10,Image,Qvalia,https://www.linkedin.com/feed/update/urn:li:activity:7397534958996750336/,https://www.linkedin.com/company/qvalia/posts/?feedView=all
Qvalia,13,2025-11-13 13:02,"🌐 The 2026 Peppol country guide — full list, status, and coverage map. Learn where #Peppol is available, national connectivity, and more",14,0,0,14,Image,Qvalia,https://www.linkedin.com/feed/update/urn:li:activity:7394721214583193601/,https://www.linkedin.com/company/qvalia/posts/?feedView=all
Qvalia,14,2025-10-16 14:47,Thank you to everyone who joined today’s webinar with Julius Nilsson from Docupath and Henri Taipale on #IDP — Intelligent Document Processing — and how it supports AI-readiness ac,0,0,0,0,Multi-image (2),Qvalia,https://www.linkedin.com/feed/update/urn:li:activity:7384600983856742400/,https://www.linkedin.com/company/qvalia/posts/?feedView=all
Qvalia,15,2025-10-07 12:00,[Upcoming webinar] AI-ready finance with Intelligent Document Processing,25,0,7,32,Image,Qvalia,https://www.linkedin.com/feed/update/urn:li:activity:7381297311949336576/,https://www.linkedin.com/company/qvalia/posts/?feedView=all
Qvalia,16,2025-09-24 13:34,Great day at Qvalia together with our friends from Amazon Web Services (AWS).,81,3,8,92,Image,Qvalia,https://www.linkedin.com/feed/update/urn:li:activity:7376610103166197760/,https://www.linkedin.com/company/qvalia/posts/?feedView=all
Qvalia,17,2025-09-24 06:23,"Connect is more than digital invoicing. It’s your gateway to automation, compliance, and smarter financial management.",4,1,0,5,Article/Link,Qvalia,https://www.linkedin.com/feed/update/urn:li:activity:7376501398773010432/,https://www.linkedin.com/company/qvalia/posts/?feedView=all
AMC Banking,1,2026-09-15 08:30,🌍 More banks. More markets. More coverage.,7,0,0,7,Article/Link,AMC Banking,https://www.linkedin.com/feed/update/urn:li:activity:7505543652060901376/,https://www.linkedin.com/company/amc-banking/posts/?feedView=all
AMC Banking,2,2026-09-07 11:46,Working with multiple banks shouldn’t mean working with multiple banking processes.,4,0,1,5,Text,AMC Banking,https://www.linkedin.com/feed/update/urn:li:activity:7502693793981186048/,https://www.linkedin.com/company/amc-banking/posts/?feedView=all
AMC Banking,3,2026-08-25 08:01,What do you learn from 30+ years of working with bank integration?,18,1,1,20,Image,AMC Banking,https://www.linkedin.com/feed/update/urn:li:activity:7497926223285673984/,https://www.linkedin.com/company/amc-banking/posts/?feedView=all
AMC Banking,4,2026-08-13 08:55,How many systems does your finance team touch just to make a payment? 👇,12,1,0,13,Article/Link,AMC Banking,https://www.linkedin.com/feed/update/urn:li:activity:7493591110922133504/,https://www.linkedin.com/company/amc-banking/posts/?feedView=all
AMC Banking,5,2026-06-23 10:49,"Before summer kicks off, we wanted to share a small milestone from AMC Banking.",13,2,2,17,Image,AMC Banking,https://www.linkedin.com/feed/update/urn:li:activity:7475138045273374721/,https://www.linkedin.com/company/amc-banking/posts/?feedView=all
AMC Banking,6,2026-06-15 08:31,Your biggest compliance risk might be a process nobody questions anymore,6,0,2,8,Article/Link,AMC Banking,https://www.linkedin.com/feed/update/urn:li:activity:7472204084519968769/,https://www.linkedin.com/company/amc-banking/posts/?feedView=all
AMC Banking,7,2026-06-02 07:30,Thanks to everybody who showed up for the reception in our new building! We are looking forward to show it once we are done renovating it.,0,0,0,0,Multi-image (7),AMC Banking,https://www.linkedin.com/feed/update/urn:li:activity:7467477699570143232/,https://www.linkedin.com/company/amc-banking/posts/?feedView=all
AMC Banking,8,2026-05-18 07:34,You can still register for our reception next week if you would like to swing by and say hi.,0,0,0,0,Text,AMC Banking,https://www.linkedin.com/feed/update/urn:li:activity:7462042992778936320/,https://www.linkedin.com/company/amc-banking/posts/?feedView=all
AMC Banking,9,2026-05-06 13:52,"AMC Banking operates under Service Provider Agreements with selected banks, providing a more structured framework for bank integration and onboarding.",9,0,0,9,Text,AMC Banking,https://www.linkedin.com/feed/update/urn:li:activity:7457789357861732352/,https://www.linkedin.com/company/amc-banking/posts/?feedView=all
AMC Banking,10,2026-04-23 13:32,AMC is expanding and we are currently looking for a java developer.,12,0,3,15,Article/Link,AMC Banking,https://www.linkedin.com/feed/update/urn:li:activity:7453073407216349184/,https://www.linkedin.com/company/amc-banking/posts/?feedView=all
AMC Banking,11,2026-04-15 10:17,Still uploading payment files manually?,6,0,0,6,Article/Link,AMC Banking,https://www.linkedin.com/feed/update/urn:li:activity:7450125207387746304/,https://www.linkedin.com/company/amc-banking/posts/?feedView=all
AMC Banking,12,2026-04-14 07:41,We’re moving and we’d love to celebrate with you.,0,0,0,0,Event,AMC Banking,https://www.linkedin.com/feed/update/urn:li:activity:7449723431580745728/,https://www.linkedin.com/company/amc-banking/posts/?feedView=all
AMC Banking,13,2026-04-08 13:39,The torch has officially been passed 🔥🔑,56,4,1,61,Image,AMC Banking,https://www.linkedin.com/feed/update/urn:li:activity:7447639293805621248/,https://www.linkedin.com/company/amc-banking/posts/?feedView=all
AMC Banking,14,2026-02-16 10:30,"Enterprise treasury demands structure, visibility, and control.",7,0,0,7,Image,AMC Banking,https://www.linkedin.com/feed/update/urn:li:activity:7429109810337447936/,https://www.linkedin.com/company/amc-banking/posts/?feedView=all
AMC Banking,15,2026-02-05 10:30,Bank integration: Myth vs reality,0,0,0,0,Video,AMC Banking,https://www.linkedin.com/feed/update/urn:li:activity:7425123553756282881/,https://www.linkedin.com/company/amc-banking/posts/?feedView=all
AMC Banking,16,2026-02-03 14:15,"The AMC Banking webinar series offers: demos, new features, use cases and Q&A, focused on simplifying cash management in Dynamics 365.",0,0,0,0,Video,AMC Banking,https://www.linkedin.com/feed/update/urn:li:activity:7424455443017641984/,https://www.linkedin.com/company/amc-banking/posts/?feedView=all
AMC Banking,17,2026-01-30 10:19,(no text),0,0,0,0,Document/Carousel (PDF),AMC Banking,https://www.linkedin.com/feed/update/urn:li:activity:7422946553084166144/,https://www.linkedin.com/company/amc-banking/posts/?feedView=all
AMC Banking,18,2026-01-28 10:59,ERP bank integration is rarely ‘plug-and-play’.,23,0,0,23,Image,AMC Banking,https://www.linkedin.com/feed/update/urn:li:activity:7422231777206988800/,https://www.linkedin.com/company/amc-banking/posts/?feedView=all
AMC Banking,19,2025-12-12 09:23,We bought The White House... at Frederiksberg.,30,3,2,35,Article/Link,AMC Banking,https://www.linkedin.com/feed/update/urn:li:activity:7405175559128883200/,https://www.linkedin.com/company/amc-banking/posts/?feedView=all
AMC Banking,20,2025-12-03 12:04,You can still sign up for our webinar tomorrow where we take a deep dive into the capabilities of our brand new Business Central app.,4,0,0,4,Article/Link,AMC Banking,https://www.linkedin.com/feed/update/urn:li:activity:7401954468214489088/,https://www.linkedin.com/company/amc-banking/posts/?feedView=all
AMC Banking,21,2025-11-20 12:28,Discover our new app designed to simplify and automate cash management directly inside Microsoft Dynamics 365 Business Central. AMC Banking 365 BC centralizes your banking activiti,0,0,0,0,Video,AMC Banking,https://www.linkedin.com/feed/update/urn:li:activity:7397249382703697920/,https://www.linkedin.com/company/amc-banking/posts/?feedView=all
AMC Banking,22,2025-10-28 13:31,"📣 In case you have not yet signed up for our treasury extension webinar about cash sweeping, you can still make it.",5,0,0,5,Article/Link,AMC Banking,https://www.linkedin.com/feed/update/urn:li:activity:7388930410455502848/,https://www.linkedin.com/company/amc-banking/posts/?feedView=all
AMC Banking,23,2025-10-14 12:41,"In this webinar, we’ll take you through how AMC Banking’s",0,0,0,0,Video,AMC Banking,https://www.linkedin.com/feed/update/urn:li:activity:7383844399052521472/,https://www.linkedin.com/company/amc-banking/posts/?feedView=all
B2Brouter,1,2026-09-16 09:02,🚨 En dos semanas empieza la cuenta atrás de la factura electrónica B2B en España.,0,0,0,0,Multi-image (4),B2Brouter,https://www.linkedin.com/feed/update/urn:li:activity:7505914054385885187/,https://www.linkedin.com/company/b2brouter/posts/?feedView=all
B2Brouter,2,2026-09-15 11:20,One invoice. Two teams behind it.,0,0,0,0,Document/Carousel (PDF),team.blue,https://www.linkedin.com/feed/update/urn:li:activity:7505586357939920896/,https://www.linkedin.com/company/b2brouter/posts/?feedView=all
B2Brouter,3,2026-09-15 09:02,🇫🇷 La réforme de la facturation électronique est entrée en vigueur il y a deux semaines.,3,0,1,4,Image,B2Brouter,https://www.linkedin.com/feed/update/urn:li:activity:7505551520269221888/,https://www.linkedin.com/company/b2brouter/posts/?feedView=all
B2Brouter,4,2026-09-14 09:02,🎒 Zurück im Büro – bereit für die E-Rechnung?,3,0,0,3,Image,B2Brouter,https://www.linkedin.com/feed/update/urn:li:activity:7505189127080894464/,https://www.linkedin.com/company/b2brouter/posts/?feedView=all
B2Brouter,5,2026-09-14 09:01,🎒 ¡La vuelta al cole llega con un 30% de descuento!,7,0,2,9,Image,B2Brouter,https://www.linkedin.com/feed/update/urn:li:activity:7505189091102093312/,https://www.linkedin.com/company/b2brouter/posts/?feedView=all
B2Brouter,6,2026-09-10 09:02,"Deutsche E-Rechnung: Was sollten Produktteams klären, bevor die Entwicklung startet? 🇩🇪",0,0,0,0,Document/Carousel (PDF),B2Brouter,https://www.linkedin.com/feed/update/urn:li:activity:7503739590260781057/,https://www.linkedin.com/company/b2brouter/posts/?feedView=all
B2Brouter,7,2026-09-09 09:30,"France is only the beginning. For ERP teams, the real challenge isn’t adapting to one e-invoicing mandate. It’s keeping up with France, Germany, Spain and every market that follows",0,0,0,0,Text,B2Brouter,https://www.linkedin.com/feed/update/urn:li:activity:7503384247764930560/,https://www.linkedin.com/company/b2brouter/posts/?feedView=all
B2Brouter,8,2026-09-09 09:01,"Si crees que la factura electrónica obligatoria es solo subir un archivo a un portal, te falta una pieza clave del rompecabezas: la interoperabilidad. 🧩",1,0,0,1,Text,B2Brouter,https://www.linkedin.com/feed/update/urn:li:activity:7503377107079675905/,https://www.linkedin.com/company/b2brouter/posts/?feedView=all
B2Brouter,9,2026-09-08 09:01,🚨 Vos clients ne veulent pas changer de logiciel. Ils veulent être conformes sans changer leurs habitudes.,2,2,1,5,Text,B2Brouter,https://www.linkedin.com/feed/update/urn:li:activity:7503014724427612160/,https://www.linkedin.com/company/b2brouter/posts/?feedView=all
B2Brouter,10,2026-09-07 09:02,🚀 Comment intégrer la facturation électronique à son logiciel sans complexifier l’expérience utilisateur ?,9,0,3,12,Article/Link,B2Brouter,https://www.linkedin.com/feed/update/urn:li:activity:7502652387191570432/,https://www.linkedin.com/company/b2brouter/posts/?feedView=all
B2Brouter,11,2026-09-04 08:30,"As France prepares for a major step in its e-invoicing reform, cybersecurity is becoming an increasingly important part of the conversation.",0,0,0,0,Text,B2Brouter,https://www.linkedin.com/feed/update/urn:li:activity:7501557240626311168/,https://www.linkedin.com/company/b2brouter/posts/?feedView=all
B2Brouter,12,2026-09-03 09:01,Was werden Ihre Kunden 2027 von Ihrer Software erwarten? 🇩🇪,0,0,0,0,Text,B2Brouter,https://www.linkedin.com/feed/update/urn:li:activity:7501202793823899649/,https://www.linkedin.com/company/b2brouter/posts/?feedView=all
B2Brouter,13,2026-09-03 07:03,Hito alcanzado: ¡Más de 18 000 empresas francesas confían en @B2Brouter en la red Peppol!,0,0,0,0,Image,Sergio Ramón Ruiz Mahillo,https://www.linkedin.com/feed/update/urn:li:activity:7501173018430259200/,https://www.linkedin.com/company/b2brouter/posts/?feedView=all
B2Brouter,14,2026-09-01 09:02,🚨 Nous y sommes. Le 1er septembre 2026 n’est plus une échéance : c’est aujourd’hui.,0,0,0,0,Document/Carousel (PDF),B2Brouter,https://www.linkedin.com/feed/update/urn:li:activity:7500478125844295680/,https://www.linkedin.com/company/b2brouter/posts/?feedView=all
B2Brouter,15,2026-08-31 09:30,📣 Próximos webinars   Septiembre 2026,3,0,1,4,Image,B2Brouter,https://www.linkedin.com/feed/update/urn:li:activity:7500122911618437122/,https://www.linkedin.com/company/b2brouter/posts/?feedView=all
B2Brouter,16,2026-08-31 09:01,🚀 Upcoming webinars   September 2026,3,0,2,5,Image,B2Brouter,https://www.linkedin.com/feed/update/urn:li:activity:7500115655527133184/,https://www.linkedin.com/company/b2brouter/posts/?feedView=all
B2Brouter,17,2026-08-31 08:09,Diqto s'appuie sur B2Brouter pour la facturation électronique via eDocSync.,0,0,0,0,Image,Diqto - Facture électronique pour artisa,https://www.linkedin.com/feed/update/urn:li:activity:7500102536599838720/,https://www.linkedin.com/company/b2brouter/posts/?feedView=all
B2Brouter,18,2026-08-27 09:01,⚙️ J-5 : une facture conforme peut malgré tout échouer si vos données clients sont incorrectes.,5,0,1,6,Text,B2Brouter,https://www.linkedin.com/feed/update/urn:li:activity:7498666058657005568/,https://www.linkedin.com/company/b2brouter/posts/?feedView=all
B2Brouter,19,2026-08-25 09:02,⏳ J-7 en France : attendre de voir ce qui se passe n’est plus une stratégie.,11,2,4,17,Image,B2Brouter,https://www.linkedin.com/feed/update/urn:li:activity:7497941339712524289/,https://www.linkedin.com/company/b2brouter/posts/?feedView=all
B2Brouter,20,2026-08-20 09:02,🔍 La facturation électronique n’est que la moitié de la réforme. Avez-vous préparé votre e-reporting ?,0,0,0,0,Document/Carousel (PDF),B2Brouter,https://www.linkedin.com/feed/update/urn:li:activity:7496129404830633984/,https://www.linkedin.com/company/b2brouter/posts/?feedView=all
B2Brouter,21,2026-08-18 09:01,"⚠️ J-14 avant la réforme : pour les éditeurs de logiciels, le dernier moment est déjà là.",12,7,2,21,Image,B2Brouter,https://www.linkedin.com/feed/update/urn:li:activity:7495404617548177409/,https://www.linkedin.com/company/b2brouter/posts/?feedView=all
B2Brouter,22,2026-08-17 09:02,"Electronic invoicing is accelerating across Europe, and B2Brouter is growing with it. 🌍",5,0,0,5,Article/Link,B2Brouter,https://www.linkedin.com/feed/update/urn:li:activity:7495042297940733953/,https://www.linkedin.com/company/b2brouter/posts/?feedView=all
B2Brouter,23,2026-08-13 12:12,"Ja no hi ha excuses per adoptar la facturació electrònica, queden molt pocs dies i els que segueixen esperant potser no seran a temps de complir amb la legislació.",0,0,0,0,Article/Link,Oriol Bausà,https://www.linkedin.com/feed/update/urn:li:activity:7493640731597684737/,https://www.linkedin.com/company/b2brouter/posts/?feedView=all
B2Brouter,24,2026-08-13 09:01,La réforme française de la facturation électronique ne concerne pas seulement la France. Elle a aussi un impact sur les flux internationaux. 🌍,9,0,1,10,Image,B2Brouter,https://www.linkedin.com/feed/update/urn:li:activity:7493592677385502720/,https://www.linkedin.com/company/b2brouter/posts/?feedView=all
B2Brouter,25,2026-08-12 08:15,"🇫🇷 Si la réforme française paraît simple en septembre, ce ne sera pas parce qu’elle l’est.",0,0,0,0,Text,B2Brouter,https://www.linkedin.com/feed/update/urn:li:activity:7493218500002463744/,https://www.linkedin.com/company/b2brouter/posts/?feedView=all
B2Brouter,26,2026-08-11 09:01,El otro día Aleix Gasset se atrevió a explicarnos en un vídeo de dos minutos qué es FACe y cómo funciona.,4,0,0,4,Article/Link,B2Brouter,https://www.linkedin.com/feed/update/urn:li:activity:7492867906616074240/,https://www.linkedin.com/company/b2brouter/posts/?feedView=all
B2Brouter,27,2026-08-10 11:29,📣 𝗣𝗮𝗿𝘁𝗻𝗲𝗿 𝗔𝗻𝗻𝗼𝘂𝗻𝗰𝗲𝗺𝗲𝗻𝘁: 𝗕𝟮𝗕𝗿𝗼𝘂𝘁𝗲𝗿,0,0,0,0,Image,e-Invoice.app,https://www.linkedin.com/feed/update/urn:li:activity:7492542597207433216/,https://www.linkedin.com/company/b2brouter/posts/?feedView=all
B2Brouter,28,2026-08-10 07:49,Le permier Septembre est prochajn!,0,0,0,0,Article/Link,Oriol Bausà,https://www.linkedin.com/feed/update/urn:li:activity:7492487176849506304/,https://www.linkedin.com/company/b2brouter/posts/?feedView=all
B2Brouter,29,2026-08-06 09:01,🇩🇪 Die E-Rechnung in Deutschland ist bereits Realität – trotzdem halten sich noch einige Missverständnisse.,0,0,0,0,Document/Carousel (PDF),B2Brouter,https://www.linkedin.com/feed/update/urn:li:activity:7491055957133934593/,https://www.linkedin.com/company/b2brouter/posts/?feedView=all
B2Brouter,30,2026-08-05 09:02,🏆 B2Brouter talent stands out in London!,0,0,0,0,Multi-image (3),B2Brouter,https://www.linkedin.com/feed/update/urn:li:activity:7490693809140563968/,https://www.linkedin.com/company/b2brouter/posts/?feedView=all
B2Brouter,31,2026-08-04 09:02,🇫🇷 Comment bien choisir sa Plateforme Agréée avant l’entrée en vigueur de la réforme de la facturation électronique ?,0,0,0,0,Document/Carousel (PDF),B2Brouter,https://www.linkedin.com/feed/update/urn:li:activity:7490331204169293824/,https://www.linkedin.com/company/b2brouter/posts/?feedView=all
B2Brouter,32,2026-08-03 09:44,"Verifactu como el primer paso hacia el despliegue de ViDA, creo que es imprescindible impulsar Verifactu para estar listos para la iniciativa europea.",0,0,0,0,Article/Link,Oriol Bausà,https://www.linkedin.com/feed/update/urn:li:activity:7489979483010248704/,https://www.linkedin.com/company/b2brouter/posts/?feedView=all
B2Brouter,33,2026-07-30 09:02,"SCI, LMNP et facturation électronique : êtes-vous vraiment concerné ? 🏠",6,0,2,8,Article/Link,B2Brouter,https://www.linkedin.com/feed/update/urn:li:activity:7488519274714578944/,https://www.linkedin.com/company/b2brouter/posts/?feedView=all
B2Brouter,34,2026-07-29 09:01,Germany’s e-invoicing rollout is not just a national compliance update. It is part of a much bigger European shift.,8,0,1,9,Text,B2Brouter,https://www.linkedin.com/feed/update/urn:li:activity:7488156812953686016/,https://www.linkedin.com/company/b2brouter/posts/?feedView=all
B2Brouter,35,2026-07-28 09:02,"Tu ERP puede emitir facturas, pero… ¿puede cumplir con las nuevas obligaciones de la Ley Crea y Crece? 👀",0,0,0,0,Document/Carousel (PDF),B2Brouter,https://www.linkedin.com/feed/update/urn:li:activity:7487794547138150402/,https://www.linkedin.com/company/b2brouter/posts/?feedView=all
B2Brouter,36,2026-07-27 09:02,Belgium’s B2B e-invoicing mandate is already in force. 🇧🇪,0,0,0,0,Document/Carousel (PDF),B2Brouter,https://www.linkedin.com/feed/update/urn:li:activity:7487432108429389824/,https://www.linkedin.com/company/b2brouter/posts/?feedView=all
B2Brouter,37,2026-07-24 09:30,La factura electrónica B2B en España ya no es un proyecto de futuro: el momento de prepararse es ahora. ⭐,0,0,0,0,Text,B2Brouter,https://www.linkedin.com/feed/update/urn:li:activity:7486351984275677184/,https://www.linkedin.com/company/b2brouter/posts/?feedView=all
B2Brouter,38,2026-07-23 09:02,Plateforme Agréée ou Solution Compatible ? 🚀,13,4,4,21,Image,B2Brouter,https://www.linkedin.com/feed/update/urn:li:activity:7485982575778443264/,https://www.linkedin.com/company/b2brouter/posts/?feedView=all
B2Brouter,39,2026-07-22 09:12,Can your software support both XRechnung and ZUGFeRD? 🇩🇪,5,0,2,7,Image,B2Brouter,https://www.linkedin.com/feed/update/urn:li:activity:7485622841774821376/,https://www.linkedin.com/company/b2brouter/posts/?feedView=all
B2Brouter,40,2026-07-21 09:02,🤔 ¿Tienes que enviar todas tus facturas a la AEAT?,0,0,0,0,Document/Carousel (PDF),B2Brouter,https://www.linkedin.com/feed/update/urn:li:activity:7485257863351857152/,https://www.linkedin.com/company/b2brouter/posts/?feedView=all
B2Brouter,41,2026-07-20 09:02,¿Cómo puede un ERP incorporar la facturación electrónica sin asumir toda la complejidad técnica y normativa? 🤔,9,4,1,14,Article/Link,B2Brouter,https://www.linkedin.com/feed/update/urn:li:activity:7484895424160358401/,https://www.linkedin.com/company/b2brouter/posts/?feedView=all
B2Brouter,42,2026-07-17 08:00,"In his latest article, Henrik Möller asks a simple question: if we could rebuild the e-invoicing market from scratch today, what would we do differently?",0,0,0,0,Text,B2Brouter,https://www.linkedin.com/feed/update/urn:li:activity:7483792622466056192/,https://www.linkedin.com/company/b2brouter/posts/?feedView=all
B2Brouter,43,2026-07-16 09:02,La réforme fiscale française ne se limite pas à “envoyer des factures électroniques”. 🏛️,0,0,0,0,Document/Carousel (PDF),B2Brouter,https://www.linkedin.com/feed/update/urn:li:activity:7483446070107287552/,https://www.linkedin.com/company/b2brouter/posts/?feedView=all
B2Brouter,44,2026-07-16 07:23,Meet our Sales Team 👋,0,0,0,0,Document/Carousel (PDF),B2Brouter,https://www.linkedin.com/feed/update/urn:li:activity:7483421106842832896/,https://www.linkedin.com/company/b2brouter/posts/?feedView=all
B2Brouter,45,2026-07-14 09:02,La factura electrónica no va solo de enviar una factura en formato digital.,0,0,0,0,Document/Carousel (PDF),B2Brouter,https://www.linkedin.com/feed/update/urn:li:activity:7482721202222841858/,https://www.linkedin.com/company/b2brouter/posts/?feedView=all
B2Brouter,46,2026-07-13 09:01,🚦 2026 e-invoicing reality check: is your business ready?,0,0,0,0,Poll,B2Brouter,https://www.linkedin.com/feed/update/urn:li:activity:7482358631292755968/,https://www.linkedin.com/company/b2brouter/posts/?feedView=all
B2Brouter,47,2026-07-13 06:45,ERP & E-Invoicing Integration Partners→ Monthly Ranking Status   July 2026,0,0,0,0,Image,taxtech500,https://www.linkedin.com/feed/update/urn:li:activity:7482324195834499072/,https://www.linkedin.com/company/b2brouter/posts/?feedView=all
B2Brouter,48,2026-07-11 06:36,La réforme de la facturation électronique en France ne se limite pas à choisir une Plateforme Agréée.,0,0,0,0,Article/Link,B2Brouter,https://www.linkedin.com/feed/update/urn:li:activity:7481597293889036288/,https://www.linkedin.com/company/b2brouter/posts/?feedView=all
B2Brouter,49,2026-07-11 06:36,"Do you have clients, suppliers or subsidiaries in Germany? 🇩🇪",0,0,0,0,Document/Carousel (PDF),B2Brouter,https://www.linkedin.com/feed/update/urn:li:activity:7481597252260691968/,https://www.linkedin.com/company/b2brouter/posts/?feedView=all
B2Brouter,50,2026-07-09 09:02,La réforme de la facturation électronique en France ne se limite pas à choisir une Plateforme Agréée.,9,0,4,13,Article/Link,B2Brouter,https://www.linkedin.com/feed/update/urn:li:activity:7480909192577544192/,https://www.linkedin.com/company/b2brouter/posts/?feedView=all
Dooap,1,2026-09-15 21:55,"Two continents, one week, zero chill.",27,5,2,34,Image,Dooap,https://www.linkedin.com/feed/update/urn:li:activity:7505746104035045376/,https://www.linkedin.com/company/dooap/posts/?feedView=all
Dooap,2,2026-09-09 18:50,What a great couple of days at #DynamicsCon Regional: Ohio Valley!,40,5,0,45,Image,Dooap,https://www.linkedin.com/feed/update/urn:li:activity:7503525345334247424/,https://www.linkedin.com/company/dooap/posts/?feedView=all
Dooap,3,2026-09-04 14:08,We are hitting the road in a few weeks and headed to Dynamics User Group (DUG) Regional in Montreal. Join Sam Bush and Ina Myllykoski for their session: Meet Your New AP Teammates:,12,2,1,15,Image,Dooap,https://www.linkedin.com/feed/update/urn:li:activity:7501642410838478848/,https://www.linkedin.com/company/dooap/posts/?feedView=all
Dooap,4,2026-09-02 19:38,Evaluating AP automation for Microsoft Dynamics 365 Finance? The shortlist gets crowded fast — and the options don't all work the same way.,9,0,1,10,Article/Link,Dooap,https://www.linkedin.com/feed/update/urn:li:activity:7501000650630131712/,https://www.linkedin.com/company/dooap/posts/?feedView=all
Dooap,5,2026-08-18 15:29,Dooap Studio has a new home: https://dooapstudio.ai/,10,1,6,17,Image,Dooap,https://www.linkedin.com/feed/update/urn:li:activity:7495502138014625792/,https://www.linkedin.com/company/dooap/posts/?feedView=all
Dooap,6,2026-08-06 18:12,"We're sponsoring Dynamics User Group (DUG) DynamicsCon Regional: Ohio Valley on August 25–26 in Dublin, OH — and our team will be at the Dooap booth the whole time.",9,1,1,11,Image,Dooap,https://www.linkedin.com/feed/update/urn:li:activity:7491194529493078016/,https://www.linkedin.com/company/dooap/posts/?feedView=all
Dooap,7,2026-08-03 19:15,Everyone is talking about AI in finance. Very few are talking about what's actually working.,6,1,1,8,Image,Dooap,https://www.linkedin.com/feed/update/urn:li:activity:7490123141965590530/,https://www.linkedin.com/company/dooap/posts/?feedView=all
Dooap,8,2026-07-29 19:19,Sharing our story of Dooap Studio live from Dynamic Communities AI Business Applications Partner Executive Summit this morning.,0,0,0,0,Video,Dooap,https://www.linkedin.com/feed/update/urn:li:activity:7488312200672124929/,https://www.linkedin.com/company/dooap/posts/?feedView=all
Dooap,9,2026-07-28 15:52,Looking forward to sharing more about Dooa Studio this week at AI Business Solutions Partner Executive Summit.,0,0,0,0,Text,Dooap,https://www.linkedin.com/feed/update/urn:li:activity:7487897903475298304/,https://www.linkedin.com/company/dooap/posts/?feedView=all
Dooap,10,2026-07-21 16:08,We're heading to Copenhagen!,10,0,1,11,Image,Dooap,https://www.linkedin.com/feed/update/urn:li:activity:7485365193951150082/,https://www.linkedin.com/company/dooap/posts/?feedView=all
Dooap,11,2026-07-20 14:48,"Five years in, and she still says it feels new every day.",18,1,0,19,Image,Dooap,https://www.linkedin.com/feed/update/urn:li:activity:7484982480387764227/,https://www.linkedin.com/company/dooap/posts/?feedView=all
Dooap,12,2026-07-17 14:17,"Who is attending Dynamic Communities's AI Business Solutions Partner Executive Summit? Our CEO, Mikko Hytonen, will be chatting with John Siefert about how we brought Dooap Studio",30,4,1,35,Image,Dooap,https://www.linkedin.com/feed/update/urn:li:activity:7483887642762305537/,https://www.linkedin.com/company/dooap/posts/?feedView=all
Dooap,13,2026-07-16 13:55,"Every D365 vendor is racing to say ""agentic"" right now. Most are still figuring out what that means in practice.",19,1,4,24,Image,Dooap,https://www.linkedin.com/feed/update/urn:li:activity:7483519748073373697/,https://www.linkedin.com/company/dooap/posts/?feedView=all
Dooap,14,2026-07-07 15:08,"Every AP Manager knows this feeling: you spot the fix, but IT has a three-week queue.",11,0,3,14,Article/Link,Dooap,https://www.linkedin.com/feed/update/urn:li:activity:7480276507207122944/,https://www.linkedin.com/company/dooap/posts/?feedView=all
Dooap,15,2026-07-01 15:10,"Last time we said ""something new is coming,"" we introduced Dooap Studio — agentic AP automation for D365 Finance.",25,0,3,28,Image,Dooap,https://www.linkedin.com/feed/update/urn:li:activity:7478102628753805312/,https://www.linkedin.com/company/dooap/posts/?feedView=all
Dooap,16,2026-06-18 19:35,"Somewhere right now, an AP manager is refreshing their inbox hoping an approval magically appeared.",18,0,2,20,Image,Dooap,https://www.linkedin.com/feed/update/urn:li:activity:7473458422844329984/,https://www.linkedin.com/company/dooap/posts/?feedView=all
Dooap,17,2026-06-18 13:18,We are here and you can find the team and table next to registration. Come chat with us about Agentic AP!,0,0,0,0,Video,Dooap,https://www.linkedin.com/feed/update/urn:li:activity:7473363522626850817/,https://www.linkedin.com/company/dooap/posts/?feedView=all
Dooap,18,2026-06-10 13:38,The Dynamics community is coming to Toronto — and so are we.,16,0,1,17,Image,Dooap,https://www.linkedin.com/feed/update/urn:li:activity:7470469422546255874/,https://www.linkedin.com/company/dooap/posts/?feedView=all
Dooap,19,2026-06-09 19:15,Excited to introduce our latest Dooap Unleashed: Run With Us — Eftsure!,0,0,0,0,Video,Dooap,https://www.linkedin.com/feed/update/urn:li:activity:7470191989318373377/,https://www.linkedin.com/company/dooap/posts/?feedView=all
Dooap,20,2026-06-08 14:12,This is what agentic AP automation looks like.,0,0,0,0,Video,Dooap,https://www.linkedin.com/feed/update/urn:li:activity:7469753292600815617/,https://www.linkedin.com/company/dooap/posts/?feedView=all
Dooap,21,2026-06-04 14:50,Just think of the possibilities with Dooap Studio! Here's one for you.,14,0,1,15,Text,Dooap,https://www.linkedin.com/feed/update/urn:li:activity:7468313154083667968/,https://www.linkedin.com/company/dooap/posts/?feedView=all
Dooap,22,2026-06-03 13:37,AP automation doesn't stop at the invoice. So why should your tech stack?,0,0,0,0,Video,Dooap,https://www.linkedin.com/feed/update/urn:li:activity:7467932443854049281/,https://www.linkedin.com/company/dooap/posts/?feedView=all
Dooap,23,2026-06-01 18:01,We saw a clear shift across #DynamicsCon2026 and #DynamicsMinds2026 this year. The conversation is moving from features to how finance teams actually operate in Microsoft Dynamics,21,0,0,21,Image,Dooap,https://www.linkedin.com/feed/update/urn:li:activity:7467274100789579776/,https://www.linkedin.com/company/dooap/posts/?feedView=all
Dooap,24,2026-05-27 16:39,"Well, that’s a wrap on DynamicsMinds. The Dooap team is heading back through time and space.",0,0,0,0,Multi-image (8),Dooap,https://www.linkedin.com/feed/update/urn:li:activity:7465441559145177094/,https://www.linkedin.com/company/dooap/posts/?feedView=all
Dooap,25,2026-05-26 10:39,Great conversations. Great community.,0,0,0,0,Text,Dooap,https://www.linkedin.com/feed/update/urn:li:activity:7464988638787915776/,https://www.linkedin.com/company/dooap/posts/?feedView=all
Dooap,26,2026-05-25 09:11,"Set up and ready for “Herd your AP with AI Agents”, in Sunset on level 11. Come join us to see agents at work collecting, herding, and making AP happen. DynamicsMinds Anna Tujunen",28,2,3,33,Image,Dooap,https://www.linkedin.com/feed/update/urn:li:activity:7464604016875024384/,https://www.linkedin.com/company/dooap/posts/?feedView=all
Dooap,27,2026-05-22 19:26,We’re heading to #DynamicsMinds2026 and looking forward to being back with the community.,30,0,1,31,Image,Dooap,https://www.linkedin.com/feed/update/urn:li:activity:7463671619656503297/,https://www.linkedin.com/company/dooap/posts/?feedView=all
Dooap,28,2026-05-22 12:24,The biggest problem in finance isn't the system. It's that nobody trusts it.,0,0,0,0,Video,Dooap,https://www.linkedin.com/feed/update/urn:li:activity:7463565533880332288/,https://www.linkedin.com/company/dooap/posts/?feedView=all
Dooap,29,2026-05-21 13:00,"Transform your AP process with automation built for Dynamics 365 Finance. Capture invoices, automate approvals, and match POs seamlessly, all powered by practical AI.",15,0,0,15,Article/Link,Dooap,https://www.linkedin.com/feed/update/urn:li:activity:7463212123708440576/,https://www.linkedin.com/company/dooap/posts/?feedView=all
Dooap,30,2026-05-21 11:04,Sam Bush live here in Helsinki. The Dooap team is gearing up for DynamicsMinds next week and we have a status update.,0,0,0,0,Video,Dooap,https://www.linkedin.com/feed/update/urn:li:activity:7463182960654024704/,https://www.linkedin.com/company/dooap/posts/?feedView=all
Dooap,31,2026-05-19 17:47,What does AI literacy actually look like for a Dynamics 365 Finance team in 2026?,10,0,1,11,Article/Link,Dooap,https://www.linkedin.com/feed/update/urn:li:activity:7462559537166921728/,https://www.linkedin.com/company/dooap/posts/?feedView=all
Dooap,32,2026-05-13 20:49,Love spending time with our partners all year around. At Dynamics User Group (DUG) with so many! Got to spend some time talking with Ellipse Solutions today about our partnership a,0,0,0,0,Text,Dooap,https://www.linkedin.com/feed/update/urn:li:activity:7460431032459128833/,https://www.linkedin.com/company/dooap/posts/?feedView=all
Dooap,33,2026-05-13 17:35,"With AP you have a lot of balls in the air at all times, let Dooap help you herd them with AI!",0,0,0,0,Multi-image (3),Dooap,https://www.linkedin.com/feed/update/urn:li:activity:7460382113092145153/,https://www.linkedin.com/company/dooap/posts/?feedView=all
Dooap,34,2026-05-11 15:32,Run AP with AI agents. Not manual work.,0,0,0,0,Video,Dooap,https://www.linkedin.com/feed/update/urn:li:activity:7459626559054700546/,https://www.linkedin.com/company/dooap/posts/?feedView=all
Dooap,35,2026-05-06 15:40,The AP world is about to change.,21,6,2,29,Image,Dooap,https://www.linkedin.com/feed/update/urn:li:activity:7457816669097398272/,https://www.linkedin.com/company/dooap/posts/?feedView=all
Dooap,36,2026-05-04 14:00,We’re heading to #DynamicsCon in Las Vegas next week!,0,0,0,0,Multi-image (2),Dooap,https://www.linkedin.com/feed/update/urn:li:activity:7457066551268261888/,https://www.linkedin.com/company/dooap/posts/?feedView=all
Dooap,37,2026-04-29 15:11,Welcome to Dooap Unleashed.,0,0,0,0,Video,Dooap,https://www.linkedin.com/feed/update/urn:li:activity:7455272667495993344/,https://www.linkedin.com/company/dooap/posts/?feedView=all
Dooap,38,2026-04-23 19:59,What message would you send to the future? 🚀,0,0,0,0,Video,Dooap,https://www.linkedin.com/feed/update/urn:li:activity:7453170722127925248/,https://www.linkedin.com/company/dooap/posts/?feedView=all
Dooap,39,2026-04-15 09:15,🐑 Still herding invoices manually? What if your AP process could herd itself?,0,0,0,0,Multi-image (2),Dooap,https://www.linkedin.com/feed/update/urn:li:activity:7450109430253404160/,https://www.linkedin.com/company/dooap/posts/?feedView=all
Dooap,40,2026-04-06 14:36,Something new is coming. Stay tuned.,20,1,4,25,Image,Dooap,https://www.linkedin.com/feed/update/urn:li:activity:7446928938054086656/,https://www.linkedin.com/company/dooap/posts/?feedView=all
Dooap,41,2026-03-25 15:00,Join us at the Dynamic Communities Summit NA Roadshow in Vancouver.,0,0,0,0,Multi-image (2),Dooap,https://www.linkedin.com/feed/update/urn:li:activity:7442586096565334016/,https://www.linkedin.com/company/dooap/posts/?feedView=all
Dooap,42,2026-03-10 15:52,Approving invoices shouldn’t keep you tied to your desk.,10,1,3,14,Article/Link,Dooap,https://www.linkedin.com/feed/update/urn:li:activity:7437163375614263296/,https://www.linkedin.com/company/dooap/posts/?feedView=all
Dooap,43,2026-02-19 14:34,We are here and ready to talk about AI and AP for Dynamics 365 Finance in Tampa for the Dynamic Communities roadshow!,49,3,0,52,Image,Dooap,https://www.linkedin.com/feed/update/urn:li:activity:7430258373754798080/,https://www.linkedin.com/company/dooap/posts/?feedView=all
Dooap,44,2026-02-12 20:00,AI is changing Accounts Payable.,14,3,2,19,Image,Dooap,https://www.linkedin.com/feed/update/urn:li:activity:7427803768953655297/,https://www.linkedin.com/company/dooap/posts/?feedView=all
Dooap,45,2026-01-29 08:35,"Sam Bush joins Dooap as Chief Marketing Officer, starting February 1, 2026. She brings in-depth experience in demand generation, partner marketing, and modern go-to-market strategy",42,12,4,58,Image,Dooap,https://www.linkedin.com/feed/update/urn:li:activity:7422558041457442816/,https://www.linkedin.com/company/dooap/posts/?feedView=all
Dooap,46,2026-01-20 07:36,"AI is no longer “coming” to AP. It’s redefining how finance teams lead, work, and make decisions.",0,0,0,0,Document/Carousel (PDF),Dooap,https://www.linkedin.com/feed/update/urn:li:activity:7419281572404756480/,https://www.linkedin.com/company/dooap/posts/?feedView=all
Dooap,47,2026-01-19 13:23,"Happy 2026 🚀, we're looking forward to meeting y'all in Dallas on Thursday! Scott Schlegel and Mikko Hytonen will be there to brief you on the latest in #APautomation 💯.",9,1,1,11,Text,Dooap,https://www.linkedin.com/feed/update/urn:li:activity:7419006712050954242/,https://www.linkedin.com/company/dooap/posts/?feedView=all
Dooap,48,2026-01-08 18:08,"Invoice approvals shouldn’t be a treasure hunt. With Dooap, your workflows adapt to your business, not the other way around.",0,0,0,0,Video,Dooap,https://www.linkedin.com/feed/update/urn:li:activity:7415091937071857664/,https://www.linkedin.com/company/dooap/posts/?feedView=all
Dooap,49,2025-12-11 16:07,"PO matching is one of those tasks you can’t ignore, but you definitely don’t want to babysit. With Dooap, you don’t have to.",0,0,0,0,Video,Dooap,https://www.linkedin.com/feed/update/urn:li:activity:7404914632748036096/,https://www.linkedin.com/company/dooap/posts/?feedView=all
Dooap,50,2025-12-10 07:36,"Our #APautomation solution is designed for Microsoft #D365FO, and a widespread and easy-to-reach presence in the ecosystem is crucial for us. Thank you, Seer 365, for the smooth on",0,0,0,0,Text,Dooap,https://www.linkedin.com/feed/update/urn:li:activity:7404423741767929856/,https://www.linkedin.com/company/dooap/posts/?feedView=all
Yavrio,1,2026-09-15 13:03,Yavrio is at DynamicsCon Regional: Montreal this week.,11,0,1,12,Image,Yavrio,https://www.linkedin.com/feed/update/urn:li:activity:7505612302369513472/,https://www.linkedin.com/company/yavrio/posts/?feedView=all
Yavrio,2,2026-09-10 14:44,The Yavrio team is already counting down to Community Summit North America 2026!,28,2,2,32,Image,Yavrio,https://www.linkedin.com/feed/update/urn:li:activity:7503825705802231808/,https://www.linkedin.com/company/yavrio/posts/?feedView=all
Yavrio,3,2026-09-08 10:32,"An embedded payments system means more than operational efficiency. It means your team can deliver better services, outcompete, and enter new markets with more ease. This is how Ya",0,0,0,0,Video,Yavrio,https://www.linkedin.com/feed/update/urn:li:activity:7503037444116844544/,https://www.linkedin.com/company/yavrio/posts/?feedView=all
Yavrio,4,2026-09-07 13:07,"Our founder, John Lewis, caught up with a true legend of the Microsoft channel, Jeffrey Goldstein, CEO at Queue Associates, to hear his thoughts on:",0,0,0,0,Video,Yavrio,https://www.linkedin.com/feed/update/urn:li:activity:7502714172355371009/,https://www.linkedin.com/company/yavrio/posts/?feedView=all
Yavrio,5,2026-09-03 09:43,A massive thank you to everyone in the ERP + Fintech community who made the Yavrio Open House 01 such a success!,0,0,0,0,Multi-image (10),Yavrio,https://www.linkedin.com/feed/update/urn:li:activity:7501213204778340353/,https://www.linkedin.com/company/yavrio/posts/?feedView=all
Yavrio,6,2026-09-02 12:14,"Meet James Pike, one of our Partner Success Managers at Yavrio!",48,2,0,50,Image,Yavrio,https://www.linkedin.com/feed/update/urn:li:activity:7500888898693160960/,https://www.linkedin.com/company/yavrio/posts/?feedView=all
Yavrio,7,2026-08-26 13:17,The Yavrio team is already counting down the days till Directions for Enterprise 2026! 🇩🇰,30,0,0,30,Image,Yavrio,https://www.linkedin.com/feed/update/urn:li:activity:7498368008654864384/,https://www.linkedin.com/company/yavrio/posts/?feedView=all
Yavrio,8,2026-08-24 17:09,Our team just touched down in Ohio and we can't wait to meet with our partners and clients at the Dynamics User Group (DUG) DynamicsCon Regional event this week!,28,4,0,32,Image,Yavrio,https://www.linkedin.com/feed/update/urn:li:activity:7497701703715061760/,https://www.linkedin.com/company/yavrio/posts/?feedView=all
Yavrio,9,2026-08-20 12:39,This week we've been celebrating the return of Samantha Felling to our USA partner team!,32,2,1,35,Image,Yavrio,https://www.linkedin.com/feed/update/urn:li:activity:7496184053973487617/,https://www.linkedin.com/company/yavrio/posts/?feedView=all
Yavrio,10,2026-08-19 12:41,More than 5 billion Direct Debit payments run through the UK's Bacs network every year.,33,2,2,37,Image,Yavrio,https://www.linkedin.com/feed/update/urn:li:activity:7495822160754708482/,https://www.linkedin.com/company/yavrio/posts/?feedView=all
Yavrio,11,2026-08-14 13:49,What does success actually look like when banking is fully integrated into the ERP?,0,0,0,0,Video,Yavrio,https://www.linkedin.com/feed/update/urn:li:activity:7494027372845948928/,https://www.linkedin.com/company/yavrio/posts/?feedView=all
Yavrio,12,2026-08-13 08:49,Yavrio x Wenalyze🤝,21,2,0,23,Image,Yavrio,https://www.linkedin.com/feed/update/urn:li:activity:7493589448035688448/,https://www.linkedin.com/company/yavrio/posts/?feedView=all
Yavrio,13,2026-08-12 13:10,What a day 🥳,0,0,0,0,Multi-image (6),Yavrio,https://www.linkedin.com/feed/update/urn:li:activity:7493292952002142208/,https://www.linkedin.com/company/yavrio/posts/?feedView=all
Yavrio,14,2026-08-07 13:57,"Meet Phillip Dawson, our VP Sales & Partnerships!",64,8,0,72,Image,Yavrio,https://www.linkedin.com/feed/update/urn:li:activity:7491492841144242177/,https://www.linkedin.com/company/yavrio/posts/?feedView=all
Yavrio,15,2026-08-06 09:08,"Microsoft's Tier 1 ERP now has modern bank connectivity, embedded payments and treasury available!",40,5,0,45,Image,Yavrio,https://www.linkedin.com/feed/update/urn:li:activity:7491057583168921600/,https://www.linkedin.com/company/yavrio/posts/?feedView=all
Yavrio,16,2026-08-05 13:04,"Four years ago, we launched Yavrio Banking and set out on a mission to create a way for businesses to connect their banks to their ERP and automate reconciliation.",105,26,6,137,Image,Yavrio,https://www.linkedin.com/feed/update/urn:li:activity:7490754686266990593/,https://www.linkedin.com/company/yavrio/posts/?feedView=all
Yavrio,17,2026-07-30 10:49,"A brilliant afternoon at Fortnum & Mason, bringing together senior retail leaders for an exclusive roundtable with Microsoft.",0,0,0,0,Multi-image (8),Yavrio,https://www.linkedin.com/feed/update/urn:li:activity:7488546263550971904/,https://www.linkedin.com/company/yavrio/posts/?feedView=all
Yavrio,18,2026-07-29 08:45,This summer we're opening up our London Paddington office for the first ever Yavrio Open House event!,49,8,5,62,Image,Yavrio,https://www.linkedin.com/feed/update/urn:li:activity:7488152744680247297/,https://www.linkedin.com/company/yavrio/posts/?feedView=all
Yavrio,19,2026-07-23 09:00,We're excited to welcome Samuel Price as a Sales Consultant as we continue,49,9,1,59,Image,Yavrio,https://www.linkedin.com/feed/update/urn:li:activity:7485982080963796992/,https://www.linkedin.com/company/yavrio/posts/?feedView=all
Yavrio,20,2026-07-21 10:50,"We're excited to be hosting an exclusive roundtable with Microsoft and iLink Digital, designed for retail leaders.​",32,3,0,35,Image,Yavrio,https://www.linkedin.com/feed/update/urn:li:activity:7485284969116844032/,https://www.linkedin.com/company/yavrio/posts/?feedView=all
Yavrio,21,2026-07-16 10:05,We have loved having summer interns at Yavrio this year! ☀️​,76,3,0,79,Image,Yavrio,https://www.linkedin.com/feed/update/urn:li:activity:7483461878594240513/,https://www.linkedin.com/company/yavrio/posts/?feedView=all
Yavrio,22,2026-07-15 13:08,8–10 days. That's the average close when statements are still pulled manually.,0,0,0,0,Document/Carousel (PDF),Yavrio,https://www.linkedin.com/feed/update/urn:li:activity:7483145531679023104/,https://www.linkedin.com/company/yavrio/posts/?feedView=all
Yavrio,23,2026-07-10 13:09,"Meet our Head of UK Sales, Charlotte Huang!",176,5,0,181,Image,Yavrio,https://www.linkedin.com/feed/update/urn:li:activity:7481333803337117696/,https://www.linkedin.com/company/yavrio/posts/?feedView=all
Yavrio,24,2026-07-08 16:50,A big couple of weeks for the Yavrio team 🙌,0,0,0,0,Multi-image (5),Yavrio,https://www.linkedin.com/feed/update/urn:li:activity:7480664587437158400/,https://www.linkedin.com/company/yavrio/posts/?feedView=all
Yavrio,25,2026-07-03 08:00,Cards on the Table. ♠️♦️,0,0,0,0,Multi-image (4),Yavrio,https://www.linkedin.com/feed/update/urn:li:activity:7478719270944743424/,https://www.linkedin.com/company/yavrio/posts/?feedView=all
Yavrio,26,2026-07-02 11:35,We're delighted to announce our partnership with Sabre Limited as adoption of modern bank connectivity and ERP-embedded payments continues to grow at pace in North America!,35,6,0,41,Image,Yavrio,https://www.linkedin.com/feed/update/urn:li:activity:7478411138188259328/,https://www.linkedin.com/company/yavrio/posts/?feedView=all
Yavrio,27,2026-06-30 11:45,260+ hours a year. That's what manual bank reconciliation costs you per person before Dynamics 365 even starts matching.,17,1,1,19,Image,Yavrio,https://www.linkedin.com/feed/update/urn:li:activity:7477688691012956160/,https://www.linkedin.com/company/yavrio/posts/?feedView=all
Yavrio,28,2026-06-25 20:52,"For finance teams still importing bank statements by CSV into Microsoft Dynamics 365 Business Central, here are 5 things that tend to go wrong, and what changes when you connect yo",0,0,0,0,Document/Carousel (PDF),Yavrio,https://www.linkedin.com/feed/update/urn:li:activity:7476014378476068864/,https://www.linkedin.com/company/yavrio/posts/?feedView=all
Yavrio,29,2026-06-25 17:38,We are live now with Western Computer for our joint session on banking in Microsoft Dynamics 365 Business Central. Join the broadcast below 👇,9,0,0,9,Text,Yavrio,https://www.linkedin.com/feed/update/urn:li:activity:7475965592567578624/,https://www.linkedin.com/company/yavrio/posts/?feedView=all
Yavrio,30,2026-06-24 12:35,"Meet our amazing North America Sales Director, Joshua Wilkinson!!",61,6,1,68,Image,Yavrio,https://www.linkedin.com/feed/update/urn:li:activity:7475526992231276544/,https://www.linkedin.com/company/yavrio/posts/?feedView=all
Yavrio,31,2026-06-17 13:23,Only 18% of finance teams close their books in three days or less. The rest are still downloading bank statements by hand.,17,1,1,19,Image,Yavrio,https://www.linkedin.com/feed/update/urn:li:activity:7473002304569503744/,https://www.linkedin.com/company/yavrio/posts/?feedView=all
Yavrio,32,2026-06-16 23:35,"Still moving bank data into your finance system one CSV at a time? It may be time for an upgrade. With Yavrio, your team gains access to live bank feeds, automatic reconciliation,",0,0,0,0,Video,Yavrio,https://www.linkedin.com/feed/update/urn:li:activity:7472794053525286912/,https://www.linkedin.com/company/yavrio/posts/?feedView=all
Yavrio,33,2026-06-08 10:04,The payment is accepted. But is the finance work actually done?,48,1,0,49,Image,Yavrio,https://www.linkedin.com/feed/update/urn:li:activity:7469690853242851328/,https://www.linkedin.com/company/yavrio/posts/?feedView=all
Yavrio,34,2026-06-03 12:30,What a 2026 Yavrio is having so far!,0,0,0,0,Multi-image (6),Yavrio,https://www.linkedin.com/feed/update/urn:li:activity:7467915536178421760/,https://www.linkedin.com/company/yavrio/posts/?feedView=all
Yavrio,35,2026-05-29 13:49,DynamicsMinds 2026 is done and what a week it's been ❤️,0,0,0,0,Multi-image (5),Yavrio,https://www.linkedin.com/feed/update/urn:li:activity:7466123635569717248/,https://www.linkedin.com/company/yavrio/posts/?feedView=all
Yavrio,36,2026-05-27 13:06,Finance teams BEFORE vs AFTER Yavrio 👀,0,0,0,0,Video,Yavrio,https://www.linkedin.com/feed/update/urn:li:activity:7465387859412209664/,https://www.linkedin.com/company/yavrio/posts/?feedView=all
Yavrio,37,2026-05-26 15:15,"Next month, in a webinar with Western Computer, we’re breaking down what happens when banking and payments are fully embedded inside Dynamics 365 Business Central 💡",25,2,1,28,Image,Yavrio,https://www.linkedin.com/feed/update/urn:li:activity:7465057915482198016/,https://www.linkedin.com/company/yavrio/posts/?feedView=all
Yavrio,38,2026-05-26 14:20,Day one of DynamicsMinds wrapped and what a start its been 🚀,0,0,0,0,Multi-image (4),Yavrio,https://www.linkedin.com/feed/update/urn:li:activity:7465044256492101633/,https://www.linkedin.com/company/yavrio/posts/?feedView=all
Yavrio,39,2026-05-21 13:18,We’re very excited to announce a new partnership between Yavrio and Custom Systems 🤝,32,3,1,36,Image,Yavrio,https://www.linkedin.com/feed/update/urn:li:activity:7463216587676946434/,https://www.linkedin.com/company/yavrio/posts/?feedView=all
Yavrio,40,2026-05-15 15:47,DynamicsCon 2026 wrapped and what a few days it was!,0,0,0,0,Multi-image (5),Yavrio,https://www.linkedin.com/feed/update/urn:li:activity:7461079853015007232/,https://www.linkedin.com/company/yavrio/posts/?feedView=all
Yavrio,41,2026-05-13 14:46,We’re excited to have our feet on the ground at Directions ASIA 2026 in Vietnam​!,0,0,0,0,Multi-image (5),Yavrio,https://www.linkedin.com/feed/update/urn:li:activity:7460339819081183232/,https://www.linkedin.com/company/yavrio/posts/?feedView=all
Yavrio,42,2026-05-13 14:42,Hello from a roasting Las Vegas 👋🔥,0,0,0,0,Image,Matilda Sjöberg,https://www.linkedin.com/feed/update/urn:li:activity:7460338767321800704/,https://www.linkedin.com/company/yavrio/posts/?feedView=all
Yavrio,43,2026-05-12 14:12,Another amazing event. 🎉,0,0,0,0,Multi-image (5),Yavrio,https://www.linkedin.com/feed/update/urn:li:activity:7459968710695501824/,https://www.linkedin.com/company/yavrio/posts/?feedView=all
Yavrio,44,2026-05-07 13:04,Most #ERP banking workflows are still far too manual.,0,0,0,0,Document/Carousel (PDF),Yavrio,https://www.linkedin.com/feed/update/urn:li:activity:7458139664877666305/,https://www.linkedin.com/company/yavrio/posts/?feedView=all
Yavrio,45,2026-05-06 09:19,Next stop: DynamicsCon 👀​,41,3,2,46,Image,Yavrio,https://www.linkedin.com/feed/update/urn:li:activity:7457720756035276801/,https://www.linkedin.com/company/yavrio/posts/?feedView=all
Yavrio,46,2026-05-05 12:01,One of our favourite partner events of the year is back 👀,79,14,2,95,Image,Yavrio,https://www.linkedin.com/feed/update/urn:li:activity:7457398980465864704/,https://www.linkedin.com/company/yavrio/posts/?feedView=all
Yavrio,47,2026-05-01 15:08,“That’s a wrap on Directions North America 2026👏”,0,0,0,0,Multi-image (6),Yavrio,https://www.linkedin.com/feed/update/urn:li:activity:7455996604467118080/,https://www.linkedin.com/company/yavrio/posts/?feedView=all
Yavrio,48,2026-04-28 13:08,A full day in for the Yavrio team and it's already been a strong start at Directions North America 🚀,0,0,0,0,Multi-image (4),Yavrio,https://www.linkedin.com/feed/update/urn:li:activity:7454879245895536640/,https://www.linkedin.com/company/yavrio/posts/?feedView=all
Yavrio,49,2026-04-27 13:26,"We're excited to be sponsoring and attending Directions North America in Orlando today with 1,400+ other innovators in the Microsoft Dynamics 365 Business Central ecosystem.",62,4,1,67,Image,Yavrio,https://www.linkedin.com/feed/update/urn:li:activity:7454521338800623617/,https://www.linkedin.com/company/yavrio/posts/?feedView=all
Yavrio,50,2026-04-23 13:14,🚀 We’re proud to share that Yavrio is a WINNER of the Scaleup category at Innovate Finance Pitch360 2026 🚀,160,22,1,183,Image,Yavrio,https://www.linkedin.com/feed/update/urn:li:activity:7453068823898931200/,https://www.linkedin.com/company/yavrio/posts/?feedView=all
Incedo Inc.,1,2026-09-14 15:58,The metric is visible.,0,0,0,0,Document/Carousel (PDF),Incedo Inc.,https://www.linkedin.com/feed/update/urn:li:activity:7505293808495108096/,https://www.linkedin.com/company/incedo-inc/posts/?feedView=all
Incedo Inc.,2,2026-09-10 03:15,"Agentic AI becomes valuable when AI agents can move work from intake to outcome with the right context, controls and accountability.",0,0,0,0,Document/Carousel (PDF),Incedo Inc.,https://www.linkedin.com/feed/update/urn:li:activity:7503652374603886593/,https://www.linkedin.com/company/incedo-inc/posts/?feedView=all
Incedo Inc.,3,2026-09-08 16:00,𝗪𝗵𝗮𝘁 𝘄𝗶𝗹𝗹 𝗿𝗲𝗺𝗮𝗶𝗻 𝘂𝗻𝗶𝗾𝘂𝗲𝗹𝘆 𝗵𝘂𝗺𝗮𝗻 𝗶𝗻 𝘁𝗵𝗲 𝗮𝗴𝗲 𝗼𝗳 𝗔𝗜?,106,2,2,110,Image,Incedo Inc.,https://www.linkedin.com/feed/update/urn:li:activity:7503120034085380096/,https://www.linkedin.com/company/incedo-inc/posts/?feedView=all
Incedo Inc.,4,2026-09-07 12:33,We are building the future of software development—together with AWS.,44,3,1,48,Image,Incedo Inc.,https://www.linkedin.com/feed/update/urn:li:activity:7502705641325785089/,https://www.linkedin.com/company/incedo-inc/posts/?feedView=all
Incedo Inc.,5,2026-09-03 13:51,🎙️ 𝗔 𝗰𝗼𝗻𝘃𝗲𝗿𝘀𝗮𝘁𝗶𝗼𝗻 𝘄𝗼𝗿𝘁𝗵 𝘁𝘂𝗻𝗶𝗻𝗴 𝗶𝗻 𝗳𝗼𝗿!,70,1,4,75,Image,Incedo Inc.,https://www.linkedin.com/feed/update/urn:li:activity:7501275603527135233/,https://www.linkedin.com/company/incedo-inc/posts/?feedView=all
Incedo Inc.,6,2026-09-02 14:28,"Incedo Navigator helps enterprises transform the economics of operations with AI-enabled, governed execution.",25,0,0,25,Image,Incedo Inc.,https://www.linkedin.com/feed/update/urn:li:activity:7500922688522219520/,https://www.linkedin.com/company/incedo-inc/posts/?feedView=all
Incedo Inc.,7,2026-09-01 14:36,AI can move fast. But who keeps it moving in the right direction?,0,0,0,0,Video,Incedo Inc.,https://www.linkedin.com/feed/update/urn:li:activity:7500562146217590784/,https://www.linkedin.com/company/incedo-inc/posts/?feedView=all
Incedo Inc.,8,2026-08-31 16:36,Reporting answers to an important question: what changed?,17,0,2,19,Image,Incedo Inc.,https://www.linkedin.com/feed/update/urn:li:activity:7500230153436975104/,https://www.linkedin.com/company/incedo-inc/posts/?feedView=all
Incedo Inc.,9,2026-08-27 13:20,𝗣𝗮𝘁𝗶𝗲𝗻𝘁-𝗰𝗲𝗻𝘁𝗿𝗶𝗰 𝗽𝗵𝗮𝗿𝗺𝗮 𝗵𝗮𝘀 𝗿𝗲𝗮𝗰𝗵𝗲𝗱 𝗮𝗻 𝗶𝗻𝗳𝗹𝗲𝗰𝘁𝗶𝗼𝗻 𝗽𝗼𝗶𝗻𝘁.,22,0,2,24,Image,Incedo Inc.,https://www.linkedin.com/feed/update/urn:li:activity:7498731208026198016/,https://www.linkedin.com/company/incedo-inc/posts/?feedView=all
Incedo Inc.,10,2026-08-26 13:58,What does it take to lead through constant change?,96,0,0,96,Image,Incedo Inc.,https://www.linkedin.com/feed/update/urn:li:activity:7498378279662399488/,https://www.linkedin.com/company/incedo-inc/posts/?feedView=all
Incedo Inc.,11,2026-08-25 15:26,The metric is not the decision.,0,0,0,0,Document/Carousel (PDF),Incedo Inc.,https://www.linkedin.com/feed/update/urn:li:activity:7498038176062550017/,https://www.linkedin.com/company/incedo-inc/posts/?feedView=all
Incedo Inc.,12,2026-08-24 13:53,Deploying AI agents is one thing. Transforming an operation is another.,0,0,0,0,Document/Carousel (PDF),Incedo Inc.,https://www.linkedin.com/feed/update/urn:li:activity:7497652197510385664/,https://www.linkedin.com/company/incedo-inc/posts/?feedView=all
Incedo Inc.,13,2026-08-21 14:16,𝗣𝗿𝗼𝘂𝗱 𝘁𝗼 𝗯𝗲 𝗽𝗮𝗿𝘁 𝗼𝗳 𝘁𝗵𝗲 𝟮𝟬𝟮𝟲 𝗜𝗻𝗰. 𝟱𝟬𝟬𝟬.,93,1,2,96,Image,Incedo Inc.,https://www.linkedin.com/feed/update/urn:li:activity:7496570892202835968/,https://www.linkedin.com/company/incedo-inc/posts/?feedView=all
Incedo Inc.,14,2026-08-20 12:21,AI isn’t magic. It’s an interaction.,0,0,0,0,Video,Incedo Inc.,https://www.linkedin.com/feed/update/urn:li:activity:7496179521809768449/,https://www.linkedin.com/company/incedo-inc/posts/?feedView=all
Incedo Inc.,15,2026-08-19 16:15,Can performance testing keep pace with the complexity of modern network devices?,13,1,0,14,Image,Incedo Inc.,https://www.linkedin.com/feed/update/urn:li:activity:7495876140188930048/,https://www.linkedin.com/company/incedo-inc/posts/?feedView=all
Incedo Inc.,16,2026-08-18 15:28,A dashboard can make a metric visible.,0,0,0,0,Document/Carousel (PDF),Incedo Inc.,https://www.linkedin.com/feed/update/urn:li:activity:7495501836985065472/,https://www.linkedin.com/company/incedo-inc/posts/?feedView=all
Incedo Inc.,17,2026-08-17 14:31,"Complex operations need more than disconnected AI tools. They need coordinated execution, operational knowledge, and governance built into every step.",0,0,0,0,Document/Carousel (PDF),Incedo Inc.,https://www.linkedin.com/feed/update/urn:li:activity:7495125056008921088/,https://www.linkedin.com/company/incedo-inc/posts/?feedView=all
Incedo Inc.,18,2026-08-15 06:01,"At Incedo, we believe India’s next chapter will be shaped by bold ideas, human ingenuity, and the power of technology.",97,1,2,100,Image,Incedo Inc.,https://www.linkedin.com/feed/update/urn:li:activity:7494272146324643840/,https://www.linkedin.com/company/incedo-inc/posts/?feedView=all
Incedo Inc.,19,2026-08-14 16:26,Your AI strategy is only as strong as your data foundation.,0,0,0,0,Document/Carousel (PDF),Incedo Inc.,https://www.linkedin.com/feed/update/urn:li:activity:7494066938634051584/,https://www.linkedin.com/company/incedo-inc/posts/?feedView=all
Incedo Inc.,20,2026-08-11 13:39,Most AI tools can answer questions.,0,0,0,0,Document/Carousel (PDF),Incedo Inc.,https://www.linkedin.com/feed/update/urn:li:activity:7492937822975434752/,https://www.linkedin.com/company/incedo-inc/posts/?feedView=all
Incedo Inc.,21,2026-08-07 13:14,Data Modernization should not break what already works.,30,0,0,30,Image,Incedo Inc.,https://www.linkedin.com/feed/update/urn:li:activity:7491481980702957568/,https://www.linkedin.com/company/incedo-inc/posts/?feedView=all
Incedo Inc.,22,2026-08-06 14:12,AI is becoming more capable every day.,0,0,0,0,Video,Incedo Inc.,https://www.linkedin.com/feed/update/urn:li:activity:7491134006529331201/,https://www.linkedin.com/company/incedo-inc/posts/?feedView=all
Incedo Inc.,23,2026-08-05 01:36,Business signals lose value when action comes too late.,21,0,0,21,Image,Incedo Inc.,https://www.linkedin.com/feed/update/urn:li:activity:7490581542579367936/,https://www.linkedin.com/company/incedo-inc/posts/?feedView=all
Incedo Inc.,24,2026-08-03 07:49,"𝗢𝗻𝗲 𝘆𝗲𝗮𝗿 𝗮𝗴𝗼, 𝗛𝘂𝗺𝗮𝗻 𝗘𝗱𝗴𝗲 𝗶𝗻 𝘁𝗵𝗲 𝗔𝗜 𝗔𝗴𝗲 𝘄𝗮𝘀 𝗹𝗮𝘂𝗻𝗰𝗵𝗲𝗱 𝗶𝗻 𝗜𝗻𝗱𝗶𝗮 𝘄𝗶𝘁𝗵 𝗮 𝗰𝗹𝗲𝗮𝗿 𝗯𝗲𝗹𝗶𝗲𝗳:",0,0,0,0,Image,Nitin Seth,https://www.linkedin.com/feed/update/urn:li:activity:7489950549799419904/,https://www.linkedin.com/company/incedo-inc/posts/?feedView=all
Incedo Inc.,25,2026-07-31 15:48,One of the biggest barriers to scaling enterprise AI isn't the capability of the models—it's the lack of enterprise context.,0,0,0,0,Document/Carousel (PDF),Incedo Inc.,https://www.linkedin.com/feed/update/urn:li:activity:7488983923918655488/,https://www.linkedin.com/company/incedo-inc/posts/?feedView=all
Incedo Inc.,26,2026-07-30 14:18,AI is everywhere. But where does real business value actually come from?,83,0,1,84,Image,Incedo Inc.,https://www.linkedin.com/feed/update/urn:li:activity:7488598836253224961/,https://www.linkedin.com/company/incedo-inc/posts/?feedView=all
Incedo Inc.,27,2026-07-29 15:56,Modernizing legacy data should not mean losing the business logic that makes your enterprise run.,29,0,1,30,Image,Incedo Inc.,https://www.linkedin.com/feed/update/urn:li:activity:7488261286011756544/,https://www.linkedin.com/company/incedo-inc/posts/?feedView=all
Incedo Inc.,28,2026-07-28 14:23,"In Life Sciences, timing matters.",0,0,0,0,Document/Carousel (PDF),Incedo Inc.,https://www.linkedin.com/feed/update/urn:li:activity:7487875387016781824/,https://www.linkedin.com/company/incedo-inc/posts/?feedView=all
Incedo Inc.,29,2026-07-24 14:33,"As AI becomes deeply embedded in how we work and lead, success will depend on more than adopting new technology; it will require strengthening the qualities that make us uniquely h",38,0,0,38,Image,Incedo Inc.,https://www.linkedin.com/feed/update/urn:li:activity:7486428286298767361/,https://www.linkedin.com/company/incedo-inc/posts/?feedView=all
Incedo Inc.,30,2026-07-24 06:38,"Legacy data modernization does not need to be slow, complex, or cost-heavy.",23,0,0,23,Image,Incedo Inc.,https://www.linkedin.com/feed/update/urn:li:activity:7486308786610188288/,https://www.linkedin.com/company/incedo-inc/posts/?feedView=all
Incedo Inc.,31,2026-07-22 14:33,Every industry has its own signals.,26,0,0,26,Image,Incedo Inc.,https://www.linkedin.com/feed/update/urn:li:activity:7485703610182533120/,https://www.linkedin.com/company/incedo-inc/posts/?feedView=all
Incedo Inc.,32,2026-07-21 06:23,Tune in Live with Nitin Seth!,33,0,0,33,Image,Incedo Inc.,https://www.linkedin.com/feed/update/urn:li:activity:7485217969195798528/,https://www.linkedin.com/company/incedo-inc/posts/?feedView=all
Incedo Inc.,33,2026-07-20 16:11,Big news!,116,4,1,121,Image,Incedo Inc.,https://www.linkedin.com/feed/update/urn:li:activity:7485003502474301440/,https://www.linkedin.com/company/incedo-inc/posts/?feedView=all
Incedo Inc.,34,2026-07-17 14:19,𝗪𝗲𝗹𝗰𝗼𝗺𝗶𝗻𝗴 𝗼𝘂𝗿 𝗻𝗲𝘄𝗲𝘀𝘁 𝗰𝗼𝗹𝗹𝗲𝗮𝗴𝘂𝗲𝘀!,0,0,0,0,Document/Carousel (PDF),Incedo Inc.,https://www.linkedin.com/feed/update/urn:li:activity:7483888038595588096/,https://www.linkedin.com/company/incedo-inc/posts/?feedView=all
Incedo Inc.,35,2026-07-16 15:19,AI is only as powerful as the data that powers it.,0,0,0,0,Video,Incedo Inc.,https://www.linkedin.com/feed/update/urn:li:activity:7483540871519502336/,https://www.linkedin.com/company/incedo-inc/posts/?feedView=all
Incedo Inc.,36,2026-07-14 14:45,Business problems rarely appear overnight.,0,0,0,0,Document/Carousel (PDF),Incedo Inc.,https://www.linkedin.com/feed/update/urn:li:activity:7482807516180058113/,https://www.linkedin.com/company/incedo-inc/posts/?feedView=all
Incedo Inc.,37,2026-07-13 14:37,Incedo BrainSpark is our enterprise AI platform built to help organizations achieve measurable business outcomes across the product development lifecycle—not just AI adoption.,0,0,0,0,Document/Carousel (PDF),Incedo Inc.,https://www.linkedin.com/feed/update/urn:li:activity:7482443182778060800/,https://www.linkedin.com/company/incedo-inc/posts/?feedView=all
Incedo Inc.,38,2026-07-13 14:11,"We are drowning in data, yet starving for insight. That is the paradox at the center of the AI age: the more data we accumulate, the harder it becomes to turn it into clarity, judg",0,0,0,0,Image,Nitin Seth,https://www.linkedin.com/feed/update/urn:li:activity:7482436613457809408/,https://www.linkedin.com/company/incedo-inc/posts/?feedView=all
Incedo Inc.,39,2026-07-09 16:32,𝗪𝗵𝗮𝘁 𝗶𝘀 𝘁𝗵𝗲 𝗿𝗼𝗹𝗲 𝗼𝗳 𝗵𝘂𝗺𝗮𝗻𝘀 𝗶𝗻 𝗮𝗻 𝗔𝗜-𝗳𝗶𝗿𝘀𝘁 𝘄𝗼𝗿𝗹𝗱?,0,0,0,0,Video,Incedo Inc.,https://www.linkedin.com/feed/update/urn:li:activity:7481022583614730241/,https://www.linkedin.com/company/incedo-inc/posts/?feedView=all
Incedo Inc.,40,2026-07-08 16:59,Your AI strategy is only as strong as the data it runs on.,0,0,0,0,Document/Carousel (PDF),Incedo Inc.,https://www.linkedin.com/feed/update/urn:li:activity:7480666869990047744/,https://www.linkedin.com/company/incedo-inc/posts/?feedView=all
Incedo Inc.,41,2026-07-07 14:42,"Your business is sending signals every day — shifts in revenue, risk, and customer behavior that most leaders only catch once they've become problems.",0,0,0,0,Document/Carousel (PDF),Incedo Inc.,https://www.linkedin.com/feed/update/urn:li:activity:7480269986662477827/,https://www.linkedin.com/company/incedo-inc/posts/?feedView=all
Incedo Inc.,42,2026-07-06 13:45,"AI is reshaping software engineering, but enterprise transformation requires more than isolated copilots.",46,1,2,49,Image,Incedo Inc.,https://www.linkedin.com/feed/update/urn:li:activity:7479893297403072512/,https://www.linkedin.com/company/incedo-inc/posts/?feedView=all
Incedo Inc.,43,2026-07-04 14:02,"Today, we join our colleagues, clients, and partners across the United States in celebrating Independence Day.",56,0,3,59,Image,Incedo Inc.,https://www.linkedin.com/feed/update/urn:li:activity:7479172759625969664/,https://www.linkedin.com/company/incedo-inc/posts/?feedView=all
Incedo Inc.,44,2026-07-03 11:59,"Today, we're celebrating a milestone that belongs to every member of the Incedo community.",81,2,1,84,Image,Incedo Inc.,https://www.linkedin.com/feed/update/urn:li:activity:7478779537720430592/,https://www.linkedin.com/company/incedo-inc/posts/?feedView=all
Incedo Inc.,45,2026-07-02 16:24,What separates a 100X Executive from the rest?,0,0,0,0,Document/Carousel (PDF),Incedo Inc.,https://www.linkedin.com/feed/update/urn:li:activity:7478483762587156480/,https://www.linkedin.com/company/incedo-inc/posts/?feedView=all
Incedo Inc.,46,2026-07-01 14:30,𝗬𝗼𝘂𝗿 𝗔𝗜 𝗶𝘀 𝗼𝗻𝗹𝘆 𝗮𝘀 𝗴𝗼𝗼𝗱 𝗮𝘀 𝘁𝗵𝗲 𝗱𝗮𝘁𝗮 𝗯𝗲𝗵𝗶𝗻𝗱 𝗶𝘁.,0,0,0,0,Video,Incedo Inc.,https://www.linkedin.com/feed/update/urn:li:activity:7478092753827102720/,https://www.linkedin.com/company/incedo-inc/posts/?feedView=all
Incedo Inc.,47,2026-07-01 14:19,"Just wrapped up a super intense week at our Gurgaon office, and I'm leaving super energized.",0,0,0,0,Multi-image (15),Nitin Seth,https://www.linkedin.com/feed/update/urn:li:activity:7478089922483089408/,https://www.linkedin.com/company/incedo-inc/posts/?feedView=all
Incedo Inc.,48,2026-06-30 16:47,"The conversations may have concluded, but the ideas continue to inspire.",0,0,0,0,Video,Incedo Inc.,https://www.linkedin.com/feed/update/urn:li:activity:7477764813415235585/,https://www.linkedin.com/company/incedo-inc/posts/?feedView=all
Incedo Inc.,49,2026-06-26 04:54,"𝗘𝗻𝗲𝗿𝗴𝘆, 𝗽𝘂𝗿𝗽𝗼𝘀𝗲, 𝗮𝗻𝗱 𝗮 𝗯𝗼𝗹𝗱 𝘃𝗶𝘀𝗶𝗼𝗻 𝗳𝗼𝗿 𝘁𝗵𝗲 𝗳𝘂𝘁𝘂𝗿𝗲 𝗱𝗲𝗳𝗶𝗻𝗲𝗱 𝗼𝘂𝗿 𝗝𝘂𝗻𝗲 𝟮𝟬𝟮𝟲 𝗖𝗘𝗢 𝗧𝗼𝘄𝗻𝗵𝗮𝗹𝗹, 𝗵𝗼𝘀𝘁𝗲𝗱 𝗳𝗼𝗿 𝘁𝗵𝗲",0,0,0,0,Multi-image (10),Incedo Inc.,https://www.linkedin.com/feed/update/urn:li:activity:7476135776880136193/,https://www.linkedin.com/company/incedo-inc/posts/?feedView=all
Incedo Inc.,50,2026-06-25 14:39,Your AI strategy is only as strong as your data foundation.,0,0,0,0,Document/Carousel (PDF),Incedo Inc.,https://www.linkedin.com/feed/update/urn:li:activity:7475920497025773568/,https://www.linkedin.com/company/incedo-inc/posts/?feedView=all
Rillion,1,2026-09-16 08:13,Did you know..💭,0,0,0,0,Video,Rillion,https://www.linkedin.com/feed/update/urn:li:activity:7505901573374570497/,https://www.linkedin.com/company/rillion/posts/?feedView=all
Rillion,2,2026-09-15 09:30,Scanning invoices in 2026? That’s very 1665.,13,0,1,14,Image,Rillion,https://www.linkedin.com/feed/update/urn:li:activity:7505558597200969729/,https://www.linkedin.com/company/rillion/posts/?feedView=all
Rillion,3,2026-09-11 07:06,What will the CFO role look like in three years’ time?,0,0,0,0,Multi-image (2),Rillion,https://www.linkedin.com/feed/update/urn:li:activity:7504072758708822016/,https://www.linkedin.com/company/rillion/posts/?feedView=all
Rillion,4,2026-09-10 10:30,Are CFOs out in the weeds?,0,0,0,0,Document/Carousel (PDF),Rillion,https://www.linkedin.com/feed/update/urn:li:activity:7503761864749895683/,https://www.linkedin.com/company/rillion/posts/?feedView=all
Rillion,5,2026-09-09 09:15,Our CFO to CFO newsletter is live!,20,0,0,20,Image,Rillion,https://www.linkedin.com/feed/update/urn:li:activity:7503380455220748288/,https://www.linkedin.com/company/rillion/posts/?feedView=all
Rillion,6,2026-09-07 08:22,Turns out our Product team is fast in more ways than one 🏃💨,0,0,0,0,Video,Rillion,https://www.linkedin.com/feed/update/urn:li:activity:7502642426340073472/,https://www.linkedin.com/company/rillion/posts/?feedView=all
Rillion,7,2026-09-04 08:18,One picture. Seven people. 150+ years of Rillion experience 💚,117,15,2,134,Image,Rillion,https://www.linkedin.com/feed/update/urn:li:activity:7501554322720325632/,https://www.linkedin.com/company/rillion/posts/?feedView=all
Rillion,8,2026-09-03 08:25,The numbers we didn’t show you.,0,0,0,0,Document/Carousel (PDF),Rillion,https://www.linkedin.com/feed/update/urn:li:activity:7501193731593838592/,https://www.linkedin.com/company/rillion/posts/?feedView=all
Rillion,9,2026-09-02 08:34,Some things belong in a museum.,11,0,0,11,Image,Rillion,https://www.linkedin.com/feed/update/urn:li:activity:7500833593825587200/,https://www.linkedin.com/company/rillion/posts/?feedView=all
Rillion,10,2026-09-01 18:26,"I recently had the opportunity to share my perspective on AI in finance for Rillion’s 2026 AI in Finance Report, based on research with 250 CFOs and finance leaders across the U.S.",0,0,0,0,Article/Link,Richard Paik,https://www.linkedin.com/feed/update/urn:li:activity:7500620153638936576/,https://www.linkedin.com/company/rillion/posts/?feedView=all
Rillion,11,2026-09-01 06:45,Did you know that most finance leaders expect AI to significantly change the finance function within the next few years?,0,0,0,0,Multi-image (3),Rillion,https://www.linkedin.com/feed/update/urn:li:activity:7500443603266068480/,https://www.linkedin.com/company/rillion/posts/?feedView=all
Rillion,12,2026-08-28 20:08,68% of finance teams use AI every day.,0,0,0,0,Image,CFO Alliance,https://www.linkedin.com/feed/update/urn:li:activity:7499196118002528256/,https://www.linkedin.com/company/rillion/posts/?feedView=all
Rillion,13,2026-08-28 08:45,Don’t miss the LinkedIn Live we’re hosting today 🎥,14,1,0,15,Image,Rillion,https://www.linkedin.com/feed/update/urn:li:activity:7499024234317455361/,https://www.linkedin.com/company/rillion/posts/?feedView=all
Rillion,14,2026-08-27 14:00,Launch day 🗞️✨,27,6,1,34,Image,Rillion,https://www.linkedin.com/feed/update/urn:li:activity:7498741200993320960/,https://www.linkedin.com/company/rillion/posts/?feedView=all
Rillion,15,2026-08-26 07:30,2029.,0,0,0,0,Video,Rillion,https://www.linkedin.com/feed/update/urn:li:activity:7498280664895680512/,https://www.linkedin.com/company/rillion/posts/?feedView=all
Rillion,16,2026-08-25 10:15,"Are you a finance bro? Sorry, we meant pro!",0,0,0,0,Video,Rillion,https://www.linkedin.com/feed/update/urn:li:activity:7497959726308290560/,https://www.linkedin.com/company/rillion/posts/?feedView=all
Rillion,17,2026-08-24 12:15,250 U.S. CFOs told us what they really think about AI. Now we’re bringing the debate into the studio.,14,0,2,16,Image,Rillion,https://www.linkedin.com/feed/update/urn:li:activity:7497627528086540288/,https://www.linkedin.com/company/rillion/posts/?feedView=all
Rillion,18,2026-08-21 09:42,Dry run mode: ON 🎥,0,0,0,0,Video,Rillion,https://www.linkedin.com/feed/update/urn:li:activity:7496502100101791744/,https://www.linkedin.com/company/rillion/posts/?feedView=all
Rillion,19,2026-08-20 13:13,Is there a gap between how ready finance leaders think they are for AI and what the operational reality actually shows?,0,0,0,0,Video,Rillion,https://www.linkedin.com/feed/update/urn:li:activity:7496192760358600704/,https://www.linkedin.com/company/rillion/posts/?feedView=all
Rillion,20,2026-08-18 12:00,250 US finance leaders told us how they’re using AI.,0,0,0,0,Document/Carousel (PDF),Rillion,https://www.linkedin.com/feed/update/urn:li:activity:7495449491458646017/,https://www.linkedin.com/company/rillion/posts/?feedView=all
Rillion,21,2026-08-17 12:32,Have you seen the latest OnlyCFO newsletter?,14,3,4,21,Image,Rillion,https://www.linkedin.com/feed/update/urn:li:activity:7495095214559256576/,https://www.linkedin.com/company/rillion/posts/?feedView=all
Rillion,22,2026-08-14 10:12,Another G2 badge drop we’re extremely proud to be part of,0,0,0,0,Video,Rillion,https://www.linkedin.com/feed/update/urn:li:activity:7493972789008240640/,https://www.linkedin.com/company/rillion/posts/?feedView=all
Rillion,23,2026-08-12 07:00,"""I love my Excel sheets.""",0,0,0,0,Video,Rillion,https://www.linkedin.com/feed/update/urn:li:activity:7493199636057219072/,https://www.linkedin.com/company/rillion/posts/?feedView=all
Rillion,24,2026-08-11 08:55,This is me and Rosanna asking uncomfortable questions to finance leaders across the US and EMEA during the spring!,0,0,0,0,Video,Frida Ahrenby 🧚🏼,https://www.linkedin.com/feed/update/urn:li:activity:7492866193725255680/,https://www.linkedin.com/company/rillion/posts/?feedView=all
Rillion,25,2026-08-10 07:00,"Finance teams aren't slow to adopt AI, we just doesn't have the luxury of experimenting like other departments.",0,0,0,0,Video,Rillion,https://www.linkedin.com/feed/update/urn:li:activity:7492474884762279936/,https://www.linkedin.com/company/rillion/posts/?feedView=all
Rillion,26,2026-08-05 07:00,The ERP you choose today can either accelerate your next 10 years... or slow them down tremendously 🫠,0,0,0,0,Video,Rillion,https://www.linkedin.com/feed/update/urn:li:activity:7490662912060129280/,https://www.linkedin.com/company/rillion/posts/?feedView=all
Rillion,27,2026-08-03 07:00,"If your finance team only talks to finance, you're leaving value on the table.",0,0,0,0,Video,Rillion,https://www.linkedin.com/feed/update/urn:li:activity:7489938134739087361/,https://www.linkedin.com/company/rillion/posts/?feedView=all
Rillion,28,2026-07-31 12:00,If AI is already part of your team's daily workflow... this poll probably isn't for you.,0,0,0,0,Poll,Rillion,https://www.linkedin.com/feed/update/urn:li:activity:7488926515447918592/,https://www.linkedin.com/company/rillion/posts/?feedView=all
Rillion,29,2026-07-30 07:00,"AP teams, here's your mid-vacation reminder 🌴",0,0,0,0,Document/Carousel (PDF),Rillion,https://www.linkedin.com/feed/update/urn:li:activity:7488488623214907392/,https://www.linkedin.com/company/rillion/posts/?feedView=all
Rillion,30,2026-07-29 12:38,Nail your ERP and CRM and you're 90% there – that used to be the rule for finance leaders... not so much anymore 🙂‍↔️,0,0,0,0,Video,Rillion,https://www.linkedin.com/feed/update/urn:li:activity:7488211302255996928/,https://www.linkedin.com/company/rillion/posts/?feedView=all
Rillion,31,2026-07-28 07:28,Happy Stockholm Pride 🌈!,50,0,3,53,Image,Rillion,https://www.linkedin.com/feed/update/urn:li:activity:7487770833663422465/,https://www.linkedin.com/company/rillion/posts/?feedView=all
Rillion,32,2026-07-27 07:02,"Many finance leaders worry AI will make mistakes they can't track. Rasmus Areskoug, CEO and co-founder of Paraglide AI, says that fear is a huge misconception in finance right now.",0,0,0,0,Article/Link,Rillion,https://www.linkedin.com/feed/update/urn:li:activity:7487401922241572864/,https://www.linkedin.com/company/rillion/posts/?feedView=all
Rillion,33,2026-07-22 07:00,What's the best place to start with AI in finance? The small yes/no decisions you're already making every day 🎙️,0,0,0,0,Video,Rillion,https://www.linkedin.com/feed/update/urn:li:activity:7485589465390837761/,https://www.linkedin.com/company/rillion/posts/?feedView=all
Rillion,34,2026-07-20 07:02,"Denmark leads AI adoption in the Nordics. Sweden lags behind. But Olli Saksa, CFO at Sievo, thinks we're asking the wrong question entirely and his advice for the road ahead is som",0,0,0,0,Article/Link,Rillion,https://www.linkedin.com/feed/update/urn:li:activity:7484865177247645696/,https://www.linkedin.com/company/rillion/posts/?feedView=all
Rillion,35,2026-07-16 07:00,"80% of finance leaders use AI daily, but only 1 in 5 trust it for strategic decisions. Peter U., CFO at Sitoo, thinks the trust gap isn't the problem everyone makes it out to be.",0,0,0,0,Article/Link,Rillion,https://www.linkedin.com/feed/update/urn:li:activity:7483415238780997632/,https://www.linkedin.com/company/rillion/posts/?feedView=all
Rillion,36,2026-07-14 07:00,OCR vs AI invoice capture: what's the actual difference for AP automation?,0,0,0,0,Document/Carousel (PDF),Rillion,https://www.linkedin.com/feed/update/urn:li:activity:7482690351581843456/,https://www.linkedin.com/company/rillion/posts/?feedView=all
Rillion,37,2026-07-13 10:32,"What's possible today wasn't possible 6 months ago. For finance leaders to succeed with AI implementations, you constantly have to challenge your assumptions of what's possible.",0,0,0,0,Image,Rasmus Areskoug,https://www.linkedin.com/feed/update/urn:li:activity:7482381389925982208/,https://www.linkedin.com/company/rillion/posts/?feedView=all
Rillion,38,2026-07-13 07:01,72% of finance teams still struggle with manual corrections despite investing in AI. Our own CFO Johan Dovander says the technology was never the problem - and tells us where the a,0,0,0,0,Article/Link,Rillion,https://www.linkedin.com/feed/update/urn:li:activity:7482328416067850240/,https://www.linkedin.com/company/rillion/posts/?feedView=all
Rillion,39,2026-07-08 07:00,AI transformation in finance is more about getting your people onboard than it is about the tech. That's the part most finance leaders underestimate – and exactly what this episode,0,0,0,0,Video,Rillion,https://www.linkedin.com/feed/update/urn:li:activity:7480516023016771585/,https://www.linkedin.com/company/rillion/posts/?feedView=all
Rillion,40,2026-07-07 07:00,If you'd told us our favourite team events would be the ones you can track on Strava… we'd probably believe you 😂,0,0,0,0,Multi-image (4),Rillion,https://www.linkedin.com/feed/update/urn:li:activity:7480153652356198400/,https://www.linkedin.com/company/rillion/posts/?feedView=all
Rillion,41,2026-07-06 07:00,48% of finance leaders say they want to be strategic advisors. So why do investments keep ending up in transaction-heavy processes?,0,0,0,0,Article/Link,Rillion,https://www.linkedin.com/feed/update/urn:li:activity:7479791251521835008/,https://www.linkedin.com/company/rillion/posts/?feedView=all
Rillion,42,2026-07-03 13:39,Rillion + Stratas: taking AP automation in the UK to the next level 🇬🇧,0,0,0,0,Video,Rillion,https://www.linkedin.com/feed/update/urn:li:activity:7478804731683991552/,https://www.linkedin.com/company/rillion/posts/?feedView=all
Rillion,43,2026-07-02 19:58,Spotted on top of the Empire State Building Rillion,36,0,1,37,Image,Rillion,https://www.linkedin.com/feed/update/urn:li:activity:7478537665391468544/,https://www.linkedin.com/company/rillion/posts/?feedView=all
Rillion,44,2026-07-01 11:43,If you're not optimizing your vacation as much as your AP processes... we need to talk 👀,0,0,0,0,Document/Carousel (PDF),Rillion,https://www.linkedin.com/feed/update/urn:li:activity:7478050590229712896/,https://www.linkedin.com/company/rillion/posts/?feedView=all
Rillion,45,2026-06-29 07:01,"While most finance leaders are still figuring out where AI fits, Peter Egehoved, CFO at Dreamdata, already closed a quarter in a single day with 99% of expenses automated and only",0,0,0,0,Article/Link,Rillion,https://www.linkedin.com/feed/update/urn:li:activity:7477254927422251008/,https://www.linkedin.com/company/rillion/posts/?feedView=all
Rillion,46,2026-06-26 07:00,"If you recognise yourself in any of these, you're not alone.",0,0,0,0,Document/Carousel (PDF),Rillion,https://www.linkedin.com/feed/update/urn:li:activity:7476167409779859457/,https://www.linkedin.com/company/rillion/posts/?feedView=all
Rillion,47,2026-06-23 07:00,Big news! Rillion is partnering with Pinewood.AI 🤝,53,1,11,65,Image,Rillion,https://www.linkedin.com/feed/update/urn:li:activity:7475080212456632320/,https://www.linkedin.com/company/rillion/posts/?feedView=all
Rillion,48,2026-06-22 07:01,"While everyone's drowning in opinions on where AI belongs in finance, Monika Pers, CFO at Alfvén & Didrikson, put into words what everyone is thinking.",0,0,0,0,Article/Link,Rillion,https://www.linkedin.com/feed/update/urn:li:activity:7474718077352439808/,https://www.linkedin.com/company/rillion/posts/?feedView=all
Rillion,49,2026-06-21 19:36,The Nordics agree on many things. Great coffee. Flat hierarchies. Long meetings about short topics. But AI? Not so much..,0,0,0,0,Multi-image (3),Frida Ahrenby 🧚🏼,https://www.linkedin.com/feed/update/urn:li:activity:7474545705307680768/,https://www.linkedin.com/company/rillion/posts/?feedView=all
Rillion,50,2026-06-18 07:01,We asked 250 CFOs across the Nordics about AI in finance. Then put our own CFO Johan Dovander and CMO Frida Ahrenby to work breaking down what the findings actually mean in practic,0,0,0,0,Document/Carousel (PDF),Rillion,https://www.linkedin.com/feed/update/urn:li:activity:7473268661668093952/,https://www.linkedin.com/company/rillion/posts/?feedView=all
SignUp Software,1,2026-08-13 12:33,Manual payments cost more than money.,0,0,0,0,Image,Truvio,https://www.linkedin.com/feed/update/urn:li:activity:7493645887454244865/,https://www.linkedin.com/company/signup-software/posts/?feedView=all
SignUp Software,2,2026-05-21 12:17,It's Partner Day in Sweden! 🎉,0,0,0,0,Multi-image (7),Truvio,https://www.linkedin.com/feed/update/urn:li:activity:7463201369341153280/,https://www.linkedin.com/company/signup-software/posts/?feedView=all
SignUp Software,3,2026-05-13 08:48,"We're live at DYNAfair in Dortmund, Germany! 🎉",0,0,0,0,Multi-image (3),Truvio,https://www.linkedin.com/feed/update/urn:li:activity:7460249676114452481/,https://www.linkedin.com/company/signup-software/posts/?feedView=all
SignUp Software,4,2026-05-12 07:03,"One week to go! If you haven't secured your spot for Truvio Partner Day Stockholm yet, now's the time! 👇",0,0,0,0,Image,Truvio,https://www.linkedin.com/feed/update/urn:li:activity:7459860807045066752/,https://www.linkedin.com/company/signup-software/posts/?feedView=all
SignUp Software,5,2026-04-10 11:13,Your ERP already has the data.,0,0,0,0,Document/Carousel (PDF),Truvio,https://www.linkedin.com/feed/update/urn:li:activity:7448327324502167552/,https://www.linkedin.com/company/signup-software/posts/?feedView=all
SignUp Software,6,2026-04-02 09:32,The difference isn’t your ERP.,0,0,0,0,Image,Truvio,https://www.linkedin.com/feed/update/urn:li:activity:7445402741990039552/,https://www.linkedin.com/company/signup-software/posts/?feedView=all
SignUp Software,7,2026-03-19 09:01,Live Webinar   Close the ERP Intelligence Gap with TruvioSense™,0,0,0,0,Image,Truvio,https://www.linkedin.com/feed/update/urn:li:activity:7440321517260931072/,https://www.linkedin.com/company/signup-software/posts/?feedView=all
SignUp Software,8,2026-03-10 11:53,Get ready for our Truvio Partner Day in Stockholm!,0,0,0,0,Image,Truvio,https://www.linkedin.com/feed/update/urn:li:activity:7437103401567498249/,https://www.linkedin.com/company/signup-software/posts/?feedView=all
SignUp Software,9,2026-02-12 09:12,"In a new episode of the Office of the CFO Podcast, our CEO Joakim Alm and SVP North America Aynsley Keller share the thinking behind the launch of Truvio - and the coming together",0,0,0,0,Video,Truvio,https://www.linkedin.com/feed/update/urn:li:activity:7427640654270484480/,https://www.linkedin.com/company/signup-software/posts/?feedView=all
SignUp Software,10,2026-02-06 21:26,"In the latest Office of the CFO Podcast, John Siefert, CEO of Dynamic Communities & Cloud Wars, sits down with Joakim Alm, Chief Executive Officer of Truvio, and Aynsley Keller, Se",0,0,0,0,Video,Cloud Wars,https://www.linkedin.com/feed/update/urn:li:activity:7425651110872256512/,https://www.linkedin.com/company/signup-software/posts/?feedView=all
SignUp Software,11,2026-02-06 12:13,"ERP systems provide a powerful foundation, but every business is different.",0,0,0,0,Video,Truvio,https://www.linkedin.com/feed/update/urn:li:activity:7425511951759491072/,https://www.linkedin.com/company/signup-software/posts/?feedView=all
SignUp Software,12,2026-02-03 20:15,🖥️𝗡𝗲𝘄 𝗼𝗻 𝗠𝗦𝗗𝗪,0,0,0,0,Event,MSDynamicsWorld.com (MSDW),https://www.linkedin.com/feed/update/urn:li:activity:7424545988234772480/,https://www.linkedin.com/company/signup-software/posts/?feedView=all
SignUp Software,13,2026-01-21 14:10,One Solution. One Partner. Truvio.,192,1,50,243,Image,SignUp Software,https://www.linkedin.com/feed/update/urn:li:activity:7419743074349731840/,https://www.linkedin.com/company/signup-software/posts/?feedView=all
SignUp Software,14,2026-01-20 20:41,Join SignUp Software in the foyer at Dynamic Communities and Cloud Wars #aiacsummit (AI Agent & Copilot Summit) from 3/17- 3/19 at Torrey Pines in San Diego.,0,0,0,0,Image,Cloud Wars,https://www.linkedin.com/feed/update/urn:li:activity:7419479235464970240/,https://www.linkedin.com/company/signup-software/posts/?feedView=all
SignUp Software,15,2026-01-15 14:00,"Last month, Convergence   AI + ERP Conference 2025 in #Miami brought together leaders, partners, and innovators at the intersection of AI, Copilot, and ERP, with a strong focus on",0,0,0,0,Multi-image (6),SignUp Software,https://www.linkedin.com/feed/update/urn:li:activity:7417566314376069120/,https://www.linkedin.com/company/signup-software/posts/?feedView=all
SignUp Software,16,2026-01-05 17:40,🖥️𝗡𝗲𝘄 𝗼𝗻 𝗠𝗦𝗗𝗪!,0,0,0,0,Event,MSDynamicsWorld.com (MSDW),https://www.linkedin.com/feed/update/urn:li:activity:7413997835110625281/,https://www.linkedin.com/company/signup-software/posts/?feedView=all
SignUp Software,17,2025-12-18 19:58,🎙️ 𝗡𝗲𝘄 𝗠𝗦𝗗𝗪 𝗣𝗼𝗱𝗰𝗮𝘀𝘁 𝗘𝗽𝗶𝘀𝗼𝗱𝗲!,0,0,0,0,Image,MSDynamicsWorld.com (MSDW),https://www.linkedin.com/feed/update/urn:li:activity:7407509710611832833/,https://www.linkedin.com/company/signup-software/posts/?feedView=all
SignUp Software,18,2025-12-17 16:30,Happy to share the winners of the 2025 MSDW Marketing Impact Awards!,0,0,0,0,Image,Adam Berezin,https://www.linkedin.com/feed/update/urn:li:activity:7407094963668217857/,https://www.linkedin.com/company/signup-software/posts/?feedView=all
SignUp Software,19,2025-12-15 14:22,"Convergence 2025 in Miami brought together leaders, partners, and innovators at the intersection of AI, Copilot, and ERP, with a strong focus on practical strategies you can apply",0,0,0,0,Image,DynamicWeb,https://www.linkedin.com/feed/update/urn:li:activity:7406337854949187585/,https://www.linkedin.com/company/signup-software/posts/?feedView=all
SignUp Software,20,2025-12-05 18:07,Attending Convergence 2025 in Miami?,20,0,2,22,Image,SignUp Software,https://www.linkedin.com/feed/update/urn:li:activity:7402770520565538816/,https://www.linkedin.com/company/signup-software/posts/?feedView=all
SignUp Software,21,2025-12-03 12:08,"AI is changing how finance teams handle Accounts Payable. From reducing manual data entry to improving accuracy and giving real-time visibility into cash flow, AI-powered AP automa",34,1,2,37,Image,SignUp Software,https://www.linkedin.com/feed/update/urn:li:activity:7401955429213442048/,https://www.linkedin.com/company/signup-software/posts/?feedView=all
SignUp Software,22,2025-11-27 15:13,Awesome energy at ANZ Partner Days today!,0,0,0,0,Multi-image (3),Ari Liukko,https://www.linkedin.com/feed/update/urn:li:activity:7399827598740221952/,https://www.linkedin.com/company/signup-software/posts/?feedView=all
SignUp Software,23,2025-11-27 00:13,"🇦🇺We’re live at ANZ Business Central Day 2025! AI is everywhere today, but the conversations we’re having with partners and customers highlight a familiar truth: many finance tea",90,3,1,94,Image,SignUp Software,https://www.linkedin.com/feed/update/urn:li:activity:7399601109662785536/,https://www.linkedin.com/company/signup-software/posts/?feedView=all
SignUp Software,24,2025-11-26 13:00,𝐔𝐩𝐜𝐨𝐦𝐢𝐧𝐠 𝐆𝐞𝐫𝐦𝐚𝐧 𝐖𝐞𝐛𝐢𝐧𝐚𝐫 🇩🇪!,21,0,4,25,Image,SignUp Software,https://www.linkedin.com/feed/update/urn:li:activity:7399431817549733888/,https://www.linkedin.com/company/signup-software/posts/?feedView=all
SignUp Software,25,2025-11-24 14:54,Tomorrow we are hosting a 30-minute live session on how to automate your AP process in D365 Business Central with ExFlow AP.,27,0,5,32,Image,SignUp Software,https://www.linkedin.com/feed/update/urn:li:activity:7398735787237818370/,https://www.linkedin.com/company/signup-software/posts/?feedView=all
SignUp Software,26,2025-11-21 01:10,🇦🇺 🇳🇿 Less than a week to go! Meet us at ANZ BC Day 2025!,11,0,1,12,Image,SignUp Software,https://www.linkedin.com/feed/update/urn:li:activity:7397441328365596672/,https://www.linkedin.com/company/signup-software/posts/?feedView=all
SignUp Software,27,2025-11-20 14:54,🎙️ New Office of the CFO Podcast Episode!,0,0,0,0,Image,Dynamic Communities,https://www.linkedin.com/feed/update/urn:li:activity:7397286219421777921/,https://www.linkedin.com/company/signup-software/posts/?feedView=all
SignUp Software,28,2025-11-18 14:16,Big News! SignUp Software featured in Microsoft’s announcement of the new Model Context Protocol (MCP),115,1,12,128,Image,SignUp Software,https://www.linkedin.com/feed/update/urn:li:activity:7396551963578023936/,https://www.linkedin.com/company/signup-software/posts/?feedView=all
SignUp Software,29,2025-11-18 06:42,"This year's Microsoft Ignite is particularly special for us, and to me!",0,0,0,0,Image,Koen Cuypers,https://www.linkedin.com/feed/update/urn:li:activity:7396437509322383361/,https://www.linkedin.com/company/signup-software/posts/?feedView=all
SignUp Software,30,2025-11-14 14:34,"Tune in folks, this is next level--LOVE seeing the #microsoft AI partner ecosystem innovation from HSO, RSM, SignUp Software, Cegeka, Crowe, and creating net new customer value thr",0,0,0,0,Text,John Siefert,https://www.linkedin.com/feed/update/urn:li:activity:7395106798887911424/,https://www.linkedin.com/company/signup-software/posts/?feedView=all
SignUp Software,31,2025-11-13 13:56,🆕𝗨𝗻𝘃𝗲𝗶𝗹𝗶𝗻𝗴 𝘁𝗵𝗲 𝟮𝟬𝟮𝟱 𝗗𝘆𝗻𝗮𝗺𝗶𝗰𝘀 𝟯𝟲𝟱 𝗔𝗣 𝗔𝘂𝘁𝗼𝗺𝗮𝘁𝗶𝗼𝗻 𝗥𝗲𝗽𝗼𝗿𝘁 𝗳𝗼𝗿 𝗙𝗶𝗻𝗮𝗻𝗰𝗲 𝗟𝗲𝗮𝗱𝗲𝗿𝘀,0,0,0,0,Event,MSDynamicsWorld.com (MSDW),https://www.linkedin.com/feed/update/urn:li:activity:7394734973464805377/,https://www.linkedin.com/company/signup-software/posts/?feedView=all
SignUp Software,32,2025-11-12 11:08,𝗦𝘁𝗼𝗽 𝗖𝗹𝗶𝗰𝗸𝗶𝗻𝗴 𝗮𝗻𝗱 𝗦𝘁𝗮𝗿𝘁 𝗔𝘂𝘁𝗼𝗺𝗮𝘁𝗶𝗻𝗴 𝗬𝗼𝘂𝗿 𝗔𝗣 𝗣𝗿𝗼𝗰𝗲𝘀𝘀 𝗶𝗻 𝗕𝘂𝘀𝗶𝗻𝗲𝘀𝘀 𝗖𝗲𝗻𝘁𝗿𝗮𝗹!,35,0,5,40,Image,SignUp Software,https://www.linkedin.com/feed/update/urn:li:activity:7394330120737538050/,https://www.linkedin.com/company/signup-software/posts/?feedView=all
SignUp Software,33,2025-11-11 10:03,AP automation isn’t just about efficiency - it’s about unlocking strategic value. 🔓,25,1,4,30,Image,SignUp Software,https://www.linkedin.com/feed/update/urn:li:activity:7393951440312111104/,https://www.linkedin.com/company/signup-software/posts/?feedView=all
SignUp Software,34,2025-11-11 10:00,A great chat with our partner COSMO CONSULT during Directions EMEA 2025!,0,0,0,0,Text,SignUp Software,https://www.linkedin.com/feed/update/urn:li:activity:7393950783488110595/,https://www.linkedin.com/company/signup-software/posts/?feedView=all
SignUp Software,35,2025-11-10 14:14,What a week at Directions EMEA 2025! ✨,0,0,0,0,Multi-image (6),DynamicWeb,https://www.linkedin.com/feed/update/urn:li:activity:7393652252831535105/,https://www.linkedin.com/company/signup-software/posts/?feedView=all
SignUp Software,36,2025-11-07 13:41,✨ Directions EMEA 2025 – what a week!,0,0,0,0,Multi-image (6),SignUp Software,https://www.linkedin.com/feed/update/urn:li:activity:7392556918071885825/,https://www.linkedin.com/company/signup-software/posts/?feedView=all
SignUp Software,37,2025-11-06 17:36,What a great few days at #IOFM Fall 2025 in Las Vegas!,0,0,0,0,Multi-image (3),SignUp Software,https://www.linkedin.com/feed/update/urn:li:activity:7392253466963791874/,https://www.linkedin.com/company/signup-software/posts/?feedView=all
SignUp Software,38,2025-11-05 20:31,"If you live in the world of the CFO and his teams, then you know you need to stay on your game when it comes to to automation, tools, and other items necessary to help your company",0,0,0,0,Image,Bob Monio,https://www.linkedin.com/feed/update/urn:li:activity:7391935090672590848/,https://www.linkedin.com/company/signup-software/posts/?feedView=all
SignUp Software,39,2025-11-04 08:59,Cześć z Poznania! 🇵🇱,53,1,5,59,Image,SignUp Software,https://www.linkedin.com/feed/update/urn:li:activity:7391398692529856512/,https://www.linkedin.com/company/signup-software/posts/?feedView=all
SignUp Software,40,2025-11-03 14:31,🆕𝗨𝗻𝘃𝗲𝗶𝗹𝗶𝗻𝗴 𝘁𝗵𝗲 𝟮𝟬𝟮𝟱 𝗗𝘆𝗻𝗮𝗺𝗶𝗰𝘀 𝟯𝟲𝟱 𝗔𝗣 𝗔𝘂𝘁𝗼𝗺𝗮𝘁𝗶𝗼𝗻 𝗥𝗲𝗽𝗼𝗿𝘁 𝗳𝗼𝗿 𝗙𝗶𝗻𝗮𝗻𝗰𝗲 𝗟𝗲𝗮𝗱𝗲𝗿𝘀,0,0,0,0,Event,MSDynamicsWorld.com (MSDW),https://www.linkedin.com/feed/update/urn:li:activity:7391119893720600578/,https://www.linkedin.com/company/signup-software/posts/?feedView=all
SignUp Software,41,2025-10-31 18:09,"The SignUp Software NA team will be attending the Institute of Finance and Management (IOFM) Fall Conference in Las Vegas, November 4-6. Our team of #D365 #BusinessCentral financia",13,0,1,14,Image,SignUp Software,https://www.linkedin.com/feed/update/urn:li:activity:7390087643453296641/,https://www.linkedin.com/company/signup-software/posts/?feedView=all
SignUp Software,42,2025-10-30 08:35,"💡 How confident are you in your Accounts Payable forecasts? If your answer is “not very”, you’re not alone. Many finance teams still rely on outdated spreadsheets for AP forecasti",22,1,2,25,Image,SignUp Software,https://www.linkedin.com/feed/update/urn:li:activity:7389580623474106368/,https://www.linkedin.com/company/signup-software/posts/?feedView=all
SignUp Software,43,2025-10-29 12:40,Think your AP process is automated? Your team might disagree.,23,1,2,26,Image,SignUp Software,https://www.linkedin.com/feed/update/urn:li:activity:7389279893605416960/,https://www.linkedin.com/company/signup-software/posts/?feedView=all
SignUp Software,44,2025-10-28 15:52,✈️ Heading to Directions EMEA next week?,48,2,10,60,Image,SignUp Software,https://www.linkedin.com/feed/update/urn:li:activity:7388965778420629505/,https://www.linkedin.com/company/signup-software/posts/?feedView=all
SignUp Software,45,2025-10-21 20:02,"Knowledge-sharing is what Community Summit NA is all about, and we’re excited to add our voice to the conversation.",63,1,7,71,Image,SignUp Software,https://www.linkedin.com/feed/update/urn:li:activity:7386492195882622977/,https://www.linkedin.com/company/signup-software/posts/?feedView=all
SignUp Software,46,2025-10-21 14:20,🎬 Live from #MySummitNA,0,0,0,0,Article/Link,SKsoft,https://www.linkedin.com/feed/update/urn:li:activity:7386406017409949696/,https://www.linkedin.com/company/signup-software/posts/?feedView=all
SignUp Software,47,2025-10-20 07:00,𝐒𝐭𝐫𝐞𝐧𝐠𝐭𝐡𝐞𝐧𝐢𝐧𝐠 𝐟𝐢𝐧𝐚𝐧𝐜𝐢𝐚𝐥 𝐦𝐚𝐧𝐚𝐠𝐞𝐦𝐞𝐧𝐭 𝐢𝐧 𝐭𝐡𝐞 𝐜𝐨𝐧𝐬𝐭𝐫𝐮𝐜𝐭𝐢𝐨𝐧 𝐢𝐧𝐝𝐮𝐬𝐭𝐫𝐲 🏗️,33,3,6,42,Image,SignUp Software,https://www.linkedin.com/feed/update/urn:li:activity:7385932873888964609/,https://www.linkedin.com/company/signup-software/posts/?feedView=all
SignUp Software,48,2025-10-17 10:08,📣 Danish Webinar alert!,35,0,8,43,Image,SignUp Software,https://www.linkedin.com/feed/update/urn:li:activity:7384892957474226176/,https://www.linkedin.com/company/signup-software/posts/?feedView=all
SignUp Software,49,2025-10-15 13:45,𝐉𝐨𝐢𝐧 𝐒𝐢𝐠𝐧𝐔𝐩 𝐒𝐨𝐟𝐭𝐰𝐚𝐫𝐞 𝐚𝐭 𝐃𝐢𝐫𝐞𝐜𝐭𝐢𝐨𝐧𝐬 𝐄𝐌𝐄𝐀 𝟐𝟎𝟐𝟓 𝐢𝐧 𝐏𝐨𝐳𝐧𝐚ń!,33,0,8,41,Image,SignUp Software,https://www.linkedin.com/feed/update/urn:li:activity:7384222769368055808/,https://www.linkedin.com/company/signup-software/posts/?feedView=all
SignUp Software,50,2025-10-14 14:22,Ready to golf till you drop after a full day at the Summit? SignUp Software is excited to sponsor the Summit Par-Tee at Eagles Edge on October 21 — it’s going to be a real hole-in-,28,0,3,31,Image,SignUp Software,https://www.linkedin.com/feed/update/urn:li:activity:7383869733638594561/,https://www.linkedin.com/company/signup-software/posts/?feedView=all
Fidesic AP,1,2026-09-03 20:47,"Your AP automation was supposed to eliminate manual work. Instead your team is still re-entering data, chasing sync errors, and building spreadsheets to reconcile two systems that",0,0,0,0,Image,Fidesic AP,https://www.linkedin.com/feed/update/urn:li:activity:7501380491703373824/,https://www.linkedin.com/company/fidesic/posts/?feedView=all
Fidesic AP,2,2026-09-02 18:01,"Rally Day is coming to Nashville on Sunday, October 11, a Knights of GP event built for GP customers to connect in person. We've got a $50 discount code for customers: FIDESIC50 Re",7,2,1,10,Image,Fidesic AP,https://www.linkedin.com/feed/update/urn:li:activity:7500976189780660225/,https://www.linkedin.com/company/fidesic/posts/?feedView=all
Fidesic AP,3,2026-09-01 16:18,"Checks are still the top target for payment fraud according to the 2026 AFP Payments Fraud and Control Survey. In 2025, 58% of organizations reported check fraud, more than ACH and",1,0,0,1,Image,Fidesic AP,https://www.linkedin.com/feed/update/urn:li:activity:7500588026159562753/,https://www.linkedin.com/company/fidesic/posts/?feedView=all
Fidesic AP,4,2026-08-31 19:58,In this post highlight some of the common bottlenecks that hinder scalability so you can spot them early before they become a problem.,0,0,0,0,Article/Link,Fidesic AP,https://www.linkedin.com/feed/update/urn:li:activity:7500280991819825153/,https://www.linkedin.com/company/fidesic/posts/?feedView=all
Fidesic AP,5,2026-08-28 17:08,"Like any large financial data migration, you can expect a migration from Dynamics GP to Business Central to create some workflow disruption, data continuity concerns. Sometimes tea",2,0,0,2,Article/Link,Fidesic AP,https://www.linkedin.com/feed/update/urn:li:activity:7499150827744587776/,https://www.linkedin.com/company/fidesic/posts/?feedView=all
Fidesic AP,6,2026-08-28 17:03,#LoveFriday #LoveAutomation,0,0,0,0,Image,Fidesic AP,https://www.linkedin.com/feed/update/urn:li:activity:7499149666702405633/,https://www.linkedin.com/company/fidesic/posts/?feedView=all
Fidesic AP,7,2026-08-27 18:20,#MySummitNA,0,1,0,1,Image,Fidesic AP,https://www.linkedin.com/feed/update/urn:li:activity:7498806656622051330/,https://www.linkedin.com/company/fidesic/posts/?feedView=all
Fidesic AP,8,2026-08-27 17:23,How to Spot AP Bottlenecks Before Growth Stalls. Warning signs your AP process won't scale. See the full post 👉https://lnkd.in/eS9U4PXh,1,0,0,1,Image,Fidesic AP,https://www.linkedin.com/feed/update/urn:li:activity:7498792402149634048/,https://www.linkedin.com/company/fidesic/posts/?feedView=all
Fidesic AP,9,2026-08-26 18:47,"Payment behavior directly affects cash flow, supplier relationships, and access to credit. About 55% of all B2B invoiced sales in the U.S. are overdue, according to Atradius 2024 P",1,0,0,1,Article/Link,Fidesic AP,https://www.linkedin.com/feed/update/urn:li:activity:7498451007710871552/,https://www.linkedin.com/company/fidesic/posts/?feedView=all
Fidesic AP,10,2026-08-26 18:39,💡Cash flow is a fact. Profit is an opinion.,1,0,0,1,Image,Fidesic AP,https://www.linkedin.com/feed/update/urn:li:activity:7498449004578455553/,https://www.linkedin.com/company/fidesic/posts/?feedView=all
Fidesic AP,11,2026-08-25 22:50,Thousands of businesses will be moving from Dynamics GP in the coming years. Begin planning your migration now to ensure you have the resources and support needed for a successful,2,0,0,2,Article/Link,Fidesic AP,https://www.linkedin.com/feed/update/urn:li:activity:7498149928607690753/,https://www.linkedin.com/company/fidesic/posts/?feedView=all
Fidesic AP,12,2026-08-21 18:27,"🤔 Did you know 8 days is how long the median finance team spends closing the books each month, according to an APQC benchmarking survey of 2,300 organizations. #FunFactFriday",1,0,0,1,Image,Fidesic AP,https://www.linkedin.com/feed/update/urn:li:activity:7496633974069334016/,https://www.linkedin.com/company/fidesic/posts/?feedView=all
Fidesic AP,13,2026-08-21 17:59,This post removes some of the fear around GP end of support and offers practical ways to maximize performance of your GP system. It's true that there is some risk in staying on Mic,2,0,0,2,Article/Link,Fidesic AP,https://www.linkedin.com/feed/update/urn:li:activity:7496627142621831168/,https://www.linkedin.com/company/fidesic/posts/?feedView=all
Fidesic AP,14,2026-08-18 15:51,Ready to rock 'n' roll in Nashville for Dynamic Communities Summit NA 2026? We're giving away a pair of AirPods Pro for the #Summitland raffle. Not to mention some pretty cool boot,2,0,1,3,Image,Fidesic AP,https://www.linkedin.com/feed/update/urn:li:activity:7495507785779113985/,https://www.linkedin.com/company/fidesic/posts/?feedView=all
Fidesic AP,15,2026-08-14 16:09,#LoveFriday #LoveAutomation,0,0,0,0,Image,Fidesic AP,https://www.linkedin.com/feed/update/urn:li:activity:7494062588280938497/,https://www.linkedin.com/company/fidesic/posts/?feedView=all
Fidesic AP,16,2026-08-13 19:19,"Fidesic has been recognized as a High Performer on G2, and the team could not be more grateful for the recognition. There's so many more badges to earn. Let's do it!",1,0,0,1,Article/Link,Fidesic AP,https://www.linkedin.com/feed/update/urn:li:activity:7493748004689043456/,https://www.linkedin.com/company/fidesic/posts/?feedView=all
Fidesic AP,17,2026-08-12 22:17,"""Discipline in accounts payable is discipline in cash flow."" #WednesdayWisdom #APTeam",0,0,0,0,Image,Fidesic AP,https://www.linkedin.com/feed/update/urn:li:activity:7493430583696625664/,https://www.linkedin.com/company/fidesic/posts/?feedView=all
Fidesic AP,18,2026-08-12 22:14,"This post covers what BC handles natively for PO matching and AP automation, where the native tools fall short in real world operations, and where Fidesic's MagiCapture extends the",0,0,0,0,Article/Link,Fidesic AP,https://www.linkedin.com/feed/update/urn:li:activity:7493429738439569408/,https://www.linkedin.com/company/fidesic/posts/?feedView=all
Fidesic AP,19,2026-08-11 19:13,Is running accounts payable out of Business Central missing something? AP getting in the way of month-end close? Fidesic can help. Try it out...,3,0,0,3,Article/Link,Fidesic AP,https://www.linkedin.com/feed/update/urn:li:activity:7493021693263687680/,https://www.linkedin.com/company/fidesic/posts/?feedView=all
Fidesic AP,20,2026-08-11 18:54,"It's comin' up quick! Looking forward to seeing everyone in Nashville for #MySummitNA. Stay tuned as we will be posting about our plans, programs and giveaways as we get closer to",6,2,1,9,Image,Fidesic AP,https://www.linkedin.com/feed/update/urn:li:activity:7493017078199926784/,https://www.linkedin.com/company/fidesic/posts/?feedView=all
Fidesic AP,21,2026-08-10 18:17,"When you need to update your AP processes, it makes logical sense to test drive a handful of accounts payable solutions before committing to one. But in a practical sense that kind",3,0,0,3,Article/Link,Fidesic AP,https://www.linkedin.com/feed/update/urn:li:activity:7492645285584797697/,https://www.linkedin.com/company/fidesic/posts/?feedView=all
Fidesic AP,22,2026-08-07 13:37,"Fidesic has been named Best Of AP Automation Tools for Dynamics ERP in 2026 by ERP Software Blog, and this recognition means a lot to the team.",0,0,0,0,Article/Link,Fidesic AP,https://www.linkedin.com/feed/update/urn:li:activity:7491487575438823424/,https://www.linkedin.com/company/fidesic/posts/?feedView=all
Fidesic AP,23,2026-08-06 19:05,"Remittance vs. Bank Transfer: Key Differences. These two terms are sometimes used interchangeably, but there is a meaningful distinction.",0,0,0,0,Image,Fidesic AP,https://www.linkedin.com/feed/update/urn:li:activity:7491207925533741056/,https://www.linkedin.com/company/fidesic/posts/?feedView=all
Fidesic AP,24,2026-08-06 18:31,"Fidesic has been named Best Of AP Automation Tools for Dynamics ERP in 2026 by ERP Software Blog, and this recognition means a lot to the team.",7,0,1,8,Article/Link,Fidesic AP,https://www.linkedin.com/feed/update/urn:li:activity:7491199332113727488/,https://www.linkedin.com/company/fidesic/posts/?feedView=all
Fidesic AP,25,2026-08-05 20:13,"""Every invoice tells a story. Make sure yours check out.""",0,0,0,0,Image,Fidesic AP,https://www.linkedin.com/feed/update/urn:li:activity:7490862545612816384/,https://www.linkedin.com/company/fidesic/posts/?feedView=all
Fidesic AP,26,2026-08-05 18:04,"Is a migration off of Dynamics GP impossible for you right now? Here's a list of things you can do to maximize GP performance. After you read the list below, read our full post to",9,0,1,10,Image,Fidesic AP,https://www.linkedin.com/feed/update/urn:li:activity:7490830050779410432/,https://www.linkedin.com/company/fidesic/posts/?feedView=all
Fidesic AP,27,2026-08-04 20:13,"Fidesic is the strongest AP automation choice for organizations running Microsoft Dynamics GP or D365 Business Central. Its native integration, built specifically for these ERPs me",0,0,0,0,Article/Link,Fidesic AP,https://www.linkedin.com/feed/update/urn:li:activity:7490500058379997184/,https://www.linkedin.com/company/fidesic/posts/?feedView=all
Fidesic AP,28,2026-07-30 18:22,"In this post we are going to assume that you know the pain points of manual paper processes, and therefore understand the potential benefits of a paperless accounts payable system.",0,0,0,0,Article/Link,Fidesic AP,https://www.linkedin.com/feed/update/urn:li:activity:7488660336535928832/,https://www.linkedin.com/company/fidesic/posts/?feedView=all
Fidesic AP,29,2026-07-29 16:17,"The right AP automation software enables small accounting departments to manage multi-location businesses, and it reduces stress around month-end close and creates the foundation f",2,0,0,2,Article/Link,Fidesic AP,https://www.linkedin.com/feed/update/urn:li:activity:7488266414722805760/,https://www.linkedin.com/company/fidesic/posts/?feedView=all
Fidesic AP,30,2026-07-28 18:08,Still on Dynamics GP? Fidesic has deployable AI agents for your Accounts Payable process. Weather you need an immediate fix or an AP solution partner that will be there with you fo,0,0,0,0,Video,Fidesic AP,https://www.linkedin.com/feed/update/urn:li:activity:7487932078039339008/,https://www.linkedin.com/company/fidesic/posts/?feedView=all
Fidesic AP,31,2026-07-24 17:27,💡What separates a successful agentic accounting project from one that fails to deliver value is a vendor who can offer human-to-human service to understand the client's real-world,1,0,0,1,Image,Fidesic AP,https://www.linkedin.com/feed/update/urn:li:activity:7486472030511550464/,https://www.linkedin.com/company/fidesic/posts/?feedView=all
Fidesic AP,32,2026-07-24 17:00,"#FunFactFriday ACH is the largest single B2B payment method by transaction value and the fastest-growing. From 2015 to 2024, overall B2B volume on the ACH Network soared 155%, from",1,0,0,1,Image,Fidesic AP,https://www.linkedin.com/feed/update/urn:li:activity:7486465267926089728/,https://www.linkedin.com/company/fidesic/posts/?feedView=all
Fidesic AP,33,2026-07-23 16:12,"Some strategies sit firmly within AP's direct control. These include capturing early payment discounts, eliminating late payment penalties, tracking vendor grace periods, enforcing",0,0,0,0,Image,Fidesic AP,https://www.linkedin.com/feed/update/urn:li:activity:7486090767141314560/,https://www.linkedin.com/company/fidesic/posts/?feedView=all
Fidesic AP,34,2026-07-22 19:14,A vendor discount captured is margin for which nobody had to sell anything to earn. #WednesdayWisdom,1,0,0,1,Image,Fidesic AP,https://www.linkedin.com/feed/update/urn:li:activity:7485774330354728960/,https://www.linkedin.com/company/fidesic/posts/?feedView=all
Fidesic AP,35,2026-07-21 17:42,Kevin Pritchard talks about why we're pumped to part of Knights of GP and what that means for #DynamicsGP users and partners.,0,0,0,0,Video,Fidesic AP,https://www.linkedin.com/feed/update/urn:li:activity:7485388794855096321/,https://www.linkedin.com/company/fidesic/posts/?feedView=all
Fidesic AP,36,2026-07-17 17:46,Not so #FunFactFiday Still writing checks? You're not alone. But checks remain the payment method most frequently impacted by fraud 😮. Fidesic can help. Pay vendors by check using,2,1,0,3,Image,Fidesic AP,https://www.linkedin.com/feed/update/urn:li:activity:7483940148485844992/,https://www.linkedin.com/company/fidesic/posts/?feedView=all
Fidesic AP,37,2026-07-16 19:17,"Fidesic is continually renewing focus on building trust in the Dynamics Community. Even as we expand our reach into other ERPs, Dynamics GP, Business Central and the community they",0,0,0,0,Article/Link,Fidesic AP,https://www.linkedin.com/feed/update/urn:li:activity:7483600595099037696/,https://www.linkedin.com/company/fidesic/posts/?feedView=all
Fidesic AP,38,2026-07-15 16:31,"For two decades accounts payable was where invoices got matched and paid. In 2026 it sets cash flow timing, catches payment fraud, and feeds forecasting. Ardent Partners calls that",0,0,0,0,Image,Fidesic AP,https://www.linkedin.com/feed/update/urn:li:activity:7483196600123826178/,https://www.linkedin.com/company/fidesic/posts/?feedView=all
Fidesic AP,39,2026-07-14 19:11,When you don't need 3-way matching... 3-way matching assumes something can be received: a warehouse checking off a quantity against an order. That often doesn't work well for:,0,0,0,0,Image,Fidesic AP,https://www.linkedin.com/feed/update/urn:li:activity:7482874355618652160/,https://www.linkedin.com/company/fidesic/posts/?feedView=all
Fidesic AP,40,2026-07-13 16:20,"Trust isn't something you can claim. It's something you have to earn, over and over, in the small moments that don't necessarily make it into a case study.",0,0,0,0,Article/Link,Fidesic AP,https://www.linkedin.com/feed/update/urn:li:activity:7482469128709079040/,https://www.linkedin.com/company/fidesic/posts/?feedView=all
Fidesic AP,41,2026-07-10 18:37,Did you know... 🤖 The first mobile robot that could think through its own actions was built in the late 1960s. They named it Shakey because of its herky-jerky motion and tendency,2,0,0,2,Image,Fidesic AP,https://www.linkedin.com/feed/update/urn:li:activity:7481416424704417793/,https://www.linkedin.com/company/fidesic/posts/?feedView=all
Fidesic AP,42,2026-07-09 22:17,"If you are wondering how to set up your purchase order matching, keep in mind, most businesses don't need to pick one type of matching over the other. They need to know which spend",1,0,0,1,Article/Link,Fidesic AP,https://www.linkedin.com/feed/update/urn:li:activity:7481109316633247744/,https://www.linkedin.com/company/fidesic/posts/?feedView=all
Fidesic AP,43,2026-07-08 18:48,“AI and human ingenuity are powering a bold new operating model that is fundamentally reimagining the finance function.” KPMG,0,0,0,0,Image,Fidesic AP,https://www.linkedin.com/feed/update/urn:li:activity:7480694307214061568/,https://www.linkedin.com/company/fidesic/posts/?feedView=all
Fidesic AP,44,2026-07-07 18:59,Modern AI-based invoice capture uses machine learning models trained on millions of invoice variations. The system recognizes invoice components contextually rather than by fixed p,0,0,0,0,Article/Link,Fidesic AP,https://www.linkedin.com/feed/update/urn:li:activity:7480334686397870083/,https://www.linkedin.com/company/fidesic/posts/?feedView=all
Fidesic AP,45,2026-07-06 20:08,"Unsurprisingly, not all AI projects are a success. At Fidesic, we mitigate your risk and deliver tailored Accounts Payable deployments with provable return on investment and faster",0,0,0,0,Multi-image (5),Fidesic AP,https://www.linkedin.com/feed/update/urn:li:activity:7479989686174715905/,https://www.linkedin.com/company/fidesic/posts/?feedView=all
Fidesic AP,46,2026-07-06 19:32,"Fidesic is the strongest AP automation choice for organizations running Microsoft Dynamics GP or D365 Business Central. Its native integration, built specifically for these ERPs me",1,0,0,1,Article/Link,Fidesic AP,https://www.linkedin.com/feed/update/urn:li:activity:7479980573189406720/,https://www.linkedin.com/company/fidesic/posts/?feedView=all
Fidesic AP,47,2026-07-02 17:35,"📊Ninety-five percent (95%) of enterprise generative AI pilots fail to deliver any measurable financial return, according to MIT's 2025 NANDA research. Kevin Pritchard talks about",0,0,0,0,Video,Fidesic AP,https://www.linkedin.com/feed/update/urn:li:activity:7478501518007070720/,https://www.linkedin.com/company/fidesic/posts/?feedView=all
Fidesic AP,48,2026-07-01 16:24,"🦉 ""Financial close is evolving from a manual, time-consuming task to an automated, continuous cycle."" Deloitte",1,0,0,1,Image,Fidesic AP,https://www.linkedin.com/feed/update/urn:li:activity:7478121323752497152/,https://www.linkedin.com/company/fidesic/posts/?feedView=all
Fidesic AP,49,2026-06-30 17:57,"Ninety-five percent (95%) of enterprise generative AI pilots fail to deliver any measurable financial return, according to MIT's 2025 NANDA research. Fidesic is part of the 5% of A",2,0,0,2,Article/Link,Fidesic AP,https://www.linkedin.com/feed/update/urn:li:activity:7477782494667313153/,https://www.linkedin.com/company/fidesic/posts/?feedView=all
Fidesic AP,50,2026-06-29 21:17,Let's talk about something that's been hiding in plain sight in Dynamics GP that could make your life a whole lot easier. If you're juggling accounts payable across multiple entiti,0,0,0,0,Article/Link,Fidesic AP,https://www.linkedin.com/feed/update/urn:li:activity:7477470199395553280/,https://www.linkedin.com/company/fidesic/posts/?feedView=all
Tipalti,1,2026-09-15 15:16,"Heading to Informa's Finance & Accounting for Bioscience? Stop by the Tipalti booth to see how AI-powered finance automation can help healthcare, biotech, and pharmaceutical teams",3,1,1,5,Image,Tipalti,https://www.linkedin.com/feed/update/urn:li:activity:7505645729906892801/,https://www.linkedin.com/company/tipalti/posts/?feedView=all
Tipalti,2,2026-09-14 14:22,Finance professionals are optimistic about AI. They’re also asking harder questions about whether they can trust it.,5,1,0,6,Image,Tipalti,https://www.linkedin.com/feed/update/urn:li:activity:7505269636905451520/,https://www.linkedin.com/company/tipalti/posts/?feedView=all
Tipalti,3,2026-09-11 15:45,Not sure which automation tool your finance team actually needs? Here's a practical framework.,2,1,1,4,Image,Tipalti,https://www.linkedin.com/feed/update/urn:li:activity:7504203394501357568/,https://www.linkedin.com/company/tipalti/posts/?feedView=all
Tipalti,4,2026-09-10 13:43,"Does this sound familiar? Your finance team spends two full days every month processing payments, taking time away from the work that actually grows the business.",0,1,0,1,Image,Tipalti,https://www.linkedin.com/feed/update/urn:li:activity:7503810273145827328/,https://www.linkedin.com/company/tipalti/posts/?feedView=all
Tipalti,5,2026-09-09 10:06,"Arthur Laykin studied philosophy at Tel Aviv University, took a part-time job at the university tech support desk to pay the bills, and discovered he liked solving problems more th",35,1,0,36,Image,Tipalti,https://www.linkedin.com/feed/update/urn:li:activity:7503393273529536513/,https://www.linkedin.com/company/tipalti/posts/?feedView=all
Tipalti,6,2026-09-08 15:35,"Two-thirds of finance teams saw manual work increase last year, even with new tools in their stack. That's the quiet failure mode of automation that only follows fixed rules: the m",7,0,0,7,Article/Link,Tipalti,https://www.linkedin.com/feed/update/urn:li:activity:7503113683384885248/,https://www.linkedin.com/company/tipalti/posts/?feedView=all
Tipalti,7,2026-09-07 14:41,Scaling globally exposes every crack in your financial infrastructure before it shows up anywhere else.,3,0,0,3,Image,Tipalti,https://www.linkedin.com/feed/update/urn:li:activity:7502737706603585536/,https://www.linkedin.com/company/tipalti/posts/?feedView=all
Tipalti,8,2026-09-04 16:15,Take us out to the ball game!,0,0,0,0,Multi-image (10),Tipalti,https://www.linkedin.com/feed/update/urn:li:activity:7501674295702523904/,https://www.linkedin.com/company/tipalti/posts/?feedView=all
Tipalti,9,2026-09-03 20:53,The Tipalti team was at the World Finance Forum in London this week.,0,0,0,0,Multi-image (3),Tipalti,https://www.linkedin.com/feed/update/urn:li:activity:7501381763076784128/,https://www.linkedin.com/company/tipalti/posts/?feedView=all
Tipalti,10,2026-09-03 15:45,Chasing down W-9s is nobody's idea of a good time.,3,0,0,3,Image,Tipalti,https://www.linkedin.com/feed/update/urn:li:activity:7501304311415513088/,https://www.linkedin.com/company/tipalti/posts/?feedView=all
Tipalti,11,2026-09-02 15:31,Getting buy-in for finance automation is harder than it should be. We've created a framework for you that actually works.,0,0,0,0,Video,Tipalti,https://www.linkedin.com/feed/update/urn:li:activity:7500938365412732929/,https://www.linkedin.com/company/tipalti/posts/?feedView=all
Tipalti,12,2026-09-01 15:30,Our E-commerce playbook is here!,4,1,0,5,Image,Tipalti,https://www.linkedin.com/feed/update/urn:li:activity:7500575726857924608/,https://www.linkedin.com/company/tipalti/posts/?feedView=all
Tipalti,13,2026-08-31 15:15,"Custom Ink was processing 1,260 invoices a month across four entities with a team stretched thin on manual work. They were stuck with vendor coding in spreadsheets, chasing approva",0,0,0,0,Document/Carousel (PDF),Tipalti,https://www.linkedin.com/feed/update/urn:li:activity:7500209556388618241/,https://www.linkedin.com/company/tipalti/posts/?feedView=all
Tipalti,14,2026-08-28 15:00,The trouble with global growth begins when you add country number 2.,0,0,0,0,Video,Tipalti,https://www.linkedin.com/feed/update/urn:li:activity:7499118842401554432/,https://www.linkedin.com/company/tipalti/posts/?feedView=all
Tipalti,15,2026-08-27 15:15,"Tipalti Expenses automates approvals, reconciliation, and reimbursements to simplify workflows and control business costs.",0,0,0,0,Article/Link,Tipalti,https://www.linkedin.com/feed/update/urn:li:activity:7498760004854906881/,https://www.linkedin.com/company/tipalti/posts/?feedView=all
Tipalti,16,2026-08-26 15:30,"Who enjoys PO matching? It's arduous, leads to bottlenecks, and any matching errors can cascade into serious problems.",14,0,1,15,Image,Tipalti,https://www.linkedin.com/feed/update/urn:li:activity:7498401375488212992/,https://www.linkedin.com/company/tipalti/posts/?feedView=all
Tipalti,17,2026-08-25 21:45,🚨 New Playbook 🚨,8,1,0,9,Image,Tipalti,https://www.linkedin.com/feed/update/urn:li:activity:7498133373173923840/,https://www.linkedin.com/company/tipalti/posts/?feedView=all
Tipalti,18,2026-08-25 15:40,"Before he was a product manager, Yacov Gorovoy was a lawyer. He never coded.",42,3,0,45,Image,Tipalti,https://www.linkedin.com/feed/update/urn:li:activity:7498041508441542658/,https://www.linkedin.com/company/tipalti/posts/?feedView=all
Tipalti,19,2026-08-24 15:30,League One Volleyball (LOVB) felt stuck with their legacy system.,0,0,0,0,Document/Carousel (PDF),Tipalti,https://www.linkedin.com/feed/update/urn:li:activity:7497676634448183296/,https://www.linkedin.com/company/tipalti/posts/?feedView=all
Tipalti,20,2026-08-21 15:56,"A company needs to pay a supplier in Germany, a creator in Brazil, and a contractor in the Philippines.",5,1,1,7,Image,Tipalti,https://www.linkedin.com/feed/update/urn:li:activity:7496595987323613184/,https://www.linkedin.com/company/tipalti/posts/?feedView=all
Tipalti,21,2026-08-20 16:13,Great engineering leadership isn’t just about technical expertise; it’s about creating environments where people can do their best work.,4,1,1,6,Image,Tipalti,https://www.linkedin.com/feed/update/urn:li:activity:7496238049702510592/,https://www.linkedin.com/company/tipalti/posts/?feedView=all
Tipalti,22,2026-08-20 14:09,"Most finance teams using AI today are using it as a faster way to do things they already knew how to do: Write an email, summarize a document, or take notes from a meeting.",33,0,0,33,Article/Link,Tipalti,https://www.linkedin.com/feed/update/urn:li:activity:7496206669354438656/,https://www.linkedin.com/company/tipalti/posts/?feedView=all
Tipalti,23,2026-08-19 13:20,"When Prodege's partner network grew, so did the operational complexity behind every payment.",0,0,0,0,Video,Tipalti,https://www.linkedin.com/feed/update/urn:li:activity:7495832020955099136/,https://www.linkedin.com/company/tipalti/posts/?feedView=all
Tipalti,24,2026-08-18 14:46,"AI is no longer a ""someday"" conversation in finance. It's a ""now"" conversation.",24,0,0,24,Image,Tipalti,https://www.linkedin.com/feed/update/urn:li:activity:7495491226494955520/,https://www.linkedin.com/company/tipalti/posts/?feedView=all
Tipalti,25,2026-08-17 14:45,"20 weeks of AP work, eliminated. Every year.",0,0,0,0,Document/Carousel (PDF),Tipalti,https://www.linkedin.com/feed/update/urn:li:activity:7495128560345530369/,https://www.linkedin.com/company/tipalti/posts/?feedView=all
Tipalti,26,2026-08-16 17:23,"In his latest for the Forbes Tech Council, Tipalti CPTO Roby Baruch discusses how AI is transforming product and engineering organizations.",2,0,0,2,Article/Link,Tipalti,https://www.linkedin.com/feed/update/urn:li:activity:7494805936738443264/,https://www.linkedin.com/company/tipalti/posts/?feedView=all
Tipalti,27,2026-08-16 11:10,New from the Tipalti Team 👇,25,4,0,29,Image,Tipalti,https://www.linkedin.com/feed/update/urn:li:activity:7494712091547983872/,https://www.linkedin.com/company/tipalti/posts/?feedView=all
Tipalti,28,2026-08-15 12:29,New from the Tipalti Product Team 👇,100,3,0,103,Image,Tipalti,https://www.linkedin.com/feed/update/urn:li:activity:7494369561652244481/,https://www.linkedin.com/company/tipalti/posts/?feedView=all
Tipalti,29,2026-08-14 15:45,What does it actually take to build financial infrastructure for a company scaling globally?,8,0,0,8,Image,Tipalti,https://www.linkedin.com/feed/update/urn:li:activity:7494056511439106048/,https://www.linkedin.com/company/tipalti/posts/?feedView=all
Tipalti,30,2026-08-13 15:29,"David Fractor, CFO at ImaginAb, has spent seven years building a finance function inside a biotech company, through a sudden shift to remote work, international expansion, and now",9,0,0,9,Image,Tipalti,https://www.linkedin.com/feed/update/urn:li:activity:7493690088099397634/,https://www.linkedin.com/company/tipalti/posts/?feedView=all
Tipalti,31,2026-08-12 18:07,Technology alone won't make finance more scalable.,10,0,0,10,Image,Tipalti,https://www.linkedin.com/feed/update/urn:li:activity:7493367484897640448/,https://www.linkedin.com/company/tipalti/posts/?feedView=all
Tipalti,32,2026-08-11 17:16,Tipalti has officially been named to the Inc. 5000 list for nine consecutive years.,0,0,0,0,Image,Chen Amit,https://www.linkedin.com/feed/update/urn:li:activity:7492992369735385088/,https://www.linkedin.com/company/tipalti/posts/?feedView=all
Tipalti,33,2026-08-11 13:30,We are thrilled to share that Tipalti has been named to the Inc. 5000 list for the ninth consecutive year.,57,1,9,67,Image,Tipalti,https://www.linkedin.com/feed/update/urn:li:activity:7492935597746040832/,https://www.linkedin.com/company/tipalti/posts/?feedView=all
Tipalti,34,2026-08-10 16:08,"Hear directly from finance leaders at AG1, Lantern Community Services, and Lendable on how Tipalti AI agents transform their accounts payable operations, delivering real-time savin",0,0,0,0,Video,Tipalti,https://www.linkedin.com/feed/update/urn:li:activity:7492612899413159936/,https://www.linkedin.com/company/tipalti/posts/?feedView=all
Tipalti,35,2026-08-07 15:20,The best finance leaders often bring perspectives that can't be learned from a textbook.,2,2,0,4,Image,Tipalti,https://www.linkedin.com/feed/update/urn:li:activity:7491513520375824384/,https://www.linkedin.com/company/tipalti/posts/?feedView=all
Tipalti,36,2026-08-06 15:20,"Adding a new country doesn't add one new problem. It adds several at once: subsidiaries, currencies, tax rules, banking relationships, and approval flows, all requiring attention a",0,0,0,0,Video,Tipalti,https://www.linkedin.com/feed/update/urn:li:activity:7491151289582706688/,https://www.linkedin.com/company/tipalti/posts/?feedView=all
Tipalti,37,2026-08-05 15:11,81% of organizations say their external partner networks are vital to business success. Yet most still treat the infrastructure behind paying those partners as an afterthought.,0,0,0,0,Video,Tipalti,https://www.linkedin.com/feed/update/urn:li:activity:7490786545394765824/,https://www.linkedin.com/company/tipalti/posts/?feedView=all
Tipalti,38,2026-08-04 15:15,"Even the best partner programs lose talent when payments are slow, complicated, or hard to manage.",0,0,0,0,Video,Tipalti,https://www.linkedin.com/feed/update/urn:li:activity:7490425097632083968/,https://www.linkedin.com/company/tipalti/posts/?feedView=all
Tipalti,39,2026-08-03 15:35,"The Tipalti team is heading to Minneapolis for the Dynamics Community Summit Roadshow, and we're proud to be a sponsor!",0,0,0,0,Video,Tipalti,https://www.linkedin.com/feed/update/urn:li:activity:7490067743824658432/,https://www.linkedin.com/company/tipalti/posts/?feedView=all
Tipalti,40,2026-07-31 17:10,"There's a lot of noise around agentic AI right now, but what we're hearing from finance teams is far more practical.",6,1,0,7,Image,Tipalti,https://www.linkedin.com/feed/update/urn:li:activity:7489004494077313024/,https://www.linkedin.com/company/tipalti/posts/?feedView=all
Tipalti,41,2026-07-31 15:00,"The Tipalti C-Suite were in Vancouver last week for their executive QBR, and they capped off the sessions with a happy hour for the entire office.",0,0,0,0,Multi-image (10),Tipalti,https://www.linkedin.com/feed/update/urn:li:activity:7488971744008032256/,https://www.linkedin.com/company/tipalti/posts/?feedView=all
Tipalti,42,2026-07-30 16:37,The finance function is being asked to operate at a higher level. The problem is the day-to-day workload hasn't changed to match.,0,0,0,0,Video,Tipalti,https://www.linkedin.com/feed/update/urn:li:activity:7488633931689431041/,https://www.linkedin.com/company/tipalti/posts/?feedView=all
Tipalti,43,2026-07-29 13:37,NEW RESEARCH: The payout infrastructure gap is costing businesses their top partners.,0,0,0,0,Video,Tipalti,https://www.linkedin.com/feed/update/urn:li:activity:7488226191594786817/,https://www.linkedin.com/company/tipalti/posts/?feedView=all
Tipalti,44,2026-07-28 14:45,"Tipalti Mass Payments manages the full payout lifecycle in one platform: payee onboarding, tax compliance, global payments across 200+ countries, FX conversion, and ERP reconciliat",0,0,0,0,Article/Link,Tipalti,https://www.linkedin.com/feed/update/urn:li:activity:7487880818137235457/,https://www.linkedin.com/company/tipalti/posts/?feedView=all
Tipalti,45,2026-07-27 15:24,We're on the floor at Affiliate Summit East in New York today and tomorrow.,0,0,0,0,Video,Tipalti,https://www.linkedin.com/feed/update/urn:li:activity:7487528257370800129/,https://www.linkedin.com/company/tipalti/posts/?feedView=all
Tipalti,46,2026-07-27 13:50,Tonight is Powerhouse Heroes HQ at Hard Rock Cafe in New York City. Doors open at 7 PM.,9,0,0,9,Image,Tipalti,https://www.linkedin.com/feed/update/urn:li:activity:7487504607414317056/,https://www.linkedin.com/company/tipalti/posts/?feedView=all
Tipalti,47,2026-07-24 15:18,"For Mail Shark, managing a growing volume of vendor payments manually was creating a bottleneck in their finance department. They needed a way to seamlessly scale their operations",3,0,0,3,Image,Tipalti,https://www.linkedin.com/feed/update/urn:li:activity:7486439587075063808/,https://www.linkedin.com/company/tipalti/posts/?feedView=all
Tipalti,48,2026-07-23 15:28,61% of finance professionals can now clearly quantify AI ROI. 95% of organizations using AI report measurable cost savings. The business case has been made.,10,0,1,11,Image,Tipalti,https://www.linkedin.com/feed/update/urn:li:activity:7486079716718751744/,https://www.linkedin.com/company/tipalti/posts/?feedView=all
Tipalti,49,2026-07-22 22:46,"I’m excited to share that Tipalti has been named on CNBC's World's Top FinTech Companies of 2026 for the fourth consecutive year. For those who don’t know, this list is MASSIVE in",0,0,0,0,Image,Darren Upson,https://www.linkedin.com/feed/update/urn:li:activity:7485827630764634112/,https://www.linkedin.com/company/tipalti/posts/?feedView=all
Tipalti,50,2026-07-22 16:11,Tipalti has been named to CNBC's World's Top FinTech Companies list for the fourth consecutive year.,78,2,7,87,Image,Tipalti,https://www.linkedin.com/feed/update/urn:li:activity:7485728148282646528/,https://www.linkedin.com/company/tipalti/posts/?feedView=all
Stampli,1,2026-09-14 17:03,Really lucky to work with such visionary founders!,0,0,0,0,Text,Christelle Flahaux,https://www.linkedin.com/feed/update/urn:li:activity:7505310186530828288/,https://www.linkedin.com/company/stampli/posts/?feedView=all
Stampli,2,2026-09-14 15:44,Calling Microsoft users to Nashville for the Community Summit 🗻 https://lnkd.in/e5KpU92r,4,0,1,5,Article/Link,Stampli,https://www.linkedin.com/feed/update/urn:li:activity:7505290274118475776/,https://www.linkedin.com/company/stampli/posts/?feedView=all
Stampli,3,2026-09-11 11:53,The 68% stat tells part of the story. The team behind it tells it all 💙 https://bit.ly/4y8IRre,20,0,3,23,Image,Stampli,https://www.linkedin.com/feed/update/urn:li:activity:7504145000830763008/,https://www.linkedin.com/company/stampli/posts/?feedView=all
Stampli,4,2026-09-10 17:08,Founders get tired of selling. That doesn’t mean the sales motion is ready to hand off.,0,0,0,0,Video,Eyal Feldman,https://www.linkedin.com/feed/update/urn:li:activity:7503861910673526784/,https://www.linkedin.com/company/stampli/posts/?feedView=all
Stampli,5,2026-09-10 16:53,Founders get tired of selling. That doesn’t mean the sales motion is ready to hand off.,0,0,0,0,Video,Eyal Feldman,https://www.linkedin.com/feed/update/urn:li:activity:7503858076933095424/,https://www.linkedin.com/company/stampli/posts/?feedView=all
Stampli,6,2026-09-09 14:48,Finance shouldn’t have to reconstruct employee spend records every month 🗓️,30,1,7,38,Article/Link,Stampli,https://www.linkedin.com/feed/update/urn:li:activity:7503464250934255616/,https://www.linkedin.com/company/stampli/posts/?feedView=all
Stampli,7,2026-09-08 15:37,An employee swipes a company card. Another pays out of pocket. Someone submits mileage.,17,0,6,23,Article/Link,Stampli,https://www.linkedin.com/feed/update/urn:li:activity:7503114180867039232/,https://www.linkedin.com/company/stampli/posts/?feedView=all
Stampli,8,2026-09-02 15:35,"When leaders have room to grow, their teams can grow with them 🌱 https://lnkd.in/grPnq-3H",5,0,0,5,Image,Stampli,https://www.linkedin.com/feed/update/urn:li:activity:7500939342903816195/,https://www.linkedin.com/company/stampli/posts/?feedView=all
Stampli,9,2026-08-31 15:19,"In finance, efficiency only matters if you can improve it without giving up control and accuracy.",6,0,2,8,Article/Link,Stampli,https://www.linkedin.com/feed/update/urn:li:activity:7500210551743049728/,https://www.linkedin.com/company/stampli/posts/?feedView=all
Stampli,10,2026-08-28 23:31,Business leaders always have questions. They just don’t ask all of them because answering each one can take weeks of work.,0,0,0,0,Video,Eyal Feldman,https://www.linkedin.com/feed/update/urn:li:activity:7499247223994535936/,https://www.linkedin.com/company/stampli/posts/?feedView=all
Stampli,11,2026-08-26 15:20,Answering a good finance question shouldn’t require a costly project.,0,0,0,0,Video,Stampli,https://www.linkedin.com/feed/update/urn:li:activity:7498398949129515008/,https://www.linkedin.com/company/stampli/posts/?feedView=all
Stampli,12,2026-08-25 00:55,OpenAI published a story last week about how our team at Stampli used ChatGPT for Work and Codex to launch Deep Finance.,0,0,0,0,Text,Melad Zahedi,https://www.linkedin.com/feed/update/urn:li:activity:7497818954103468032/,https://www.linkedin.com/company/stampli/posts/?feedView=all
Stampli,13,2026-08-24 15:05,Anyone who’s launched a product knows the hard part isn’t just one thing.,27,2,14,43,Article/Link,Stampli,https://www.linkedin.com/feed/update/urn:li:activity:7497670332653371392/,https://www.linkedin.com/company/stampli/posts/?feedView=all
Stampli,14,2026-08-19 16:09,Month-end problems rarely begin at month-end 💭 https://lnkd.in/grPnq-3H,17,0,7,24,Image,Stampli,https://www.linkedin.com/feed/update/urn:li:activity:7495874607586136064/,https://www.linkedin.com/company/stampli/posts/?feedView=all
Stampli,15,2026-08-13 16:41,"An invoice in manufacturing is rarely just that. There's usually a PO, a receipt, a plant, a cost center, and someone who needs to make a call.",3,0,0,3,Article/Link,Stampli,https://www.linkedin.com/feed/update/urn:li:activity:7493708207337439232/,https://www.linkedin.com/company/stampli/posts/?feedView=all
Stampli,16,2026-08-10 17:17,"At Quincy Recycle, connecting Procurement and AP brought clarity to daily work and more team capacity. https://lnkd.in/gcxpA7aD",25,0,7,32,Image,Stampli,https://www.linkedin.com/feed/update/urn:li:activity:7492630306575986688/,https://www.linkedin.com/company/stampli/posts/?feedView=all
Stampli,17,2026-08-07 17:45,Every vendor relationship carries a set of important commitments.,12,0,4,16,Article/Link,Stampli,https://www.linkedin.com/feed/update/urn:li:activity:7491550133990649856/,https://www.linkedin.com/company/stampli/posts/?feedView=all
Stampli,18,2026-08-06 16:41,"From 10 locations to more than 50, America's Group built a finance operation designed to scale with its growth.",19,0,8,27,Article/Link,Stampli,https://www.linkedin.com/feed/update/urn:li:activity:7491171494178455552/,https://www.linkedin.com/company/stampli/posts/?feedView=all
Stampli,19,2026-08-04 18:14,"71 locations. 1,000+ monthly invoices. A two-person AP team.",14,0,1,15,Article/Link,Stampli,https://www.linkedin.com/feed/update/urn:li:activity:7490470160655376385/,https://www.linkedin.com/company/stampli/posts/?feedView=all
Stampli,20,2026-07-27 16:15,New software shouldn’t take years to deliver value.,36,1,14,51,Image,Stampli,https://www.linkedin.com/feed/update/urn:li:activity:7487541089772572672/,https://www.linkedin.com/company/stampli/posts/?feedView=all
Stampli,21,2026-07-22 17:45,Procure-to-pay breaks down fast when teams work across disconnected tools 🫣,11,0,5,16,Article/Link,Stampli,https://www.linkedin.com/feed/update/urn:li:activity:7485751784376815617/,https://www.linkedin.com/company/stampli/posts/?feedView=all
Stampli,22,2026-07-14 16:14,Finance leaders do not need a lesson in prompting. They need better data to prompt from.,6,0,1,7,Article/Link,Stampli,https://www.linkedin.com/feed/update/urn:li:activity:7482829790388056064/,https://www.linkedin.com/company/stampli/posts/?feedView=all
Stampli,23,2026-07-10 20:41,“It’s allowed basically a one-person team to do the work of a team of four or five.”,0,0,0,0,Video,OpenAI for Business,https://www.linkedin.com/feed/update/urn:li:activity:7481447429310140416/,https://www.linkedin.com/company/stampli/posts/?feedView=all
Stampli,24,2026-07-09 20:18,"I spent ten years as an accountant before I ever touched marketing. So when OpenAI asked to feature how my team works as part of their ChatGPT Work launch, it felt a little surreal",0,0,0,0,Video,Melad Zahedi,https://www.linkedin.com/feed/update/urn:li:activity:7481079331687981057/,https://www.linkedin.com/company/stampli/posts/?feedView=all
Stampli,25,2026-07-02 15:55,"What changes when finance teams can analyze data in ways that used to be slow, manual, or expensive to explore?",13,0,1,14,Article/Link,Stampli,https://www.linkedin.com/feed/update/urn:li:activity:7478476361188237312/,https://www.linkedin.com/company/stampli/posts/?feedView=all
Stampli,26,2026-06-30 17:58,Finance teams don't run out of good questions. They run out of practical ways to get answers.,0,0,0,0,Document/Carousel (PDF),Stampli,https://www.linkedin.com/feed/update/urn:li:activity:7477782702507728897/,https://www.linkedin.com/company/stampli/posts/?feedView=all
Stampli,27,2026-06-26 17:59,Accounts Payable is where Procure-to-Pay either works or breaks.,18,0,6,24,Article/Link,Stampli,https://www.linkedin.com/feed/update/urn:li:activity:7476333219932549120/,https://www.linkedin.com/company/stampli/posts/?feedView=all
Stampli,28,2026-06-23 19:43,Vendor renewal coming up? A lot can change since the last contract.,12,1,4,17,Article/Link,Stampli,https://www.linkedin.com/feed/update/urn:li:activity:7475272288779554817/,https://www.linkedin.com/company/stampli/posts/?feedView=all
Stampli,29,2026-06-19 01:24,Strong customer feedback on real value for finance teams to create one connected P2P story.,0,0,0,0,Article/Link,Stampli,https://www.linkedin.com/feed/update/urn:li:activity:7473546137669382144/,https://www.linkedin.com/company/stampli/posts/?feedView=all
Stampli,30,2026-06-19 01:23,Finance teams don't run out of useful questions. They run out of practical ways to get answers.,0,0,0,0,Article/Link,Stampli,https://www.linkedin.com/feed/update/urn:li:activity:7473546016936443904/,https://www.linkedin.com/company/stampli/posts/?feedView=all
Stampli,31,2026-06-17 22:19,Strong customer feedback on real value for finance teams to create one connected P2P story.,37,1,16,54,Article/Link,Stampli,https://www.linkedin.com/feed/update/urn:li:activity:7473137280950489088/,https://www.linkedin.com/company/stampli/posts/?feedView=all
Stampli,32,2026-06-16 16:48,Finance teams don't run out of useful questions. They run out of practical ways to get answers.,22,1,6,29,Article/Link,Stampli,https://www.linkedin.com/feed/update/urn:li:activity:7472691476020371456/,https://www.linkedin.com/company/stampli/posts/?feedView=all
Stampli,33,2026-06-12 23:24,"Market stories become clearer when they show up in operational spend. Josh Constine's CNN segment adds timely context on SpaceX's IPO, including Stampli data on how this broader te",0,0,0,0,Text,Stampli,https://www.linkedin.com/feed/update/urn:li:activity:7471341777321517056/,https://www.linkedin.com/company/stampli/posts/?feedView=all
Stampli,34,2026-06-11 17:45,NetSuite 3-way matching often breaks on one missing piece: the item receipt.,9,0,2,11,Article/Link,Stampli,https://www.linkedin.com/feed/update/urn:li:activity:7470894018252611585/,https://www.linkedin.com/company/stampli/posts/?feedView=all
Stampli,35,2026-06-09 16:13,ACH risks don't start at the bank portal. They often start earlier.,17,3,7,27,Article/Link,Stampli,https://www.linkedin.com/feed/update/urn:li:activity:7470146179570278400/,https://www.linkedin.com/company/stampli/posts/?feedView=all
Stampli,36,2026-06-02 18:20,"Meaningful savings can hide in everyday finance data. For Integra Investments, Deep Finance surfaced insights they estimated could save $20K-$30K a year.",32,3,10,45,Image,Stampli,https://www.linkedin.com/feed/update/urn:li:activity:7467641260682690560/,https://www.linkedin.com/company/stampli/posts/?feedView=all
Stampli,37,2026-05-22 18:34,"Built to scale your business, not your headcount.",25,0,11,36,Article/Link,Stampli,https://www.linkedin.com/feed/update/urn:li:activity:7463658491082162176/,https://www.linkedin.com/company/stampli/posts/?feedView=all
Stampli,38,2026-05-07 18:09,Vendor concentration risk is hiding in your AP data.,11,0,1,12,Article/Link,Stampli,https://www.linkedin.com/feed/update/urn:li:activity:7458216341255270400/,https://www.linkedin.com/company/stampli/posts/?feedView=all
Stampli,39,2026-04-29 21:22,Day 2 at #SageFuture and the energy is still going strong! Visit us at booth 126 today or tomorrow to see how Stampli is making stress-free finance operations a reality.,42,1,1,44,Image,Stampli,https://www.linkedin.com/feed/update/urn:li:activity:7455365803056717825/,https://www.linkedin.com/company/stampli/posts/?feedView=all
Stampli,40,2026-04-29 17:08,"Day 1 of #SageFuture in the books. Partner day was fantastic. Got to connect with Plante Moran, Rand Group, CLA (CliftonLarsonAllen), DSD Business Systems, CBIZ, and Aprio",0,0,0,0,Multi-image (3),Nathan Hansel,https://www.linkedin.com/feed/update/urn:li:activity:7455302057294729217/,https://www.linkedin.com/company/stampli/posts/?feedView=all
Stampli,41,2026-04-21 15:53,We’re about to see the death of the dashboard. Here's why they'll get replaced by interactive AI visualizations that explain themselves and you can talk to. It starts with the end,0,0,0,0,Image,Eyal Feldman,https://www.linkedin.com/feed/update/urn:li:activity:7452383909046169600/,https://www.linkedin.com/company/stampli/posts/?feedView=all
Stampli,42,2026-04-16 15:37,Budget variance usually doesn't start with one big decision. It builds quietly across everyday work. 🗓️,7,0,2,9,Article/Link,Stampli,https://www.linkedin.com/feed/update/urn:li:activity:7450567947728650240/,https://www.linkedin.com/company/stampli/posts/?feedView=all
Stampli,43,2026-04-10 16:32,Cash flow opportunities often hide in Accounts Payable.,18,2,4,24,Article/Link,Stampli,https://www.linkedin.com/feed/update/urn:li:activity:7448407527593099265/,https://www.linkedin.com/company/stampli/posts/?feedView=all
Stampli,44,2026-04-07 16:36,Big things are happening at Stampli. 🚀,0,0,0,0,Article/Link,Matthew E.,https://www.linkedin.com/feed/update/urn:li:activity:7447321308419489792/,https://www.linkedin.com/company/stampli/posts/?feedView=all
Stampli,45,2026-04-06 16:39,The data moving through finance systems holds a story that teams never see.,25,1,6,32,Article/Link,Stampli,https://www.linkedin.com/feed/update/urn:li:activity:7446959667169316864/,https://www.linkedin.com/company/stampli/posts/?feedView=all
Stampli,46,2026-04-03 18:48,"The most valuable signals in finance are buried in places traditional BI can’t reach. Invoice line items, approval comments, vendor back-and-forths, exception notes, and thousands",0,0,0,0,Text,SignalFire,https://www.linkedin.com/feed/update/urn:li:activity:7445905103506583552/,https://www.linkedin.com/company/stampli/posts/?feedView=all
Stampli,47,2026-04-02 18:00,We're launching something big: an agentic financial analyst you can ask anything. Stampli Deep Finance™ generates an interactive analysis that would take consultants weeks to make.,0,0,0,0,Video,Eyal Feldman,https://www.linkedin.com/feed/update/urn:li:activity:7445530496417226752/,https://www.linkedin.com/company/stampli/posts/?feedView=all
Stampli,48,2026-04-02 16:57,Ask your agentic financial analyst anything. Get consultant-grade intelligence about your business. Make smarter spending decisions. 🔍 https://lnkd.in/g34PYhtF,0,0,0,0,Video,Stampli,https://www.linkedin.com/feed/update/urn:li:activity:7445514701041483776/,https://www.linkedin.com/company/stampli/posts/?feedView=all
Stampli,49,2026-04-01 18:40,"We had a great time at the Nashville career fair meeting people excited about the future of finance operations across sales, CS, engineering, and every team in between.",0,0,0,0,Multi-image (2),Stampli,https://www.linkedin.com/feed/update/urn:li:activity:7445178342305243136/,https://www.linkedin.com/company/stampli/posts/?feedView=all
Stampli,50,2026-03-31 16:10,Stampli Deep Finance™ transforms raw finance data into executive spend intelligence.,46,2,29,77,Article/Link,Stampli,https://www.linkedin.com/feed/update/urn:li:activity:7444778087130771457/,https://www.linkedin.com/company/stampli/posts/?feedView=all
Stripe,1,2026-09-15 20:38,I launched a Substack: Breaking Change!,0,0,0,0,Article/Link,Michelle Bu,https://www.linkedin.com/feed/update/urn:li:activity:7505726784911474689/,https://www.linkedin.com/company/stripe/posts/?feedView=all
Stripe,2,2026-09-15 17:14,New Stripe data shows fraudulent actors disproportionately targeting AI companies:,0,0,0,0,Multi-image (2),Stripe,https://www.linkedin.com/feed/update/urn:li:activity:7505675379710500864/,https://www.linkedin.com/company/stripe/posts/?feedView=all
Stripe,3,2026-09-11 22:43,Latest from Stripe Economics: The SaaSpocalypse was more like a RenaiSaaS.,164,40,15,219,Image,Stripe,https://www.linkedin.com/feed/update/urn:li:activity:7504308642557345792/,https://www.linkedin.com/company/stripe/posts/?feedView=all
Stripe,4,2026-09-08 19:45,"Connect Link’s wallet for agents to Muse, a new app from Meta that lets you set up and interact with a personal agent.",0,0,0,0,Video,Stripe,https://www.linkedin.com/feed/update/urn:li:activity:7503176710318854144/,https://www.linkedin.com/company/stripe/posts/?feedView=all
Stripe,5,2026-09-03 12:36,"As the parent company behind Shopee, Garena and Monee, Sea is one of Southeast Asia’s largest tech conglomerates. Sea founder and CEO Forrest Li sat down with Stripe CRO Tyler Brys",0,0,0,0,Video,Stripe,https://www.linkedin.com/feed/update/urn:li:activity:7501256832003231744/,https://www.linkedin.com/company/stripe/posts/?feedView=all
Stripe,6,2026-09-01 20:47,Shopify is now available in projects.dev,0,0,0,0,Text,Stripe,https://www.linkedin.com/feed/update/urn:li:activity:7500655543502630912/,https://www.linkedin.com/company/stripe/posts/?feedView=all
Stripe,7,2026-09-01 19:20,"We just partnered with Stripe Projects, so you can add Shopify to your app stack.",0,0,0,0,Video,Shopify,https://www.linkedin.com/feed/update/urn:li:activity:7500633670400212992/,https://www.linkedin.com/company/stripe/posts/?feedView=all
Stripe,8,2026-08-28 19:51,Give your Grok Bot a card with Link. Bots can now buy from any business on the internet. Available in the US.,192,38,15,245,Image,Stripe,https://www.linkedin.com/feed/update/urn:li:activity:7499191937820889089/,https://www.linkedin.com/company/stripe/posts/?feedView=all
Stripe,9,2026-08-28 17:38,Payments with Instinct are now powered by Link.,0,0,0,0,Video,Stripe,https://www.linkedin.com/feed/update/urn:li:activity:7499158551211368448/,https://www.linkedin.com/company/stripe/posts/?feedView=all
Stripe,10,2026-08-27 12:07,Agents are reshaping how people discover and buy products and services.,43,2,2,47,Text,Stripe,https://www.linkedin.com/feed/update/urn:li:activity:7498712735929708545/,https://www.linkedin.com/company/stripe/posts/?feedView=all
Stripe,11,2026-08-26 09:05,"Revolut is rolling out EURR, its first euro-denominated stablecoin, built with Bridge.",692,41,45,778,Article/Link,Stripe,https://www.linkedin.com/feed/update/urn:li:activity:7498304681723674624/,https://www.linkedin.com/company/stripe/posts/?feedView=all
Stripe,12,2026-08-25 21:27,New: analyze your Stripe data with agents.,0,0,0,0,Video,Stripe,https://www.linkedin.com/feed/update/urn:li:activity:7498129042144014337/,https://www.linkedin.com/company/stripe/posts/?feedView=all
Stripe,13,2026-08-25 18:15,"Today, I’m excited to announce my book, Built to Grow: A Handbook for High-Performance Sales Teams, is available for pre-order with Stripe Press!",0,0,0,0,Image,Stephanie Friedman,https://www.linkedin.com/feed/update/urn:li:activity:7498080511349678080/,https://www.linkedin.com/company/stripe/posts/?feedView=all
Stripe,14,2026-08-25 03:15,John Collison sits down with Canva cofounder and COO Cliff Obrecht to discuss Canva's journey to becoming Australia's biggest tech startup. They explore the need for brand stewards,0,0,0,0,Video,Stripe,https://www.linkedin.com/feed/update/urn:li:activity:7497854118158299136/,https://www.linkedin.com/company/stripe/posts/?feedView=all
Stripe,15,2026-08-20 22:30,"Kraken is launching Krak Cards in the US, powered by Stripe Issuing. Spend crypto anywhere Visa is accepted.",0,0,0,0,Text,Stripe,https://www.linkedin.com/feed/update/urn:li:activity:7496332962540589056/,https://www.linkedin.com/company/stripe/posts/?feedView=all
Stripe,16,2026-08-19 17:49,Tokens are the central currency for companies building with AI. We've agreed to acquire OpenRouter to help businesses optimize token routing and usage.,1032,57,80,1169,Image,Stripe,https://www.linkedin.com/feed/update/urn:li:activity:7495899832687984640/,https://www.linkedin.com/company/stripe/posts/?feedView=all
Stripe,17,2026-08-18 22:00,Amazon Bedrock AgentCore payments now supports Machine Payments Protocol (MPP) giving agents a new way to transact with stablecoins. Powered by Privy wallet infrastructure.,0,0,0,0,Text,Stripe,https://www.linkedin.com/feed/update/urn:li:activity:7495600518073962498/,https://www.linkedin.com/company/stripe/posts/?feedView=all
Stripe,18,2026-08-18 16:10,Gartner has named Stripe a Leader in the 2026 Gartner® Magic Quadrant™ for Recurring Billing Applications for the third consecutive year.,220,11,17,248,Image,Stripe,https://www.linkedin.com/feed/update/urn:li:activity:7495512334262644737/,https://www.linkedin.com/company/stripe/posts/?feedView=all
Stripe,19,2026-08-18 07:49,New currency capabilities to help cut FX costs:,218,25,15,258,Image,Stripe,https://www.linkedin.com/feed/update/urn:li:activity:7495386426793000960/,https://www.linkedin.com/company/stripe/posts/?feedView=all
Stripe,20,2026-08-14 19:53,AI companies are now global by default.,0,0,0,0,Article/Link,Abhinav Tiwari,https://www.linkedin.com/feed/update/urn:li:activity:7494118902784798721/,https://www.linkedin.com/company/stripe/posts/?feedView=all
Stripe,21,2026-08-07 16:15,Connect Stripe to Perplexity Computer for Builders.,0,0,0,0,Video,Stripe,https://www.linkedin.com/feed/update/urn:li:activity:7491527475970105344/,https://www.linkedin.com/company/stripe/posts/?feedView=all
Stripe,22,2026-08-04 13:51,Something wild is happening with Stripe Connect right now.,0,0,0,0,Text,Aakash Sahney,https://www.linkedin.com/feed/update/urn:li:activity:7490404063877177344/,https://www.linkedin.com/company/stripe/posts/?feedView=all
Stripe,23,2026-07-31 17:56,"Earlier this year, Anupam Upadhyay and I set ourselves a new goal: 10x every Stripe in the same way coding agents had 10x-ed engineers.",0,0,0,0,Article/Link,Sharadh Krishnamurthy,https://www.linkedin.com/feed/update/urn:li:activity:7489016036600614912/,https://www.linkedin.com/company/stripe/posts/?feedView=all
Stripe,24,2026-07-30 20:05,There comes a time in every acquisition where you ask yourself 'was this worth it? Did we actually inflect the business?',0,0,0,0,Image,Scott Woody,https://www.linkedin.com/feed/update/urn:li:activity:7488686264544833536/,https://www.linkedin.com/company/stripe/posts/?feedView=all
Stripe,25,2026-07-27 18:08,We’ve rolled out improvements to Stripe Directory to make it easier to find the best companies to help you and your agent:,0,0,0,0,Text,Miles Matthias,https://www.linkedin.com/feed/update/urn:li:activity:7487569602357628928/,https://www.linkedin.com/company/stripe/posts/?feedView=all
Stripe,26,2026-07-22 09:22,Businesses often tell me they believe the best way to fight a “product not received” dispute is to submit more evidence. We analyzed one million “product not received” disputes on,0,0,0,0,Image,Kai Strubel,https://www.linkedin.com/feed/update/urn:li:activity:7485625318335184896/,https://www.linkedin.com/company/stripe/posts/?feedView=all
Stripe,27,2026-07-15 20:17,New providers on Stripe Projects are available now:,0,0,0,0,Video,Stripe,https://www.linkedin.com/feed/update/urn:li:activity:7483253516766109696/,https://www.linkedin.com/company/stripe/posts/?feedView=all
Stripe,28,2026-07-15 19:07,New: templates for Stripe Projects.,0,0,0,0,Video,Stripe,https://www.linkedin.com/feed/update/urn:li:activity:7483235745420369920/,https://www.linkedin.com/company/stripe/posts/?feedView=all
Stripe,29,2026-07-10 16:00,"""More people will become entrepreneurs with AI. It's never been as easy to test ideas, and if you strike gold, you're going to grow much faster than ever before. We're starting to",0,0,0,0,Video,Stripe,https://www.linkedin.com/feed/update/urn:li:activity:7481376718868643840/,https://www.linkedin.com/company/stripe/posts/?feedView=all
Stripe,30,2026-07-09 14:55,Most of us judge a book by its cover before we've read a single page. That makes cover design a pretty special craft—and one of the many reasons it was so fun to have a Cheeky Chat,0,0,0,0,Video,Katie Dill,https://www.linkedin.com/feed/update/urn:li:activity:7480998026195431424/,https://www.linkedin.com/company/stripe/posts/?feedView=all
Stripe,31,2026-06-30 18:34,"Conor McNamara sits down with investor and tech analyst Philipp Klöckner to discuss the impact of AI on the global economy, arguing that regions with the most affordable energy and",0,0,0,0,Video,Stripe,https://www.linkedin.com/feed/update/urn:li:activity:7477791740645564416/,https://www.linkedin.com/company/stripe/posts/?feedView=all
Stripe,32,2026-06-30 16:49,We’re making Open USD the default for businesses using stablecoins on Stripe. Coming soon.,0,0,0,0,Text,Stripe,https://www.linkedin.com/feed/update/urn:li:activity:7477765322079567872/,https://www.linkedin.com/company/stripe/posts/?feedView=all
Stripe,33,2026-06-25 15:19,Shutdowns among new startups continue to decline.,0,0,0,0,Image,Jesse Carey,https://www.linkedin.com/feed/update/urn:li:activity:7475930637804331009/,https://www.linkedin.com/company/stripe/posts/?feedView=all
Stripe,34,2026-06-24 13:21,"Today, we treat respiratory infections like the cold and flu as a minor nuisance. The evidence increasingly suggests otherwise.",0,0,0,0,Image,Intercept,https://www.linkedin.com/feed/update/urn:li:activity:7475538591868272640/,https://www.linkedin.com/company/stripe/posts/?feedView=all
Stripe,35,2026-06-22 15:33,"After seven extraordinary years building Stripe's go-to-market engine, I'm stepping into a new role: Vice Chair of Stripe. As Vice Chair, I'll represent the company with business,",0,0,0,0,Article/Link,Eileen O'Mara,https://www.linkedin.com/feed/update/urn:li:activity:7474846920255926273/,https://www.linkedin.com/company/stripe/posts/?feedView=all
Stripe,36,2026-06-22 15:01,"Introducing Stripe Directory, a new way for you (and your agents) to search for businesses on the Stripe network. https://stripe.directory",0,0,0,0,Video,Stripe,https://www.linkedin.com/feed/update/urn:li:activity:7474838911408685056/,https://www.linkedin.com/company/stripe/posts/?feedView=all
Stripe,37,2026-06-17 12:49,"In 2022, we launched Frontier to send a signal to scientists and entrepreneurs: build carbon removal technology, and we will buy it.",144,13,9,166,Article/Link,Stripe,https://www.linkedin.com/feed/update/urn:li:activity:7472993950933569537/,https://www.linkedin.com/company/stripe/posts/?feedView=all
Stripe,38,2026-06-16 16:08,"I just got off stage in Paris at Stripe Tour, talking about how French businesses are becoming more international. One in three customers of French businesses on Stripe now comes f",0,0,0,0,Video,William Gaybrick,https://www.linkedin.com/feed/update/urn:li:activity:7472681605304639489/,https://www.linkedin.com/company/stripe/posts/?feedView=all
Stripe,39,2026-06-16 14:37,I was just at Stripe Tour Paris talking about a new frontier in fraud: token theft. Fraudsters have moved beyond stealing money and credentials — now they're stealing compute. Ever,0,0,0,0,Video,Tanya Khakbaz,https://www.linkedin.com/feed/update/urn:li:activity:7472658536984944641/,https://www.linkedin.com/company/stripe/posts/?feedView=all
Stripe,40,2026-06-15 21:20,"I recently wrote about what I've been working on the past two years, and others have built over the past decade: the infrastructure that keeps Stripe's entire developer ecosystem i",0,0,0,0,Article/Link,Mikael Mello,https://www.linkedin.com/feed/update/urn:li:activity:7472397543809925121/,https://www.linkedin.com/company/stripe/posts/?feedView=all
Stripe,41,2026-06-15 17:54,"I've been thinking a lot about the future of user experience and what it looks like when commerce becomes AI-native. Had a great ""cheeky chat"" with Jonathan Arena from New Generati",0,0,0,0,Video,Katie Dill,https://www.linkedin.com/feed/update/urn:li:activity:7472345698043346944/,https://www.linkedin.com/company/stripe/posts/?feedView=all
Stripe,42,2026-06-11 17:00,"Last week, agent traffic surpassed human traffic on the internet for the first time. Agents browsing webpages account for some of that traffic, but our data points to a more signif",218,37,28,283,Image,Stripe,https://www.linkedin.com/feed/update/urn:li:activity:7470882737390940160/,https://www.linkedin.com/company/stripe/posts/?feedView=all
Stripe,43,2026-06-11 16:53,It's a wild time to be building infrastructure.,0,0,0,0,Article/Link,Rami Banna,https://www.linkedin.com/feed/update/urn:li:activity:7470880958137888770/,https://www.linkedin.com/company/stripe/posts/?feedView=all
Stripe,44,2026-06-11 12:45,More than 1.5 million UK businesses and solopreneurs run on Stripe.,0,0,0,0,Video,Conor McNamara,https://www.linkedin.com/feed/update/urn:li:activity:7470818425330651137/,https://www.linkedin.com/company/stripe/posts/?feedView=all
Stripe,45,2026-06-11 09:06,"I was just at Stripe Tour London talking about the new Stripe Treasury, our financial operating system for storing, spending, and managing all your money on Stripe:",0,0,0,0,Video,Neetika Bansal,https://www.linkedin.com/feed/update/urn:li:activity:7470763274196660226/,https://www.linkedin.com/company/stripe/posts/?feedView=all
Stripe,46,2026-06-10 18:38,"John Collison sits down with Barney Hussey-Yeo, the founder and CEO of AI financial assistant Cleo. They discuss the realities of delivering personalized financial advice to the 99",0,0,0,0,Video,Stripe,https://www.linkedin.com/feed/update/urn:li:activity:7470544995326787584/,https://www.linkedin.com/company/stripe/posts/?feedView=all
Stripe,47,2026-06-10 17:19,"UK AI companies raised £6 billion in Q1, that's more than all of continental Europe combined 🚀",0,0,0,0,Video,Maia Josebachvili,https://www.linkedin.com/feed/update/urn:li:activity:7470525034604822528/,https://www.linkedin.com/company/stripe/posts/?feedView=all
Stripe,48,2026-06-10 15:17,New providers now available on Stripe Projects:,0,0,0,0,Video,Stripe,https://www.linkedin.com/feed/update/urn:li:activity:7470494370857873408/,https://www.linkedin.com/company/stripe/posts/?feedView=all
Stripe,49,2026-06-10 14:35,"Today at Stripe Tour London, I sat down with David Thomasson, Managing Director of Lloyds Banking Group, to talk about why a 260-year-old bank decided to rebuild its payments infra",0,0,0,0,Video,Eileen O'Mara,https://www.linkedin.com/feed/update/urn:li:activity:7470483905616412673/,https://www.linkedin.com/company/stripe/posts/?feedView=all
Stripe,50,2026-06-10 13:57,"I'm at Stripe Tour London with the UK's most ambitious founders and business leaders. AI is clearly transforming businesses in every industry, and many are finding both revenue gro",0,0,0,0,Video,Kevin Miller,https://www.linkedin.com/feed/update/urn:li:activity:7470474282750603265/,https://www.linkedin.com/company/stripe/posts/?feedView=all
Pleo,1,2026-09-16 12:00,That’s a wrap on Accountex Summit Manchester. 🤝,0,0,0,0,Multi-image (3),Pleo,https://www.linkedin.com/feed/update/urn:li:activity:7505958843017994241/,https://www.linkedin.com/company/pleo-company/posts/?feedView=all
Pleo,2,2026-09-16 08:54,"Finance teams are losing hours every week to reconciliation, approval chasing and out-of-policy corrections.",0,0,0,0,Video,Pleo,https://www.linkedin.com/feed/update/urn:li:activity:7505912079686569984/,https://www.linkedin.com/company/pleo-company/posts/?feedView=all
Pleo,3,2026-09-15 08:02,WINGSTOP UK (Lemon Pepper Holdings Ltd) doubled its number of locations in two years. But rapid growth called for a new approach to managing company spending.,0,0,0,0,Video,Pleo,https://www.linkedin.com/feed/update/urn:li:activity:7505536446594969601/,https://www.linkedin.com/company/pleo-company/posts/?feedView=all
Pleo,4,2026-09-14 07:41,"Finance is a craft running on judgment, precision, and care. At Pleo, we acknowledge it as a discipline that deserves respect.",0,0,0,0,Article/Link,Pleo,https://www.linkedin.com/feed/update/urn:li:activity:7505168740616142849/,https://www.linkedin.com/company/pleo-company/posts/?feedView=all
Pleo,5,2026-09-10 13:02,Your AI tool just became a spend expert. 🤝,0,0,0,0,Article/Link,Pleo,https://www.linkedin.com/feed/update/urn:li:activity:7503800017615499265/,https://www.linkedin.com/company/pleo-company/posts/?feedView=all
Pleo,6,2026-09-10 09:41,"Finance leaders, this one’s for you.",0,0,0,0,Video,Pleo,https://www.linkedin.com/feed/update/urn:li:activity:7503749508523024384/,https://www.linkedin.com/company/pleo-company/posts/?feedView=all
Pleo,7,2026-09-09 13:30,What’s currently costing your finance team its time?,0,0,0,0,Document/Carousel (PDF),Pleo,https://www.linkedin.com/feed/update/urn:li:activity:7503444790949265408/,https://www.linkedin.com/company/pleo-company/posts/?feedView=all
Pleo,8,2026-09-09 08:03,Pleo has entered the chat.,0,0,0,0,Video,Pleo,https://www.linkedin.com/feed/update/urn:li:activity:7503362501590335490/,https://www.linkedin.com/company/pleo-company/posts/?feedView=all
Pleo,9,2026-09-08 11:45,98% of UK finance leaders already use AI. But 49% still struggle to manage it.,0,0,0,0,Document/Carousel (PDF),Pleo,https://www.linkedin.com/feed/update/urn:li:activity:7503055880209203200/,https://www.linkedin.com/company/pleo-company/posts/?feedView=all
Pleo,10,2026-09-07 13:30,"Two things we took to the World Finance Forum in London last week: a new look, and a talk about knowing when to leave things alone.",0,0,0,0,Multi-image (10),Pleo,https://www.linkedin.com/feed/update/urn:li:activity:7502720002807029760/,https://www.linkedin.com/company/pleo-company/posts/?feedView=all
Pleo,11,2026-09-04 08:50,"Discover the story behind our brand refresh and new navigation experience, designed with craft for the teams we serve: sharp, forward-thinking, and human.",0,0,0,0,Article/Link,Pleo,https://www.linkedin.com/feed/update/urn:li:activity:7501562200176873472/,https://www.linkedin.com/company/pleo-company/posts/?feedView=all
Pleo,12,2026-09-03 07:05,"We've spent eleven years watching finance teams hold companies together with judgement, precision and nerve, then heard that work described as admin.",0,0,0,0,Video,Pleo,https://www.linkedin.com/feed/update/urn:li:activity:7501173628353576961/,https://www.linkedin.com/company/pleo-company/posts/?feedView=all
Pleo,13,2026-08-26 11:08,Finance teams have been testing whether AI tools and platforms can provide a complete picture of company spending.,8,1,0,9,Article/Link,Pleo,https://www.linkedin.com/feed/update/urn:li:activity:7498335467122348032/,https://www.linkedin.com/company/pleo-company/posts/?feedView=all
Pleo,14,2026-08-25 07:16,Cooltra reduced lost receipts by 80% while gaining better visibility and control over spending across eight countries. 🛵,0,0,0,0,Video,Pleo,https://www.linkedin.com/feed/update/urn:li:activity:7497914863806050304/,https://www.linkedin.com/company/pleo-company/posts/?feedView=all
Pleo,15,2026-08-20 10:50,Competing priorities. Imperfect information. High-stakes decisions.,18,1,1,20,Article/Link,Pleo,https://www.linkedin.com/feed/update/urn:li:activity:7496156620129767424/,https://www.linkedin.com/company/pleo-company/posts/?feedView=all
Pleo,16,2026-08-14 09:41,✨🥁 Here's a sneak peek into our recent AI releases and some that are coming.,0,0,0,0,Video,Jeppe Rindom,https://www.linkedin.com/feed/update/urn:li:activity:7493965123959631873/,https://www.linkedin.com/company/pleo-company/posts/?feedView=all
Pleo,17,2026-08-13 06:30,"Flowering.dk is a Copenhagen-based floristry business with a great idea: buy up surplus flowers, turn them into surprise bouquets, and eliminate floral waste. Their finance process",0,0,0,0,Video,Pleo,https://www.linkedin.com/feed/update/urn:li:activity:7493554518677368832/,https://www.linkedin.com/company/pleo-company/posts/?feedView=all
Pleo,18,2026-08-11 06:00,Distributed spending doesn't have to mean distributed risk.,9,1,0,10,Article/Link,Pleo,https://www.linkedin.com/feed/update/urn:li:activity:7492822169832284161/,https://www.linkedin.com/company/pleo-company/posts/?feedView=all
Pleo,19,2026-08-06 08:42,"This is how Bonzer took control of €700,000+ in marketing spend with Pleo 🔥 https://lnkd.in/d4b4TUX5",0,0,0,0,Video,Pleo,https://www.linkedin.com/feed/update/urn:li:activity:7491051106836451329/,https://www.linkedin.com/company/pleo-company/posts/?feedView=all
Pleo,20,2026-08-05 09:15,One click. No manual back-and-forth. Far less room for error.,10,0,0,10,Article/Link,Pleo,https://www.linkedin.com/feed/update/urn:li:activity:7490696979312820224/,https://www.linkedin.com/company/pleo-company/posts/?feedView=all
Pleo,21,2026-07-30 09:08,"Finance leaders need AI that knows its limits, works invisibly where it can, and steps back immediately where it matters 🦾 https://lnkd.in/dQ2DKA_P",16,0,3,19,Article/Link,Pleo,https://www.linkedin.com/feed/update/urn:li:activity:7488520965103173634/,https://www.linkedin.com/company/pleo-company/posts/?feedView=all
Pleo,22,2026-07-28 08:13,What’s next in AI spend control?,9,0,0,9,Image,Pleo,https://www.linkedin.com/feed/update/urn:li:activity:7487782257504456704/,https://www.linkedin.com/company/pleo-company/posts/?feedView=all
Pleo,23,2026-07-27 07:52,From 16 hours of monthly expense admin to just ≈1.5 hours. Now that’s something worth raising a glass to. 🍺,0,0,0,0,Video,Pleo,https://www.linkedin.com/feed/update/urn:li:activity:7487414564758745088/,https://www.linkedin.com/company/pleo-company/posts/?feedView=all
Pleo,24,2026-07-23 07:49,"Pleo has been named one of CNBC and Statista’s World’s Top Fintech Companies of 2026, earning a place among the leaders in the Enterprise fintech category. 🏆 https://lnkd.in/evWFT",75,0,8,83,Article/Link,Pleo,https://www.linkedin.com/feed/update/urn:li:activity:7485964231058726926/,https://www.linkedin.com/company/pleo-company/posts/?feedView=all
Pleo,25,2026-07-22 06:39,What's new in July? Exactly what you need 🎯,0,0,0,0,Document/Carousel (PDF),Pleo,https://www.linkedin.com/feed/update/urn:li:activity:7485584289389273088/,https://www.linkedin.com/company/pleo-company/posts/?feedView=all
Pleo,26,2026-07-21 07:50,Stepping into a CFO role comes with immediate pressure.,17,0,2,19,Article/Link,Pleo,https://www.linkedin.com/feed/update/urn:li:activity:7485239842772127744/,https://www.linkedin.com/company/pleo-company/posts/?feedView=all
Pleo,27,2026-07-20 08:05,It’s alive. But does it work?,11,0,1,12,Image,Pleo,https://www.linkedin.com/feed/update/urn:li:activity:7484881119134441473/,https://www.linkedin.com/company/pleo-company/posts/?feedView=all
Pleo,28,2026-07-16 08:39,"Turns out, the future of finance goes very well with breakfast. ☕️ 🥐",0,0,0,0,Multi-image (13),Pleo,https://www.linkedin.com/feed/update/urn:li:activity:7483440173855350785/,https://www.linkedin.com/company/pleo-company/posts/?feedView=all
Pleo,29,2026-07-15 07:47,"When you're managing project-based work across multiple entities, a single misclick in the export process can break your entire flow.",0,0,0,0,Document/Carousel (PDF),Pleo,https://www.linkedin.com/feed/update/urn:li:activity:7483064598011576320/,https://www.linkedin.com/company/pleo-company/posts/?feedView=all
Pleo,30,2026-07-14 11:59,Let's talk about the Pleo MCP. 🤖,0,0,0,0,Multi-image (2),Ajay Khanna,https://www.linkedin.com/feed/update/urn:li:activity:7482765706757959680/,https://www.linkedin.com/company/pleo-company/posts/?feedView=all
Pleo,31,2026-07-14 07:59,What does a new CFO actually walk into?,12,2,2,16,Article/Link,Pleo,https://www.linkedin.com/feed/update/urn:li:activity:7482705240706924544/,https://www.linkedin.com/company/pleo-company/posts/?feedView=all
Pleo,32,2026-07-13 11:12,Big moment for the Solution Engineering team at Pleo: our first ever Post-Sales Solution Engineer role is now live. 🚀,0,0,0,0,Text,Ajay Khanna,https://www.linkedin.com/feed/update/urn:li:activity:7482391436345249792/,https://www.linkedin.com/company/pleo-company/posts/?feedView=all
Pleo,33,2026-07-13 08:17,It's a wrap on Xerocon 2026!,0,0,0,0,Multi-image (6),Pleo,https://www.linkedin.com/feed/update/urn:li:activity:7482347405783474176/,https://www.linkedin.com/company/pleo-company/posts/?feedView=all
Pleo,34,2026-07-08 08:33,Pleo Champions Club 2026: Legends of Palermo 🌟,0,0,0,0,Video,Pleo,https://www.linkedin.com/feed/update/urn:li:activity:7480539500289527808/,https://www.linkedin.com/company/pleo-company/posts/?feedView=all
Pleo,35,2026-07-07 09:08,"We're heading to Xerocon London on 8–9 July, and we're excited to see you there 🔜",15,1,2,18,Text,Pleo,https://www.linkedin.com/feed/update/urn:li:activity:7480186016109252608/,https://www.linkedin.com/company/pleo-company/posts/?feedView=all
Pleo,36,2026-07-07 07:43,"Up to Speed is back with everything you need to know about spend that runs itself: how agentic AI is reshaping expense management, the product updates rewriting finance workflows,",0,0,0,0,Article/Link,Pleo,https://www.linkedin.com/feed/update/urn:li:activity:7480164471852933120/,https://www.linkedin.com/company/pleo-company/posts/?feedView=all
Pleo,37,2026-07-01 09:08,"For Conmedia ApS, a marketing company that usually builds its own solutions, the goal was simple: get expense management sorted without the ""card chaos"".",0,0,0,0,Document/Carousel (PDF),Pleo,https://www.linkedin.com/feed/update/urn:li:activity:7478011653503205377/,https://www.linkedin.com/company/pleo-company/posts/?feedView=all
Pleo,38,2026-06-30 08:24,"When he co-built Pleo, our CEO Jeppe Rindom did it for finance teams who were tired of systems that break the moment growth gets serious.",31,0,2,33,Image,Pleo,https://www.linkedin.com/feed/update/urn:li:activity:7477638111628308480/,https://www.linkedin.com/company/pleo-company/posts/?feedView=all
Pleo,39,2026-06-29 08:53,"For Flowering.dk, the shift from manual to automated finance with Pleo has been in equal parts a time-saver and a culture-shifter:",0,0,0,0,Document/Carousel (PDF),Pleo,https://www.linkedin.com/feed/update/urn:li:activity:7477283200176685056/,https://www.linkedin.com/company/pleo-company/posts/?feedView=all
Pleo,40,2026-06-25 07:20,"AI spend is changing, and rapidly so.",7,0,0,7,Article/Link,Pleo,https://www.linkedin.com/feed/update/urn:li:activity:7475810080844726272/,https://www.linkedin.com/company/pleo-company/posts/?feedView=all
Pleo,41,2026-06-24 08:30,Finance leaders know exactly what they should be working on. The problem is that *everything else* gets in the way first.,0,0,0,0,Document/Carousel (PDF),Pleo,https://www.linkedin.com/feed/update/urn:li:activity:7475465294891761664/,https://www.linkedin.com/company/pleo-company/posts/?feedView=all
Pleo,42,2026-06-23 09:11,"""Can I spend this on…?""",0,0,0,0,Video,Pleo,https://www.linkedin.com/feed/update/urn:li:activity:7475113222728056832/,https://www.linkedin.com/company/pleo-company/posts/?feedView=all
Pleo,43,2026-06-22 09:14,Sustainable floristry 🤝 Modern spend management,24,0,4,28,Image,Pleo,https://www.linkedin.com/feed/update/urn:li:activity:7474751563933351936/,https://www.linkedin.com/company/pleo-company/posts/?feedView=all
Pleo,44,2026-06-18 12:49,Thank you FF News   Fintech Finance for the great discussion,0,0,0,0,Text,Kunal Galav,https://www.linkedin.com/feed/update/urn:li:activity:7473356120632467456/,https://www.linkedin.com/company/pleo-company/posts/?feedView=all
Pleo,45,2026-06-18 10:39,"We're rethinking how teams manage spend—starting with agentic AI that actually understands your company's rules, surfaces what needs attention, answers your questions in real time,",0,0,0,0,Document/Carousel (PDF),Pleo,https://www.linkedin.com/feed/update/urn:li:activity:7473323383536033792/,https://www.linkedin.com/company/pleo-company/posts/?feedView=all
Pleo,46,2026-06-18 08:14,Cross-border expansion has a hidden cost. Finance teams are paying it every day. And 71% say it can feel like launching a new business all over again.,0,0,0,0,Video,Pleo,https://www.linkedin.com/feed/update/urn:li:activity:7473287104035426306/,https://www.linkedin.com/company/pleo-company/posts/?feedView=all
Pleo,47,2026-06-17 08:13,Most finance teams don't realise how much they're losing to expense admin until they see it written down.,0,0,0,0,Document/Carousel (PDF),Pleo,https://www.linkedin.com/feed/update/urn:li:activity:7472924424439107584/,https://www.linkedin.com/company/pleo-company/posts/?feedView=all
Pleo,48,2026-06-16 07:27,Want a clear view of how peer organisations across Europe are allocating capital in 2026? 🇪🇺 https://hubs.ly/Q04lx2K60,9,1,3,13,Image,Pleo,https://www.linkedin.com/feed/update/urn:li:activity:7472550349216829440/,https://www.linkedin.com/company/pleo-company/posts/?feedView=all
Pleo,49,2026-06-15 07:31,Too many finance leaders are buried under mindless admin.,0,0,0,0,Document/Carousel (PDF),Pleo,https://www.linkedin.com/feed/update/urn:li:activity:7472188919107813377/,https://www.linkedin.com/company/pleo-company/posts/?feedView=all
Pleo,50,2026-06-11 10:20,Automation has improved the workload for finance teams significantly over the last few years.,0,0,0,0,Document/Carousel (PDF),Pleo,https://www.linkedin.com/feed/update/urn:li:activity:7470782042910302209/,https://www.linkedin.com/company/pleo-company/posts/?feedView=all
Payhawk,1,2026-09-16 08:00,"This is Martin, General Manager and SVP Customer Success at Payhawk, and he's inviting you all to our Fall '26 webinar.",0,0,0,0,Video,Payhawk,https://www.linkedin.com/feed/update/urn:li:activity:7505898276265795584/,https://www.linkedin.com/company/payhawk/posts/?feedView=all
Payhawk,2,2026-09-15 08:00,This edition puts finance's best next move one prompt away.,0,0,0,0,Video,Payhawk,https://www.linkedin.com/feed/update/urn:li:activity:7505535894699999232/,https://www.linkedin.com/company/payhawk/posts/?feedView=all
Payhawk,3,2026-09-14 14:14,"We asked 1,520 finance leaders about their tools. Here's what we found 📊",0,0,0,0,Document/Carousel (PDF),Payhawk,https://www.linkedin.com/feed/update/urn:li:activity:7505267835770834944/,https://www.linkedin.com/company/payhawk/posts/?feedView=all
Payhawk,4,2026-09-14 12:08,We didn't launch travel at Payhawk to give people the same product in a different place.,0,0,0,0,Image,Boris A. Angelov,https://www.linkedin.com/feed/update/urn:li:activity:7505236102270767104/,https://www.linkedin.com/company/payhawk/posts/?feedView=all
Payhawk,5,2026-09-14 09:04,A four-day month-end close. An approval flow nobody can explain anymore. A reconciliation that runs through one person.,40,6,0,46,Image,Payhawk,https://www.linkedin.com/feed/update/urn:li:activity:7505189665252196352/,https://www.linkedin.com/company/payhawk/posts/?feedView=all
Payhawk,6,2026-09-12 19:59,Chamath Palihapitiya & Jason Calacanis you said today you don't believe AI is capable of booking you a hotel yet. You just got a booking in LA under your names fully booked and pai,0,0,0,0,Video,Hristo Borisov,https://www.linkedin.com/feed/update/urn:li:activity:7504629863467884544/,https://www.linkedin.com/company/payhawk/posts/?feedView=all
Payhawk,7,2026-09-11 13:39,"Yesterday, The Loft at A'dam Tower filled up with Europe's finance leaders and the conversation went straight past ""should we use AI"" to ""what do we fix first.""",0,0,0,0,Multi-image (11),Payhawk,https://www.linkedin.com/feed/update/urn:li:activity:7504171854149115906/,https://www.linkedin.com/company/payhawk/posts/?feedView=all
Payhawk,8,2026-09-11 08:30,"Business travel looks simple until it isn't. One person, one city, one night. Any tool can do that.",41,1,1,43,Image,Payhawk,https://www.linkedin.com/feed/update/urn:li:activity:7504093900324921345/,https://www.linkedin.com/company/payhawk/posts/?feedView=all
Payhawk,9,2026-09-10 08:12,"You're moving to DualEntry to get ahead, but that's only half of the solution. AI-native spend management is the other half.",0,0,0,0,Video,Payhawk,https://www.linkedin.com/feed/update/urn:li:activity:7503727197916999680/,https://www.linkedin.com/company/payhawk/posts/?feedView=all
Payhawk,10,2026-09-10 08:00,"You're moving to DualEntry to get ahead, but that's only half of the solution. AI-native spend management is the other half.",0,0,0,0,Video,Payhawk,https://www.linkedin.com/feed/update/urn:li:activity:7503724110976401408/,https://www.linkedin.com/company/payhawk/posts/?feedView=all
Payhawk,11,2026-09-09 08:43,"This month, Payhawk is showing up in person across Europe.",0,0,0,0,Image,Gabriela Belnikolovska,https://www.linkedin.com/feed/update/urn:li:activity:7503372411694919680/,https://www.linkedin.com/company/payhawk/posts/?feedView=all
Payhawk,12,2026-09-08 08:00,Payhawk now proudly partners with Rillet.,0,0,0,0,Video,Payhawk,https://www.linkedin.com/feed/update/urn:li:activity:7502999186406309889/,https://www.linkedin.com/company/payhawk/posts/?feedView=all
Payhawk,13,2026-09-04 10:45,"Nachdem ich letztes Jahr das erste mal als Aussteller auf dem Accounting Summit dabei war, gehe ich dieses Jahr gleich All-In. Am 16. September, 10:30 halte ich die Keynote auf der",0,0,0,0,Image,Martin Jürgen Reindl,https://www.linkedin.com/feed/update/urn:li:activity:7501591298127273984/,https://www.linkedin.com/company/payhawk/posts/?feedView=all
Payhawk,14,2026-09-03 11:20,"Dashboards answer the question somebody decided was important when they were built, often 𝘮𝘰𝘯𝘵𝘩𝘴 𝘦𝘢𝘳𝘭𝘪𝘦𝘳. Fine for the metrics tracked every week. No use for the urgen",23,0,0,23,Image,Payhawk,https://www.linkedin.com/feed/update/urn:li:activity:7501237771207102464/,https://www.linkedin.com/company/payhawk/posts/?feedView=all
Payhawk,15,2026-09-01 07:46,France Digitale is back for its 14th edition — and we’ll be there to experience it live!,61,0,8,69,Image,Payhawk,https://www.linkedin.com/feed/update/urn:li:activity:7500459015420866560/,https://www.linkedin.com/company/payhawk/posts/?feedView=all
Payhawk,16,2026-09-01 07:23,"Every AI-pitch sounds the same right now: ""architected for AI,"" ""faster onboarding,"" ""sharper UX."" Even legacy systems lean into the script.",8,1,0,9,Image,Payhawk,https://www.linkedin.com/feed/update/urn:li:activity:7500453201322762241/,https://www.linkedin.com/company/payhawk/posts/?feedView=all
Payhawk,17,2026-08-31 13:30,"It's US Open time and Grigor Dimitrov begins his campaign in New York today, in his 15th main draw appearance at this tournament - a milestone that says as much about resilience as",171,1,0,172,Image,Payhawk,https://www.linkedin.com/feed/update/urn:li:activity:7500183244303261697/,https://www.linkedin.com/company/payhawk/posts/?feedView=all
Payhawk,18,2026-08-31 07:30,This is what an AI-first team looks like.,0,0,0,0,Video,Payhawk,https://www.linkedin.com/feed/update/urn:li:activity:7500092576847470592/,https://www.linkedin.com/company/payhawk/posts/?feedView=all
Payhawk,19,2026-08-28 10:24,Finance has automated almost everything. Except the part that needs judgment.,0,0,0,0,Article/Link,Payhawk,https://www.linkedin.com/feed/update/urn:li:activity:7499049203302809600/,https://www.linkedin.com/company/payhawk/posts/?feedView=all
Payhawk,20,2026-08-20 08:45,💳 Corporate spend moves across payment types and markets. Fraud and AML controls need to keep pace.,0,0,0,0,Image,Flagright,https://www.linkedin.com/feed/update/urn:li:activity:7496125289274601473/,https://www.linkedin.com/company/payhawk/posts/?feedView=all
Payhawk,21,2026-08-18 12:00,"Two weeks after the New York Stock Exchange celebrated our $100M ARR milestone with a trading floor takeover, our CEO and Co-founder Hristo Borisov sat down with NYSE Live for a co",0,0,0,0,Video,Payhawk,https://www.linkedin.com/feed/update/urn:li:activity:7495449609708945408/,https://www.linkedin.com/company/payhawk/posts/?feedView=all
Payhawk,22,2026-08-18 07:38,"France's e-invoicing mandate goes live in 14 days. The most dangerous words we're hearing from finance teams right now are: ""We're compliant.""",0,0,0,0,Image,Pavel Hadzhiev,https://www.linkedin.com/feed/update/urn:li:activity:7495383490759303168/,https://www.linkedin.com/company/payhawk/posts/?feedView=all
Payhawk,23,2026-08-11 14:37,"Spent a few days in Stockholm and loved the city (and the coffee) so much, it made the news even better: Payhawk is opening its newest office here.",0,0,0,0,Multi-image (2),Gabriela Belnikolovska,https://www.linkedin.com/feed/update/urn:li:activity:7492952224533278721/,https://www.linkedin.com/company/payhawk/posts/?feedView=all
Payhawk,24,2026-08-06 09:11,We had a proper unbox therapy in the office. 📦,0,0,0,0,Video,Payhawk,https://www.linkedin.com/feed/update/urn:li:activity:7491058429508218881/,https://www.linkedin.com/company/payhawk/posts/?feedView=all
Payhawk,25,2026-08-05 07:30,"For finance leaders, the conversation is shifting from AI hype toward how to actually govern it. That was the topic in Munich - The Future CFO Talks, live from BMW Welt.",0,0,0,0,Video,Payhawk,https://www.linkedin.com/feed/update/urn:li:activity:7490670435018215425/,https://www.linkedin.com/company/payhawk/posts/?feedView=all
Payhawk,26,2026-08-04 13:00,Now that's a nice surprise! A trading floor takeover by the NYSE to mark us surpassing $100M ARR - congratulations messages up on the boards and everything.,0,0,0,0,Multi-image (3),Payhawk,https://www.linkedin.com/feed/update/urn:li:activity:7490391223183249408/,https://www.linkedin.com/company/payhawk/posts/?feedView=all
Payhawk,27,2026-08-03 10:57,🚀 The Future CFO Talks — Amsterdam,0,0,0,0,Image,Angel Rivera,https://www.linkedin.com/feed/update/urn:li:activity:7489997820465188864/,https://www.linkedin.com/company/payhawk/posts/?feedView=all
Payhawk,28,2026-07-31 11:22,AI can take the task. It can't take the accountability.,0,0,0,0,Article/Link,Payhawk,https://www.linkedin.com/feed/update/urn:li:activity:7488917034903396354/,https://www.linkedin.com/company/payhawk/posts/?feedView=all
Payhawk,29,2026-07-31 07:57,1/5 of the Payhawk Marketing team merched up ✨🦄,0,0,0,0,Video,Dessy Duleva,https://www.linkedin.com/feed/update/urn:li:activity:7488865364286701568/,https://www.linkedin.com/company/payhawk/posts/?feedView=all
Payhawk,30,2026-07-30 14:02,"We must say, our name looks good on the screens of the London Stock Exchange.",0,0,0,0,Video,Payhawk,https://www.linkedin.com/feed/update/urn:li:activity:7488594830038556672/,https://www.linkedin.com/company/payhawk/posts/?feedView=all
Payhawk,31,2026-07-30 06:00,"“С интеграцията ни със SAP S/4HANA големите компании могат да минимизират грешките, свързани с кодирането на разходи, да намалят ръчната работа и да приключват месеца по-бързо и бе",53,0,1,54,Image,Payhawk,https://www.linkedin.com/feed/update/urn:li:activity:7488473616205008897/,https://www.linkedin.com/company/payhawk/posts/?feedView=all
Payhawk,32,2026-07-24 13:28,AI Fridays at Payhawk 🚀,0,0,0,0,Multi-image (4),Nesrine MOHELLEBI,https://www.linkedin.com/feed/update/urn:li:activity:7486412116602699776/,https://www.linkedin.com/company/payhawk/posts/?feedView=all
Payhawk,33,2026-07-22 06:49,🤯 More than one in five online card payments still have no invoice attached six weeks after month-end.,0,0,0,0,Video,Payhawk,https://www.linkedin.com/feed/update/urn:li:activity:7485586868676419584/,https://www.linkedin.com/company/payhawk/posts/?feedView=all
Payhawk,34,2026-07-17 11:47,AI Friday with the girls 👷‍♀️🛠️🪚🪓,0,0,0,0,Image,Kalina Valcheva,https://www.linkedin.com/feed/update/urn:li:activity:7483849932936732673/,https://www.linkedin.com/company/payhawk/posts/?feedView=all
Payhawk,35,2026-07-16 09:42,"At our Future CFO event in Barcelona, we stopped a handful of expert finance and IT leaders to ask the question: Where are you really at with AI?",12,0,0,12,Image,Payhawk,https://www.linkedin.com/feed/update/urn:li:activity:7483455944098553856/,https://www.linkedin.com/company/payhawk/posts/?feedView=all
Payhawk,36,2026-07-09 14:51,"A few weeks ago Ben Waite and I visited the Eagl team in Ghent, and left inspired by what they're building. They have the unmistakable energy of a team creating a business that's g",0,0,0,0,Image,Jochem van Overbeek,https://www.linkedin.com/feed/update/urn:li:activity:7480997124982206465/,https://www.linkedin.com/company/payhawk/posts/?feedView=all
Payhawk,37,2026-07-08 07:24,Crossing $100M in annual recurring revenue feels pretty great. But what feels even better is how we did it…,0,0,0,0,Video,Payhawk,https://www.linkedin.com/feed/update/urn:li:activity:7480522282252013569/,https://www.linkedin.com/company/payhawk/posts/?feedView=all
Payhawk,38,2026-07-07 08:00,"We created The Court of Resilience to celebrate Grigor's behaviour during maybe the toughest moment of his career - his 2025 Wimbledon injury, and the handshake he still gave the u",101,0,1,102,Image,Payhawk,https://www.linkedin.com/feed/update/urn:li:activity:7480168812605161472/,https://www.linkedin.com/company/payhawk/posts/?feedView=all
Payhawk,39,2026-07-06 09:10,Hundreds and hundreds of customers upgraded. Tens of millions in euros. No failed card transactions.,0,0,0,0,Video,Payhawk,https://www.linkedin.com/feed/update/urn:li:activity:7479823968305160192/,https://www.linkedin.com/company/payhawk/posts/?feedView=all
Payhawk,40,2026-07-03 04:45,"We are thrilled to see our global brand ambassador Grigor Dimitrov swinging back at SW19, and winning in style.",251,1,5,257,Image,Payhawk,https://www.linkedin.com/feed/update/urn:li:activity:7478670106206560256/,https://www.linkedin.com/company/payhawk/posts/?feedView=all
Payhawk,41,2026-07-02 09:32,"This week, we had the absolute pleasure of hosting a group of business and finance leaders at Wimbledon 🎾",0,0,0,0,Multi-image (4),Payhawk,https://www.linkedin.com/feed/update/urn:li:activity:7478380005870243840/,https://www.linkedin.com/company/payhawk/posts/?feedView=all
Payhawk,42,2026-07-01 13:35,A few weeks ago I took the train to Ghent with Jochem van Overbeek to meet the team at Eagl - and left convinced we'd partnered with one of the most exciting names in finance autom,0,0,0,0,Image,Ben Waite,https://www.linkedin.com/feed/update/urn:li:activity:7478078865731653632/,https://www.linkedin.com/company/payhawk/posts/?feedView=all
Payhawk,43,2026-07-01 11:08,Munich just hosted the latest stop on The Future CFO Talks 🎉,0,0,0,0,Multi-image (4),Payhawk,https://www.linkedin.com/feed/update/urn:li:activity:7478041895051550720/,https://www.linkedin.com/company/payhawk/posts/?feedView=all
Payhawk,44,2026-06-30 19:28,"A year ago, Grigor was forced off Wimbledon with a heartbreaking injury. So today's win on Court 18 feels truly symbolic.",0,0,0,0,Video,Payhawk,https://www.linkedin.com/feed/update/urn:li:activity:7477805310603341824/,https://www.linkedin.com/company/payhawk/posts/?feedView=all
Payhawk,45,2026-06-30 12:15,This one from Boris A. Angelov and Karolina Klermon-Williams is in a word.. chef's kiss!,0,0,0,0,Text,Payhawk,https://www.linkedin.com/feed/update/urn:li:activity:7477696194702422016/,https://www.linkedin.com/company/payhawk/posts/?feedView=all
Payhawk,46,2026-06-30 10:20,We've been named Best Business Payments System at the PayTech Awards 2026 (via FinTech Futures) 🎉 🎉 🎉,153,3,1,157,Image,Payhawk,https://www.linkedin.com/feed/update/urn:li:activity:7477667296329568259/,https://www.linkedin.com/company/payhawk/posts/?feedView=all
Payhawk,47,2026-06-30 07:06,71% of AI investments in finance aren't delivering meaningful impact.,0,0,0,0,Article/Link,Payhawk,https://www.linkedin.com/feed/update/urn:li:activity:7477618658836385792/,https://www.linkedin.com/company/payhawk/posts/?feedView=all
Payhawk,48,2026-06-25 10:00,It's today!!,61,0,0,61,Image,Payhawk,https://www.linkedin.com/feed/update/urn:li:activity:7475850297148583936/,https://www.linkedin.com/company/payhawk/posts/?feedView=all
Payhawk,49,2026-06-25 09:09,Aikido Security's story is awesome! ( 👋 the fastest European cybersecurity company to become a unicorn...ever!),0,0,0,0,Text,Payhawk,https://www.linkedin.com/feed/update/urn:li:activity:7475837447503900672/,https://www.linkedin.com/company/payhawk/posts/?feedView=all
Payhawk,50,2026-06-25 08:00,This June we had the absolute privilege to host a group of business and finance leaders at the F1 in Barcelona 🏎️ 💨,0,0,0,0,Multi-image (4),Payhawk,https://www.linkedin.com/feed/update/urn:li:activity:7475820280800677889/,https://www.linkedin.com/company/payhawk/posts/?feedView=all
Rydoo,1,2026-09-16 10:39,Last week we mapped the five European e-invoicing frameworks. This is the follow-up we promised: what happens after you meet every deadline.,7,0,0,7,Image,Rydoo,https://www.linkedin.com/feed/update/urn:li:activity:7505938431139770368/,https://www.linkedin.com/company/rydoo/posts/?feedView=all
Rydoo,2,2026-09-14 10:51,"One e-invoicing mandate is a project. For multi-entity companies, European e-invoicing is an operating model.",0,0,0,0,Event,Rydoo,https://www.linkedin.com/feed/update/urn:li:activity:7505216609893011456/,https://www.linkedin.com/company/rydoo/posts/?feedView=all
Rydoo,3,2026-09-10 09:00,"""The software that matters over the next few years will be the one that shows up inside the tools people already live in - governed, trusted, one click away - instead of demanding",0,0,0,0,Text,Rydoo,https://www.linkedin.com/feed/update/urn:li:activity:7503739241881980928/,https://www.linkedin.com/company/rydoo/posts/?feedView=all
Rydoo,4,2026-09-09 12:18,"""How do you eat an elephant? One bite at a time"" 🐘",0,0,0,0,Multi-image (3),Daniel Keat,https://www.linkedin.com/feed/update/urn:li:activity:7503426501648777216/,https://www.linkedin.com/company/rydoo/posts/?feedView=all
Rydoo,5,2026-09-09 11:55,Do you know which of your European entities are already in scope for e-invoicing?,16,5,4,25,Image,Rydoo,https://www.linkedin.com/feed/update/urn:li:activity:7503420789069852674/,https://www.linkedin.com/company/rydoo/posts/?feedView=all
Rydoo,6,2026-09-08 13:19,Don't you just love events when the conversations are more honest than you expect?,0,0,0,0,Multi-image (3),Rydoo,https://www.linkedin.com/feed/update/urn:li:activity:7503079619747647489/,https://www.linkedin.com/company/rydoo/posts/?feedView=all
Rydoo,7,2026-09-08 09:00,"There are thousands of tools out there: travel platforms, HR systems, ERPs, accounting tools, corporate cards, the list goes on.",0,0,0,0,Video,Rydoo,https://www.linkedin.com/feed/update/urn:li:activity:7503014417446498304/,https://www.linkedin.com/company/rydoo/posts/?feedView=all
Rydoo,8,2026-09-03 08:45,Introducing the Rydoo MCP. All you have to do is ask.,0,0,0,0,Video,Rydoo,https://www.linkedin.com/feed/update/urn:li:activity:7501198758701977600/,https://www.linkedin.com/company/rydoo/posts/?feedView=all
Rydoo,9,2026-09-01 10:28,Performance = Potential − Interference.,0,0,0,0,Document/Carousel (PDF),Rydoo,https://www.linkedin.com/feed/update/urn:li:activity:7500499724618129408/,https://www.linkedin.com/company/rydoo/posts/?feedView=all
Rydoo,10,2026-08-27 12:36,Three months ago we gave everyone at Rydoo a judo belt 🥋 .,0,0,0,0,Article/Link,Sebastien Marchon,https://www.linkedin.com/feed/update/urn:li:activity:7498720151169564673/,https://www.linkedin.com/company/rydoo/posts/?feedView=all
Rydoo,11,2026-08-27 10:40,Around 14% of company expenses are non-compliant. Some of them on purpose.,0,0,0,0,Video,Rydoo,https://www.linkedin.com/feed/update/urn:li:activity:7498691021036343296/,https://www.linkedin.com/company/rydoo/posts/?feedView=all
Rydoo,12,2026-08-26 11:06,"""You rarely do just finance, especially if you're in a leadership role.""",19,0,0,19,Image,Rydoo,https://www.linkedin.com/feed/update/urn:li:activity:7498334969161838592/,https://www.linkedin.com/company/rydoo/posts/?feedView=all
Rydoo,13,2026-08-24 08:01,"According to Gallup, roughly half of remote-capable employees work hybrid. About a quarter are fully remote. Only a fifth are back in the office full time.",19,1,5,25,Article/Link,Rydoo,https://www.linkedin.com/feed/update/urn:li:activity:7497563650191302656/,https://www.linkedin.com/company/rydoo/posts/?feedView=all
Rydoo,14,2026-08-21 12:22,Browsing new roles on this lovely Friday afternoon? Look no further.,8,1,0,9,Text,Rydoo,https://www.linkedin.com/feed/update/urn:li:activity:7496542337419100160/,https://www.linkedin.com/company/rydoo/posts/?feedView=all
Rydoo,15,2026-08-21 09:48,What happens when AI invoice automation meets deep financial expertise?,9,0,0,9,Text,Rydoo,https://www.linkedin.com/feed/update/urn:li:activity:7496503508494368768/,https://www.linkedin.com/company/rydoo/posts/?feedView=all
Rydoo,16,2026-08-19 10:20,"A few months ago, we gave everyone at Rydoo a virtual judo belt to reflect their level of AI fluency.",0,0,0,0,Video,Rydoo,https://www.linkedin.com/feed/update/urn:li:activity:7495786651487477762/,https://www.linkedin.com/company/rydoo/posts/?feedView=all
Rydoo,17,2026-08-18 17:34,"Back in 2018 I moved out of big corps into the world of scale-ups. I started as a finance controller. The fast growth environment can be challenging for some, but it does offer a l",0,0,0,0,Video,Aidana Zhakupbekova,https://www.linkedin.com/feed/update/urn:li:activity:7495533698377883648/,https://www.linkedin.com/company/rydoo/posts/?feedView=all
Rydoo,18,2026-08-17 08:40,We're pleased to welcome InIt4U as a partner 🤝,12,0,0,12,Text,Rydoo,https://www.linkedin.com/feed/update/urn:li:activity:7495036751049039872/,https://www.linkedin.com/company/rydoo/posts/?feedView=all
Rydoo,19,2026-08-14 11:28,"Two years ago, Rahma Elsaid applied for a student job with no real expectations.",19,0,2,21,Article/Link,Rydoo,https://www.linkedin.com/feed/update/urn:li:activity:7493991960857370624/,https://www.linkedin.com/company/rydoo/posts/?feedView=all
Rydoo,20,2026-08-13 14:06,"Last week, we talked about the problem. This week, we're showing you what it actually costs you (and how to solve it).",0,0,0,0,Document/Carousel (PDF),Rydoo,https://www.linkedin.com/feed/update/urn:li:activity:7493669321597169665/,https://www.linkedin.com/company/rydoo/posts/?feedView=all
Rydoo,21,2026-08-12 11:24,The finance leader who only does finance is already behind.,0,0,0,0,Video,Rydoo,https://www.linkedin.com/feed/update/urn:li:activity:7493266256431652864/,https://www.linkedin.com/company/rydoo/posts/?feedView=all
Rydoo,22,2026-08-10 12:58,"Ein doppelter Beleg, Alkohol auf der Rechnung oder ein KI-generiertes Foto, das gar kein Beleg ist: Solche Fälle kosten Finance-Teams Zeit und bleiben trotzdem leicht unentdeckt.",0,0,0,0,Event,Travexis,https://www.linkedin.com/feed/update/urn:li:activity:7492565003267473408/,https://www.linkedin.com/company/rydoo/posts/?feedView=all
Rydoo,23,2026-08-10 10:02,"That's GBTA Chicago done, and we have the crowd-sourced expense stories to prove it!",0,0,0,0,Multi-image (6),Rydoo,https://www.linkedin.com/feed/update/urn:li:activity:7492520687400579073/,https://www.linkedin.com/company/rydoo/posts/?feedView=all
Rydoo,24,2026-08-07 08:30,"Back in the day, it was all snacks over Slacks.",0,0,0,0,Document/Carousel (PDF),Rydoo,https://www.linkedin.com/feed/update/urn:li:activity:7491410311644626945/,https://www.linkedin.com/company/rydoo/posts/?feedView=all
Rydoo,25,2026-08-06 09:49,"Somewhere in your company, someone has just put an AI subscription on a company card.",0,0,0,0,Document/Carousel (PDF),Rydoo,https://www.linkedin.com/feed/update/urn:li:activity:7491068019222401024/,https://www.linkedin.com/company/rydoo/posts/?feedView=all
Rydoo,26,2026-08-05 09:00,Anyone can write a nice line about their own product.,65,8,24,97,Image,Rydoo,https://www.linkedin.com/feed/update/urn:li:activity:7490693099980148737/,https://www.linkedin.com/company/rydoo/posts/?feedView=all
Rydoo,27,2026-08-04 11:10,"""If my daughter can build an app in a day, why do we need six-month transformation plans?"" - Nicolas Boucher, Founder of AI Finance Club",0,0,0,0,Video,Rydoo,https://www.linkedin.com/feed/update/urn:li:activity:7490363634489962496/,https://www.linkedin.com/company/rydoo/posts/?feedView=all
Rydoo,28,2026-08-03 08:23,"Two weeks ago, five Rydoo teammates and I stood in front of a crowd at Google's Paris offices, pitching an AI tool we'd built in 24 hours.",0,0,0,0,Image,Adam Mazik,https://www.linkedin.com/feed/update/urn:li:activity:7489959208906551296/,https://www.linkedin.com/company/rydoo/posts/?feedView=all
Rydoo,29,2026-08-03 08:23,"OUT NOW 🎙️Aidana Zhakupbekova, Chief Operational & Financial Officer (COFO) at Rydoo, explores why tomorrow's CFO must think beyond finance.",0,0,0,0,Video,Finance Chief,https://www.linkedin.com/feed/update/urn:li:activity:7489959109270646785/,https://www.linkedin.com/company/rydoo/posts/?feedView=all
Rydoo,30,2026-07-30 09:30,What happens when you give a cross-functional team a real problem and 24 hours to build an AI tool to solve it?,57,5,0,62,Image,Rydoo,https://www.linkedin.com/feed/update/urn:li:activity:7488526323947311104/,https://www.linkedin.com/company/rydoo/posts/?feedView=all
Rydoo,31,2026-07-27 08:30,"Chicago, we're coming for you next week!",32,1,2,35,Image,Rydoo,https://www.linkedin.com/feed/update/urn:li:activity:7487424061808021505/,https://www.linkedin.com/company/rydoo/posts/?feedView=all
Rydoo,32,2026-07-23 09:30,"When cloud first showed up, costs were unpredictable and nobody knew how to budget it.",10,0,0,10,Article/Link,Rydoo,https://www.linkedin.com/feed/update/urn:li:activity:7485989611102572544/,https://www.linkedin.com/company/rydoo/posts/?feedView=all
Rydoo,33,2026-07-20 12:30,Are we AI native? Perhaps not yet. Are we on the way? Most definitely.,24,0,1,25,Article/Link,Rydoo,https://www.linkedin.com/feed/update/urn:li:activity:7484947744843866112/,https://www.linkedin.com/company/rydoo/posts/?feedView=all
Rydoo,34,2026-07-17 08:00,"When you have 37 nationalities across your org, embedding cultural fluency is key.",6,1,1,8,Text,Rydoo,https://www.linkedin.com/feed/update/urn:li:activity:7483792641306898432/,https://www.linkedin.com/company/rydoo/posts/?feedView=all
Rydoo,35,2026-07-16 12:00,What's the one thing every finance leader talks about at a finance event?,0,0,0,0,Video,Rydoo,https://www.linkedin.com/feed/update/urn:li:activity:7483490629503750146/,https://www.linkedin.com/company/rydoo/posts/?feedView=all
Rydoo,36,2026-07-15 12:00,We just closed the biggest gap in our enterprise story: SAP.,0,0,0,0,Document/Carousel (PDF),Rydoo,https://www.linkedin.com/feed/update/urn:li:activity:7483128271509958656/,https://www.linkedin.com/company/rydoo/posts/?feedView=all
Rydoo,37,2026-07-14 08:01,Global growth. Local compliance. One partnership.,29,1,2,32,Image,Rydoo,https://www.linkedin.com/feed/update/urn:li:activity:7482705725991989248/,https://www.linkedin.com/company/rydoo/posts/?feedView=all
Rydoo,38,2026-07-13 08:56,"Go Rydoo team! What an amazing achievement - winning the best, most complete project overall at the Eurazeo AI Hackathon!",0,0,0,0,Text,Rydoo,https://www.linkedin.com/feed/update/urn:li:activity:7482357400474267648/,https://www.linkedin.com/company/rydoo/posts/?feedView=all
Rydoo,39,2026-07-09 10:49,"🚀 As we head into the final sessions of the day, we're tackling one of finance's biggest challenges, and that's turning AI potential into real business value.",0,0,0,0,Multi-image (3),World Finance Forum,https://www.linkedin.com/feed/update/urn:li:activity:7480936195036954625/,https://www.linkedin.com/company/rydoo/posts/?feedView=all
Rydoo,40,2026-07-08 15:04,The real conversations finance leaders are having right now? It's all at World Finance Forum Berlin.,0,0,0,0,Multi-image (2),Rydoo,https://www.linkedin.com/feed/update/urn:li:activity:7480638031570440194/,https://www.linkedin.com/company/rydoo/posts/?feedView=all
Rydoo,41,2026-07-07 08:30,We're proud to welcome Platinum Services Europe as a Rydoo channel partner.,0,0,0,0,Document/Carousel (PDF),Rydoo,https://www.linkedin.com/feed/update/urn:li:activity:7480176323420729344/,https://www.linkedin.com/company/rydoo/posts/?feedView=all
Rydoo,42,2026-07-02 12:33,When was the last time you actually audited your finance tool stack?,0,0,0,0,Document/Carousel (PDF),Rydoo,https://www.linkedin.com/feed/update/urn:li:activity:7478425689180934147/,https://www.linkedin.com/company/rydoo/posts/?feedView=all
Rydoo,43,2026-06-30 08:30,57% of employees actively hide their AI use at work.,13,0,0,13,Image,Rydoo,https://www.linkedin.com/feed/update/urn:li:activity:7477639611297546241/,https://www.linkedin.com/company/rydoo/posts/?feedView=all
Rydoo,44,2026-06-26 15:08,That’s a wrap on two days at the Business Travel Show Europe and the ExCeL London floor has been buzzing!,0,0,0,0,Multi-image (3),Rydoo,https://www.linkedin.com/feed/update/urn:li:activity:7476290419207823360/,https://www.linkedin.com/company/rydoo/posts/?feedView=all
Rydoo,45,2026-06-26 14:26,"At Rydoo, our ambition is to lead the AI-transformation.",0,0,0,0,Image,Adam Mazik,https://www.linkedin.com/feed/update/urn:li:activity:7476279606405222400/,https://www.linkedin.com/company/rydoo/posts/?feedView=all
Rydoo,46,2026-06-25 15:12,Great conversations at the World Finance Forum in the Beurs van Berlage ✨,0,0,0,0,Multi-image (3),Linda Bakker,https://www.linkedin.com/feed/update/urn:li:activity:7475928852628795392/,https://www.linkedin.com/company/rydoo/posts/?feedView=all
Rydoo,47,2026-06-25 12:30,What does the room sound like when finance leaders stop reacting and start building?,0,0,0,0,Video,Rydoo,https://www.linkedin.com/feed/update/urn:li:activity:7475888034392145920/,https://www.linkedin.com/company/rydoo/posts/?feedView=all
Rydoo,48,2026-06-25 09:30,AI-first culture doesn't happen by accident.,0,0,0,0,Document/Carousel (PDF),Rydoo,https://www.linkedin.com/feed/update/urn:li:activity:7475842762802622464/,https://www.linkedin.com/company/rydoo/posts/?feedView=all
Rydoo,49,2026-06-24 09:31,Find us at Business Travel Show Europe for the next two days!,5,0,0,5,Text,Rydoo,https://www.linkedin.com/feed/update/urn:li:activity:7475480666290401282/,https://www.linkedin.com/company/rydoo/posts/?feedView=all
Rydoo,50,2026-06-23 13:43,It’s incredibly refreshing to build a partnership centred on making life easier.,0,0,0,0,Document/Carousel (PDF),Rydoo,https://www.linkedin.com/feed/update/urn:li:activity:7475181732493828098/,https://www.linkedin.com/company/rydoo/posts/?feedView=all
Expensify,1,2026-09-14 16:39,"""Q2 is one of our strongest shipping quarters yet. With more than 30 features and enhancements, it's been gratifying to see that work recognized externally, too. We were named Expe",0,0,0,0,Video,David Barrett,https://www.linkedin.com/feed/update/urn:li:activity:7505304316761563137/,https://www.linkedin.com/company/expensify/posts/?feedView=all
Expensify,2,2026-09-11 16:39,"""Every single company in the world has an expense problem. You have expenses way before you have revenue. Before you have an accountant or an accounting system, you're doing someth",0,0,0,0,Video,David Barrett,https://www.linkedin.com/feed/update/urn:li:activity:7504217176145592320/,https://www.linkedin.com/company/expensify/posts/?feedView=all
Expensify,3,2026-09-10 10:47,"Starting from scratch every time you set an agent rule? Not anymore. Choose from ready-made agent rule templates and let RuleBot start enforcing policy in minutes, no blank page re",1,0,0,1,Image,Expensify,https://www.linkedin.com/feed/update/urn:li:activity:7503766069862543362/,https://www.linkedin.com/company/expensify/posts/?feedView=all
Expensify,4,2026-09-09 16:39,This one small (but difficult) habit change of clearly communicating the problem you are trying to solve *independent of the solution you are proposing* has really transformed how,0,0,0,0,Article/Link,David Barrett,https://www.linkedin.com/feed/update/urn:li:activity:7503492390910017536/,https://www.linkedin.com/company/expensify/posts/?feedView=all
Expensify,5,2026-09-08 09:51,"Company card expenses landing in the wrong vendor record in QuickBooks? Expensify now imports your vendor list and automatically matches vendors on export, so expenses land where t",7,0,1,8,Image,Expensify,https://www.linkedin.com/feed/update/urn:li:activity:7503027110941192192/,https://www.linkedin.com/company/expensify/posts/?feedView=all
Expensify,6,2026-09-01 15:00,New integration just dropped: Rillet.,40,0,0,40,Image,Expensify,https://www.linkedin.com/feed/update/urn:li:activity:7500568363891568641/,https://www.linkedin.com/company/expensify/posts/?feedView=all
Expensify,7,2026-08-28 16:39,"Traditional UI the gateway to AI. Getting our custom agent layer working was a ton of work, and it's made Expensify kind of infinitely flexible. However, it's *too* flexible -- we'",0,0,0,0,Image,David Barrett,https://www.linkedin.com/feed/update/urn:li:activity:7499143720588455936/,https://www.linkedin.com/company/expensify/posts/?feedView=all
Expensify,8,2026-08-27 15:00,"We're hitting the road with Advisory Amplified next month! 6 cities, 100 firm owners per stop, and hands-on sessions on where advisory services are headed.",7,0,2,9,Image,Expensify,https://www.linkedin.com/feed/update/urn:li:activity:7498756286994636800/,https://www.linkedin.com/company/expensify/posts/?feedView=all
Expensify,9,2026-08-25 16:00,Did you know The Expensify Visa® Commercial Card is now available in the UK and parts of the EU?,0,0,0,0,Video,Expensify,https://www.linkedin.com/feed/update/urn:li:activity:7498046548422004736/,https://www.linkedin.com/company/expensify/posts/?feedView=all
Expensify,10,2026-08-24 16:23,"Building AI systems is like climbing a mountain in the fog. It's really unclear how high the mountain goes, and it doesn't take any particular breakthrough to keep climbing -- but",0,0,0,0,Text,David Barrett,https://www.linkedin.com/feed/update/urn:li:activity:7497690181462917120/,https://www.linkedin.com/company/expensify/posts/?feedView=all
Expensify,11,2026-08-13 15:14,"When your finance dept saves 150 hours a month, you've got time for the important things...like running an NBA team. 🏀",15,0,2,17,Article/Link,Expensify,https://www.linkedin.com/feed/update/urn:li:activity:7493686423254908928/,https://www.linkedin.com/company/expensify/posts/?feedView=all
Expensify,12,2026-08-11 16:00,"Your people data, connected in a couple clicks. Workday, HiBob, BambooHR, and Certinia integrations are now live, so employees, groups, and org data flow straight into Expensify. M",1,0,0,1,Image,Expensify,https://www.linkedin.com/feed/update/urn:li:activity:7492973126931271680/,https://www.linkedin.com/company/expensify/posts/?feedView=all
Expensify,13,2026-08-06 16:00,"Not every admin needs the keys to everything. New scoped roles for people, payments, and card admins give each one exactly the access they need, and auditors can now view workspace",2,0,0,2,Image,Expensify,https://www.linkedin.com/feed/update/urn:li:activity:7491161182901305344/,https://www.linkedin.com/company/expensify/posts/?feedView=all
Expensify,14,2026-08-04 15:00,"Rigid rule-builders are out. Tell an AI agent what you want in plain English, like ""ask the submitter to justify any meal expense over $75,"" and it figures out how to edit, route,",2,0,0,2,Image,Expensify,https://www.linkedin.com/feed/update/urn:li:activity:7490421337606225920/,https://www.linkedin.com/company/expensify/posts/?feedView=all
Expensify,15,2026-07-30 16:00,😎 July product update just dropped! ☀️,0,0,0,0,Document/Carousel (PDF),Expensify,https://www.linkedin.com/feed/update/urn:li:activity:7488624499735592960/,https://www.linkedin.com/company/expensify/posts/?feedView=all
Expensify,16,2026-07-24 17:42,"Stop digging through spreadsheets for answers. Ask Concierge instead, and go from question to chart in seconds instead of hours.",0,0,0,0,Video,Expensify,https://www.linkedin.com/feed/update/urn:li:activity:7486476036474429441/,https://www.linkedin.com/company/expensify/posts/?feedView=all
Expensify,17,2026-07-24 15:34,"Join our upcoming webinar on July 30th from 9-10 am PT, co-hosted by AI Finance guru, Nicolas Boucher, and our very own founder and CEO, David Barrett.",0,0,0,0,Text,Expensify,https://www.linkedin.com/feed/update/urn:li:activity:7486443741948358656/,https://www.linkedin.com/company/expensify/posts/?feedView=all
Expensify,18,2026-07-23 14:47,The Expensify Visa® Commercial Card is now available in the UK and EU!,0,0,0,0,Video,Expensify,https://www.linkedin.com/feed/update/urn:li:activity:7486069534412529664/,https://www.linkedin.com/company/expensify/posts/?feedView=all
Expensify,19,2026-07-20 16:00,"Stop out-of-policy spend before it happens. With the Expensify Card, admins can set spend rules that approve or decline transactions in real time, targeting specific merchants, cat",7,0,2,9,Image,Expensify,https://www.linkedin.com/feed/update/urn:li:activity:7485000604159778816/,https://www.linkedin.com/company/expensify/posts/?feedView=all
Expensify,20,2026-07-16 14:00,"Your expense data, now in whatever AI tool you already use. Connect Expensify to ChatGPT, Claude, Cursor, or any MCP-compatible assistant and ask things like ""What did I spend on t",4,0,1,5,Image,Expensify,https://www.linkedin.com/feed/update/urn:li:activity:7483520933178036224/,https://www.linkedin.com/company/expensify/posts/?feedView=all
Expensify,21,2026-07-14 13:00,Last chance to register! This Thursday July 16 at 1PM CT we're showing how our Bring Your Own Card (BYOC) program brings modern spend management to the bank cards you already use -,5,0,0,5,Image,Expensify,https://www.linkedin.com/feed/update/urn:li:activity:7482781075367460865/,https://www.linkedin.com/company/expensify/posts/?feedView=all
Expensify,22,2026-07-09 14:00,"Concierge just picked up new skills. Ask it to manage expense rules, submit or retract reports, add or remove workspace members, and mark expenses as cash. Receipt scanning also no",3,0,1,4,Image,Expensify,https://www.linkedin.com/feed/update/urn:li:activity:7480984146421497856/,https://www.linkedin.com/company/expensify/posts/?feedView=all
Expensify,23,2026-07-08 09:21,Our team is on the ground at Xerocon London today! Drop by stand E33 to say hello to our top product experts and learn all about our latest updates.,0,0,0,0,Text,Expensify,https://www.linkedin.com/feed/update/urn:li:activity:7480551690019098626/,https://www.linkedin.com/company/expensify/posts/?feedView=all
Expensify,24,2026-07-07 17:20,"Our latest product update puts AI to work on your expenses. Ask ChatGPT, Claude, or Cursor about your Expensify spend with the new MCP, hand off expense rules and report management",0,0,0,0,Document/Carousel (PDF),Expensify,https://www.linkedin.com/feed/update/urn:li:activity:7480309856378322945/,https://www.linkedin.com/company/expensify/posts/?feedView=all
Expensify,25,2026-07-06 16:43,"Our Bring Your Own Cards (BYOC) program brings modern spend management to your existing bank-issued cards, no migration required. Join our VP of Partnerships & Product, Mitch Ward,",6,0,4,10,Image,Expensify,https://www.linkedin.com/feed/update/urn:li:activity:7479938153135386624/,https://www.linkedin.com/company/expensify/posts/?feedView=all
Expensify,26,2026-07-01 13:00,Most “AI expense management” is just rules and alerts with a shiny wrapper. But Concierge AI is the real deal.,46,3,2,51,Article/Link,Expensify,https://www.linkedin.com/feed/update/urn:li:activity:7478070016916217856/,https://www.linkedin.com/company/expensify/posts/?feedView=all
Expensify,27,2026-06-23 21:10,Our partners the Brooklyn Nets are making moves tonight 👀 with pick #6 in the #NBADraft2026. It might be the best investment* they've made all year.,4,0,0,4,Image,Expensify,https://www.linkedin.com/feed/update/urn:li:activity:7475294350839689218/,https://www.linkedin.com/company/expensify/posts/?feedView=all
Expensify,28,2026-06-22 15:03,Getting modern spend controls shouldn't mean rebuilding your card program. Our Bring Your Own Cards (BYOC) program connects to the bank-issued cards you already use and adds real-t,9,0,3,12,Image,Expensify,https://www.linkedin.com/feed/update/urn:li:activity:7474839367606501377/,https://www.linkedin.com/company/expensify/posts/?feedView=all
Expensify,29,2026-06-14 08:53,We're heading to Scaling New Heights June 14–17 in Orlando.,8,0,1,9,Image,Expensify,https://www.linkedin.com/feed/update/urn:li:activity:7471847295878262784/,https://www.linkedin.com/company/expensify/posts/?feedView=all
Expensify,30,2026-06-09 17:15,"Starting today, connect ChatGPT, Claude, Cursor, and more to Expensify to get all your spend questions answered in a quick chat.",15,2,1,18,Image,Expensify,https://www.linkedin.com/feed/update/urn:li:activity:7470161674499432450/,https://www.linkedin.com/company/expensify/posts/?feedView=all
Expensify,31,2026-06-04 16:38,"We're excited to join the lineup of partners at this year's Advisory Amplified tour, a one-day experience for accounting professionals who want to take practical action on advisory",0,0,0,0,Text,Expensify,https://www.linkedin.com/feed/update/urn:li:activity:7468340369877872640/,https://www.linkedin.com/company/expensify/posts/?feedView=all
Expensify,32,2026-06-02 14:06,❄️ Lost your Expensify Card or spotted something off? Freeze it instantly from the Card Details panel and unfreeze whenever you're ready.,4,1,1,6,Image,Expensify,https://www.linkedin.com/feed/update/urn:li:activity:7467577265762172930/,https://www.linkedin.com/company/expensify/posts/?feedView=all
Expensify,33,2026-05-29 22:17,"A warm welcome to Expensify, a Partner Sponsor of Scaling New Heights 2026.",0,0,0,0,Image,Woodard,https://www.linkedin.com/feed/update/urn:li:activity:7466251481827057664/,https://www.linkedin.com/company/expensify/posts/?feedView=all
Expensify,34,2026-05-28 14:48,"🧐 Your expense policy should be easy to find, not buried in an email thread. Admins can now upload a PDF directly to their workspace, where every employee can easily access it. On",7,2,0,9,Image,Expensify,https://www.linkedin.com/feed/update/urn:li:activity:7465776090536509440/,https://www.linkedin.com/company/expensify/posts/?feedView=all
Expensify,35,2026-05-21 14:13,Leaving money on the table? Not anymore. 💸,0,0,0,0,Video,Expensify,https://www.linkedin.com/feed/update/urn:li:activity:7463230606273859584/,https://www.linkedin.com/company/expensify/posts/?feedView=all
Expensify,36,2026-05-21 13:15,"This month's product update is live! Whether you're an admin trying to keep your team on policy, or an employee trying to get reimbursed faster, there's something in this one for y",5,0,1,6,Article/Link,Expensify,https://www.linkedin.com/feed/update/urn:li:activity:7463215790671159297/,https://www.linkedin.com/company/expensify/posts/?feedView=all
Expensify,37,2026-05-19 19:09,"Using your personal card for work expenses has its perks: the points, the cash back, all yours. Now you can connect any card from 10,000+ banks, and transactions import automatical",6,1,1,8,Image,Expensify,https://www.linkedin.com/feed/update/urn:li:activity:7462580328247943171/,https://www.linkedin.com/company/expensify/posts/?feedView=all
Expensify,38,2026-05-19 14:58,Paying your global team shouldn't be hard. Neither should expensing what it costs to run it.,14,0,3,17,Image,Expensify,https://www.linkedin.com/feed/update/urn:li:activity:7462517019502895104/,https://www.linkedin.com/company/expensify/posts/?feedView=all
Expensify,39,2026-05-13 13:15,Odometer tracking is live!,8,4,1,13,Image,Expensify,https://www.linkedin.com/feed/update/urn:li:activity:7460316763151347712/,https://www.linkedin.com/company/expensify/posts/?feedView=all
Expensify,40,2026-05-12 20:00,"As a proud partner of Kiwibank, we couldn't let you miss this...",0,0,0,0,Text,Expensify,https://www.linkedin.com/feed/update/urn:li:activity:7460056231798353920/,https://www.linkedin.com/company/expensify/posts/?feedView=all
Expensify,41,2026-05-07 11:58,"Expensify has been named “Expense Management Platform of the Year"" in the 2026 TravelTech Breakthrough Awards ✈️",30,4,6,40,Image,Expensify,https://www.linkedin.com/feed/update/urn:li:activity:7458122976748584960/,https://www.linkedin.com/company/expensify/posts/?feedView=all
Expensify,42,2026-05-06 14:00,"One card feed, every workspace. Admins can now share a single company card feed across multiple workspaces, so employees who wear a lot of hats aren't stuck doing the same setup tw",5,0,1,6,Image,Expensify,https://www.linkedin.com/feed/update/urn:li:activity:7457791423304847360/,https://www.linkedin.com/company/expensify/posts/?feedView=all
Expensify,43,2026-04-29 16:10,"Big thanks to the Institute of Commercial Payments for hosting us in Scottsdale this week! Our Chief Strategy Officer, Daniel Vidal, took the stage to talk about Bring Your Own Car",38,1,1,40,Image,Expensify,https://www.linkedin.com/feed/update/urn:li:activity:7455287300797681682/,https://www.linkedin.com/company/expensify/posts/?feedView=all
Expensify,44,2026-04-28 17:54,We're heading to #SageFuture this week! Stop by booth 312 to learn more about our Sage integration and get a quick rundown of AI-powered expense management. See you soon 🚀 https:/,0,0,0,0,Video,Expensify,https://www.linkedin.com/feed/update/urn:li:activity:7454951118700445697/,https://www.linkedin.com/company/expensify/posts/?feedView=all
Expensify,45,2026-04-21 21:46,Big news: Expensify is now a Year-Round Partner Sponsor of the Institute of Commercial Payments (IOCP). 🚀,4,0,1,5,Image,Expensify,https://www.linkedin.com/feed/update/urn:li:activity:7452472811824037889/,https://www.linkedin.com/company/expensify/posts/?feedView=all
Expensify,46,2026-04-16 08:44,This month's product update is all about giving you more control.,12,0,0,12,Article/Link,Expensify,https://www.linkedin.com/feed/update/urn:li:activity:7450464238873169920/,https://www.linkedin.com/company/expensify/posts/?feedView=all
Expensify,47,2026-04-15 21:21,See you in June!,7,0,0,7,Text,Expensify,https://www.linkedin.com/feed/update/urn:li:activity:7450292324904984576/,https://www.linkedin.com/company/expensify/posts/?feedView=all
Expensify,48,2026-04-13 16:57,✈️ Just landed: Our American Airlines receipt integration. ✈️,11,0,0,11,Image,Expensify,https://www.linkedin.com/feed/update/urn:li:activity:7449500994717253634/,https://www.linkedin.com/company/expensify/posts/?feedView=all
Expensify,49,2026-04-01 17:06,"Expense reports that close themselves. No, really.",31,0,0,31,Article/Link,Expensify,https://www.linkedin.com/feed/update/urn:li:activity:7445154659683635200/,https://www.linkedin.com/company/expensify/posts/?feedView=all
Expensify,50,2026-03-27 14:34,"Last week we took over Barclays Center. Expensify on the big screens, great people in the suite, and our long-time customer Brooklyn Nets hosting us in style.",0,0,0,0,Multi-image (4),Expensify,https://www.linkedin.com/feed/update/urn:li:activity:7443304487030775809/,https://www.linkedin.com/company/expensify/posts/?feedView=all
Zoho Expense,1,2026-09-15 10:00,What if Zoho Expense existed in the 1980s? 📠💾,0,0,0,0,Document/Carousel (PDF),Zoho Expense,https://www.linkedin.com/feed/update/urn:li:activity:7505566207702355968/,https://www.linkedin.com/showcase/zoho-expense/posts/?feedView=all
Zoho Expense,2,2026-09-14 16:31,Your expense management just got a little smarter on iOS. 📱,0,0,0,0,Video,Zoho Expense,https://www.linkedin.com/feed/update/urn:li:activity:7505302118677762048/,https://www.linkedin.com/showcase/zoho-expense/posts/?feedView=all
Zoho Expense,3,2026-09-14 12:32,Great conversations around smarter T&E management at the #ZohoFinancePartnerMeetup in Dubai. 🇦🇪,0,0,0,0,Multi-image (3),Zoho Expense,https://www.linkedin.com/feed/update/urn:li:activity:7505242088922329088/,https://www.linkedin.com/showcase/zoho-expense/posts/?feedView=all
Zoho Expense,4,2026-09-11 14:26,A business trip creates more decisions than miles.,0,0,0,0,Video,Zoho Expense,https://www.linkedin.com/feed/update/urn:li:activity:7504183659365728256/,https://www.linkedin.com/showcase/zoho-expense/posts/?feedView=all
Zoho Expense,5,2026-09-09 15:46,What if?,0,0,0,0,Video,Zoho Expense,https://www.linkedin.com/feed/update/urn:li:activity:7503479046450626560/,https://www.linkedin.com/showcase/zoho-expense/posts/?feedView=all
Zoho Expense,6,2026-09-04 12:00,"For too long, we’ve accepted that managing business travel and expenses means navigating a complex process of booking trips, submitting expenses, checking policies, approving claim",0,0,0,0,Video,Zoho Expense,https://www.linkedin.com/feed/update/urn:li:activity:7501610195345698816/,https://www.linkedin.com/showcase/zoho-expense/posts/?feedView=all
Zoho Expense,7,2026-09-01 12:00,What if?,0,0,0,0,Video,Zoho Expense,https://www.linkedin.com/feed/update/urn:li:activity:7500522960961609728/,https://www.linkedin.com/showcase/zoho-expense/posts/?feedView=all
Zoho Expense,8,2026-09-01 07:52,What’s next for business travel? ✈️,0,0,0,0,Article/Link,Zoho Spend,https://www.linkedin.com/feed/update/urn:li:activity:7500460468264853504/,https://www.linkedin.com/showcase/zoho-expense/posts/?feedView=all
Zoho Expense,9,2026-08-20 10:00,Managing expenses is now as simple as having a conversation,17,0,1,18,Article/Link,Zoho Expense,https://www.linkedin.com/feed/update/urn:li:activity:7496144017055891456/,https://www.linkedin.com/showcase/zoho-expense/posts/?feedView=all
Zoho Expense,10,2026-08-07 04:12,"Thank you, GBTA Convention 2026!",0,0,0,0,Multi-image (7),Zoho Spend,https://www.linkedin.com/feed/update/urn:li:activity:7491345383621763072/,https://www.linkedin.com/showcase/zoho-expense/posts/?feedView=all
Zoho Expense,11,2026-07-30 14:06,"Meet us during GBTA Convention 2026 to see how Zoho Spend helps businesses automate travel, expenses, and corporate card management, all on one unified platform.",0,0,0,0,Image,Zoho Spend,https://www.linkedin.com/feed/update/urn:li:activity:7488595860717703169/,https://www.linkedin.com/showcase/zoho-expense/posts/?feedView=all
Zoho Expense,12,2026-07-23 13:00,The IRS has updated its standard mileage rates for the second half of 2026. Is your reimbursement process ready?,17,0,3,20,Article/Link,Zoho Expense,https://www.linkedin.com/feed/update/urn:li:activity:7486042505126498306/,https://www.linkedin.com/showcase/zoho-expense/posts/?feedView=all
Zoho Expense,13,2026-07-08 12:30,"As we wrap up the 9th Annual CFO Africa: Where strategy meets intelligence, at NH Johannesburg Sandton. We had an incredible response from finance leaders, customers, and partners",0,0,0,0,Multi-image (3),Zoho Expense,https://www.linkedin.com/feed/update/urn:li:activity:7480599114913693696/,https://www.linkedin.com/showcase/zoho-expense/posts/?feedView=all
Zoho Expense,14,2026-07-07 11:30,"The final leg of the #ZohoFinanceWorkshop took us to Ahmedabad, Delhi, and Chennai, bringing together finance leaders for conversations that went beyond technology.",0,0,0,0,Multi-image (6),Zoho Expense,https://www.linkedin.com/feed/update/urn:li:activity:7480221582758465536/,https://www.linkedin.com/showcase/zoho-expense/posts/?feedView=all
Zoho Expense,15,2026-07-02 12:30,"Your team is booking flights, taking clients to lunch, and paying for hotels with corporate cards.",0,0,0,0,Video,Zoho Expense,https://www.linkedin.com/feed/update/urn:li:activity:7478424804849500160/,https://www.linkedin.com/showcase/zoho-expense/posts/?feedView=all
Zoho Expense,16,2026-06-25 11:30,How confident are you that your travel expense process is HMRC-compliant?,25,0,3,28,Article/Link,Zoho Expense,https://www.linkedin.com/feed/update/urn:li:activity:7475873116489961474/,https://www.linkedin.com/showcase/zoho-expense/posts/?feedView=all
Zoho Expense,17,2026-06-18 10:30,Scaling globally requires operational efficiency at every level.,17,0,0,17,Image,Zoho Expense,https://www.linkedin.com/feed/update/urn:li:activity:7473321128330178560/,https://www.linkedin.com/showcase/zoho-expense/posts/?feedView=all
Zoho Expense,18,2026-06-11 06:48,"In a world where uncertainty has become the norm, resilience is no longer just about weathering disruptions, it's about creating lasting value through every cycle of change.",0,0,0,0,Article/Link,CFO Exchange By Zoho,https://www.linkedin.com/feed/update/urn:li:activity:7470728626888601600/,https://www.linkedin.com/showcase/zoho-expense/posts/?feedView=all
Zoho Expense,19,2026-06-10 11:41,"A big thank you to everyone who joined us in the first leg of the #ZohoFinanceAndOperationsWorkshop and shared their experiences, challenges, and ideas on expense management. Your",0,0,0,0,Multi-image (7),Zoho Expense,https://www.linkedin.com/feed/update/urn:li:activity:7470439927818825728/,https://www.linkedin.com/showcase/zoho-expense/posts/?feedView=all
Zoho Expense,20,2026-06-03 10:30,"Dan Perdue, President of Level Twelve, allocates every expense to the projects he works on.",0,0,0,0,Video,Zoho Expense,https://www.linkedin.com/feed/update/urn:li:activity:7467885338326315008/,https://www.linkedin.com/showcase/zoho-expense/posts/?feedView=all
Zoho Expense,21,2026-05-21 11:47,"From a visionary keynote on CFOs becoming Value Architects to a 90-minute strategy workshop powered by real-time business scenarios, and an insightful panel on finance evolving int",0,0,0,0,Video,CFO Exchange By Zoho,https://www.linkedin.com/feed/update/urn:li:activity:7463193856218394624/,https://www.linkedin.com/showcase/zoho-expense/posts/?feedView=all
Zoho Expense,22,2026-05-19 10:48,#NewEpisodeLoading,0,0,0,0,Video,National Payments Corporation Of India (,https://www.linkedin.com/feed/update/urn:li:activity:7462454036491943936/,https://www.linkedin.com/showcase/zoho-expense/posts/?feedView=all
Zoho Expense,23,2026-05-19 10:00,Zoho Expense is now MCP-ready. Expense submission and report approvals go beyond the app.,0,0,0,0,Video,Zoho Expense,https://www.linkedin.com/feed/update/urn:li:activity:7462441949569073152/,https://www.linkedin.com/showcase/zoho-expense/posts/?feedView=all
Zoho Expense,24,2026-05-14 17:30,"Excited to share that Zoholics Events USA, 2026 was a special milestone for Zoho Expense.",0,0,0,0,Multi-image (4),Zoho Expense,https://www.linkedin.com/feed/update/urn:li:activity:7460743243685580800/,https://www.linkedin.com/showcase/zoho-expense/posts/?feedView=all
Zoho Expense,25,2026-05-14 13:00,Capturing expenses is one thing.,0,0,0,0,Video,Zoho Expense,https://www.linkedin.com/feed/update/urn:li:activity:7460675405935685632/,https://www.linkedin.com/showcase/zoho-expense/posts/?feedView=all
Zoho Expense,26,2026-05-12 11:00,We are glad to announce that Forbes Advisor has named us the Best business expense tracker app.,35,0,7,42,Image,Zoho Expense,https://www.linkedin.com/feed/update/urn:li:activity:7459920339016499202/,https://www.linkedin.com/showcase/zoho-expense/posts/?feedView=all
Zoho Expense,27,2026-05-08 12:35,Expense management becomes harder the moment the process stops scaling.,0,0,0,0,Video,Zoho Expense,https://www.linkedin.com/feed/update/urn:li:activity:7458494844869578752/,https://www.linkedin.com/showcase/zoho-expense/posts/?feedView=all
Zoho Expense,28,2026-05-07 10:45,"Beyond technical expertise and financial acumen, today’s CFOs are calling out skills that don’t always make it to the spotlight on CFO take, our 1-minute series where we get real,",0,0,0,0,Video,CFO Exchange By Zoho,https://www.linkedin.com/feed/update/urn:li:activity:7458104693408546816/,https://www.linkedin.com/showcase/zoho-expense/posts/?feedView=all
Zoho Expense,29,2026-04-29 13:30,Everyone talks about delays in expense approvals.,0,0,0,0,Video,Zoho Expense,https://www.linkedin.com/feed/update/urn:li:activity:7455247050486493186/,https://www.linkedin.com/showcase/zoho-expense/posts/?feedView=all
Zoho Expense,30,2026-04-22 13:00,"Scaling finance operations in a fast-moving environment takes more than just ordinary systems, it calls for bold solutions.",32,0,9,41,Image,Zoho Expense,https://www.linkedin.com/feed/update/urn:li:activity:7452702753681977344/,https://www.linkedin.com/showcase/zoho-expense/posts/?feedView=all
Zoho Expense,31,2026-04-16 11:30,"Modern finance teams need real-time visibility, tighter controls, and faster reconciliation to stay ahead. And that is exactly where corporate cards are transforming expense manage",8,0,0,8,Article/Link,Zoho Expense,https://www.linkedin.com/feed/update/urn:li:activity:7450505781151551488/,https://www.linkedin.com/showcase/zoho-expense/posts/?feedView=all
Zoho Expense,32,2026-04-15 13:30,Managing travel allowances shouldn’t slow your finance team down.,41,0,5,46,Image,Zoho Expense,https://www.linkedin.com/feed/update/urn:li:activity:7450173675556876288/,https://www.linkedin.com/showcase/zoho-expense/posts/?feedView=all
Zoho Expense,33,2026-04-09 10:30,Great conversations. Sharp insights. Real-world challenges.,0,0,0,0,Multi-image (4),Zoho Expense,https://www.linkedin.com/feed/update/urn:li:activity:7447954031240454144/,https://www.linkedin.com/showcase/zoho-expense/posts/?feedView=all
Zoho Expense,34,2026-04-07 11:00,Business travel does not have to mean unpredictable spending.,10,0,0,10,Article/Link,Zoho Expense,https://www.linkedin.com/feed/update/urn:li:activity:7447236737086533634/,https://www.linkedin.com/showcase/zoho-expense/posts/?feedView=all
Zoho Expense,35,2026-04-03 06:30,"Petty cash is a scattered problem, spread across branches, teams, and transactions.",0,0,0,0,Video,Zoho Expense,https://www.linkedin.com/feed/update/urn:li:activity:7445719332942151680/,https://www.linkedin.com/showcase/zoho-expense/posts/?feedView=all
Zoho Expense,36,2026-04-03 05:29,"Behind every fast-growing brand is a series of bold decisions, sharp pivots, and relentless execution.",0,0,0,0,Video,CFO Exchange By Zoho,https://www.linkedin.com/feed/update/urn:li:activity:7445704130561544192/,https://www.linkedin.com/showcase/zoho-expense/posts/?feedView=all
Zoho Expense,37,2026-04-01 13:00,Maximizing savings is not about cutting costs—it is about knowing where to look.,11,0,0,11,Article/Link,Zoho Expense,https://www.linkedin.com/feed/update/urn:li:activity:7445092706277756928/,https://www.linkedin.com/showcase/zoho-expense/posts/?feedView=all
Zoho Expense,38,2026-03-26 11:45,Business travel isn’t just a cost—it’s a growth lever.,14,0,1,15,Article/Link,Zoho Expense,https://www.linkedin.com/feed/update/urn:li:activity:7442899452903952384/,https://www.linkedin.com/showcase/zoho-expense/posts/?feedView=all
Zoho Expense,39,2026-03-25 13:31,Still managing expenses manually? That's costing you more than you think.,29,0,5,34,Image,Zoho Expense,https://www.linkedin.com/feed/update/urn:li:activity:7442563693336444928/,https://www.linkedin.com/showcase/zoho-expense/posts/?feedView=all
Zoho Expense,40,2026-03-19 11:15,Mileage claims are still based on estimates.,0,0,0,0,Video,Zoho Expense,https://www.linkedin.com/feed/update/urn:li:activity:7440355143046529024/,https://www.linkedin.com/showcase/zoho-expense/posts/?feedView=all
Zoho Expense,41,2026-03-17 11:00,"Nearly 2/3 of corporate travel spend is still unmanaged—leading to missed savings, policy violations, and zero visibility.",9,0,1,10,Article/Link,Zoho Expense,https://www.linkedin.com/feed/update/urn:li:activity:7439626610678571008/,https://www.linkedin.com/showcase/zoho-expense/posts/?feedView=all
Zoho Expense,42,2026-03-13 11:00,What happens when expense management stops being a manual headache?,0,0,0,0,Video,Zoho Expense,https://www.linkedin.com/feed/update/urn:li:activity:7438177047937699840/,https://www.linkedin.com/showcase/zoho-expense/posts/?feedView=all
Zoho Expense,43,2026-03-11 12:08,What will define the CFO agenda in 2026?,0,0,0,0,Article/Link,CFO Exchange By Zoho,https://www.linkedin.com/feed/update/urn:li:activity:7437469509998858241/,https://www.linkedin.com/showcase/zoho-expense/posts/?feedView=all
Zoho Expense,44,2026-03-10 11:00,"For large companies, even a 1% reduction in costs can translate into millions saved annually.",12,1,1,14,Article/Link,Zoho Expense,https://www.linkedin.com/feed/update/urn:li:activity:7437089898882551808/,https://www.linkedin.com/showcase/zoho-expense/posts/?feedView=all
Zoho Expense,45,2026-03-06 11:31,Business travel isn’t out of control. Your booking process is.,0,0,0,0,Video,Zoho Expense,https://www.linkedin.com/feed/update/urn:li:activity:7435648238000615424/,https://www.linkedin.com/showcase/zoho-expense/posts/?feedView=all
Zoho Expense,46,2026-03-04 10:32,🏆 We did it again.,0,0,0,0,Multi-image (5),Zoho Expense,https://www.linkedin.com/feed/update/urn:li:activity:7434908656225247232/,https://www.linkedin.com/showcase/zoho-expense/posts/?feedView=all
Zoho Expense,47,2026-03-03 13:30,Manual expense tracking. Corrections. Month-end stress.,0,0,0,0,Video,Zoho Expense,https://www.linkedin.com/feed/update/urn:li:activity:7434590915886792707/,https://www.linkedin.com/showcase/zoho-expense/posts/?feedView=all
Zoho Expense,48,2026-02-27 11:50,"The role of the CFO has fundamentally evolved. Today, impact is measured not only by financial accuracy and governance but by the ability to act as a strategic advisor, and long-te",0,0,0,0,Video,CFO Exchange By Zoho,https://www.linkedin.com/feed/update/urn:li:activity:7433116439726792704/,https://www.linkedin.com/showcase/zoho-expense/posts/?feedView=all
Zoho Expense,49,2026-02-24 14:00,"The card is swiped today, the transaction shows up days later in the system, and reconciliation waits for month-end.",0,0,0,0,Video,Zoho Expense,https://www.linkedin.com/feed/update/urn:li:activity:7432061759101939712/,https://www.linkedin.com/showcase/zoho-expense/posts/?feedView=all
Zoho Expense,50,2026-02-20 05:38,Behind every well-run company is a payroll and HR system that never misses a beat.,0,0,0,0,Multi-image (5),Zoho Payroll,https://www.linkedin.com/feed/update/urn:li:activity:7430485974545203200/,https://www.linkedin.com/showcase/zoho-expense/posts/?feedView=all
DocuWare,1,2026-09-16 10:00,The answers to some of your most pressing questions are hidden inside your document data. The challenge is finding it.,5,0,0,5,Image,DocuWare,https://www.linkedin.com/feed/update/urn:li:activity:7505928633652379649/,https://www.linkedin.com/company/docuware-corporation/posts/?feedView=all
DocuWare,2,2026-09-15 13:14,"DocuWare AI Hub serves as the central engine for advancing AI capabilities, enriching the DocuWare Partner ecosystem with cutting-edge technology and expertise.",0,0,0,0,Video,DocuWare,https://www.linkedin.com/feed/update/urn:li:activity:7505615133533007873/,https://www.linkedin.com/company/docuware-corporation/posts/?feedView=all
DocuWare,3,2026-09-14 12:01,"Disconnected tools, processes, and information bog businesses down.",0,0,0,0,Video,DocuWare,https://www.linkedin.com/feed/update/urn:li:activity:7505234182449741824/,https://www.linkedin.com/company/docuware-corporation/posts/?feedView=all
DocuWare,4,2026-09-11 12:01,"For decades, we've been asking single PDFs and spreadsheets to serve as a single source of truth. That's never been a good fit.",6,0,2,8,Article/Link,DocuWare,https://www.linkedin.com/feed/update/urn:li:activity:7504147029795733507/,https://www.linkedin.com/company/docuware-corporation/posts/?feedView=all
DocuWare,5,2026-09-11 09:08,"This fall, we're welcoming you to the new era of document management.",0,0,0,0,Video,DocuWare,https://www.linkedin.com/feed/update/urn:li:activity:7504103525577076737/,https://www.linkedin.com/company/docuware-corporation/posts/?feedView=all
DocuWare,6,2026-09-10 12:00,Confusion around different versions of a document and who has edited what doesn't just bog down projects. These issues become a compliance liability too.,0,0,0,0,Article/Link,DocuWare,https://www.linkedin.com/feed/update/urn:li:activity:7503784465052368896/,https://www.linkedin.com/company/docuware-corporation/posts/?feedView=all
DocuWare,7,2026-09-09 15:10,"Load tickets, field reports, delivery notes, and that's just the start. Construction work means a ton of documentation and accompanying workflow. But they don't have to bog down yo",30,2,13,45,Image,DocuWare,https://www.linkedin.com/feed/update/urn:li:activity:7503469808001134592/,https://www.linkedin.com/company/docuware-corporation/posts/?feedView=all
DocuWare,8,2026-09-08 15:07,Why can you trust DocuWare’s AI?,40,0,4,44,Image,DocuWare,https://www.linkedin.com/feed/update/urn:li:activity:7503106674333941760/,https://www.linkedin.com/company/docuware-corporation/posts/?feedView=all
DocuWare,9,2026-09-08 08:57,"📢 ¡Mañana es el día! No te pierdas este webinar imprescindible si trabajas en logística, transporte o gestión documental.",19,0,6,25,Article/Link,DocuWare,https://www.linkedin.com/feed/update/urn:li:activity:7503013651579117568/,https://www.linkedin.com/company/docuware-corporation/posts/?feedView=all
DocuWare,10,2026-09-07 14:41,The combined power of e-signatures and automated workflows is posed to eliminate:,26,0,11,37,Image,DocuWare,https://www.linkedin.com/feed/update/urn:li:activity:7502737701968715778/,https://www.linkedin.com/company/docuware-corporation/posts/?feedView=all
DocuWare,11,2026-09-04 12:00,Every AP team's nightmare is being unable to close a month because an invoice doesn't match its related documents.,0,0,0,0,Article/Link,DocuWare,https://www.linkedin.com/feed/update/urn:li:activity:7501610122075459584/,https://www.linkedin.com/company/docuware-corporation/posts/?feedView=all
DocuWare,12,2026-09-03 13:48,Confusion around different versions of a document and who has edited what doesn't just bog down projects. These issues become a compliance liability too.,37,0,11,48,Image,DocuWare,https://www.linkedin.com/feed/update/urn:li:activity:7501274838217519104/,https://www.linkedin.com/company/docuware-corporation/posts/?feedView=all
DocuWare,13,2026-09-02 15:28,"If you could hand off any part of your job, what would it be?",23,0,8,31,Image,DocuWare,https://www.linkedin.com/feed/update/urn:li:activity:7500937592083951616/,https://www.linkedin.com/company/docuware-corporation/posts/?feedView=all
DocuWare,14,2026-09-01 15:09,Sun is shining and so are our new colleagues at DocuWare!🌞,58,0,0,58,Image,DocuWare,https://www.linkedin.com/feed/update/urn:li:activity:7500570617809768448/,https://www.linkedin.com/company/docuware-corporation/posts/?feedView=all
DocuWare,15,2026-08-31 12:00,"Tight margins, high compliance requirements, and rising customer demands are all spurring on a need for technological evolution in auto dealerships.",7,0,2,9,Article/Link,DocuWare,https://www.linkedin.com/feed/update/urn:li:activity:7500160499293003776/,https://www.linkedin.com/company/docuware-corporation/posts/?feedView=all
DocuWare,16,2026-08-31 10:00,Is your finance function ready for the digital invoice revolution? The UK's adoption of Peppol-based e-invoicing isn't a distant possibility. It's an emerging reality.,17,0,0,17,Image,DocuWare,https://www.linkedin.com/feed/update/urn:li:activity:7500130364879818752/,https://www.linkedin.com/company/docuware-corporation/posts/?feedView=all
DocuWare,17,2026-08-30 08:25,Are you passionate about technology and ready to help businesses go digital?,0,0,0,0,Document/Carousel (PDF),DocuWare,https://www.linkedin.com/feed/update/urn:li:activity:7499744026711998464/,https://www.linkedin.com/company/docuware-corporation/posts/?feedView=all
DocuWare,18,2026-08-29 12:20,"Our Beacon, NY office recently came together for a school supply drive in support of Brinckerhoff Elementary School and we're overwhelmed by the generosity shown by our team! 📚✏️",0,0,0,0,Multi-image (4),DocuWare,https://www.linkedin.com/feed/update/urn:li:activity:7499440740222033920/,https://www.linkedin.com/company/docuware-corporation/posts/?feedView=all
DocuWare,19,2026-08-28 18:45,(no text),0,0,0,0,Text,DocuWare,https://www.linkedin.com/feed/update/urn:li:activity:7499175349629411328/,https://www.linkedin.com/company/docuware-corporation/posts/?feedView=all
DocuWare,20,2026-08-27 12:00,There's a key difference between document and records management.,0,0,0,0,Article/Link,DocuWare,https://www.linkedin.com/feed/update/urn:li:activity:7498710987777236993/,https://www.linkedin.com/company/docuware-corporation/posts/?feedView=all
DocuWare,21,2026-08-27 12:00,Static documents are an often unnoticed drain on a business.,9,0,4,13,Article/Link,DocuWare,https://www.linkedin.com/feed/update/urn:li:activity:7498710962137477120/,https://www.linkedin.com/company/docuware-corporation/posts/?feedView=all
DocuWare,22,2026-08-25 12:49,"In the age of ChatGPT, do organziations still need dedicated document management software?",51,1,20,72,Image,DocuWare,https://www.linkedin.com/feed/update/urn:li:activity:7497998477222760449/,https://www.linkedin.com/company/docuware-corporation/posts/?feedView=all
DocuWare,23,2026-08-24 15:45,One of the most useful things AI can do is free people from soul-draining repetitive work and let them focus on what they do best - create.,61,1,9,71,Image,DocuWare,https://www.linkedin.com/feed/update/urn:li:activity:7497680384617246720/,https://www.linkedin.com/company/docuware-corporation/posts/?feedView=all
DocuWare,24,2026-08-24 14:35,From Japan to the stunning alps and the beaches of Zanzibar - our DocuWare merch is traveling around the world this summer.🌏✈️,0,0,0,0,Multi-image (3),DocuWare,https://www.linkedin.com/feed/update/urn:li:activity:7497662798106292224/,https://www.linkedin.com/company/docuware-corporation/posts/?feedView=all
DocuWare,25,2026-08-21 15:13,Managing your documents manually and held in many places can work for a time. But systems like that crack under the pressure of an audit or higher document volumes.,14,1,5,20,Image,DocuWare,https://www.linkedin.com/feed/update/urn:li:activity:7496585269190778880/,https://www.linkedin.com/company/docuware-corporation/posts/?feedView=all
DocuWare,26,2026-08-20 15:55,"""Customers get updates faster, engineers spend less time on admin, and the office isn’t chasing paperwork anymore.""",22,1,3,26,Image,DocuWare,https://www.linkedin.com/feed/update/urn:li:activity:7496233363440111617/,https://www.linkedin.com/company/docuware-corporation/posts/?feedView=all
DocuWare,27,2026-08-20 14:32,"Prepare yourself. After this Fall, the world of work is never going to look the same again.",0,0,0,0,Video,DocuWare,https://www.linkedin.com/feed/update/urn:li:activity:7496212629288538112/,https://www.linkedin.com/company/docuware-corporation/posts/?feedView=all
DocuWare,28,2026-08-19 19:07,Manual processes are putting a huge burden on too many AP teams.,26,0,13,39,Image,DocuWare,https://www.linkedin.com/feed/update/urn:li:activity:7495919291444310017/,https://www.linkedin.com/company/docuware-corporation/posts/?feedView=all
DocuWare,29,2026-08-18 15:00,You're out of time to prep for the coming age of AI. It's here.,68,5,9,82,Image,DocuWare,https://www.linkedin.com/feed/update/urn:li:activity:7495494857952620544/,https://www.linkedin.com/company/docuware-corporation/posts/?feedView=all
DocuWare,30,2026-08-18 14:40,Throwback to our EMEA field trip in July!,0,0,0,0,Multi-image (6),DocuWare,https://www.linkedin.com/feed/update/urn:li:activity:7495489714733391873/,https://www.linkedin.com/company/docuware-corporation/posts/?feedView=all
DocuWare,31,2026-08-17 14:31,"If you're part of an HR team and have too much time on your hands, count yourself among the lucky few.",26,0,8,34,Image,DocuWare,https://www.linkedin.com/feed/update/urn:li:activity:7495125040431091712/,https://www.linkedin.com/company/docuware-corporation/posts/?feedView=all
DocuWare,32,2026-08-14 13:35,The manufacturing industry naturally lends itself to a ton of documentation.,0,0,0,0,Document/Carousel (PDF),DocuWare,https://www.linkedin.com/feed/update/urn:li:activity:7494023809503645696/,https://www.linkedin.com/company/docuware-corporation/posts/?feedView=all
DocuWare,33,2026-08-13 14:52,The countdown is on and the future of document management is almost here!,0,0,0,0,Video,DocuWare,https://www.linkedin.com/feed/update/urn:li:activity:7493680917593477120/,https://www.linkedin.com/company/docuware-corporation/posts/?feedView=all
DocuWare,34,2026-08-13 11:33,Here's a surprising fact: 82% of businesses are still dealing with the hassles of paper-based processes.,21,0,10,31,Image,DocuWare,https://www.linkedin.com/feed/update/urn:li:activity:7493630746503483392/,https://www.linkedin.com/company/docuware-corporation/posts/?feedView=all
DocuWare,35,2026-08-12 15:51,"No matter how much civilization has changed, the need to track transactions and payments has not.",13,0,6,19,Image,DocuWare,https://www.linkedin.com/feed/update/urn:li:activity:7493333269556629504/,https://www.linkedin.com/company/docuware-corporation/posts/?feedView=all
DocuWare,36,2026-08-11 16:00,You're living in the age of AI.,55,1,11,67,Image,DocuWare,https://www.linkedin.com/feed/update/urn:li:activity:7492973180957925376/,https://www.linkedin.com/company/docuware-corporation/posts/?feedView=all
DocuWare,37,2026-08-11 13:39,Cheers to SCUG’s 70th anniversary!,18,2,0,20,Image,DocuWare,https://www.linkedin.com/feed/update/urn:li:activity:7492937707770294273/,https://www.linkedin.com/company/docuware-corporation/posts/?feedView=all
DocuWare,38,2026-08-10 12:43,"At DocuWare, we believe that investing in our people means investing in our future. That's why we've designed two internal programs to support the growth and development of our tea",0,0,0,0,Multi-image (2),DocuWare,https://www.linkedin.com/feed/update/urn:li:activity:7492561364897533953/,https://www.linkedin.com/company/docuware-corporation/posts/?feedView=all
DocuWare,39,2026-08-07 11:49,Companies that remove tedious work like data entry from their employees workdays thrive.,17,0,9,26,Image,DocuWare,https://www.linkedin.com/feed/update/urn:li:activity:7491460410320015360/,https://www.linkedin.com/company/docuware-corporation/posts/?feedView=all
DocuWare,40,2026-08-06 19:25,Most companies are still wrestling with piles of invoices and delayed approvals.,32,0,10,42,Image,DocuWare,https://www.linkedin.com/feed/update/urn:li:activity:7491212956987383808/,https://www.linkedin.com/company/docuware-corporation/posts/?feedView=all
DocuWare,41,2026-08-05 15:36,"If you're neglecting your records management, you're making a mistake.",0,0,0,0,Document/Carousel (PDF),DocuWare,https://www.linkedin.com/feed/update/urn:li:activity:7490792771637854208/,https://www.linkedin.com/company/docuware-corporation/posts/?feedView=all
DocuWare,42,2026-08-04 12:30,Hello August and hello to our newest DocuWarians!,49,0,1,50,Image,DocuWare,https://www.linkedin.com/feed/update/urn:li:activity:7490383599867822080/,https://www.linkedin.com/company/docuware-corporation/posts/?feedView=all
DocuWare,43,2026-07-31 17:21,"A week in the life of a digital nomad: Singapore to DocuWare HQ, Germering, Germany.",0,0,0,0,Video,Halid Bin Ayob📱,https://www.linkedin.com/feed/update/urn:li:activity:7489007428257165312/,https://www.linkedin.com/company/docuware-corporation/posts/?feedView=all
DocuWare,44,2026-07-31 15:09,Hacking attempts happen. Sometimes viruses need to be contained. Natural disasters continue to strike data centers. Are you protected?,41,0,8,49,Image,DocuWare,https://www.linkedin.com/feed/update/urn:li:activity:7488974036799131648/,https://www.linkedin.com/company/docuware-corporation/posts/?feedView=all
DocuWare,45,2026-07-30 15:30,15 locations. High turnover. And nearly 1000 new hires a year.,21,1,4,26,Image,DocuWare,https://www.linkedin.com/feed/update/urn:li:activity:7488616947719446528/,https://www.linkedin.com/company/docuware-corporation/posts/?feedView=all
DocuWare,46,2026-07-30 13:24,"This fall, we're welcoming you to the new era of document management.",0,0,0,0,Document/Carousel (PDF),DocuWare,https://www.linkedin.com/feed/update/urn:li:activity:7488585357157027840/,https://www.linkedin.com/company/docuware-corporation/posts/?feedView=all
DocuWare,47,2026-07-29 11:10,"Few things can bog down your accounting team like having to reconcile mismatched invoices, purchase orders.",49,1,12,62,Image,DocuWare,https://www.linkedin.com/feed/update/urn:li:activity:7488189109388070912/,https://www.linkedin.com/company/docuware-corporation/posts/?feedView=all
DocuWare,48,2026-07-28 13:32,Just about every business has gone through the challenges of a manual approval process.,25,0,10,35,Image,DocuWare,https://www.linkedin.com/feed/update/urn:li:activity:7487862452848680960/,https://www.linkedin.com/company/docuware-corporation/posts/?feedView=all
DocuWare,49,2026-07-28 07:49,Ready for your next career step?,0,0,0,0,Document/Carousel (PDF),DocuWare,https://www.linkedin.com/feed/update/urn:li:activity:7487776157665280000/,https://www.linkedin.com/company/docuware-corporation/posts/?feedView=all
DocuWare,50,2026-07-27 15:37,Many businesses are taking advantage of e-signature technology.,27,0,8,35,Image,DocuWare,https://www.linkedin.com/feed/update/urn:li:activity:7487531526981877760/,https://www.linkedin.com/company/docuware-corporation/posts/?feedView=all
Yooz,1,2026-09-16 08:00,Automation should not mean giving up control!,1,0,0,1,Image,Yooz,https://www.linkedin.com/feed/update/urn:li:activity:7505898490405781504/,https://www.linkedin.com/company/yooz/posts/?feedView=all
Yooz,2,2026-09-15 17:06,"La Ley Crea y Crece, #VeriFactu y la próxima implantación de la factura electrónica están transformando la #gestión de las #facturas en las empresas españolas y generando numerosas",0,0,0,0,Article/Link,Franco Bendayan Petri,https://www.linkedin.com/feed/update/urn:li:activity:7505673337667227649/,https://www.linkedin.com/company/yooz/posts/?feedView=all
Yooz,3,2026-09-15 17:06,CFOs: You invested in AI > Congrats > But how are you measuring ROI?,0,0,0,0,Image,Chris Ortega,https://www.linkedin.com/feed/update/urn:li:activity:7505673287813787648/,https://www.linkedin.com/company/yooz/posts/?feedView=all
Yooz,4,2026-09-13 11:29,We're #hiring a new Full Stack Development Engineer (F/H) in Greater Montpellier Metropolitan Area. Apply today or share this post with your network.,2,0,2,4,Entity/Link,Yooz,https://www.linkedin.com/feed/update/urn:li:activity:7504863731185664000/,https://www.linkedin.com/company/yooz/posts/?feedView=all
Yooz,5,2026-09-12 11:25,We're #hiring a new Production Software Analyst (F/H) in Greater Montpellier Metropolitan Area. Apply today or share this post with your network.,4,0,2,6,Entity/Link,Yooz,https://www.linkedin.com/feed/update/urn:li:activity:7504500310275551232/,https://www.linkedin.com/company/yooz/posts/?feedView=all
Yooz,6,2026-09-11 08:00,Using AI is easy. Building a finance function that actually gets value from it is harder.,0,0,0,0,Image,Yooz,https://www.linkedin.com/feed/update/urn:li:activity:7504086369930055681/,https://www.linkedin.com/company/yooz/posts/?feedView=all
Yooz,7,2026-09-10 15:00,How much of your P2P process still depends on someone manually keeping it moving?,1,0,0,1,Image,Yooz,https://www.linkedin.com/feed/update/urn:li:activity:7503829840438034432/,https://www.linkedin.com/company/yooz/posts/?feedView=all
Yooz,8,2026-09-08 23:58,"La Ley Crea y Crece, #VeriFactu y la próxima implantación de la factura electrónica están transformando la #gestión de las facturas en las empresas españolas y generando numerosas",0,0,0,0,Article/Link,Franco Bendayan Petri,https://www.linkedin.com/feed/update/urn:li:activity:7503240290388926464/,https://www.linkedin.com/company/yooz/posts/?feedView=all
Yooz,9,2026-09-06 11:17,"We're #hiring a new Marketing Intern - Customer Marketing & AI Programs in Coppell, Texas. Apply today or share this post with your network.",4,0,4,8,Entity/Link,Yooz,https://www.linkedin.com/feed/update/urn:li:activity:7502324205070340096/,https://www.linkedin.com/company/yooz/posts/?feedView=all
Yooz,10,2026-09-05 11:24,"We're #hiring a new Gestionnaire de paie et administratif (F/H) - CDD in Aimargues, Occitanie. Apply today or share this post with your network.",4,0,2,6,Entity/Link,Yooz,https://www.linkedin.com/feed/update/urn:li:activity:7501963368354906112/,https://www.linkedin.com/company/yooz/posts/?feedView=all
Yooz,11,2026-09-03 19:20,"Supplier Statements Recon in seconds, not afternoons!",0,0,0,0,Video,Frederic Billet,https://www.linkedin.com/feed/update/urn:li:activity:7501358418901778433/,https://www.linkedin.com/company/yooz/posts/?feedView=all
Yooz,12,2026-08-30 08:03,🚗 Prolongez l’été avec le Summer road trip Yooz — Étape 6 · Suisse 🏁,0,0,0,0,Video,Yooz,https://www.linkedin.com/feed/update/urn:li:activity:7499738442273284096/,https://www.linkedin.com/company/yooz/posts/?feedView=all
Yooz,13,2026-08-29 11:45,We're #hiring a new Customer Marketing Specialist (F/H) - CDD in Greater Montpellier Metropolitan Area. Apply today or share this post with your network.,6,0,0,6,Entity/Link,Yooz,https://www.linkedin.com/feed/update/urn:li:activity:7499432084525203456/,https://www.linkedin.com/company/yooz/posts/?feedView=all
Yooz,14,2026-08-29 08:03,Prolongez l’été avec le Summer road trip Yooz - Étape 5 · Allemagne 🚗,0,0,0,0,Video,Yooz,https://www.linkedin.com/feed/update/urn:li:activity:7499376064448626688/,https://www.linkedin.com/company/yooz/posts/?feedView=all
Yooz,15,2026-08-28 08:03,Prolongez l’été avec le Summer road trip Yooz - Étape 4 · Luxembourg 🚗,0,0,0,0,Video,Yooz,https://www.linkedin.com/feed/update/urn:li:activity:7499013661445935105/,https://www.linkedin.com/company/yooz/posts/?feedView=all
Yooz,16,2026-08-27 11:32,Prolongez l’été avec le Summer road trip Yooz - Étape 3 · Belgique,0,0,0,0,Video,Yooz,https://www.linkedin.com/feed/update/urn:li:activity:7498703920387526656/,https://www.linkedin.com/company/yooz/posts/?feedView=all
Yooz,17,2026-08-25 10:02,Keep summer going with the Yooz Summer Road Trip - Stop 2 · United Kingdom 🚗,0,0,0,0,Video,Yooz,https://www.linkedin.com/feed/update/urn:li:activity:7497956573114404864/,https://www.linkedin.com/company/yooz/posts/?feedView=all
Yooz,18,2026-08-25 08:00,"If your AI investment cannot prove its value, should finance be investing in it at all?",4,0,1,5,Image,Yooz,https://www.linkedin.com/feed/update/urn:li:activity:7497925962286768128/,https://www.linkedin.com/company/yooz/posts/?feedView=all
Yooz,19,2026-08-24 13:32,Keep summer going with the Yooz Summer Road Trip - Stop 1 · España 🚗,0,0,0,0,Video,Yooz,https://www.linkedin.com/feed/update/urn:li:activity:7497646978600783872/,https://www.linkedin.com/company/yooz/posts/?feedView=all
Yooz,20,2026-08-22 11:39,We're #hiring a new Comptable Support Fonctionnel (F/H) in Greater Montpellier Metropolitan Area. Apply today or share this post with your network.,10,0,2,12,Entity/Link,Yooz,https://www.linkedin.com/feed/update/urn:li:activity:7496893906467405824/,https://www.linkedin.com/company/yooz/posts/?feedView=all
Yooz,21,2026-08-20 10:00,Finance leaders do not need more AI. They need better AI decisions 🤔,11,3,2,16,Image,Yooz,https://www.linkedin.com/feed/update/urn:li:activity:7496144202356019200/,https://www.linkedin.com/company/yooz/posts/?feedView=all
Yooz,22,2026-08-16 11:32,We're #hiring a new Research Engineer (F/H) in Greater Montpellier Metropolitan Area. Apply today or share this post with your network.,6,0,1,7,Entity/Link,Yooz,https://www.linkedin.com/feed/update/urn:li:activity:7494717780185862144/,https://www.linkedin.com/company/yooz/posts/?feedView=all
Yooz,23,2026-08-15 11:35,We're #hiring a new Technical Product Owner (F/H) in Greater Montpellier Metropolitan Area. Apply today or share this post with your network.,4,0,0,4,Entity/Link,Yooz,https://www.linkedin.com/feed/update/urn:li:activity:7494355985826910208/,https://www.linkedin.com/company/yooz/posts/?feedView=all
Yooz,24,2026-08-11 10:00,What if your invoice processing could run on autopilot?,4,0,0,4,Image,Yooz,https://www.linkedin.com/feed/update/urn:li:activity:7492882713348288513/,https://www.linkedin.com/company/yooz/posts/?feedView=all
Yooz,25,2026-08-09 11:28,"We're #hiring a new Digital Marketing Manager in Dallas, Texas. Apply today or share this post with your network.",7,0,1,8,Entity/Link,Yooz,https://www.linkedin.com/feed/update/urn:li:activity:7492179956911919104/,https://www.linkedin.com/company/yooz/posts/?feedView=all
Yooz,26,2026-08-08 11:39,"We're #hiring a new SaaS Trainer in Coppell, Texas. Apply today or share this post with your network.",2,0,2,4,Entity/Link,Yooz,https://www.linkedin.com/feed/update/urn:li:activity:7491820326809579520/,https://www.linkedin.com/company/yooz/posts/?feedView=all
Yooz,27,2026-08-01 11:25,We're #hiring a new Product Evangelist (F/H) in Greater Montpellier Metropolitan Area. Apply today or share this post with your network.,8,0,3,11,Entity/Link,Yooz,https://www.linkedin.com/feed/update/urn:li:activity:7489280194776653824/,https://www.linkedin.com/company/yooz/posts/?feedView=all
Yooz,28,2026-07-26 11:32,We're #hiring a new Customer Marketing Specialist (F/H) - CDD in Greater Montpellier Metropolitan Area. Apply today or share this post with your network.,6,0,0,6,Entity/Link,Yooz,https://www.linkedin.com/feed/update/urn:li:activity:7487107478510456832/,https://www.linkedin.com/company/yooz/posts/?feedView=all
Yooz,29,2026-07-25 11:46,"We're #hiring a new AP Automation Support Specialist in Coppell, Texas. Apply today or share this post with your network.",7,1,2,10,Entity/Link,Yooz,https://www.linkedin.com/feed/update/urn:li:activity:7486748676527312896/,https://www.linkedin.com/company/yooz/posts/?feedView=all
Yooz,30,2026-07-20 08:00,"Still chasing approvals, switching between systems and losing time on manual Purchase-to-Pay tasks?",0,0,0,0,Image,Yooz,https://www.linkedin.com/feed/update/urn:li:activity:7484879862470541313/,https://www.linkedin.com/company/yooz/posts/?feedView=all
Yooz,31,2026-07-19 14:00,The final. 🦩🏆,6,0,1,7,Image,Yooz,https://www.linkedin.com/feed/update/urn:li:activity:7484608176110153728/,https://www.linkedin.com/company/yooz/posts/?feedView=all
Yooz,32,2026-07-19 11:20,We're #hiring a new Comptable (F/H) - bilingue anglais in Greater Montpellier Metropolitan Area. Apply today or share this post with your network.,3,0,2,5,Entity/Link,Yooz,https://www.linkedin.com/feed/update/urn:li:activity:7484567836259082240/,https://www.linkedin.com/company/yooz/posts/?feedView=all
Yooz,33,2026-07-18 14:00,Yoozie has a soft spot for the 3rd place match 🦩🥉,5,0,0,5,Image,Yooz,https://www.linkedin.com/feed/update/urn:li:activity:7484245789960134656/,https://www.linkedin.com/company/yooz/posts/?feedView=all
Yooz,34,2026-07-18 11:37,"We're #hiring a new Office Manager Junior (F/H) - Alternance in Aimargues, Occitanie. Apply today or share this post with your network.",3,0,3,6,Entity/Link,Yooz,https://www.linkedin.com/feed/update/urn:li:activity:7484209767490596864/,https://www.linkedin.com/company/yooz/posts/?feedView=all
Yooz,35,2026-07-18 07:32,The final stretch ⚽,0,0,0,0,Video,Yooz,https://www.linkedin.com/feed/update/urn:li:activity:7484147967004860416/,https://www.linkedin.com/company/yooz/posts/?feedView=all
Yooz,36,2026-07-16 07:32,Semi-finals. The last four ⚽,0,0,0,0,Video,Yooz,https://www.linkedin.com/feed/update/urn:li:activity:7483423192024244224/,https://www.linkedin.com/company/yooz/posts/?feedView=all
Yooz,37,2026-07-16 07:30,"🚨 À moins de 2 mois de l'échéance, êtes-vous réellement prêt pour la facturation électronique ?",10,0,3,13,Image,Yooz,https://www.linkedin.com/feed/update/urn:li:activity:7483422701106290689/,https://www.linkedin.com/company/yooz/posts/?feedView=all
Yooz,38,2026-07-15 14:01,Yoozie is thinking about VAR today 🦩📺,4,0,0,4,Image,Yooz,https://www.linkedin.com/feed/update/urn:li:activity:7483158734312185856/,https://www.linkedin.com/company/yooz/posts/?feedView=all
Yooz,39,2026-07-14 14:01,Yoozie is two matches away from the final 🦩🏆,8,2,0,10,Image,Yooz,https://www.linkedin.com/feed/update/urn:li:activity:7482796369099984896/,https://www.linkedin.com/company/yooz/posts/?feedView=all
Yooz,40,2026-07-12 11:36,We're #hiring a new Field Marketing Specialist - CDD (F/H) in Greater Montpellier Metropolitan Area. Apply today or share this post with your network.,5,0,6,11,Entity/Link,Yooz,https://www.linkedin.com/feed/update/urn:li:activity:7482035050478452736/,https://www.linkedin.com/company/yooz/posts/?feedView=all
Yooz,41,2026-07-11 14:00,Yoozie thinks the best teams have one thing in common 🦩,7,0,2,9,Image,Yooz,https://www.linkedin.com/feed/update/urn:li:activity:7481709074083024896/,https://www.linkedin.com/company/yooz/posts/?feedView=all
Yooz,42,2026-07-11 11:38,We're #hiring a new Functional Test Engineer (F/H) in Greater Montpellier Metropolitan Area. Apply today or share this post with your network.,1,0,1,2,Entity/Link,Yooz,https://www.linkedin.com/feed/update/urn:li:activity:7481673201194938369/,https://www.linkedin.com/company/yooz/posts/?feedView=all
Yooz,43,2026-07-09 14:01,Yoozie noticed the offside trap today 🦩,5,0,1,6,Image,Yooz,https://www.linkedin.com/feed/update/urn:li:activity:7480984403406471168/,https://www.linkedin.com/company/yooz/posts/?feedView=all
Yooz,44,2026-07-09 07:32,The knockout stage begins ⚽,0,0,0,0,Video,Yooz,https://www.linkedin.com/feed/update/urn:li:activity:7480886474352136192/,https://www.linkedin.com/company/yooz/posts/?feedView=all
Yooz,45,2026-07-05 11:35,"We're #hiring a new Digital Marketing Manager in Dallas, Texas. Apply today or share this post with your network.",5,0,4,9,Entity/Link,Yooz,https://www.linkedin.com/feed/update/urn:li:activity:7479498180053671936/,https://www.linkedin.com/company/yooz/posts/?feedView=all
Yooz,46,2026-07-04 11:34,We're #hiring a new Customer Success Manager (F/H) - marché Expert-Comptable - CDD in Greater Montpellier Metropolitan Area. Apply today or share this post with your network.,6,0,1,7,Entity/Link,Yooz,https://www.linkedin.com/feed/update/urn:li:activity:7479135440336470016/,https://www.linkedin.com/company/yooz/posts/?feedView=all
Yooz,47,2026-07-02 07:32,The knockout stage begins ⚽,0,0,0,0,Video,Yooz,https://www.linkedin.com/feed/update/urn:li:activity:7478349763822895104/,https://www.linkedin.com/company/yooz/posts/?feedView=all
Yooz,48,2026-06-28 11:32,"We're #hiring a new Auditeur Qualité (F/H) - stage in Aimargues, Occitanie. Apply today or share this post with your network.",3,0,1,4,Entity/Link,Yooz,https://www.linkedin.com/feed/update/urn:li:activity:7476960651513458688/,https://www.linkedin.com/company/yooz/posts/?feedView=all
Yooz,49,2026-06-27 11:33,We're #hiring a new Formateur (F/H) - CDD in Greater Montpellier Metropolitan Area. Apply today or share this post with your network.,7,0,2,9,Entity/Link,Yooz,https://www.linkedin.com/feed/update/urn:li:activity:7476598498923147264/,https://www.linkedin.com/company/yooz/posts/?feedView=all
Yooz,50,2026-06-25 14:01,"Yoozie is watching the ""Group of Death"" today 🦩💀",7,0,0,7,Image,Yooz,https://www.linkedin.com/feed/update/urn:li:activity:7475911063373283329/,https://www.linkedin.com/company/yooz/posts/?feedView=all
AvidXchange,1,2026-09-08 17:00,"🏆 The Change Maker Awards are back! If you or someone you know is driving real change in finance, this is your chance to share that story.",20,0,3,23,Image,"AvidXchange, Inc.",https://www.linkedin.com/feed/update/urn:li:activity:7503135196624424960/,https://www.linkedin.com/company/avidxchange-inc-/posts/?feedView=all
AvidXchange,2,2026-09-04 15:00,✨AI adoption is accelerating. But where should finance teams focus first?,0,0,0,0,Document/Carousel (PDF),"AvidXchange, Inc.",https://www.linkedin.com/feed/update/urn:li:activity:7501655435402190848/,https://www.linkedin.com/company/avidxchange-inc-/posts/?feedView=all
AvidXchange,3,2026-08-28 14:00,"AI-powered AP is helping finance teams move faster, and our customers are seeing the difference. ✨",9,0,0,9,Image,"AvidXchange, Inc.",https://www.linkedin.com/feed/update/urn:li:activity:7499103581103390722/,https://www.linkedin.com/company/avidxchange-inc-/posts/?feedView=all
AvidXchange,4,2026-08-27 18:48,Celebrating the people who have helped shape AvidXchange along the way! 🎉,0,0,0,0,Multi-image (5),"AvidXchange, Inc.",https://www.linkedin.com/feed/update/urn:li:activity:7498813652385390592/,https://www.linkedin.com/company/avidxchange-inc-/posts/?feedView=all
AvidXchange,5,2026-08-18 14:02,"""Your people strategy is your AI strategy.""",0,0,0,0,Video,"AvidXchange, Inc.",https://www.linkedin.com/feed/update/urn:li:activity:7495480196318326784/,https://www.linkedin.com/company/avidxchange-inc-/posts/?feedView=all
AvidXchange,6,2026-07-31 20:22,"""AvidXchange allows us to work smarter.""",0,0,0,0,Multi-image (3),"AvidXchange, Inc.",https://www.linkedin.com/feed/update/urn:li:activity:7489052845825224704/,https://www.linkedin.com/company/avidxchange-inc-/posts/?feedView=all
AvidXchange,7,2026-07-29 19:54,Every great ERP deserves an AP solution built to help it scale.,0,0,0,0,Video,"AvidXchange, Inc.",https://www.linkedin.com/feed/update/urn:li:activity:7488321161093812224/,https://www.linkedin.com/company/avidxchange-inc-/posts/?feedView=all
AvidXchange,8,2026-07-28 20:15,Giving back is one of the best ways to come together as a team.,0,0,0,0,Multi-image (5),"AvidXchange, Inc.",https://www.linkedin.com/feed/update/urn:li:activity:7487963880929857536/,https://www.linkedin.com/company/avidxchange-inc-/posts/?feedView=all
AvidXchange,9,2026-07-24 18:25,Career best. Course record. History made.,140,0,20,160,Image,"AvidXchange, Inc.",https://www.linkedin.com/feed/update/urn:li:activity:7486486641474174976/,https://www.linkedin.com/company/avidxchange-inc-/posts/?feedView=all
AvidXchange,10,2026-07-23 21:08,"AI-powered AP is making a measurable difference for finance teams, and there's no better proof than the people using it every day.",38,1,19,58,Image,"AvidXchange, Inc.",https://www.linkedin.com/feed/update/urn:li:activity:7486165271116759040/,https://www.linkedin.com/company/avidxchange-inc-/posts/?feedView=all
AvidXchange,11,2026-07-15 15:02,✨ AI-powered AP isn't what's next. It's what's now.,0,0,0,0,Video,"AvidXchange, Inc.",https://www.linkedin.com/feed/update/urn:li:activity:7483174058906431488/,https://www.linkedin.com/company/avidxchange-inc-/posts/?feedView=all
AvidXchange,12,2026-06-30 14:14,What makes a great technology partnership?,0,0,0,0,Video,"AvidXchange, Inc.",https://www.linkedin.com/feed/update/urn:li:activity:7477726329115865088/,https://www.linkedin.com/company/avidxchange-inc-/posts/?feedView=all
AvidXchange,13,2026-06-23 14:01,"☀️Another season, another reason to thank our customers.",0,0,0,0,Document/Carousel (PDF),"AvidXchange, Inc.",https://www.linkedin.com/feed/update/urn:li:activity:7475186234038935555/,https://www.linkedin.com/company/avidxchange-inc-/posts/?feedView=all
AvidXchange,14,2026-06-22 18:09,A recent article from The Washington Post serves as an important reminder that payment security remains a top priority for finance teams.,13,2,1,16,Text,"AvidXchange, Inc.",https://www.linkedin.com/feed/update/urn:li:activity:7474886367085277186/,https://www.linkedin.com/company/avidxchange-inc-/posts/?feedView=all
AvidXchange,15,2026-06-18 17:46,"💡""Embedded payments are pushing ERPs from systems of record to systems of action."" — Michael Dunn, CEO of Centerbase",0,0,0,0,Video,"AvidXchange, Inc.",https://www.linkedin.com/feed/update/urn:li:activity:7473430940971847681/,https://www.linkedin.com/company/avidxchange-inc-/posts/?feedView=all
AvidXchange,16,2026-06-17 19:44,"Congratulations on another IOFM certification, Vicki🎉 We're proud to work with customers like you who are so committed to continuous learning and advancing the AP profession. Well",12,3,4,19,Text,"AvidXchange, Inc.",https://www.linkedin.com/feed/update/urn:li:activity:7473098345243197440/,https://www.linkedin.com/company/avidxchange-inc-/posts/?feedView=all
AvidXchange,17,2026-06-16 14:02,🎉 Happy National Accounts Payable Day!,0,0,0,0,Multi-image (4),"AvidXchange, Inc.",https://www.linkedin.com/feed/update/urn:li:activity:7472649787788394496/,https://www.linkedin.com/company/avidxchange-inc-/posts/?feedView=all
AvidXchange,18,2026-06-15 18:36,"The more specialized tech teams become, the harder it is for teams to stay connected to the broader business.",30,1,4,35,Image,"AvidXchange, Inc.",https://www.linkedin.com/feed/update/urn:li:activity:7472356284869296129/,https://www.linkedin.com/company/avidxchange-inc-/posts/?feedView=all
AvidXchange,19,2026-06-09 14:35,"Payments, now fully embedded in Workday.",0,0,0,0,Document/Carousel (PDF),"AvidXchange, Inc.",https://www.linkedin.com/feed/update/urn:li:activity:7470121404189876225/,https://www.linkedin.com/company/avidxchange-inc-/posts/?feedView=all
AvidXchange,20,2026-06-04 14:30,We’re excited to welcome Wade Fairey to AvidXchange as Chief Operating Officer.,429,90,2,521,Image,"AvidXchange, Inc.",https://www.linkedin.com/feed/update/urn:li:activity:7468308152694886401/,https://www.linkedin.com/company/avidxchange-inc-/posts/?feedView=all
AvidXchange,21,2026-06-02 14:20,Our work with Ministry Brands continues to grow as we launch embedded payments within ParishSOFT Accounting 🎉,0,0,0,0,Document/Carousel (PDF),"AvidXchange, Inc.",https://www.linkedin.com/feed/update/urn:li:activity:7467580843352342528/,https://www.linkedin.com/company/avidxchange-inc-/posts/?feedView=all
AvidXchange,22,2026-05-29 15:47,"The technology landscape is constantly evolving, making diverse perspectives and industry expertise more important than ever.",62,1,5,68,Image,"AvidXchange, Inc.",https://www.linkedin.com/feed/update/urn:li:activity:7466153155949379584/,https://www.linkedin.com/company/avidxchange-inc-/posts/?feedView=all
AvidXchange,23,2026-05-27 20:24,"What happens when AP gets faster, more accurate, and more connected?",69,7,5,81,Image,"AvidXchange, Inc.",https://www.linkedin.com/feed/update/urn:li:activity:7465498083494121472/,https://www.linkedin.com/company/avidxchange-inc-/posts/?feedView=all
AvidXchange,24,2026-05-26 14:38,Big partnership and ERP news 🎉,0,0,0,0,Video,"AvidXchange, Inc.",https://www.linkedin.com/feed/update/urn:li:activity:7465048813267984384/,https://www.linkedin.com/company/avidxchange-inc-/posts/?feedView=all
AvidXchange,25,2026-05-19 14:31,"Embedded payment automation is here for Centerbase, the leading practice management platform for law firms. 🎉",0,0,0,0,Document/Carousel (PDF),"AvidXchange, Inc.",https://www.linkedin.com/feed/update/urn:li:activity:7462510311724720128/,https://www.linkedin.com/company/avidxchange-inc-/posts/?feedView=all
AvidXchange,26,2026-05-14 20:22,Great to see this! 👏,45,1,0,46,Text,"AvidXchange, Inc.",https://www.linkedin.com/feed/update/urn:li:activity:7460786656388747266/,https://www.linkedin.com/company/avidxchange-inc-/posts/?feedView=all
AvidXchange,27,2026-05-07 19:09,"As AI agents play a bigger role in decision-making, oversight matters more than ever.",40,7,1,48,Image,"AvidXchange, Inc.",https://www.linkedin.com/feed/update/urn:li:activity:7458231468079603712/,https://www.linkedin.com/company/avidxchange-inc-/posts/?feedView=all
AvidXchange,28,2026-05-06 14:50,"Good conversations, great partners, and a little time with Michael Kim. Hard to beat that combo!⛳",0,0,0,0,Multi-image (9),"AvidXchange, Inc.",https://www.linkedin.com/feed/update/urn:li:activity:7457804073501605888/,https://www.linkedin.com/company/avidxchange-inc-/posts/?feedView=all
AvidXchange,29,2026-04-30 21:38,"April is National Volunteer Month, but giving back is something our teammates do all year 🎉",0,0,0,0,Multi-image (8),"AvidXchange, Inc.",https://www.linkedin.com/feed/update/urn:li:activity:7455732337293697024/,https://www.linkedin.com/company/avidxchange-inc-/posts/?feedView=all
AvidXchange,30,2026-04-29 20:03,"Proud to see our very own Emily Dalton on PBS representing AvidXchange and sharing how AI is helping finance teams work smarter, faster, and with more confidence!",35,1,2,38,Text,"AvidXchange, Inc.",https://www.linkedin.com/feed/update/urn:li:activity:7455346073960869888/,https://www.linkedin.com/company/avidxchange-inc-/posts/?feedView=all
AvidXchange,31,2026-04-27 16:18,"📣Big ERP News: Our Accounts Payable as a Service solution is now embedded within Ministry Brands, the leading provider of church management software and online giving solutions.",0,0,0,0,Video,"AvidXchange, Inc.",https://www.linkedin.com/feed/update/urn:li:activity:7454564537992847360/,https://www.linkedin.com/company/avidxchange-inc-/posts/?feedView=all
AvidXchange,32,2026-04-24 19:29,What do AvidXchange customers think of us?,0,0,0,0,Document/Carousel (PDF),"AvidXchange, Inc.",https://www.linkedin.com/feed/update/urn:li:activity:7453525469343182848/,https://www.linkedin.com/company/avidxchange-inc-/posts/?feedView=all
AvidXchange,33,2026-04-23 18:03,A more efficient office starts with a better process.,20,2,3,25,Image,"AvidXchange, Inc.",https://www.linkedin.com/feed/update/urn:li:activity:7453141426269356032/,https://www.linkedin.com/company/avidxchange-inc-/posts/?feedView=all
AvidXchange,34,2026-04-21 17:55,Proud to partner with CINC Systems to help CAM companies rethink what’s possible with AP!,0,0,0,0,Text,"AvidXchange, Inc.",https://www.linkedin.com/feed/update/urn:li:activity:7452414808160636928/,https://www.linkedin.com/company/avidxchange-inc-/posts/?feedView=all
AvidXchange,35,2026-04-16 16:42,Accounting can be more than a back-office function.,0,0,0,0,Video,"AvidXchange, Inc.",https://www.linkedin.com/feed/update/urn:li:activity:7450584316570386434/,https://www.linkedin.com/company/avidxchange-inc-/posts/?feedView=all
AvidXchange,36,2026-04-09 18:06,These findings highlight a growing reality for community management organizations.,14,0,1,15,Text,"AvidXchange, Inc.",https://www.linkedin.com/feed/update/urn:li:activity:7448068793425092608/,https://www.linkedin.com/company/avidxchange-inc-/posts/?feedView=all
AvidXchange,37,2026-04-08 14:33,Third time’s the charm. ⛳️,120,0,20,140,Image,"AvidXchange, Inc.",https://www.linkedin.com/feed/update/urn:li:activity:7447652769639088128/,https://www.linkedin.com/company/avidxchange-inc-/posts/?feedView=all
AvidXchange,38,2026-03-31 17:53,What happens when finance teams can spend less time on cutting checks and more time focusing on strategic work?,44,2,10,56,Image,"AvidXchange, Inc.",https://www.linkedin.com/feed/update/urn:li:activity:7444803987024961537/,https://www.linkedin.com/company/avidxchange-inc-/posts/?feedView=all
AvidXchange,39,2026-03-25 14:02,Finance is entering a new phase of transformation.,0,0,0,0,Multi-image (3),"AvidXchange, Inc.",https://www.linkedin.com/feed/update/urn:li:activity:7442571574383247360/,https://www.linkedin.com/company/avidxchange-inc-/posts/?feedView=all
AvidXchange,40,2026-03-24 15:15,"🤝 We’re excited to announce a new strategic partnership with COCC, a premier provider of innovative fintech solutions for community banks and credit unions, to bring our AP automa",130,1,10,141,Image,"AvidXchange, Inc.",https://www.linkedin.com/feed/update/urn:li:activity:7442227512635461632/,https://www.linkedin.com/company/avidxchange-inc-/posts/?feedView=all
AvidXchange,41,2026-03-11 18:31,"🎉Celebrating four consecutive years on the Spend Matters, A Hackett Group Division 50 Providers to Know list!",20,1,12,33,Image,"AvidXchange, Inc.",https://www.linkedin.com/feed/update/urn:li:activity:7437565791400738816/,https://www.linkedin.com/company/avidxchange-inc-/posts/?feedView=all
AvidXchange,42,2026-03-09 18:34,"AI can accelerate support, surface insights, and solve complex problems, but it works best when paired with human judgment.",0,0,0,0,Text,"AvidXchange, Inc.",https://www.linkedin.com/feed/update/urn:li:activity:7436841797445812225/,https://www.linkedin.com/company/avidxchange-inc-/posts/?feedView=all
AvidXchange,43,2026-03-03 17:00,📣Big ERP News: Our Accounts Payable as a Service solution is now embedded in AppFolio.,170,4,34,208,Image,"AvidXchange, Inc.",https://www.linkedin.com/feed/update/urn:li:activity:7434643862138241025/,https://www.linkedin.com/company/avidxchange-inc-/posts/?feedView=all
AvidXchange,44,2026-02-20 20:22,Proud to partner with Acumatica and continue delivering value to our shared customers. Excited about what we’re building together! 🎉,29,1,1,31,Text,"AvidXchange, Inc.",https://www.linkedin.com/feed/update/urn:li:activity:7430708508310007808/,https://www.linkedin.com/company/avidxchange-inc-/posts/?feedView=all
AvidXchange,45,2026-02-19 15:03,"🎙️On the Power of Change podcast, Howard Barash, CFO of Property Resources Corporation, shares a simple but powerful truth about leadership—especially when it comes to change:",0,0,0,0,Video,"AvidXchange, Inc.",https://www.linkedin.com/feed/update/urn:li:activity:7430265736079781888/,https://www.linkedin.com/company/avidxchange-inc-/posts/?feedView=all
AvidXchange,46,2026-02-17 15:08,"As Peak Property Management continued to grow across the Virginia, so did the volume and complexity of its AP processes.",0,0,0,0,Multi-image (4),"AvidXchange, Inc.",https://www.linkedin.com/feed/update/urn:li:activity:7429542303775592451/,https://www.linkedin.com/company/avidxchange-inc-/posts/?feedView=all
AvidXchange,47,2026-02-16 18:20,"Finance teams are under pressure. Smaller teams, bigger workloads, higher expectations.",0,0,0,0,Multi-image (4),"AvidXchange, Inc.",https://www.linkedin.com/feed/update/urn:li:activity:7429228153774104578/,https://www.linkedin.com/company/avidxchange-inc-/posts/?feedView=all
AvidXchange,48,2026-02-11 15:02,Big ideas. Real connections. Well-earned recognition.,0,0,0,0,Multi-image (6),"AvidXchange, Inc.",https://www.linkedin.com/feed/update/urn:li:activity:7427366349783470081/,https://www.linkedin.com/company/avidxchange-inc-/posts/?feedView=all
AvidXchange,49,2026-02-05 19:10,"The future of AP is integrated, automated, and optimized for the systems finance teams rely on every day.",36,1,17,54,Image,"AvidXchange, Inc.",https://www.linkedin.com/feed/update/urn:li:activity:7425254434403688449/,https://www.linkedin.com/company/avidxchange-inc-/posts/?feedView=all
AvidXchange,50,2026-02-04 19:31,Automation works best when it gives people more room to do what only people can do.,0,0,0,0,Video,"AvidXchange, Inc.",https://www.linkedin.com/feed/update/urn:li:activity:7424897303569825793/,https://www.linkedin.com/company/avidxchange-inc-/posts/?feedView=all
Pagero (Thomson Reuters),1,2026-09-15 13:02,IDC has recognised Thomson Reuters as a Leader in the IDC MarketScape: Worldwide Compliant e-Invoicing Solutions 2026 Vendor Assessment.,0,0,0,0,Video,Thomson Reuters Europe,https://www.linkedin.com/feed/update/urn:li:activity:7505611927289741312/,https://www.linkedin.com/company/Pagero/posts/?feedView=all
Pagero (Thomson Reuters),2,2026-09-15 09:10,"Spain's tax authority has provided further clarity on the country's B2B e-invoicing mandate, including updates to technical requirements, implementation timelines and reporting obl",29,0,6,35,Image,Thomson Reuters Europe,https://www.linkedin.com/feed/update/urn:li:activity:7505553594616594432/,https://www.linkedin.com/company/Pagero/posts/?feedView=all
Pagero (Thomson Reuters),3,2026-09-14 14:47,We’re proud to announce that Thomson Reuters has been named a Leader in the IDC MarketScape: Worldwide Compliant e-Invoicing Solutions 2026 Vendor Assessment.,0,0,0,0,Document/Carousel (PDF),Thomson Reuters Europe,https://www.linkedin.com/feed/update/urn:li:activity:7505275973458890752/,https://www.linkedin.com/company/Pagero/posts/?feedView=all
Pagero (Thomson Reuters),4,2026-09-14 09:27,"Delayed payments are often viewed as a temporary challenge. But they can also signal deeper risks that, if left unchecked, may impact cash flow, planning and business resilience.",8,0,2,10,Image,Thomson Reuters Europe,https://www.linkedin.com/feed/update/urn:li:activity:7505195437377646593/,https://www.linkedin.com/company/Pagero/posts/?feedView=all
Pagero (Thomson Reuters),5,2026-09-14 07:45,"Tomorrow: join Thomson Reuters, IDC and Goodyear for a live discussion on building an e-invoicing operating model that scales.",7,0,4,11,Image,Thomson Reuters Europe,https://www.linkedin.com/feed/update/urn:li:activity:7505169819105751040/,https://www.linkedin.com/company/Pagero/posts/?feedView=all
Pagero (Thomson Reuters),6,2026-09-11 10:00,"Italy has published new rules governing the automated VAT assessment procedure for businesses that fail to submit an annual VAT return, providing greater clarity on assessments, no",8,0,0,8,Image,Thomson Reuters Europe,https://www.linkedin.com/feed/update/urn:li:activity:7504116756488060928/,https://www.linkedin.com/company/Pagero/posts/?feedView=all
Pagero (Thomson Reuters),7,2026-09-11 08:24,⏰ Less than a week to go!,0,0,0,0,Text,Thomson Reuters,https://www.linkedin.com/feed/update/urn:li:activity:7504092486219284480/,https://www.linkedin.com/company/Pagero/posts/?feedView=all
Pagero (Thomson Reuters),8,2026-09-10 14:47,We're pleased to extend our partnership with Medius through the integration of Thomson Reuters ONESOURCE indirect tax determination into Medius AP Automation. The integration helps,12,0,2,14,Text,Thomson Reuters Europe,https://www.linkedin.com/feed/update/urn:li:activity:7503826477403144192/,https://www.linkedin.com/company/Pagero/posts/?feedView=all
Pagero (Thomson Reuters),9,2026-09-10 12:21,"Today, Thomson Reuters teammates across the globe are coming together for Global Volunteer Day; an annual initiative that reflects our commitment to social impact and purpose-drive",0,0,0,0,Image,Thomson Reuters,https://www.linkedin.com/feed/update/urn:li:activity:7503789700135084032/,https://www.linkedin.com/company/Pagero/posts/?feedView=all
Pagero (Thomson Reuters),10,2026-09-10 10:52,"Join us at Legal Revolution 2026, 21 to 22 September at Estrel Berlin.",13,1,5,19,Image,Thomson Reuters Europe,https://www.linkedin.com/feed/update/urn:li:activity:7503767228069093377/,https://www.linkedin.com/company/Pagero/posts/?feedView=all
Pagero (Thomson Reuters),11,2026-09-09 15:09,"The EU's biggest VAT reform is set to reshape reporting and e-invoicing across Europe. Yet for many Swedish organisations, preparation is still in its early stages.",15,0,1,16,Image,Thomson Reuters Europe,https://www.linkedin.com/feed/update/urn:li:activity:7503469654976167936/,https://www.linkedin.com/company/Pagero/posts/?feedView=all
Pagero (Thomson Reuters),12,2026-09-09 13:00,"Many organisations are investing in AI, but investment alone doesn't guarantee results.",2,0,0,2,Text,Thomson Reuters Europe,https://www.linkedin.com/feed/update/urn:li:activity:7503437269144543232/,https://www.linkedin.com/company/Pagero/posts/?feedView=all
Pagero (Thomson Reuters),13,2026-09-09 09:15,A common misconception about e-invoicing? That it's just a compliance project.,11,0,0,11,Article/Link,Thomson Reuters Europe,https://www.linkedin.com/feed/update/urn:li:activity:7503380432063758336/,https://www.linkedin.com/company/Pagero/posts/?feedView=all
Pagero (Thomson Reuters),14,2026-09-08 11:33,"Still time to register! If you're responsible for UK accounts, statutory reporting or direct tax, this webinar is for you.",0,0,0,0,Image,Thomson Reuters ONESOURCE,https://www.linkedin.com/feed/update/urn:li:activity:7503052773966528512/,https://www.linkedin.com/company/Pagero/posts/?feedView=all
Pagero (Thomson Reuters),15,2026-09-08 08:15,"Finance, compliance, operations, and IT leaders: if you're building an e-invoicing strategy that scales across markets, this is for you.",3,0,3,6,Image,Thomson Reuters Europe,https://www.linkedin.com/feed/update/urn:li:activity:7503002962965917696/,https://www.linkedin.com/company/Pagero/posts/?feedView=all
Pagero (Thomson Reuters),16,2026-09-07 11:10,"Peppol has become one of the most important frameworks in global e-invoicing, helping organisations exchange invoices and other business documents securely across borders. The netw",19,0,1,20,Image,Thomson Reuters Europe,https://www.linkedin.com/feed/update/urn:li:activity:7502684739540000768/,https://www.linkedin.com/company/Pagero/posts/?feedView=all
Pagero (Thomson Reuters),17,2026-09-03 07:46,"Portugal has issued updated guidance on invoice corrections, consolidating rules for credit notes, VAT adjustments and invoice error corrections.",20,0,1,21,Image,Thomson Reuters Europe,https://www.linkedin.com/feed/update/urn:li:activity:7501183850056679424/,https://www.linkedin.com/company/Pagero/posts/?feedView=all
Pagero (Thomson Reuters),18,2026-09-02 08:34,E-invoicing isn't a country-by-country compliance problem anymore. It's an operating model problem. Organisations managing dozens of mandates can't solve this with fragmented proce,14,0,1,15,Image,Thomson Reuters Europe,https://www.linkedin.com/feed/update/urn:li:activity:7500833467312545792/,https://www.linkedin.com/company/Pagero/posts/?feedView=all
Pagero (Thomson Reuters),19,2026-08-31 09:54,"Today at #ILTACON2026, the largest legal technology conference globally, we launched Thomson, our first proprietary large language model, built in-house, and fully owned and contro",0,0,0,0,Video,Thomson Reuters,https://www.linkedin.com/feed/update/urn:li:activity:7500128878607278080/,https://www.linkedin.com/company/Pagero/posts/?feedView=all
Pagero (Thomson Reuters),20,2026-08-27 13:47,Slovakia's Financial Administration has confirmed that the technical infrastructure supporting the country's e-invoicing system is fully operational ahead of the planned 2027 manda,48,0,7,55,Image,Thomson Reuters Europe,https://www.linkedin.com/feed/update/urn:li:activity:7498737943168094208/,https://www.linkedin.com/company/Pagero/posts/?feedView=all
Pagero (Thomson Reuters),21,2026-08-26 11:52,"When discussing VAT in the Digital Age (ViDA), regulatory penalties often dominate the conversation.",24,0,6,30,Image,Thomson Reuters Europe,https://www.linkedin.com/feed/update/urn:li:activity:7498346649673551873/,https://www.linkedin.com/company/Pagero/posts/?feedView=all
Pagero (Thomson Reuters),22,2026-08-20 12:15,Spain's Senate has approved a motion calling for a unified VAT reporting framework aligned with the EU's VAT in the Digital Age (ViDA) initiative.,49,0,5,54,Image,Thomson Reuters Europe,https://www.linkedin.com/feed/update/urn:li:activity:7496177973318983680/,https://www.linkedin.com/company/Pagero/posts/?feedView=all
Pagero (Thomson Reuters),23,2026-08-20 08:23,"We're bringing Connect to Frankfurt! Join Thomson Reuters and your peers from across DACH to explore the trends reshaping tax, legal and compliance. Expect expert insights, custome",51,1,27,79,Image,Thomson Reuters Europe,https://www.linkedin.com/feed/update/urn:li:activity:7496119684845441025/,https://www.linkedin.com/company/Pagero/posts/?feedView=all
Pagero (Thomson Reuters),24,2026-08-17 07:30,"If your business operates in France, the countdown to e-invoicing compliance is already underway.",34,4,13,51,Article/Link,Thomson Reuters Europe,https://www.linkedin.com/feed/update/urn:li:activity:7495019249808318464/,https://www.linkedin.com/company/Pagero/posts/?feedView=all
Pagero (Thomson Reuters),25,2026-08-13 09:15,"German authorities have published a new action plan to combat tax and financial crime, including proposals for a VAT e-reporting system that could further accelerate Germany's digi",53,0,6,59,Image,Thomson Reuters Europe,https://www.linkedin.com/feed/update/urn:li:activity:7493596054496641024/,https://www.linkedin.com/company/Pagero/posts/?feedView=all
Pagero (Thomson Reuters),26,2026-08-12 09:03,Would you rather your AI learn from tax experts or from the internet?,0,0,0,0,Video,Thomson Reuters Europe,https://www.linkedin.com/feed/update/urn:li:activity:7493230707318894592/,https://www.linkedin.com/company/Pagero/posts/?feedView=all
Pagero (Thomson Reuters),27,2026-08-07 12:34,Compliance Connect London was a hit.,0,0,0,0,Video,Thomson Reuters Europe,https://www.linkedin.com/feed/update/urn:li:activity:7491471730096410624/,https://www.linkedin.com/company/Pagero/posts/?feedView=all
Pagero (Thomson Reuters),28,2026-08-06 13:41,France has published additional regulations ahead of its September 2026 e-invoicing mandate. The updates provide greater clarity on key e-invoicing requirements for businesses and,73,2,13,88,Image,Thomson Reuters Europe,https://www.linkedin.com/feed/update/urn:li:activity:7491126209926316032/,https://www.linkedin.com/company/Pagero/posts/?feedView=all
Pagero (Thomson Reuters),29,2026-08-05 07:34,"When invoice processing becomes more efficient, the benefits extend across the entire business.",42,0,1,43,Image,Thomson Reuters Europe,https://www.linkedin.com/feed/update/urn:li:activity:7490671450174001152/,https://www.linkedin.com/company/Pagero/posts/?feedView=all
Pagero (Thomson Reuters),30,2026-07-30 08:30,"We're pleased to announce that ONESOURCE Pagero has received full UAE ASP accreditation, helping businesses prepare for upcoming e-invoicing requirements. Discover how Thomson Reut",98,2,17,117,Image,Thomson Reuters Europe,https://www.linkedin.com/feed/update/urn:li:activity:7488511229645287424/,https://www.linkedin.com/company/Pagero/posts/?feedView=all
Pagero (Thomson Reuters),31,2026-07-27 07:07,AI is changing how tax teams approach compliance.,0,0,0,0,Video,Thomson Reuters Europe,https://www.linkedin.com/feed/update/urn:li:activity:7487403304793124864/,https://www.linkedin.com/company/Pagero/posts/?feedView=all
Pagero (Thomson Reuters),32,2026-07-24 08:00,"Another European e-invoicing mandate is taking shape. Luxembourg has approved draft legislation introducing mandatory domestic B2B e-invoicing, with a phased roll-out beginning in",49,0,5,54,Image,Thomson Reuters Europe,https://www.linkedin.com/feed/update/urn:li:activity:7486329346043838465/,https://www.linkedin.com/company/Pagero/posts/?feedView=all
Pagero (Thomson Reuters),33,2026-07-23 08:00,The Belgian Council of Ministers has approved a pre-draft law introducing dual near real-time e-reporting from 2028. Read the full update and what it means for your business: https,40,0,2,42,Image,Thomson Reuters Europe,https://www.linkedin.com/feed/update/urn:li:activity:7485967105020895233/,https://www.linkedin.com/company/Pagero/posts/?feedView=all
Pagero (Thomson Reuters),34,2026-07-21 06:55,Come take a walk down knowers lane and meet The CoCo — the result of 175 years of Thomson Reuters knowledge.,0,0,0,0,Video,Thomson Reuters,https://www.linkedin.com/feed/update/urn:li:activity:7485225964449296384/,https://www.linkedin.com/company/Pagero/posts/?feedView=all
Pagero (Thomson Reuters),35,2026-07-20 05:15,Too much insight to scribble down in one notebook!,0,0,0,0,Video,Thomson Reuters Europe,https://www.linkedin.com/feed/update/urn:li:activity:7484838266094018560/,https://www.linkedin.com/company/Pagero/posts/?feedView=all
Pagero (Thomson Reuters),36,2026-07-17 07:00,The UK's e-invoicing mandate is pushing businesses to rethink how they handle financial data — and it's all part of a bigger move to digitalize the economy and make doing business,0,0,0,0,Video,Thomson Reuters Europe,https://www.linkedin.com/feed/update/urn:li:activity:7483777729956601856/,https://www.linkedin.com/company/Pagero/posts/?feedView=all
Pagero (Thomson Reuters),37,2026-07-14 12:00,More than an event. A community in motion.,0,0,0,0,Video,Thomson Reuters Europe,https://www.linkedin.com/feed/update/urn:li:activity:7482765932344414208/,https://www.linkedin.com/company/Pagero/posts/?feedView=all
Pagero (Thomson Reuters),38,2026-07-14 05:00,France's e-invoicing rollout remains on track.,94,0,12,106,Image,Thomson Reuters Europe,https://www.linkedin.com/feed/update/urn:li:activity:7482660162529394688/,https://www.linkedin.com/company/Pagero/posts/?feedView=all
Pagero (Thomson Reuters),39,2026-07-13 07:02,Regulatory change doesn’t pause for summer. Stay one step ahead with our 2026 Regulatory Forecast: https://lnkd.in/eymn65YR,22,0,5,27,Image,Thomson Reuters Europe,https://www.linkedin.com/feed/update/urn:li:activity:7482328708922621952/,https://www.linkedin.com/company/Pagero/posts/?feedView=all
Pagero (Thomson Reuters),40,2026-07-10 07:02,"Tax has gone from background function to business priority. Along with this change, tax professionals are stepping into the corporate spotlight as ""leaders in change and leaders in",0,0,0,0,Video,Thomson Reuters Europe,https://www.linkedin.com/feed/update/urn:li:activity:7481241484453830657/,https://www.linkedin.com/company/Pagero/posts/?feedView=all
Pagero (Thomson Reuters),41,2026-07-07 07:02,Less manual work. More visibility. Better control.,32,1,1,34,Image,Thomson Reuters Europe,https://www.linkedin.com/feed/update/urn:li:activity:7480154175406964736/,https://www.linkedin.com/company/Pagero/posts/?feedView=all
Pagero (Thomson Reuters),42,2026-07-07 05:00,Many businesses know ViDA is coming. Fewer know what readiness actually looks like.,0,0,0,0,Video,Thomson Reuters Europe,https://www.linkedin.com/feed/update/urn:li:activity:7480123535525511168/,https://www.linkedin.com/company/Pagero/posts/?feedView=all
Pagero (Thomson Reuters),43,2026-07-03 07:12,"E‑invoicing requirements continue to evolve rapidly, creating both challenges and opportunities for tax and finance leaders.",49,1,12,62,Image,Thomson Reuters Europe,https://www.linkedin.com/feed/update/urn:li:activity:7478707152346497024/,https://www.linkedin.com/company/Pagero/posts/?feedView=all
Pagero (Thomson Reuters),44,2026-07-02 11:43,"""Getting it good isn't good enough. You have to get it right.""",0,0,0,0,Video,Thomson Reuters Europe,https://www.linkedin.com/feed/update/urn:li:activity:7478413076682149889/,https://www.linkedin.com/company/Pagero/posts/?feedView=all
Pagero (Thomson Reuters),45,2026-07-02 07:02,Navigate regulatory change with confidence. Explore the insights in our 2026 Regulatory Forecast: https://lnkd.in/eymn65YR,21,0,6,27,Image,Thomson Reuters Europe,https://www.linkedin.com/feed/update/urn:li:activity:7478342335043452929/,https://www.linkedin.com/company/Pagero/posts/?feedView=all
Pagero (Thomson Reuters),46,2026-06-29 07:00,"With e‑invoicing mandates accelerating worldwide and continuous transaction controls (CTCs) becoming part of everyday operations, getting compliance wrong is no longer just a minor",0,0,0,0,Video,Thomson Reuters Europe,https://www.linkedin.com/feed/update/urn:li:activity:7477254668339953665/,https://www.linkedin.com/company/Pagero/posts/?feedView=all
Pagero (Thomson Reuters),47,2026-06-26 07:01,Manual reconciliations. Multi-country complexity. Growing compliance pressure. JLL has been through it — now they’re identifying where agentic AI adds real value. Join the session:,22,0,0,22,Image,Thomson Reuters Europe,https://www.linkedin.com/feed/update/urn:li:activity:7476167663229165568/,https://www.linkedin.com/company/Pagero/posts/?feedView=all
Pagero (Thomson Reuters),48,2026-06-25 11:46,"OpenPeppol Conference 2026 brought together valuable perspectives on the future of e-invoicing, interoperability and global compliance.",0,0,0,0,Multi-image (2),Thomson Reuters Europe,https://www.linkedin.com/feed/update/urn:li:activity:7475877193366118400/,https://www.linkedin.com/company/Pagero/posts/?feedView=all
Pagero (Thomson Reuters),49,2026-06-25 07:17,"""Connect with peers. Map the future. Discover innovative approaches to the challenges ahead.""",0,0,0,0,Multi-image (10),Thomson Reuters Europe,https://www.linkedin.com/feed/update/urn:li:activity:7475809421659623424/,https://www.linkedin.com/company/Pagero/posts/?feedView=all
Pagero (Thomson Reuters),50,2026-06-24 11:23,Operating in the UK? The government has announced that Peppol will serve as the core interoperability network for e‑invoicing ahead of the 2029 mandate. Read the full update: https,64,0,10,74,Image,Thomson Reuters Europe,https://www.linkedin.com/feed/update/urn:li:activity:7475508888750997505/,https://www.linkedin.com/company/Pagero/posts/?feedView=all
Compleat Software,1,2026-09-10 10:05,97% of #finance teams have adopted #AI. Only 23% say it's exceeding expectations.,1,0,0,1,Image,Compleat Software,https://www.linkedin.com/feed/update/urn:li:activity:7503755624485134337/,https://www.linkedin.com/company/compleat-software-ltd/posts/?feedView=all
Compleat Software,2,2026-09-08 13:01,96% of UK charities have restricted their own services this year. Energy costs up 80%. Staffing costs up 12%. Inflation running 15-20% on top of both.,1,0,0,1,Image,Compleat Software,https://www.linkedin.com/feed/update/urn:li:activity:7503075060723740672/,https://www.linkedin.com/company/compleat-software-ltd/posts/?feedView=all
Compleat Software,3,2026-09-04 10:10,Global business travel spend is set to hit $1.71 trillion this year. Trip volume is only up 1.3%.,1,0,1,2,Image,Compleat Software,https://www.linkedin.com/feed/update/urn:li:activity:7501582380705439744/,https://www.linkedin.com/company/compleat-software-ltd/posts/?feedView=all
Compleat Software,4,2026-09-02 14:34,The #DfE has quietly updated the academies chart of accounts for 2026-27.,1,0,1,2,Image,Compleat Software,https://www.linkedin.com/feed/update/urn:li:activity:7500924009971265536/,https://www.linkedin.com/company/compleat-software-ltd/posts/?feedView=all
Compleat Software,5,2026-08-31 14:31,"If your #nonprofit passes federal grant money to subrecipients, the compliance bar just moved.",1,0,1,2,Image,Compleat Software,https://www.linkedin.com/feed/update/urn:li:activity:7500198637067468800/,https://www.linkedin.com/company/compleat-software-ltd/posts/?feedView=all
Compleat Software,6,2026-08-28 14:31,K-12 families are spending 24% more per student on back-to-school than seven years ago.,4,0,0,4,Image,Compleat Software,https://www.linkedin.com/feed/update/urn:li:activity:7499111478810087424/,https://www.linkedin.com/company/compleat-software-ltd/posts/?feedView=all
Compleat Software,7,2026-08-06 13:01,"October 1, 2026 is coming up fast for any nonprofit that relies on federal grants.",8,0,3,11,Image,Compleat Software,https://www.linkedin.com/feed/update/urn:li:activity:7491116339487596544/,https://www.linkedin.com/company/compleat-software-ltd/posts/?feedView=all
Compleat Software,8,2026-08-05 13:09,"Ask most finance leaders how long an invoice takes to get approved, and the answer is usually a guess.",4,0,1,5,Image,Compleat Software,https://www.linkedin.com/feed/update/urn:li:activity:7490755774927773696/,https://www.linkedin.com/company/compleat-software-ltd/posts/?feedView=all
Compleat Software,9,2026-08-04 10:07,There's one question that comes up in almost every board meeting. And it's the one that quietly sorts the finance leaders who have real influence from the ones who don't.,6,0,0,6,Image,Compleat Software,https://www.linkedin.com/feed/update/urn:li:activity:7490347651444596737/,https://www.linkedin.com/company/compleat-software-ltd/posts/?feedView=all
Compleat Software,10,2026-08-03 10:05,#HMRC isn't reviewing charity finances the way it used to.,1,0,0,1,Image,Compleat Software,https://www.linkedin.com/feed/update/urn:li:activity:7489984808861822977/,https://www.linkedin.com/company/compleat-software-ltd/posts/?feedView=all
Compleat Software,11,2026-08-02 13:04,#ESSERfunding is gone. Enrollment is down in nearly 30 of the 50 largest US school districts. And the bills haven't gotten any smaller.,1,0,0,1,Image,Compleat Software,https://www.linkedin.com/feed/update/urn:li:activity:7489667342470197248/,https://www.linkedin.com/company/compleat-software-ltd/posts/?feedView=all
Compleat Software,12,2026-08-01 10:08,Most expense fraud doesn't look like fraud. It looks like a slightly generous mileage claim. A receipt just over the limit. A subscription that quietly became personal.,0,0,0,0,Image,Compleat Software,https://www.linkedin.com/feed/update/urn:li:activity:7489260821148045312/,https://www.linkedin.com/company/compleat-software-ltd/posts/?feedView=all
Compleat Software,13,2026-07-31 10:07,"The Academy Trust Handbook 2026 takes effect on 1 October, right as 37% of trusts expect to be holding under 5% of income in reserves.",3,0,2,5,Image,Compleat Software,https://www.linkedin.com/feed/update/urn:li:activity:7488898113190055936/,https://www.linkedin.com/company/compleat-software-ltd/posts/?feedView=all
Compleat Software,14,2026-07-30 13:06,Most finance professionals spend the majority of their week on things that don't need them...,1,0,0,1,Image,Compleat Software,https://www.linkedin.com/feed/update/urn:li:activity:7488580665567789056/,https://www.linkedin.com/company/compleat-software-ltd/posts/?feedView=all
Compleat Software,15,2026-07-29 13:03,Tariffs aren't a one-off cost anymore. They're a slow leak.,3,0,0,3,Image,Compleat Software,https://www.linkedin.com/feed/update/urn:li:activity:7488217593019981825/,https://www.linkedin.com/company/compleat-software-ltd/posts/?feedView=all
Compleat Software,16,2026-07-28 15:46,"Britain has a new Prime Minister, and a Budget date that's still pending.",0,0,0,0,Image,Compleat Software,https://www.linkedin.com/feed/update/urn:li:activity:7487896182388719616/,https://www.linkedin.com/company/compleat-software-ltd/posts/?feedView=all
Compleat Software,17,2026-07-26 13:07,The best finance leaders in the room aren't the most technically brilliant.,3,0,3,6,Image,Compleat Software,https://www.linkedin.com/feed/update/urn:li:activity:7487131493480263680/,https://www.linkedin.com/company/compleat-software-ltd/posts/?feedView=all
Compleat Software,18,2026-07-24 13:12,"Holkham Hall's Finance Director used to run a team where 90% of their time went on processing. Typing. Ticking boxes. Now it's 50/50. Half processing, half analysis & planning. ""Th",0,0,0,0,Video,Compleat Software,https://www.linkedin.com/feed/update/urn:li:activity:7486408043556081664/,https://www.linkedin.com/company/compleat-software-ltd/posts/?feedView=all
Compleat Software,19,2026-07-22 10:06,There's five dimensions of finance leadership that separate the professionals who get noticed from the ones who don't. Download our free playbook: How To Lead Beyond the Numbers by,3,0,0,3,Image,Compleat Software,https://www.linkedin.com/feed/update/urn:li:activity:7485636367042101250/,https://www.linkedin.com/company/compleat-software-ltd/posts/?feedView=all
Compleat Software,20,2026-07-20 13:04,What's your cash position right now? This is the question that separates influential from operational finance leaders. Most finance professionals spend the majority of their week o,0,0,0,0,Video,Compleat Software,https://www.linkedin.com/feed/update/urn:li:activity:7484956402730348546/,https://www.linkedin.com/company/compleat-software-ltd/posts/?feedView=all
Compleat Software,21,2026-07-16 10:03,What type of finance leader are you? The finance leaders who get noticed aren't the most technically brilliant in the room. They're the ones who've stopped drowning in the operatio,0,0,0,0,Video,Compleat Software,https://www.linkedin.com/feed/update/urn:li:activity:7483461367270711297/,https://www.linkedin.com/company/compleat-software-ltd/posts/?feedView=all
Compleat Software,22,2026-06-29 10:01,"How much of your finance team's day is spent creating value and how much is spent chasing approvals, matching invoices, and fixing errors?",1,0,1,2,Image,Compleat Software,https://www.linkedin.com/feed/update/urn:li:activity:7477300278048952320/,https://www.linkedin.com/company/compleat-software-ltd/posts/?feedView=all
Compleat Software,23,2026-06-24 13:08,"AI isn’t replacing finance professionals but it will change what makes them valuable. The teams getting ahead today aren’t waiting for a perfect strategy, they’re learning where AI",2,0,0,2,Image,Compleat Software,https://www.linkedin.com/feed/update/urn:li:activity:7475535259619659776/,https://www.linkedin.com/company/compleat-software-ltd/posts/?feedView=all
Compleat Software,24,2026-06-22 10:13,"A grant award is only the beginning of the story. The real challenge starts when funding needs to be tracked across purchases, invoices, expenses, payments, and reporting. For many",1,0,0,1,Image,Compleat Software,https://www.linkedin.com/feed/update/urn:li:activity:7474766582443880448/,https://www.linkedin.com/company/compleat-software-ltd/posts/?feedView=all
Compleat Software,25,2026-06-19 10:05,"Finance careers used to be built on technical expertise alone, but today, the people moving into leadership roles are doing something different. They're spending less time producin",0,0,0,0,Image,Compleat Software,https://www.linkedin.com/feed/update/urn:li:activity:7473677238580883456/,https://www.linkedin.com/company/compleat-software-ltd/posts/?feedView=all
Compleat Software,26,2026-06-18 13:03,The conversation around the Children's Wellbeing and Schools Bill has focused heavily on policy. But what happens when those expectations reach individual schools? For trust leader,0,0,0,0,Image,Compleat Software,https://www.linkedin.com/feed/update/urn:li:activity:7473359644447563777/,https://www.linkedin.com/company/compleat-software-ltd/posts/?feedView=all
Compleat Software,27,2026-06-17 15:46,School district finance teams are used to managing tight budgets. What’s different about fiscal year 2027 is the level of uncertainty.,1,0,0,1,Image,Compleat Software,https://www.linkedin.com/feed/update/urn:li:activity:7473038283560648704/,https://www.linkedin.com/company/compleat-software-ltd/posts/?feedView=all
Compleat Software,28,2026-06-12 12:00,"#HMRC has increased funding for #charities supporting vulnerable customers and the interesting part is what sits behind it. Across the funding landscape, there’s a growing focus on",2,0,0,2,Image,Compleat Software,https://www.linkedin.com/feed/update/urn:li:activity:7471169462801645569/,https://www.linkedin.com/company/compleat-software-ltd/posts/?feedView=all
Compleat Software,29,2026-06-10 09:27,We’re all set up at EdExec: Live Events for School Business Professionals (Liverpool and the Wirral)!,9,0,0,9,Article/Link,Compleat Software,https://www.linkedin.com/feed/update/urn:li:activity:7470406167513640960/,https://www.linkedin.com/company/compleat-software-ltd/posts/?feedView=all
Compleat Software,30,2026-05-29 10:05,"Everyone talks about removing friction from business processes but some friction can be useful. A quick approval before money is committed, a budget check before a purchase goes th",1,0,0,1,Image,Compleat Software,https://www.linkedin.com/feed/update/urn:li:activity:7466067196612390912/,https://www.linkedin.com/company/compleat-software-ltd/posts/?feedView=all
Compleat Software,31,2026-05-27 10:01,"Most #financereporting is accurate, but it’s also just slightly behind reality.",1,0,0,1,Image,Compleat Software,https://www.linkedin.com/feed/update/urn:li:activity:7465341483160653825/,https://www.linkedin.com/company/compleat-software-ltd/posts/?feedView=all
Compleat Software,32,2026-05-26 10:02,"Most finance teams assume they're already sending and receiving invoices electronically because they use PDFs via emails. From April 2029, that won't count.",0,0,0,0,Video,Compleat Software,https://www.linkedin.com/feed/update/urn:li:activity:7464979234369921024/,https://www.linkedin.com/company/compleat-software-ltd/posts/?feedView=all
Compleat Software,33,2026-05-22 13:08,Most companies have two systems.,4,1,0,5,Image,Compleat Software,https://www.linkedin.com/feed/update/urn:li:activity:7463576428425564160/,https://www.linkedin.com/company/compleat-software-ltd/posts/?feedView=all
Compleat Software,34,2026-05-21 09:30,The UK e-invoicing mandate will change how businesses send and receive invoices. But the readiness question isn't really about the format. It's about whether your underlying proces,5,0,0,5,Image,Compleat Software,https://www.linkedin.com/feed/update/urn:li:activity:7463159193240449024/,https://www.linkedin.com/company/compleat-software-ltd/posts/?feedView=all
Compleat Software,35,2026-05-18 13:13,Most finance teams we speak to think they're broadly ready for the UK #einvoicing mandate. Then they see their score.,3,0,0,3,Image,Compleat Software,https://www.linkedin.com/feed/update/urn:li:activity:7462128216351141888/,https://www.linkedin.com/company/compleat-software-ltd/posts/?feedView=all
Compleat Software,36,2026-05-08 08:36,What a week for #JMTInnovate in Washington!,0,0,0,0,Text,Compleat Software,https://www.linkedin.com/feed/update/urn:li:activity:7458434660872781824/,https://www.linkedin.com/company/compleat-software-ltd/posts/?feedView=all
Compleat Software,37,2026-04-28 09:39,"Most organisations don’t have a spending problem, they have a behaviour problem.",6,0,0,6,Image,Compleat Software,https://www.linkedin.com/feed/update/urn:li:activity:7454826646961926146/,https://www.linkedin.com/company/compleat-software-ltd/posts/?feedView=all
Compleat Software,38,2026-04-21 11:42,There’s a growing gap between how people buy and how finance expects to control spend.,2,0,0,2,Image,Compleat Software,https://www.linkedin.com/feed/update/urn:li:activity:7452320918632214528/,https://www.linkedin.com/company/compleat-software-ltd/posts/?feedView=all
Compleat Software,39,2026-04-14 08:59,A recent post from Philip Douglas on budgeting really summed it up.,4,0,0,4,Image,Compleat Software,https://www.linkedin.com/feed/update/urn:li:activity:7449743141324259328/,https://www.linkedin.com/company/compleat-software-ltd/posts/?feedView=all
Compleat Software,40,2026-04-13 14:30,Most school finance teams aren’t short on effort,2,0,0,2,Image,Compleat Software,https://www.linkedin.com/feed/update/urn:li:activity:7449463945062494208/,https://www.linkedin.com/company/compleat-software-ltd/posts/?feedView=all
Compleat Software,41,2026-04-07 14:36,Most finance teams are not struggling because of a lack of skill or effort.,3,0,0,3,Article/Link,Compleat Software,https://www.linkedin.com/feed/update/urn:li:activity:7447291154355613697/,https://www.linkedin.com/company/compleat-software-ltd/posts/?feedView=all
Compleat Software,42,2026-03-27 16:21,There is a difference between a system that includes purchasing functionality and one that is built for it.,6,0,0,6,Article/Link,Compleat Software,https://www.linkedin.com/feed/update/urn:li:activity:7443331387388141569/,https://www.linkedin.com/company/compleat-software-ltd/posts/?feedView=all
Compleat Software,43,2026-03-25 11:24,Late payments are no longer just an operational headache.,4,1,0,5,Article/Link,Compleat Software,https://www.linkedin.com/feed/update/urn:li:activity:7442531747390439425/,https://www.linkedin.com/company/compleat-software-ltd/posts/?feedView=all
Compleat Software,44,2026-03-23 15:17,"Growth is supposed to feel good. More funding, more programmes, more impact.",2,0,0,2,Article/Link,Compleat Software,https://www.linkedin.com/feed/update/urn:li:activity:7441865758172729345/,https://www.linkedin.com/company/compleat-software-ltd/posts/?feedView=all
Compleat Software,45,2026-03-18 15:39,Approvals aren’t the same as control.,2,0,0,2,Article/Link,Compleat Software,https://www.linkedin.com/feed/update/urn:li:activity:7440059329057058816/,https://www.linkedin.com/company/compleat-software-ltd/posts/?feedView=all
Compleat Software,46,2026-03-13 11:14,"Email approvals might seem convenient, but they can introduce serious governance and fraud risks into your Accounts Payable process.",3,0,1,4,Image,Compleat Software,https://www.linkedin.com/feed/update/urn:li:activity:7438180696457809921/,https://www.linkedin.com/company/compleat-software-ltd/posts/?feedView=all
Compleat Software,47,2026-03-12 12:29,"Built-In vs Built-For AP Automation, what’s the real difference? 🤔",5,0,2,7,Image,Compleat Software,https://www.linkedin.com/feed/update/urn:li:activity:7437837267605348353/,https://www.linkedin.com/company/compleat-software-ltd/posts/?feedView=all
Compleat Software,48,2026-03-11 10:23,What the Education White Paper Means for MAT Governance,3,0,0,3,Image,Compleat Software,https://www.linkedin.com/feed/update/urn:li:activity:7437443118456569856/,https://www.linkedin.com/company/compleat-software-ltd/posts/?feedView=all
Compleat Software,49,2026-03-10 09:55,Many finance systems include purchasing or AP tools. But are they built for the way organisations actually buy?,8,0,1,9,Image,Compleat Software,https://www.linkedin.com/feed/update/urn:li:activity:7437073722387206145/,https://www.linkedin.com/company/compleat-software-ltd/posts/?feedView=all
Compleat Software,50,2026-03-05 13:47,"If finance only gets involved when the invoice lands, the spending decision has already been made.",3,1,0,4,Image,Compleat Software,https://www.linkedin.com/feed/update/urn:li:activity:7435320006290288640/,https://www.linkedin.com/company/compleat-software-ltd/posts/?feedView=all
Tungsten Automation,1,2026-09-16 09:36,"And the momentum continues from the APJ Partner Summit in Danang. This time, it's a collaboration with Fujifilm to expand our foothold in the FSI industry in Malaysia. Being on sta",0,0,0,0,Multi-image (3),Gladys Wong,https://www.linkedin.com/feed/update/urn:li:activity:7505922610958950401/,https://www.linkedin.com/company/tungstenautomation/posts/?feedView=all
Tungsten Automation,2,2026-09-15 13:14,"Full house at our London office this morning for our quarterly UKI AP/AR Breakfast Club. We covered the UK e-invoicing mandate, talked through where agentic AI is heading, and walk",0,0,0,0,Multi-image (2),Tungsten Automation,https://www.linkedin.com/feed/update/urn:li:activity:7505614949033943041/,https://www.linkedin.com/company/tungstenautomation/posts/?feedView=all
Tungsten Automation,3,2026-09-15 12:01,"In intelligence, the decisions with the greatest consequences are often made with the least margin for error.",1,0,2,3,Image,Tungsten Automation,https://www.linkedin.com/feed/update/urn:li:activity:7505596560710336513/,https://www.linkedin.com/company/tungstenautomation/posts/?feedView=all
Tungsten Automation,4,2026-09-15 11:34,"Another successful Public Sector Network Australia event in Brisbane with visionary leaders like Charlie Hamer, The Hon. Victor Dominello, Marco Fahmi & Nathan Bines that are drivi",0,0,0,0,Video,Dirk Kotzé,https://www.linkedin.com/feed/update/urn:li:activity:7505589779162390529/,https://www.linkedin.com/company/tungstenautomation/posts/?feedView=all
Tungsten Automation,5,2026-09-14 14:01,A Leader. Again!,54,0,15,69,Image,Tungsten Automation,https://www.linkedin.com/feed/update/urn:li:activity:7505264464016011264/,https://www.linkedin.com/company/tungstenautomation/posts/?feedView=all
Tungsten Automation,6,2026-09-14 08:47,"Most AP teams do the work twice. Approve the invoice in one system, then rebuild all that context somewhere else just to pay it. 💸",0,0,0,0,Image,Emily Nash-Walker,https://www.linkedin.com/feed/update/urn:li:activity:7505185475545059328/,https://www.linkedin.com/company/tungstenautomation/posts/?feedView=all
Tungsten Automation,7,2026-09-11 22:00,"Sydney Summit came and went — and if you were interstate, across the ditch in NZ, or just couldn't clear the calendar, you missed a room full of changemakers talking about what act",0,0,0,0,Multi-image (2),Tungsten Automation,https://www.linkedin.com/feed/update/urn:li:activity:7504297791293255681/,https://www.linkedin.com/company/tungstenautomation/posts/?feedView=all
Tungsten Automation,8,2026-09-11 16:16,"Most organizations believe they are progressing with AI. In reality, they are building AI debt on pilots that will never scale, as solid data foundations have not been put in place",2,0,1,3,Image,Tungsten Automation,https://www.linkedin.com/feed/update/urn:li:activity:7504211288563179520/,https://www.linkedin.com/company/tungstenautomation/posts/?feedView=all
Tungsten Automation,9,2026-09-11 15:50,"Tungsten Automation has again been named a Leader in the 2026 Gartner® Magic Quadrant™ for Intelligent Document Processing (IDP). A repeat recognition, in the second year Gartner h",108,2,30,140,Image,Tungsten Automation,https://www.linkedin.com/feed/update/urn:li:activity:7504204642948435969/,https://www.linkedin.com/company/tungstenautomation/posts/?feedView=all
Tungsten Automation,10,2026-09-10 16:15,WonderBotz and Tungsten Automation are Houston-bound 🤠 Join us next week at the CIO Houston Summit as we meet with tech leaders across the region.,0,0,0,0,Image,WonderBotz,https://www.linkedin.com/feed/update/urn:li:activity:7503848646539640832/,https://www.linkedin.com/company/tungstenautomation/posts/?feedView=all
Tungsten Automation,11,2026-09-10 16:15,Most finance teams will tell you they don't have an invoicing fraud problem. Analysts put it closer to a third of businesses. 🔍,0,0,0,0,Image,Emily Nash-Walker,https://www.linkedin.com/feed/update/urn:li:activity:7503848594731536384/,https://www.linkedin.com/company/tungstenautomation/posts/?feedView=all
Tungsten Automation,12,2026-09-10 15:00,"Teaching people to use AI was step one, nobody planned for step two. Learn more in this featured article: https://ow.ly/PttY50ZLYt8",2,0,2,4,Image,Tungsten Automation,https://www.linkedin.com/feed/update/urn:li:activity:7503829854593822720/,https://www.linkedin.com/company/tungstenautomation/posts/?feedView=all
Tungsten Automation,13,2026-09-10 10:54,"Great energy at the Public Sector Network Queensland Innovation Showcase today! Thanks for stopping by our booth, Neb H. (PSN) - its always good to connect.",0,0,0,0,Image,Gabrielle Wandl,https://www.linkedin.com/feed/update/urn:li:activity:7503767820896382977/,https://www.linkedin.com/company/tungstenautomation/posts/?feedView=all
Tungsten Automation,14,2026-09-10 10:35,"We spent two days having great conversations while attending and sponsoring the 8th Annual AI in Financial Services Conference in London, September 8-9.",0,0,0,0,Multi-image (2),Tungsten Automation,https://www.linkedin.com/feed/update/urn:li:activity:7503763165604818945/,https://www.linkedin.com/company/tungstenautomation/posts/?feedView=all
Tungsten Automation,15,2026-09-10 10:00,"95% of enterprise AI pilots never make it to production. In banking, the reason is almost always the same. Get the report 👉 https://ow.ly/sqHn50ZL9xf",0,0,1,1,Image,Tungsten Automation,https://www.linkedin.com/feed/update/urn:li:activity:7503754314537140224/,https://www.linkedin.com/company/tungstenautomation/posts/?feedView=all
Tungsten Automation,16,2026-09-09 12:01,"Your ex-employee left, their access didn’t.",3,0,1,4,Image,Tungsten Automation,https://www.linkedin.com/feed/update/urn:li:activity:7503422297622528001/,https://www.linkedin.com/company/tungstenautomation/posts/?feedView=all
Tungsten Automation,17,2026-09-09 10:00,See how Sudarshan Chemical went from managing compliance across multiple systems to 1: https://ow.ly/4rfs50ZJjhg 🔗,1,0,1,2,Image,Tungsten Automation,https://www.linkedin.com/feed/update/urn:li:activity:7503391877614960642/,https://www.linkedin.com/company/tungstenautomation/posts/?feedView=all
Tungsten Automation,18,2026-09-08 10:00,"Learn why most ""AI-ready"" enterprises aren't, and what closes the gap through our on demand webinars: https://ow.ly/wZ1Q50ZIfRY 🔗",6,0,5,11,Image,Tungsten Automation,https://www.linkedin.com/feed/update/urn:li:activity:7503029482354700288/,https://www.linkedin.com/company/tungstenautomation/posts/?feedView=all
Tungsten Automation,19,2026-09-07 09:00,"Join us on 17th September, 2026 at 10:00 AM UK time to learn how Tungsten Automation brings print and PDF fully into your Microsoft environment, backed by AI-powered automation end",5,0,1,6,Image,Tungsten Automation,https://www.linkedin.com/feed/update/urn:li:activity:7502651974396338176/,https://www.linkedin.com/company/tungstenautomation/posts/?feedView=all
Tungsten Automation,20,2026-09-04 10:00,Read Kate Bohn's featured article to learn why print is your biggest compliance blind spot: https://ow.ly/FVaO50ZIlGk,9,0,4,13,Image,Tungsten Automation,https://www.linkedin.com/feed/update/urn:li:activity:7501579963968471040/,https://www.linkedin.com/company/tungstenautomation/posts/?feedView=all
Tungsten Automation,21,2026-09-03 16:34,Ask a finance leader where their process breaks down and you'll usually hear the same answer: the handoffs. Between capture and approval. Between AP and AR. Between approval and pa,0,0,0,0,Image,Emily Nash-Walker,https://www.linkedin.com/feed/update/urn:li:activity:7501316652253437952/,https://www.linkedin.com/company/tungstenautomation/posts/?feedView=all
Tungsten Automation,22,2026-09-03 16:01,68% of trade professionals now call supply chain management their top strategic priority. Up from 35% a year ago. Learn why: https://ow.ly/n15o50ZIebJ,1,0,2,3,Image,Tungsten Automation,https://www.linkedin.com/feed/update/urn:li:activity:7501308307177984000/,https://www.linkedin.com/company/tungstenautomation/posts/?feedView=all
Tungsten Automation,23,2026-09-03 10:00,95% touchless invoice postings. That's not a Jungheinrich win. That's what happens when you stop trying to automate documents and start converting them into AI-ready data. Learn mo,0,0,0,0,Video,Tungsten Automation,https://www.linkedin.com/feed/update/urn:li:activity:7501217450865233920/,https://www.linkedin.com/company/tungstenautomation/posts/?feedView=all
Tungsten Automation,24,2026-09-02 15:34,"Two things happened this week that don't usually get mentioned in the same conversation, but probably should. The EU AI Act's deepfake disclosure requirements officially kicked in,",0,0,0,0,Text,Nick Hoppenjans,https://www.linkedin.com/feed/update/urn:li:activity:7500939202218377216/,https://www.linkedin.com/company/tungstenautomation/posts/?feedView=all
Tungsten Automation,25,2026-09-02 12:00,"Every invoice is a payment decision, which bank, which rail, which timing. Most ERPs don't make that choice. They just transmit a file.",7,0,4,11,Image,Tungsten Automation,https://www.linkedin.com/feed/update/urn:li:activity:7500885366745370624/,https://www.linkedin.com/company/tungstenautomation/posts/?feedView=all
Tungsten Automation,26,2026-09-02 10:00,Your paperwork is quietly costing you six figures. You just haven't found the leak yet. Find out where in 5 minutes: https://ow.ly/ufc750ZGCGA,6,0,2,8,Image,Tungsten Automation,https://www.linkedin.com/feed/update/urn:li:activity:7500855191886295043/,https://www.linkedin.com/company/tungstenautomation/posts/?feedView=all
Tungsten Automation,27,2026-09-01 12:01,Still tracking e-invoicing mandates by checking government sites once a quarter? That's the problem. Fix it here: https://lnkd.in/eSSYuPvN,5,0,5,10,Image,Tungsten Automation,https://www.linkedin.com/feed/update/urn:li:activity:7500523245176025088/,https://www.linkedin.com/company/tungstenautomation/posts/?feedView=all
Tungsten Automation,28,2026-09-01 10:39,Today is the day. France's e-invoicing mandate is live. 🇫🇷,0,0,0,0,Image,Emily Nash-Walker,https://www.linkedin.com/feed/update/urn:li:activity:7500502504699305985/,https://www.linkedin.com/company/tungstenautomation/posts/?feedView=all
Tungsten Automation,29,2026-09-01 10:02,"As the summer winds down and the kids go back to school, I'm reminded of those back-to-school first-week assignments, “What I did on my summer vacation.” 📝",0,0,0,0,Image,Emily Nash-Walker,https://www.linkedin.com/feed/update/urn:li:activity:7500493199141134336/,https://www.linkedin.com/company/tungstenautomation/posts/?feedView=all
Tungsten Automation,30,2026-09-01 08:00,"One navy warship generates 150 TB of sensor data a day. One day of Maxar imagery takes an analyst 85 years to review. Across 12 DCGS facilities, 97% of analyst time goes to just ge",14,0,5,19,Image,Tungsten Automation,https://www.linkedin.com/feed/update/urn:li:activity:7500462560664600576/,https://www.linkedin.com/company/tungstenautomation/posts/?feedView=all
Tungsten Automation,31,2026-08-31 17:36,"We had such a good conversation at PSN NSW, we're doing it again in Queensland! Tungsten Automation is facilitating PSN's roundtable, Service Experience 2.0: Redesigning Citizen Jo",0,0,0,0,Image,Gabrielle Wandl,https://www.linkedin.com/feed/update/urn:li:activity:7500245132038975488/,https://www.linkedin.com/company/tungstenautomation/posts/?feedView=all
Tungsten Automation,32,2026-08-31 10:00,Last chance to register to our upcoming webinar! https://ow.ly/Wb1k50ZtNaC,9,0,5,14,Image,Tungsten Automation,https://www.linkedin.com/feed/update/urn:li:activity:7500130332650807296/,https://www.linkedin.com/company/tungstenautomation/posts/?feedView=all
Tungsten Automation,33,2026-08-28 12:00,"Everyone's coaching executives on ""how to talk about AI."" Almost nobody's coaching them on what to check before that conversation happens. We built a framework for both, read it he",4,0,3,7,Image,Tungsten Automation,https://www.linkedin.com/feed/update/urn:li:activity:7499073495147147266/,https://www.linkedin.com/company/tungstenautomation/posts/?feedView=all
Tungsten Automation,34,2026-08-28 11:20,"Be part of CXOCIETY’s 7th Annual C-Engage Convention 2026 at Marina Bay Sands Singapore on 17 September 2026, and get a chance to meet Tungsten Automation! This event brings togeth",0,0,0,0,Image,FutureCIO,https://www.linkedin.com/feed/update/urn:li:activity:7499063407116017664/,https://www.linkedin.com/company/tungstenautomation/posts/?feedView=all
Tungsten Automation,35,2026-08-28 09:30,Most finance automation projects fail for the same reason: leadership fixes the reporting layer before fixing the workflow feeding it.,0,0,0,0,Video,Tungsten Automation,https://www.linkedin.com/feed/update/urn:li:activity:7499035554844499968/,https://www.linkedin.com/company/tungstenautomation/posts/?feedView=all
Tungsten Automation,36,2026-08-27 14:20,Société Générale Algérie reduced their onboarding time from 30 days to just 15 minutes using Tungsten's AI-powered solutions. How do you balance speed and compliance in your onboar,0,0,0,0,Poll,Tungsten Automation,https://www.linkedin.com/feed/update/urn:li:activity:7498746332287881217/,https://www.linkedin.com/company/tungstenautomation/posts/?feedView=all
Tungsten Automation,37,2026-08-27 12:00,163% productivity gains from AI adoption. Sounds incredible. Then why is your AI project underperforming?🤔 Because productivity gains don't come from the tool. They come from peop,12,0,3,15,Image,Tungsten Automation,https://www.linkedin.com/feed/update/urn:li:activity:7498711140126883841/,https://www.linkedin.com/company/tungstenautomation/posts/?feedView=all
Tungsten Automation,38,2026-08-27 07:15,ICYMI: Trusted AI starts long before the AI itself. 👀 Discover what it takes to build AI people can truly rely on in our latest newsletter. 👇,0,0,0,0,Text,Tungsten Automation,https://www.linkedin.com/feed/update/urn:li:activity:7498639219158937600/,https://www.linkedin.com/company/tungstenautomation/posts/?feedView=all
Tungsten Automation,39,2026-08-26 13:01,Why do generative AI and IDP now depend on each other? https://ow.ly/8C8250ZFxCl,7,0,10,17,Image,Tungsten Automation,https://www.linkedin.com/feed/update/urn:li:activity:7498363986439077888/,https://www.linkedin.com/company/tungstenautomation/posts/?feedView=all
Tungsten Automation,40,2026-08-26 10:15,IDP used to be about reading documents. Now it is about feeding enterprise AI.,0,0,0,0,Document/Carousel (PDF),Tungsten Automation,https://www.linkedin.com/feed/update/urn:li:activity:7498322181592985600/,https://www.linkedin.com/company/tungstenautomation/posts/?feedView=all
Tungsten Automation,41,2026-08-26 09:41,Heute sind wir mit #PowerPDF auf der #Connect2026 von #brackalltron unterwegs.,0,0,0,0,Image,Christian Dietl,https://www.linkedin.com/feed/update/urn:li:activity:7498313624784908288/,https://www.linkedin.com/company/tungstenautomation/posts/?feedView=all
Tungsten Automation,42,2026-08-25 16:10,Great time in Hyderabad last week! Lots of discussions on WonderBotz and Tungsten Automation offerings. Looking forward to the next one! 🙌🏻,0,0,0,0,Text,Riya Anand,https://www.linkedin.com/feed/update/urn:li:activity:7498049264850214913/,https://www.linkedin.com/company/tungstenautomation/posts/?feedView=all
Tungsten Automation,43,2026-08-25 16:10,eInvoicing is moving rapidly from finance-process improvement to regulatory necessity across EMEA.,0,0,0,0,Video,Kate B.,https://www.linkedin.com/feed/update/urn:li:activity:7498049194599915520/,https://www.linkedin.com/company/tungstenautomation/posts/?feedView=all
Tungsten Automation,44,2026-08-25 16:09,"Last week, WonderBotz and Tungsten Automation came together at the GCC & Shared Services Summit in Hyderabad to put Agentic AI in the spotlight.",0,0,0,0,Image,WonderBotz,https://www.linkedin.com/feed/update/urn:li:activity:7498048981151727616/,https://www.linkedin.com/company/tungstenautomation/posts/?feedView=all
Tungsten Automation,45,2026-08-25 09:00,Your AI initiative is about to hit a wall. Not because the technology isn't smart enough. Because the data feeding it needs someone to fix it. Learn more: https://ow.ly/TO7Q50ZEJCG,16,0,5,21,Image,Tungsten Automation,https://www.linkedin.com/feed/update/urn:li:activity:7497940957502386176/,https://www.linkedin.com/company/tungstenautomation/posts/?feedView=all
Tungsten Automation,46,2026-08-24 13:56,PDF is everywhere. But the opportunity goes far beyond licenses.,0,0,0,0,Image,TD SYNNEX Belgium & Luxembourg,https://www.linkedin.com/feed/update/urn:li:activity:7497653056269058049/,https://www.linkedin.com/company/tungstenautomation/posts/?feedView=all
Tungsten Automation,47,2026-08-24 10:00,⚠️ Tomorrow: The e-Invoice Compliance Updates You Can't Afford to Miss,11,0,4,15,Image,Tungsten Automation,https://www.linkedin.com/feed/update/urn:li:activity:7497593629692256256/,https://www.linkedin.com/company/tungstenautomation/posts/?feedView=all
Tungsten Automation,48,2026-08-24 08:15,"Your AI isn't broken, your documents are. Every enterprise chasing agentic AI right now has the same blind spot. They're benchmarking models while ignoring the invoices, contracts,",0,0,0,0,Article/Link,Tungsten Automation,https://www.linkedin.com/feed/update/urn:li:activity:7497567167916261376/,https://www.linkedin.com/company/tungstenautomation/posts/?feedView=all
Tungsten Automation,49,2026-08-21 15:01,"Most IDP projects stall because accuracy in production never matches the demo, and by then, you're months into a project that isn't delivering. Don't start from zero. Start from pr",5,0,3,8,Image,Tungsten Automation,https://www.linkedin.com/feed/update/urn:li:activity:7496582145834938369/,https://www.linkedin.com/company/tungstenautomation/posts/?feedView=all
Tungsten Automation,50,2026-08-21 13:58,I'm looking forward to being in Sacramento for the California Government Technology Summit on August 25!,0,0,0,0,Text,Jennifer McNeill,https://www.linkedin.com/feed/update/urn:li:activity:7496566505204027393/,https://www.linkedin.com/company/tungstenautomation/posts/?feedView=all
onPhase,1,2026-09-15 13:49,You can't fix what you can't see.,3,1,1,5,Image,onPhase,https://www.linkedin.com/feed/update/urn:li:activity:7505623713640259584/,https://www.linkedin.com/company/onphase/posts/?feedView=all
onPhase,2,2026-09-10 16:18,"More than 75% of U.S. organizations experienced attempted or actual payment fraud last year. Only 22% currently use AI in their fraud controls, according to IFOL.",1,0,0,1,Text,onPhase,https://www.linkedin.com/feed/update/urn:li:activity:7503849348430995457/,https://www.linkedin.com/company/onphase/posts/?feedView=all
onPhase,3,2026-09-09 14:57,"When invoices, contracts, approvals, and operational data live in different systems, it's difficult to make confident, timely decisions.",1,0,0,1,Text,onPhase,https://www.linkedin.com/feed/update/urn:li:activity:7503466567268012032/,https://www.linkedin.com/company/onphase/posts/?feedView=all
onPhase,4,2026-09-08 13:49,Profit isn’t only lost on the lot.,12,0,2,14,Image,onPhase,https://www.linkedin.com/feed/update/urn:li:activity:7503086998514118656/,https://www.linkedin.com/company/onphase/posts/?feedView=all
onPhase,5,2026-09-03 19:25,AI strategy is easy to talk about. Turning it into measurable business impact is where the real work begins.,9,0,1,10,Text,onPhase,https://www.linkedin.com/feed/update/urn:li:activity:7501359680674234368/,https://www.linkedin.com/company/onphase/posts/?feedView=all
onPhase,6,2026-09-02 13:49,Every invoice. Every approval. Every supplier flag.,6,1,1,8,Image,onPhase,https://www.linkedin.com/feed/update/urn:li:activity:7500912673333637120/,https://www.linkedin.com/company/onphase/posts/?feedView=all
onPhase,7,2026-08-26 13:07,It's official: onPhase is on the Inc. 5000 list...again! 🎉,0,0,0,0,Video,onPhase,https://www.linkedin.com/feed/update/urn:li:activity:7498365417640423425/,https://www.linkedin.com/company/onphase/posts/?feedView=all
onPhase,8,2026-08-25 13:49,"Ask a healthcare CFO where their HIPAA risk lives, and AP is almost never the answer.",5,1,2,8,Image,onPhase,https://www.linkedin.com/feed/update/urn:li:activity:7498013568370483200/,https://www.linkedin.com/company/onphase/posts/?feedView=all
onPhase,9,2026-08-20 13:49,Q4 is coming. Your AP team already knows.,0,0,0,0,Document/Carousel (PDF),onPhase,https://www.linkedin.com/feed/update/urn:li:activity:7496201629101375489/,https://www.linkedin.com/company/onphase/posts/?feedView=all
onPhase,10,2026-08-18 13:49,Our team has been on the road all year and we're just getting started!,0,0,0,0,Video,onPhase,https://www.linkedin.com/feed/update/urn:li:activity:7495476853881872384/,https://www.linkedin.com/company/onphase/posts/?feedView=all
onPhase,11,2026-08-13 13:49,Every dealership has that one process... You know the one.,13,0,1,14,Image,onPhase,https://www.linkedin.com/feed/update/urn:li:activity:7493664913970868224/,https://www.linkedin.com/company/onphase/posts/?feedView=all
onPhase,12,2026-08-12 19:39,We're officially Certified in Karmak's Alliance Program.,0,0,0,0,Image,onPhase,https://www.linkedin.com/feed/update/urn:li:activity:7493390772918964224/,https://www.linkedin.com/company/onphase/posts/?feedView=all
onPhase,13,2026-08-12 13:05,We're officially Certified in Karmak's Alliance Program.,74,5,16,95,Image,onPhase,https://www.linkedin.com/feed/update/urn:li:activity:7493291656604205056/,https://www.linkedin.com/company/onphase/posts/?feedView=all
onPhase,14,2026-08-11 20:48,"The Hackett Group found $1.7 trillion in excess working capital hiding among the 1,000 largest U.S. public companies.",0,0,0,0,Event,onPhase,https://www.linkedin.com/feed/update/urn:li:activity:7493045585298518016/,https://www.linkedin.com/company/onphase/posts/?feedView=all
onPhase,15,2026-08-06 13:49,"Microsoft Dynamics GP is losing support at the end of 2029, and ERP migration conversations are already happening across finance teams.",0,0,0,0,Document/Carousel (PDF),onPhase,https://www.linkedin.com/feed/update/urn:li:activity:7491128198966095872/,https://www.linkedin.com/company/onphase/posts/?feedView=all
onPhase,16,2026-08-04 13:49,"Month-end across multiple rooftops can turn into a scavenger hunt. An invoice stuck at another location, a payment still unconfirmed, a missing credit memo no one can find. Every l",6,0,0,6,Image,onPhase,https://www.linkedin.com/feed/update/urn:li:activity:7490403423180288000/,https://www.linkedin.com/company/onphase/posts/?feedView=all
onPhase,17,2026-08-03 17:38,Account Executive – B2B SaaS Sales   OnPhase   Rust Belt (MI/IN/OH/PA)   Drive New Business in Finance Automation,4,0,3,7,Article/Link,onPhase,https://www.linkedin.com/feed/update/urn:li:activity:7490098760102924288/,https://www.linkedin.com/company/onphase/posts/?feedView=all
onPhase,18,2026-08-03 15:52,"Hiring: Account Executive, Mid Atlantic Territory   OnPhase   B2B SaaS Sales, Finance, Consultative Selling, New Logo Growth",4,0,3,7,Article/Link,onPhase,https://www.linkedin.com/feed/update/urn:li:activity:7490072016600006656/,https://www.linkedin.com/company/onphase/posts/?feedView=all
onPhase,19,2026-07-30 13:49,"Moving from paper invoices to email. Expanding supplier portals. Automating workflows. These changes have transformed how AP operates, making finance teams faster, more connected,",0,0,0,0,Video,onPhase,https://www.linkedin.com/feed/update/urn:li:activity:7488591483885916161/,https://www.linkedin.com/company/onphase/posts/?feedView=all
onPhase,20,2026-07-28 13:49,Having AP automation and having a better AP process are two different things.,7,1,0,8,Image,onPhase,https://www.linkedin.com/feed/update/urn:li:activity:7487866708037308416/,https://www.linkedin.com/company/onphase/posts/?feedView=all
onPhase,21,2026-07-25 14:34,"Last week was a launch, in every sense of the word.",0,0,0,0,Multi-image (4),onPhase,https://www.linkedin.com/feed/update/urn:li:activity:7486790882701185024/,https://www.linkedin.com/company/onphase/posts/?feedView=all
onPhase,22,2026-07-23 15:15,"Last week was a launch, in every sense of the word.",0,0,0,0,Multi-image (4),onPhase,https://www.linkedin.com/feed/update/urn:li:activity:7486076411406073856/,https://www.linkedin.com/company/onphase/posts/?feedView=all
onPhase,23,2026-07-22 13:49,Another customer review that made our day.,5,0,0,5,Image,onPhase,https://www.linkedin.com/feed/update/urn:li:activity:7485692381359628288/,https://www.linkedin.com/company/onphase/posts/?feedView=all
onPhase,24,2026-07-16 13:49,"As AI becomes a bigger part of finance, one thing remains clear: automation without visibility creates new risks.",11,0,0,11,Image,onPhase,https://www.linkedin.com/feed/update/urn:li:activity:7483518053746577409/,https://www.linkedin.com/company/onphase/posts/?feedView=all
onPhase,25,2026-07-15 13:49,Your suppliers are keeping score.,7,1,0,8,Image,onPhase,https://www.linkedin.com/feed/update/urn:li:activity:7483155665910304769/,https://www.linkedin.com/company/onphase/posts/?feedView=all
onPhase,26,2026-07-14 14:30,"Payment fraud isn't always caused by one major event. More often, it's the result of small control gaps that build up over time.",5,0,0,5,Image,onPhase,https://www.linkedin.com/feed/update/urn:li:activity:7482803622032936960/,https://www.linkedin.com/company/onphase/posts/?feedView=all
onPhase,27,2026-07-09 13:49,"""Start with the end in mind.""",0,0,0,0,Video,onPhase,https://www.linkedin.com/feed/update/urn:li:activity:7480981338637045760/,https://www.linkedin.com/company/onphase/posts/?feedView=all
onPhase,28,2026-07-07 21:13,"Excited for #PSC2026 this September in San Diego! As a strategic partner of Procede, we can't wait to reconnect with the dealers and OEMs who make this community what it is. See yo",13,0,0,13,Text,onPhase,https://www.linkedin.com/feed/update/urn:li:activity:7480368497747804160/,https://www.linkedin.com/company/onphase/posts/?feedView=all
onPhase,29,2026-07-07 13:49,Counterintuitive take: your manual processes might be your biggest control risk.,9,1,0,10,Image,onPhase,https://www.linkedin.com/feed/update/urn:li:activity:7480256562960347136/,https://www.linkedin.com/company/onphase/posts/?feedView=all
onPhase,30,2026-07-02 19:07,onPhase is Hiring: Principal Data Engineer — Shape Our AI Research Direction   High-Impact Document AI,14,0,9,23,Article/Link,onPhase,https://www.linkedin.com/feed/update/urn:li:activity:7478524681365659650/,https://www.linkedin.com/company/onphase/posts/?feedView=all
onPhase,31,2026-07-02 13:49,Floor plan interest does not pause while your invoices wait for approval.,5,1,2,8,Image,onPhase,https://www.linkedin.com/feed/update/urn:li:activity:7478444623808499712/,https://www.linkedin.com/company/onphase/posts/?feedView=all
onPhase,32,2026-07-01 16:25,"On July 14, we are teaming up with Procede Software to show dealer groups what integrated AP and payments actually look like in practice. Six years of building together, and we're",0,0,0,0,Event,onPhase,https://www.linkedin.com/feed/update/urn:li:activity:7478121513691377665/,https://www.linkedin.com/company/onphase/posts/?feedView=all
onPhase,33,2026-06-30 12:16,"We're excited to announce our strategic partnership with TransferMate Global Payments, the world's largest regulated fintech payments infrastructure, bringing cross-border payment",65,1,12,78,Image,onPhase,https://www.linkedin.com/feed/update/urn:li:activity:7477696604842647552/,https://www.linkedin.com/company/onphase/posts/?feedView=all
onPhase,34,2026-06-23 13:49,Most cash flow problems aren't cash flow problems.,0,0,0,0,Document/Carousel (PDF),onPhase,https://www.linkedin.com/feed/update/urn:li:activity:7475183132762206209/,https://www.linkedin.com/company/onphase/posts/?feedView=all
onPhase,35,2026-06-18 15:45,"""At the six month mark, I could finally breathe each day."" — Ashley Felts, AP Specialist",0,0,0,0,Video,onPhase,https://www.linkedin.com/feed/update/urn:li:activity:7473400397852975104/,https://www.linkedin.com/company/onphase/posts/?feedView=all
onPhase,36,2026-06-17 13:49,The best dealership finance teams right now aren't waiting for the market to stabilize. They're building the kind of AP and payment control that holds up regardless of what the mar,0,0,0,0,Document/Carousel (PDF),onPhase,https://www.linkedin.com/feed/update/urn:li:activity:7473008805664993281/,https://www.linkedin.com/company/onphase/posts/?feedView=all
onPhase,37,2026-06-16 13:49,Happy National AP Day! 🎉,24,0,0,24,Image,onPhase,https://www.linkedin.com/feed/update/urn:li:activity:7472646413659758592/,https://www.linkedin.com/company/onphase/posts/?feedView=all
onPhase,38,2026-06-15 13:49,"Summer vacation season is officially here. ✈️ For AP teams without automation, that usually means:",8,0,0,8,Image,onPhase,https://www.linkedin.com/feed/update/urn:li:activity:7472284029912965121/,https://www.linkedin.com/company/onphase/posts/?feedView=all
onPhase,39,2026-06-10 18:52,Join onPhase as an Implementation Consultant   AP Automation   ERP Integrations   Make a Real Client Impact,8,0,5,13,Article/Link,onPhase,https://www.linkedin.com/feed/update/urn:li:activity:7470548439588704256/,https://www.linkedin.com/company/onphase/posts/?feedView=all
onPhase,40,2026-06-10 13:49,Hot take: your inbox is not an approval system.,10,1,1,12,Image,onPhase,https://www.linkedin.com/feed/update/urn:li:activity:7470472090609987585/,https://www.linkedin.com/company/onphase/posts/?feedView=all
onPhase,41,2026-06-05 13:49,The biggest challenge finance teams are facing right now isn’t just change it’s the speed of change.,0,0,0,0,Video,onPhase,https://www.linkedin.com/feed/update/urn:li:activity:7468660151177211905/,https://www.linkedin.com/company/onphase/posts/?feedView=all
onPhase,42,2026-06-03 13:49,Audit season doesn't knock. It just walks in.,0,0,0,0,Document/Carousel (PDF),onPhase,https://www.linkedin.com/feed/update/urn:li:activity:7467935375597027328/,https://www.linkedin.com/company/onphase/posts/?feedView=all
onPhase,43,2026-06-01 13:49,Fraud rarely happens in isolation. It happens when pressure meets opportunity.,10,1,2,13,Image,onPhase,https://www.linkedin.com/feed/update/urn:li:activity:7467210599731445760/,https://www.linkedin.com/company/onphase/posts/?feedView=all
onPhase,44,2026-05-28 18:52,What does getting time back actually look like in finance?,0,0,0,0,Video,onPhase,https://www.linkedin.com/feed/update/urn:li:activity:7465837492169019393/,https://www.linkedin.com/company/onphase/posts/?feedView=all
onPhase,45,2026-05-26 13:55,"Most finance teams aren't flying blind. They're flying with partial visibility. And in 2026, that gap is where the risk lives.",6,0,0,6,Text,onPhase,https://www.linkedin.com/feed/update/urn:li:activity:7465037944483999744/,https://www.linkedin.com/company/onphase/posts/?feedView=all
onPhase,46,2026-05-22 18:00,This is exactly why we do what we do.,8,0,0,8,Text,onPhase,https://www.linkedin.com/feed/update/urn:li:activity:7463649959687553024/,https://www.linkedin.com/company/onphase/posts/?feedView=all
onPhase,47,2026-05-21 13:49,One of the most common ways to expose AP bottlenecks?,0,0,0,0,Video,onPhase,https://www.linkedin.com/feed/update/urn:li:activity:7463224333193338880/,https://www.linkedin.com/company/onphase/posts/?feedView=all
onPhase,48,2026-05-19 14:49,"For auto dealerships, the ROI conversation has shifted from long-term calculation to daily urgency.",8,1,0,9,Image,onPhase,https://www.linkedin.com/feed/update/urn:li:activity:7462514656985812992/,https://www.linkedin.com/company/onphase/posts/?feedView=all
onPhase,49,2026-05-18 19:50,onPhase is proud to join the Associated Equipment Distributors community. We're looking forward to continuing to connect with equipment dealers and help streamline the financial pr,12,0,0,12,Text,onPhase,https://www.linkedin.com/feed/update/urn:li:activity:7462228114417463297/,https://www.linkedin.com/company/onphase/posts/?feedView=all
onPhase,50,2026-05-16 12:09,onPhase is Hiring a CSM Who Connects AP Automation to Real Business Outcomes   Value-First · Retention · Growth   Finance SaaS · AP Automation,12,3,5,20,Article/Link,onPhase,https://www.linkedin.com/feed/update/urn:li:activity:7461387459831074816/,https://www.linkedin.com/company/onphase/posts/?feedView=all
MineralTree,1,2026-09-15 16:15,"Looking to streamline and scale your AP process in QuickBooks? Join Erik Hedstrom, Account Executive at MineralTree, for a Lunch & Learn to see how MineralTree's TotalAP helps fina",3,0,0,3,Image,"MineralTree, Inc.",https://www.linkedin.com/feed/update/urn:li:activity:7505660675940249600/,https://www.linkedin.com/company/mineraltree-inc-/posts/?feedView=all
MineralTree,2,2026-09-14 16:30,"Happening TOMORROW! Join Jordan de Groot, Head of Sales at MineralTree, for a closer look at Vendor Payments powered by MineralTree, a powerful new solution built directly into Sag",6,0,2,8,Image,"MineralTree, Inc.",https://www.linkedin.com/feed/update/urn:li:activity:7505302046221361153/,https://www.linkedin.com/company/mineraltree-inc-/posts/?feedView=all
MineralTree,3,2026-09-10 13:25,"Paying suppliers on time doesn't necessarily mean your payment strategy is performing. A payment can go out on time and still cost too much, require too much manual work, or leave",4,0,3,7,Image,"MineralTree, Inc.",https://www.linkedin.com/feed/update/urn:li:activity:7503805947169910784/,https://www.linkedin.com/company/mineraltree-inc-/posts/?feedView=all
MineralTree,4,2026-09-09 14:10,Processing a high volume of invoices is hard enough without duplicate information creating headaches.,4,0,1,5,Image,"MineralTree, Inc.",https://www.linkedin.com/feed/update/urn:li:activity:7503454832024817664/,https://www.linkedin.com/company/mineraltree-inc-/posts/?feedView=all
MineralTree,5,2026-09-08 13:33,"Paying vendors shouldn't require a patchwork of separate logins, manual uploads, and disconnected tools.",4,0,2,6,Image,"MineralTree, Inc.",https://www.linkedin.com/feed/update/urn:li:activity:7503083129134268416/,https://www.linkedin.com/company/mineraltree-inc-/posts/?feedView=all
MineralTree,6,2026-09-07 16:30,What does it actually cost to pay your suppliers?,6,0,5,11,Image,"MineralTree, Inc.",https://www.linkedin.com/feed/update/urn:li:activity:7502765285540573185/,https://www.linkedin.com/company/mineraltree-inc-/posts/?feedView=all
MineralTree,7,2026-09-03 13:41,What could your finance team do with 6-10 hours back each week?,7,0,2,9,Image,"MineralTree, Inc.",https://www.linkedin.com/feed/update/urn:li:activity:7501273223569821696/,https://www.linkedin.com/company/mineraltree-inc-/posts/?feedView=all
MineralTree,8,2026-09-01 18:00,"You automated AP, but are you getting as much value from it as you should be?",8,0,3,11,Image,"MineralTree, Inc.",https://www.linkedin.com/feed/update/urn:li:activity:7500613460414779392/,https://www.linkedin.com/company/mineraltree-inc-/posts/?feedView=all
MineralTree,9,2026-08-31 16:00,"Supplier payments aren't just the last step in the AP process. Decisions around how and when suppliers are paid can impact costs, cash flow, working capital, and even potential dis",4,0,2,6,Image,"MineralTree, Inc.",https://www.linkedin.com/feed/update/urn:li:activity:7500221057606365187/,https://www.linkedin.com/company/mineraltree-inc-/posts/?feedView=all
MineralTree,10,2026-08-27 15:00,"Invoice processing can eat up a lot of time when teams are manually entering data, routing approvals, and tracking down invoices.",4,0,3,7,Image,"MineralTree, Inc.",https://www.linkedin.com/feed/update/urn:li:activity:7498756416204345345/,https://www.linkedin.com/company/mineraltree-inc-/posts/?feedView=all
MineralTree,11,2026-08-26 13:25,Moving away from paper checks can make a big difference in the day-to-day.,5,2,1,8,Image,"MineralTree, Inc.",https://www.linkedin.com/feed/update/urn:li:activity:7498370043676905473/,https://www.linkedin.com/company/mineraltree-inc-/posts/?feedView=all
MineralTree,12,2026-08-25 18:00,What can a more efficient AP process give your finance team back?,4,0,1,5,Article/Link,"MineralTree, Inc.",https://www.linkedin.com/feed/update/urn:li:activity:7498076740028850176/,https://www.linkedin.com/company/mineraltree-inc-/posts/?feedView=all
MineralTree,13,2026-08-24 16:45,"Working capital isn't just about keeping more cash on hand. Your payment strategy plays a role, too.",4,0,2,6,Image,"MineralTree, Inc.",https://www.linkedin.com/feed/update/urn:li:activity:7497695488423669760/,https://www.linkedin.com/company/mineraltree-inc-/posts/?feedView=all
MineralTree,14,2026-08-20 15:49,"There are still a lot of misconceptions about B2B virtual cards, from supplier acceptance and security to cost and complexity.",4,0,2,6,Image,"MineralTree, Inc.",https://www.linkedin.com/feed/update/urn:li:activity:7496231916988153856/,https://www.linkedin.com/company/mineraltree-inc-/posts/?feedView=all
MineralTree,15,2026-08-19 14:55,"""Virtual card is one of the fastest, easiest ways for our suppliers to get paid.""",15,2,4,21,Image,"MineralTree, Inc.",https://www.linkedin.com/feed/update/urn:li:activity:7495855935190421504/,https://www.linkedin.com/company/mineraltree-inc-/posts/?feedView=all
MineralTree,16,2026-08-18 16:17,"Check out the most common electronic supplier payment methods, the benefits for AP teams, and what to consider when choosing the right approach for your business in this blog: http",7,0,2,9,Image,"MineralTree, Inc.",https://www.linkedin.com/feed/update/urn:li:activity:7495514343174758400/,https://www.linkedin.com/company/mineraltree-inc-/posts/?feedView=all
MineralTree,17,2026-08-17 17:30,"Implementing AP automation that delivers real results takes more than selecting software. It’s about strategy, process, and execution and ensuring you’re starting with the right fo",3,0,0,3,Article/Link,"MineralTree, Inc.",https://www.linkedin.com/feed/update/urn:li:activity:7495170105169825792/,https://www.linkedin.com/company/mineraltree-inc-/posts/?feedView=all
MineralTree,18,2026-08-13 16:00,"AP automation in your ERP system can improve invoice processing and approvals, but many finance teams still rely on separate tools to manage payments. The result is more systems to",3,0,1,4,Image,"MineralTree, Inc.",https://www.linkedin.com/feed/update/urn:li:activity:7493697984770035712/,https://www.linkedin.com/company/mineraltree-inc-/posts/?feedView=all
MineralTree,19,2026-08-12 17:30,"Growth can expose the limits of manual AP processes. This healthcare practice management company, which supports dozens of practices across 35+ legal entities, implemented MineralT",3,0,1,4,Article/Link,"MineralTree, Inc.",https://www.linkedin.com/feed/update/urn:li:activity:7493358176541700096/,https://www.linkedin.com/company/mineraltree-inc-/posts/?feedView=all
MineralTree,20,2026-08-11 13:00,"Jordan de Groot, Head of Sales, is live today at 1pm ET! Jordan will cover how Vendor Payments powered by MineralTree helps finance teams manage payments directly within Sage Intac",22,0,1,23,Image,"MineralTree, Inc.",https://www.linkedin.com/feed/update/urn:li:activity:7492927999810392065/,https://www.linkedin.com/company/mineraltree-inc-/posts/?feedView=all
MineralTree,21,2026-08-10 17:30,"There's still time to register for the Lunch & Learn taking place tomorrow, August 11 at 1pm ET.",6,0,0,6,Image,"MineralTree, Inc.",https://www.linkedin.com/feed/update/urn:li:activity:7492633508977254400/,https://www.linkedin.com/company/mineraltree-inc-/posts/?feedView=all
MineralTree,22,2026-08-06 13:54,"Paytronix turned manual AP processes into a revenue-generating powerhouse by adding MineralTree to their tech stack. Learn how the team eliminated tedious, manual AP work and trans",12,0,2,14,Image,"MineralTree, Inc.",https://www.linkedin.com/feed/update/urn:li:activity:7491129677730729984/,https://www.linkedin.com/company/mineraltree-inc-/posts/?feedView=all
MineralTree,23,2026-08-05 18:00,Uncover the hidden operational challenges that remain after invoice approval and what it takes to unlock the full value of AP modernization in the newest eBook: https://lnkd.in/gJ-,6,0,2,8,Image,"MineralTree, Inc.",https://www.linkedin.com/feed/update/urn:li:activity:7490828983333482496/,https://www.linkedin.com/company/mineraltree-inc-/posts/?feedView=all
MineralTree,24,2026-08-04 17:00,"Still juggling logins, syncing delays, disconnected tools, and additional bank accounts just to pay your vendors?",10,0,5,15,Image,"MineralTree, Inc.",https://www.linkedin.com/feed/update/urn:li:activity:7490451508543627265/,https://www.linkedin.com/company/mineraltree-inc-/posts/?feedView=all
MineralTree,25,2026-08-03 17:30,Still paying suppliers by check?,3,0,1,4,Image,"MineralTree, Inc.",https://www.linkedin.com/feed/update/urn:li:activity:7490096652863590401/,https://www.linkedin.com/company/mineraltree-inc-/posts/?feedView=all
MineralTree,26,2026-07-30 20:02,Did you know that leading finance teams are modernizing AP by extending their ERP with automation instead of replacing it? This eBook goes into more detail: https://lnkd.in/gwghYhV,2,0,1,3,Article/Link,"MineralTree, Inc.",https://www.linkedin.com/feed/update/urn:li:activity:7488685536971354112/,https://www.linkedin.com/company/mineraltree-inc-/posts/?feedView=all
MineralTree,27,2026-07-29 17:33,"Many businesses have separate systems for invoicing processing and approval versus payment execution and reconciliation, which can create a disconnect in the end-to-end process and",3,0,1,4,Article/Link,"MineralTree, Inc.",https://www.linkedin.com/feed/update/urn:li:activity:7488285529042509824/,https://www.linkedin.com/company/mineraltree-inc-/posts/?feedView=all
MineralTree,28,2026-07-28 18:00,Still relying on manual AP processes? You’re not alone—66% of teams are still keying in invoice data by hand.,8,0,3,11,Image,"MineralTree, Inc.",https://www.linkedin.com/feed/update/urn:li:activity:7487929876021137408/,https://www.linkedin.com/company/mineraltree-inc-/posts/?feedView=all
MineralTree,29,2026-07-27 18:30,"Wondering what benefits you'll gain by automating AP with MineralTree? Branson Johnson, senior implementation manager, goes over it in this video.",0,0,0,0,Text,"MineralTree, Inc.",https://www.linkedin.com/feed/update/urn:li:activity:7487575050724757504/,https://www.linkedin.com/company/mineraltree-inc-/posts/?feedView=all
MineralTree,30,2026-07-23 13:11,"Many organizations believe they’ve modernized AP because invoice processing is automated. But payment execution, supplier management, reconciliation, and payment optimization remai",0,0,0,0,Video,"MineralTree, Inc.",https://www.linkedin.com/feed/update/urn:li:activity:7486045204484067328/,https://www.linkedin.com/company/mineraltree-inc-/posts/?feedView=all
MineralTree,31,2026-07-22 19:30,"REMINDER! The AP Automation for QuickBooks Lunch & Learn is tomorrow, July 23 at 1pm ET.",4,0,0,4,Image,"MineralTree, Inc.",https://www.linkedin.com/feed/update/urn:li:activity:7485778208244736000/,https://www.linkedin.com/company/mineraltree-inc-/posts/?feedView=all
MineralTree,32,2026-07-21 17:30,"Modernizing AP isn’t just about invoices, approvals, and workflows—how you pay vendors is just as important. Your payment mix (checks, ACH, wire, card, bank transfers) can either s",3,0,2,5,Article/Link,"MineralTree, Inc.",https://www.linkedin.com/feed/update/urn:li:activity:7485385610929778688/,https://www.linkedin.com/company/mineraltree-inc-/posts/?feedView=all
MineralTree,33,2026-07-20 14:02,Looking to streamline and scale your AP process in QuickBooks?,2,0,3,5,Image,"MineralTree, Inc.",https://www.linkedin.com/feed/update/urn:li:activity:7484971000988737536/,https://www.linkedin.com/company/mineraltree-inc-/posts/?feedView=all
MineralTree,34,2026-07-16 19:45,"Is your ERP actually the problem, or is the problem the workflows around it? Most AP challenges come down to disconnected processes, not a broken system. Replacing your ERP is a bi",6,0,2,8,Article/Link,"MineralTree, Inc.",https://www.linkedin.com/feed/update/urn:li:activity:7483607644734386176/,https://www.linkedin.com/company/mineraltree-inc-/posts/?feedView=all
MineralTree,35,2026-07-15 14:30,"Modernizing supplier payments isn't just about changing payment methods. It's about creating a connected workflow that brings greater visibility, control, and efficiency to the pay",4,0,2,6,Article/Link,"MineralTree, Inc.",https://www.linkedin.com/feed/update/urn:li:activity:7483166036104597505/,https://www.linkedin.com/company/mineraltree-inc-/posts/?feedView=all
MineralTree,36,2026-07-14 17:45,AP automation doesn’t fail because of technology—it stalls because of approach. This blog takes a closer look at how to avoid common implementation pitfalls: https://lnkd.in/ezUncD,5,0,1,6,Article/Link,"MineralTree, Inc.",https://www.linkedin.com/feed/update/urn:li:activity:7482852673244000256/,https://www.linkedin.com/company/mineraltree-inc-/posts/?feedView=all
MineralTree,37,2026-07-13 18:00,Accounts payable shouldn’t be stuck in the background as a cost center.,3,0,2,5,Article/Link,"MineralTree, Inc.",https://www.linkedin.com/feed/update/urn:li:activity:7482494084373168128/,https://www.linkedin.com/company/mineraltree-inc-/posts/?feedView=all
MineralTree,38,2026-07-09 19:15,"Modernizing AP doesn't have to mean replacing your ERP. Manual workflows, slow payments, and limited visibility continue to hold teams back. This eBook explores a faster, lower-ris",6,0,3,9,Article/Link,"MineralTree, Inc.",https://www.linkedin.com/feed/update/urn:li:activity:7481063380917604352/,https://www.linkedin.com/company/mineraltree-inc-/posts/?feedView=all
MineralTree,39,2026-07-08 17:30,"Payments shouldn’t be a bottleneck, but for this global SaaS company, they were. With Sage Vendor Payments powered by MineralTree, everything changed. What used to be a weekly pain",3,0,1,4,Article/Link,"MineralTree, Inc.",https://www.linkedin.com/feed/update/urn:li:activity:7480674583864516609/,https://www.linkedin.com/company/mineraltree-inc-/posts/?feedView=all
MineralTree,40,2026-07-06 20:30,Learn how you can extend your AP workflow with embedded payments in this infographic: https://lnkd.in/gJkXtcnZ,7,0,4,11,Image,"MineralTree, Inc.",https://www.linkedin.com/feed/update/urn:li:activity:7479995091688779777/,https://www.linkedin.com/company/mineraltree-inc-/posts/?feedView=all
MineralTree,41,2026-07-04 11:00,Wishing you all a safe and happy Fourth of July from all of us at MineralTree! 🇺🇸,2,0,0,2,Text,"MineralTree, Inc.",https://www.linkedin.com/feed/update/urn:li:activity:7479126885466124289/,https://www.linkedin.com/company/mineraltree-inc-/posts/?feedView=all
MineralTree,42,2026-07-02 16:28,"Implementing AP automation isn't just about choosing the software. It’s about strategy, process, and execution and ensuring you’re starting with the right foundation.",5,0,1,6,Image,"MineralTree, Inc.",https://www.linkedin.com/feed/update/urn:li:activity:7478484666673418240/,https://www.linkedin.com/company/mineraltree-inc-/posts/?feedView=all
MineralTree,43,2026-07-01 16:19,"“Before MineralTree, the company had five people focused entirely on AP, including one whose entire job was organizing thousands of physical invoices received, and moving invoices",5,0,1,6,Article/Link,"MineralTree, Inc.",https://www.linkedin.com/feed/update/urn:li:activity:7478119985270136832/,https://www.linkedin.com/company/mineraltree-inc-/posts/?feedView=all
MineralTree,44,2026-06-29 14:15,⏱️ TOMORROW: Learn how to modernize AP without replacing your ERP.,5,0,1,6,Image,"MineralTree, Inc.",https://www.linkedin.com/feed/update/urn:li:activity:7477364008384135168/,https://www.linkedin.com/company/mineraltree-inc-/posts/?feedView=all
MineralTree,45,2026-06-25 14:30,"AP automation can help streamline invoice processing, but payments are often still managed somewhere else. That means exporting files, logging into separate systems, tracking down",8,0,8,16,Image,"MineralTree, Inc.",https://www.linkedin.com/feed/update/urn:li:activity:7475918265601454080/,https://www.linkedin.com/company/mineraltree-inc-/posts/?feedView=all
MineralTree,46,2026-06-24 16:15,Thinking about replacing your ERP to improve AP?,3,0,0,3,Image,"MineralTree, Inc.",https://www.linkedin.com/feed/update/urn:li:activity:7475582267172622337/,https://www.linkedin.com/company/mineraltree-inc-/posts/?feedView=all
MineralTree,47,2026-06-23 19:23,"Automation can transform your AP processes in many ways, including:",6,0,2,8,Article/Link,"MineralTree, Inc.",https://www.linkedin.com/feed/update/urn:li:activity:7475267271083323392/,https://www.linkedin.com/company/mineraltree-inc-/posts/?feedView=all
MineralTree,48,2026-06-22 15:00,"Manual AP processes don't just create extra work, they can impact cash flow visibility, supplier relationships, scalability, and operating costs.",5,0,2,7,Image,"MineralTree, Inc.",https://www.linkedin.com/feed/update/urn:li:activity:7474838815665250304/,https://www.linkedin.com/company/mineraltree-inc-/posts/?feedView=all
MineralTree,49,2026-06-18 15:07,"Many organizations have automated invoice processing, but payment execution often remains disconnected from the rest of the AP workflow.",8,0,4,12,Image,"MineralTree, Inc.",https://www.linkedin.com/feed/update/urn:li:activity:7473391036699172866/,https://www.linkedin.com/company/mineraltree-inc-/posts/?feedView=all
MineralTree,50,2026-06-17 18:00,"When AP processes break down, the ERP often gets blamed. But many bottlenecks happen outside of the ERP itself, in disconnected payment workflows, manual reconciliation, and fragme",9,2,2,13,Image,"MineralTree, Inc.",https://www.linkedin.com/feed/update/urn:li:activity:7473071976236908544/,https://www.linkedin.com/company/mineraltree-inc-/posts/?feedView=all
Dime Software,1,2026-09-16 08:12,"Big changes are coming to Dime.Scheduler, and we’re taking things to a whole new level. Join Hendrik Bulens at Directions EMEA on October 27 at 12:15 PM for an exclusive preview of",4,1,0,5,Image,Dime Software,https://www.linkedin.com/feed/update/urn:li:activity:7505901427463155712/,https://www.linkedin.com/company/dimesoftware/posts/?feedView=all
Dime Software,2,2026-05-27 07:36,🚀 Webinar alert: What's new in 𝐃𝐢𝐦𝐞.𝐒𝐜𝐡𝐞𝐝𝐮𝐥𝐞𝐫,4,0,0,4,Image,Dime Software,https://www.linkedin.com/feed/update/urn:li:activity:7465304885429796864/,https://www.linkedin.com/company/dimesoftware/posts/?feedView=all
Dime Software,3,2026-05-19 08:13,"The latest updates to Dime.Scheduler bring a range of great new capabilities and improvements, and I’ll be walking through them in our upcoming webinar:",0,0,0,0,Image,Hendrik Bulens,https://www.linkedin.com/feed/update/urn:li:activity:7462415118987857920/,https://www.linkedin.com/company/dimesoftware/posts/?feedView=all
Dime Software,4,2026-05-13 07:29,"🚀 A new version of 𝐃𝐢𝐦𝐞.𝐒𝐜𝐡𝐞𝐝𝐮𝐥𝐞𝐫 is out now! Discover the latest improvements, performance enhancements, and new innovations designed to make scheduling in Microsoft",17,0,2,19,Image,Dime Software,https://www.linkedin.com/feed/update/urn:li:activity:7460229664289112064/,https://www.linkedin.com/company/dimesoftware/posts/?feedView=all
Dime Software,5,2026-02-24 10:20,🚀 New sandbox update for 𝐃𝐢𝐦𝐞.𝐒𝐜𝐡𝐞𝐝𝐮𝐥𝐞𝐫,16,4,1,21,Image,Dime Software,https://www.linkedin.com/feed/update/urn:li:activity:7432006461666471937/,https://www.linkedin.com/company/dimesoftware/posts/?feedView=all
Dime Software,6,2025-12-19 08:14,"As the year comes to a close, we would like to thank everyone who has been part of our journey this year. We wish our customers and partners a relaxing holiday season and look forw",13,3,1,17,Image,Dime Software,https://www.linkedin.com/feed/update/urn:li:activity:7407694867532894208/,https://www.linkedin.com/company/dimesoftware/posts/?feedView=all
Dime Software,7,2025-11-07 07:37,🎬 That’s a wrap for Directions #EMEA2025!,0,0,0,0,Multi-image (4),Dime Software,https://www.linkedin.com/feed/update/urn:li:activity:7392465089825615873/,https://www.linkedin.com/company/dimesoftware/posts/?feedView=all
Dime Software,8,2025-11-06 06:45,"Great to see so many partners stopping by our booth, joining our session, and showing off their best dance moves at the Directions #EMEA2025 party! Day 3 is about to kick off, and",0,0,0,0,Multi-image (4),Dime Software,https://www.linkedin.com/feed/update/urn:li:activity:7392089686221066240/,https://www.linkedin.com/company/dimesoftware/posts/?feedView=all
Dime Software,9,2025-11-05 06:48,It’s day 2 at Directions #EMEA2025! Join Hendrik Bulens at 12:15 to see Dime.Scheduler in action and discover what’s coming next.,0,0,0,0,Multi-image (3),Dime Software,https://www.linkedin.com/feed/update/urn:li:activity:7391728177816944641/,https://www.linkedin.com/company/dimesoftware/posts/?feedView=all
Dime Software,10,2025-11-04 08:09,Early morning shenanigans at our booth on day 1 of Directions #EMEA2025. We’re all set for three days of catching up with familiar faces and meeting new partners along the way!,23,0,0,23,Image,Dime Software,https://www.linkedin.com/feed/update/urn:li:activity:7391385991522963456/,https://www.linkedin.com/company/dimesoftware/posts/?feedView=all
Dime Software,11,2025-11-03 12:13,Hello from beautiful Poznań! We’re all set for Directions #EMEA2025 and can’t wait for our action-packed session this Wednesday at 12:15!,0,0,0,0,Multi-image (3),Dime Software,https://www.linkedin.com/feed/update/urn:li:activity:7391085002416963584/,https://www.linkedin.com/company/dimesoftware/posts/?feedView=all
Dime Software,12,2025-10-21 13:03,Mark your calendars - this is going to be a good one! #EMEA2025,2,0,0,2,Text,Dime Software,https://www.linkedin.com/feed/update/urn:li:activity:7386386531680399360/,https://www.linkedin.com/company/dimesoftware/posts/?feedView=all
Dime Software,13,2025-10-13 07:44,"Integration comes first in Dime.Scheduler, not as an afterthought. That’s what makes it so flexible and powerful.",0,0,0,0,Document/Carousel (PDF),Dime Software,https://www.linkedin.com/feed/update/urn:li:activity:7383407152780050432/,https://www.linkedin.com/company/dimesoftware/posts/?feedView=all
Dime Software,14,2025-10-06 08:01,"It’s already been a couple of weeks since our webinar with Bertalan Nagy from MultiSoft Ltd., where we explored field service management in Business Central using 𝐒𝐞𝐫𝐯𝐨𝐭𝐢𝐨",3,0,0,3,Article/Link,Dime Software,https://www.linkedin.com/feed/update/urn:li:activity:7380874844252434432/,https://www.linkedin.com/company/dimesoftware/posts/?feedView=all
Dime Software,15,2025-09-29 09:44,"Today we welcome a new member to the Dime.Scheduler team. A robot member, that is! 🤖",0,0,0,0,Video,Dime Software,https://www.linkedin.com/feed/update/urn:li:activity:7378364092899561472/,https://www.linkedin.com/company/dimesoftware/posts/?feedView=all
Dime Software,16,2025-09-22 13:47,"Last week, we unveiled the future of Dime.Scheduler in our yearly update webinar! 🚀 We showcased exciting new features like AI-powered planning automation and optimization 🤖, MCP",0,0,0,0,Video,Dime Software,https://www.linkedin.com/feed/update/urn:li:activity:7375888398516928512/,https://www.linkedin.com/company/dimesoftware/posts/?feedView=all
Dime Software,17,2025-09-22 10:56,"One more day until our webinar with MultiSoft Ltd., where we'll demonstrate how to manage field service operations in Business Central using 𝐒𝐞𝐫𝐯𝐨𝐭𝐢𝐨𝐧 and 𝐃𝐢𝐦𝐞.𝐒𝐜𝐡",4,0,1,5,Image,Dime Software,https://www.linkedin.com/feed/update/urn:li:activity:7375845476090327040/,https://www.linkedin.com/company/dimesoftware/posts/?feedView=all
Dime Software,18,2025-09-19 15:33,Field Service Reimagined with Servotion & Dime.Scheduler,0,0,0,0,Image,MultiSoft Innovative Solutions,https://www.linkedin.com/feed/update/urn:li:activity:7374827864296173569/,https://www.linkedin.com/company/dimesoftware/posts/?feedView=all
Lasernet (Formpipe),1,2026-09-15 13:08,"Y’all, we have a LOT going on in Nashville. 🤠🎸",10,0,0,10,Image,Lasernet,https://www.linkedin.com/feed/update/urn:li:activity:7505613501504192512/,https://www.linkedin.com/company/lasernet-formpipe/posts/?feedView=all
Lasernet (Formpipe),2,2026-09-09 12:04,Can you prove that a batch certificate used the right data and approved format?,22,0,1,23,Image,Lasernet,https://www.linkedin.com/feed/update/urn:li:activity:7503422990219497472/,https://www.linkedin.com/company/lasernet-formpipe/posts/?feedView=all
Lasernet (Formpipe),3,2026-09-08 11:30,You may have made your website European Accessibility Act (EAA) compliant. But what about the PDFs you send to your clients? 🗎,14,0,1,15,Image,Lasernet,https://www.linkedin.com/feed/update/urn:li:activity:7503052101694996480/,https://www.linkedin.com/company/lasernet-formpipe/posts/?feedView=all
Lasernet (Formpipe),4,2026-09-02 10:59,Could your bank use the data it already holds to make marketing messages more relevant?,9,0,0,9,Image,Lasernet,https://www.linkedin.com/feed/update/urn:li:activity:7500869915063648256/,https://www.linkedin.com/company/lasernet-formpipe/posts/?feedView=all
Lasernet (Formpipe),5,2026-09-01 10:48,A great example of Lasernet in action within a complex SAP environment. 💪,11,1,0,12,Text,Lasernet,https://www.linkedin.com/feed/update/urn:li:activity:7500504738984058880/,https://www.linkedin.com/company/lasernet-formpipe/posts/?feedView=all
Lasernet (Formpipe),6,2026-08-28 12:50,The end of an era for our Nottingham office. 🥹,0,0,0,0,Multi-image (4),Lasernet,https://www.linkedin.com/feed/update/urn:li:activity:7499085964493889536/,https://www.linkedin.com/company/lasernet-formpipe/posts/?feedView=all
Lasernet (Formpipe),7,2026-08-27 13:02,A new event is joining the Dynamics calendar 👀,17,1,1,19,Article/Link,Lasernet,https://www.linkedin.com/feed/update/urn:li:activity:7498726517699411971/,https://www.linkedin.com/company/lasernet-formpipe/posts/?feedView=all
Lasernet (Formpipe),8,2026-08-26 11:44,Why should a warehouse document follow the order Dynamics 365 happens to return the data?,21,0,1,22,Image,Lasernet,https://www.linkedin.com/feed/update/urn:li:activity:7498344525879324673/,https://www.linkedin.com/company/lasernet-formpipe/posts/?feedView=all
Lasernet (Formpipe),9,2026-08-21 11:37,The excitement is building for Nordic Summit at Legoland! 🧱,21,1,1,23,Image,Lasernet,https://www.linkedin.com/feed/update/urn:li:activity:7496531033668935680/,https://www.linkedin.com/company/lasernet-formpipe/posts/?feedView=all
Lasernet (Formpipe),10,2026-08-19 10:46,What happens when the document stage cannot keep up with your utility billing run?,12,0,0,12,Image,Lasernet,https://www.linkedin.com/feed/update/urn:li:activity:7495793214684106753/,https://www.linkedin.com/company/lasernet-formpipe/posts/?feedView=all
Lasernet (Formpipe),11,2026-08-18 18:00,We can't wait to see you all in Nashville!,5,1,0,6,Text,Lasernet,https://www.linkedin.com/feed/update/urn:li:activity:7495540091063414784/,https://www.linkedin.com/company/lasernet-formpipe/posts/?feedView=all
Lasernet (Formpipe),12,2026-08-13 09:55,"Same office, new relationship. 💪",0,0,0,0,Multi-image (3),Lasernet,https://www.linkedin.com/feed/update/urn:li:activity:7493606135170772993/,https://www.linkedin.com/company/lasernet-formpipe/posts/?feedView=all
Lasernet (Formpipe),13,2026-08-12 09:47,Is your document portal really self-service if staff still have to find and upload every file?,16,0,1,17,Image,Lasernet,https://www.linkedin.com/feed/update/urn:li:activity:7493241651356942336/,https://www.linkedin.com/company/lasernet-formpipe/posts/?feedView=all
Lasernet (Formpipe),14,2026-08-10 07:49,𝗗𝗮𝘆 #𝟭 𝗼𝗳 𝘁𝗵𝗲 𝗠𝗲𝗿𝗴𝗲𝗿 & 𝗜𝗻𝘁𝗲𝗴𝗿𝗮𝘁𝗶𝗼𝗻 𝗼𝗳 𝗟𝗮𝘀𝗲𝗿𝗻𝗲𝘁 𝗮𝗻𝗱 𝗧𝗮𝗯𝗲𝗹𝗹𝗮𝗲.,0,0,0,0,Multi-image (3),Lennart Garbarsch,https://www.linkedin.com/feed/update/urn:li:activity:7492487295992803329/,https://www.linkedin.com/company/lasernet-formpipe/posts/?feedView=all
Lasernet (Formpipe),15,2026-08-05 10:09,How many systems does your team open just to build one customer document?,17,0,1,18,Image,Lasernet,https://www.linkedin.com/feed/update/urn:li:activity:7490710675107852290/,https://www.linkedin.com/company/lasernet-formpipe/posts/?feedView=all
Lasernet (Formpipe),16,2026-07-27 14:00,Lasernet is heading to Billund this September as a Gold Sponsor of Nordic Summit 2026. 🙌,21,0,1,22,Text,Lasernet,https://www.linkedin.com/feed/update/urn:li:activity:7487507123569053697/,https://www.linkedin.com/company/lasernet-formpipe/posts/?feedView=all
Lasernet (Formpipe),17,2026-07-24 11:36,Today marks an exciting new chapter in the Lasernet journey. 🥳,88,2,5,95,Image,Lasernet,https://www.linkedin.com/feed/update/urn:li:activity:7486383858687356928/,https://www.linkedin.com/company/lasernet-formpipe/posts/?feedView=all
Lasernet (Formpipe),18,2026-07-21 10:04,How much is invoice format complexity really costing your manufacturing business? 🛠️,9,0,1,10,Image,Lasernet,https://www.linkedin.com/feed/update/urn:li:activity:7485273532499689472/,https://www.linkedin.com/company/lasernet-formpipe/posts/?feedView=all
Lasernet (Formpipe),19,2026-07-20 11:20,Password-protecting output documents is a common requirement for many Lasernet users - and it’s quick to configure using one of our prebuilt modifiers.,0,0,0,0,Text,Lasernet,https://www.linkedin.com/feed/update/urn:li:activity:7484930270433837057/,https://www.linkedin.com/company/lasernet-formpipe/posts/?feedView=all
Lasernet (Formpipe),20,2026-06-30 08:42,The UK Government has announced that Peppol will serve as the core interoperability network for the country’s future e-invoicing framework. 📄🔌,10,0,0,10,Image,Lasernet,https://www.linkedin.com/feed/update/urn:li:activity:7477642623382626305/,https://www.linkedin.com/company/lasernet-formpipe/posts/?feedView=all
Lasernet (Formpipe),21,2026-06-23 10:06,"CCM, DMS, ECM and output management are often treated as competing tools, but they’re really four layers of the same document architecture. 🔧",7,0,0,7,Image,Lasernet,https://www.linkedin.com/feed/update/urn:li:activity:7475127039327559681/,https://www.linkedin.com/company/lasernet-formpipe/posts/?feedView=all
Lasernet (Formpipe),22,2026-06-18 13:03,"☀️ Drinks, great company and a stunning venue in Paddington? We cannot wait!",7,0,1,8,Image,Lasernet,https://www.linkedin.com/feed/update/urn:li:activity:7473359649992445952/,https://www.linkedin.com/company/lasernet-formpipe/posts/?feedView=all
Lasernet (Formpipe),23,2026-06-10 11:48,Many Dynamics 365 Finance & Operations teams already use Microsoft's Electronic Reporting framework to generate country-specific e-invoice formats.,13,0,2,15,Image,Lasernet,https://www.linkedin.com/feed/update/urn:li:activity:7470441719994585088/,https://www.linkedin.com/company/lasernet-formpipe/posts/?feedView=all
Lasernet (Formpipe),24,2026-06-02 10:05,E-invoicing mandates are accelerating. 😯,9,0,1,10,Image,Lasernet,https://www.linkedin.com/feed/update/urn:li:activity:7467516743402528768/,https://www.linkedin.com/company/lasernet-formpipe/posts/?feedView=all
Lasernet (Formpipe),25,2026-05-29 11:54,DynamicsMinds you did it again!,0,0,0,0,Multi-image (8),Lasernet,https://www.linkedin.com/feed/update/urn:li:activity:7466094494375952384/,https://www.linkedin.com/company/lasernet-formpipe/posts/?feedView=all
Lasernet (Formpipe),26,2026-05-28 14:34,We’re proud to share that Lasernet won Best Booth Activation at DynamicsMinds! 🏆,0,0,0,0,Text,Lasernet,https://www.linkedin.com/feed/update/urn:li:activity:7465772597008531456/,https://www.linkedin.com/company/lasernet-formpipe/posts/?feedView=all
Lasernet (Formpipe),27,2026-05-25 15:28,"And just like that, we've transported you back to 2005. 💾",0,0,0,0,Multi-image (4),Lasernet,https://www.linkedin.com/feed/update/urn:li:activity:7464698814805721089/,https://www.linkedin.com/company/lasernet-formpipe/posts/?feedView=all
Lasernet (Formpipe),28,2026-05-19 13:02,Your DynamicsMinds agenda just got a little busier.💃,22,2,3,27,Image,Lasernet,https://www.linkedin.com/feed/update/urn:li:activity:7462487778497540096/,https://www.linkedin.com/company/lasernet-formpipe/posts/?feedView=all
Lasernet (Formpipe),29,2026-05-12 09:30,"Last week, we had a fantastic two days at the European Collaboration Summit, co-hosting alongside our partner Tabellae - ERP Document Output Management Specialists.",32,1,0,33,Image,Lasernet,https://www.linkedin.com/feed/update/urn:li:activity:7459897685869842432/,https://www.linkedin.com/company/lasernet-formpipe/posts/?feedView=all
Lasernet (Formpipe),30,2026-05-08 09:55,We’re keeping things focused next week. 🎯,7,1,1,9,Image,Lasernet,https://www.linkedin.com/feed/update/urn:li:activity:7458454474836135938/,https://www.linkedin.com/company/lasernet-formpipe/posts/?feedView=all
Lasernet (Formpipe),31,2026-05-06 07:30,"Document management deserves more attention in Dynamics 365 conversations, and later today at 3pm BST / 9am EST, we’re teaming up with ERP Mechanics and PartnerTalks to cover it in",12,0,0,12,Image,Lasernet,https://www.linkedin.com/feed/update/urn:li:activity:7457693166536716288/,https://www.linkedin.com/company/lasernet-formpipe/posts/?feedView=all
Lasernet (Formpipe),32,2026-05-05 10:08,Viva Las Vegas. 🎲 Lasernet is heading to DynamicsCon 2026 next week.,14,0,1,15,Image,Lasernet,https://www.linkedin.com/feed/update/urn:li:activity:7457370542237499392/,https://www.linkedin.com/company/lasernet-formpipe/posts/?feedView=all
Lasernet (Formpipe),33,2026-05-01 10:03,Heading to Cologne next week for the European Collaboration Summit 2026. 🇩🇪,21,1,3,25,Image,Lasernet,https://www.linkedin.com/feed/update/urn:li:activity:7455919815128698880/,https://www.linkedin.com/company/lasernet-formpipe/posts/?feedView=all
Lasernet (Formpipe),34,2026-04-29 13:34,Document management doesn’t usually get the spotlight it deserves in Dynamics 365 conversations... and it should. 💪,19,2,0,21,Image,Lasernet,https://www.linkedin.com/feed/update/urn:li:activity:7455248047170543616/,https://www.linkedin.com/company/lasernet-formpipe/posts/?feedView=all
Lasernet (Formpipe),35,2026-04-28 10:01,We’re out and about a fair bit in 2026. ✈️,13,1,1,15,Image,Lasernet,https://www.linkedin.com/feed/update/urn:li:activity:7454832234563411968/,https://www.linkedin.com/company/lasernet-formpipe/posts/?feedView=all
Lasernet (Formpipe),36,2026-04-22 14:26,We’re pleased to be partnering with UST FinX to support their customers with document management and customer communications. 🎉,26,0,0,26,Image,Lasernet,https://www.linkedin.com/feed/update/urn:li:activity:7452724392666624000/,https://www.linkedin.com/company/lasernet-formpipe/posts/?feedView=all
Lasernet (Formpipe),37,2026-04-21 15:12,Do you hate managing product labels? 🏭,15,1,0,16,Image,Lasernet,https://www.linkedin.com/feed/update/urn:li:activity:7452373758205480961/,https://www.linkedin.com/company/lasernet-formpipe/posts/?feedView=all
Lasernet (Formpipe),38,2026-04-16 10:01,Lasernet is heading to Vegas. 🎲,31,2,0,33,Image,Lasernet,https://www.linkedin.com/feed/update/urn:li:activity:7450483442418491392/,https://www.linkedin.com/company/lasernet-formpipe/posts/?feedView=all
Lasernet (Formpipe),39,2026-03-26 14:01,Supply chain visibility isn’t a nice to have anymore. It’s a priority. ‼️,13,0,0,13,Image,Lasernet,https://www.linkedin.com/feed/update/urn:li:activity:7442933638503116800/,https://www.linkedin.com/company/lasernet-formpipe/posts/?feedView=all
Lasernet (Formpipe),40,2026-03-24 11:07,"When creating the new Lasernet identity, we started with one simple idea: Documents are at the heart of everything we do.📄 ❤️",27,0,0,27,Image,Lasernet,https://www.linkedin.com/feed/update/urn:li:activity:7442165091623387136/,https://www.linkedin.com/company/lasernet-formpipe/posts/?feedView=all
Lasernet (Formpipe),41,2026-03-19 11:04,We’re proud to be Platinum Sponsors of DynamicsMinds 2026. 🚀,42,2,0,44,Image,Lasernet,https://www.linkedin.com/feed/update/urn:li:activity:7440352402081202177/,https://www.linkedin.com/company/lasernet-formpipe/posts/?feedView=all
Lasernet (Formpipe),42,2026-03-16 12:03,"As we close the chapter on Formpipe, we’re proud to introduce the new Lasernet brand identity. 🎉🎈",0,0,0,0,Video,Lasernet,https://www.linkedin.com/feed/update/urn:li:activity:7439280075482681344/,https://www.linkedin.com/company/lasernet-formpipe/posts/?feedView=all
Lasernet (Formpipe),43,2026-03-13 09:30,A premium fashion brand needs premium documents. 👔,32,0,2,34,Image,Lasernet,https://www.linkedin.com/feed/update/urn:li:activity:7438154416014307329/,https://www.linkedin.com/company/lasernet-formpipe/posts/?feedView=all
Lasernet (Formpipe),44,2026-03-12 10:31,We’re live at HSO Customer Day 2026 today! 🚀,40,2,1,43,Image,Lasernet,https://www.linkedin.com/feed/update/urn:li:activity:7437807504790712320/,https://www.linkedin.com/company/lasernet-formpipe/posts/?feedView=all
Lasernet (Formpipe),45,2026-03-11 14:05,Rising costs are forcing organisations to look closely at where money is really going. But one area that often slips under the radar is documents. 👀,12,0,3,15,Image,Lasernet,https://www.linkedin.com/feed/update/urn:li:activity:7437498850350690322/,https://www.linkedin.com/company/lasernet-formpipe/posts/?feedView=all
Lasernet (Formpipe),46,2026-03-10 11:03,"In celebration of Women’s History Month, we’re proud to see our CEO, Sophie Reinius, featured on the front cover of Dagens industri as one of 40 female CEOs of publicly listed comp",33,0,0,33,Image,Lasernet,https://www.linkedin.com/feed/update/urn:li:activity:7437090658420531202/,https://www.linkedin.com/company/lasernet-formpipe/posts/?feedView=all
Lasernet (Formpipe),47,2026-03-03 13:55,Manufacturers are under pressure from every direction. Supply chain disruption. Talent shortages. Rising costs. 😯,9,1,0,10,Image,Lasernet,https://www.linkedin.com/feed/update/urn:li:activity:7434597257024286720/,https://www.linkedin.com/company/lasernet-formpipe/posts/?feedView=all
Lasernet (Formpipe),48,2026-02-26 10:01,We’re proud to be Gold Sponsors at HSO Customer Day 2026 next month! 🚀,0,0,0,0,Text,Lasernet,https://www.linkedin.com/feed/update/urn:li:activity:7432726395740483584/,https://www.linkedin.com/company/lasernet-formpipe/posts/?feedView=all
Lasernet (Formpipe),49,2026-02-24 14:07,Every customer wants information delivered their way. Ever Ready First Aid made that possible. 🥳,25,3,0,28,Image,Lasernet,https://www.linkedin.com/feed/update/urn:li:activity:7432063654734319617/,https://www.linkedin.com/company/lasernet-formpipe/posts/?feedView=all
Lasernet (Formpipe),50,2026-02-19 14:04,"AI is already reshaping how businesses create, deliver and manage documents and we’re excited to be part of the conversation.",10,0,1,11,Image,Lasernet,https://www.linkedin.com/feed/update/urn:li:activity:7430250835080740864/,https://www.linkedin.com/company/lasernet-formpipe/posts/?feedView=all
