Company,Post #,Date (UTC),Title (first line of post),Reactions,Comments,Reposts,Total engagement,Post type,Posted by,Post URL,Company page
Continia Software,1,2026-09-14 11:45,"𝟮𝟬𝟮𝟲 𝗥𝟮 𝗶𝘀 𝗮𝗹𝗺𝗼𝘀𝘁 𝗵𝗲𝗿𝗲, 𝗮𝗻𝗱 𝗶𝘁'𝘀 𝗼𝘂𝗿 𝗯𝗶𝗴𝗴𝗲𝘀𝘁 𝗔𝗜 𝗿𝗲𝗹𝗲𝗮𝘀𝗲 𝘆𝗲𝘁 🚀",43,0,7,50,Document/Carousel (PDF),Continia Software,https://www.linkedin.com/feed/update/urn:li:activity:7505230135697199104/,https://www.linkedin.com/company/continia-software-a-s/posts/
Continia Software,2,2026-09-11 08:18,𝗝𝗼𝗶𝗻 𝘂𝘀 𝗳𝗼𝗿 𝗮 𝗺𝗼𝗿𝗻𝗶𝗻𝗴 𝗿𝘂𝗻 𝘁𝗵𝗿𝗼𝘂𝗴𝗵 𝗣𝗮𝗿𝗶𝘀! 🏃‍♀️‍➡️,56,0,2,58,Image,Continia Software,https://www.linkedin.com/feed/update/urn:li:activity:7504091003386171392/,https://www.linkedin.com/company/continia-software-a-s/posts/
Continia Software,3,2026-09-04 09:07,"𝗧𝗵𝗮𝗻𝗸 𝘆𝗼𝘂, 𝗗𝗮𝘆𝘀 𝗼𝗳 𝗞𝗻𝗼𝘄𝗹𝗲𝗱𝗴𝗲 𝗔𝗡𝗭 💡",91,0,0,91,Multi-image (4),Continia Software,https://www.linkedin.com/feed/update/urn:li:activity:7501566572784771072/,https://www.linkedin.com/company/continia-software-a-s/posts/
Continia Software,4,2026-09-01 12:00,𝗣𝗿𝗼𝘁𝗲𝗰𝘁𝗶𝗻𝗴 𝘁𝗵𝗲 𝘄𝗼𝗿𝗹𝗱'𝘀 𝘄𝗮𝘁𝗲𝗿 𝘀𝗵𝗼𝘂𝗹𝗱𝗻'𝘁 𝗺𝗲𝗮𝗻 𝗱𝗿𝗼𝘄𝗻𝗶𝗻𝗴 𝗶𝗻 𝗽𝗮𝗽𝗲𝗿𝘄𝗼𝗿𝗸 🌊,18,0,2,20,Image,Continia Software,https://www.linkedin.com/feed/update/urn:li:activity:7500522912907460608/,https://www.linkedin.com/company/continia-software-a-s/posts/
Continia Software,5,2026-08-27 12:13,𝗜𝘁'𝘀 𝗮𝗯𝗼𝘂𝘁 𝘁𝗶𝗺𝗲... 𝘄𝗲 𝗳𝗼𝘂𝗻𝗱 𝗼𝘂𝘁 𝘄𝗵𝗼'𝘀 𝗳𝗮𝘀𝘁𝗲𝗿🏃‍♀️,99,0,0,99,Multi-image (4),Continia Software,https://www.linkedin.com/feed/update/urn:li:activity:7498714244956303360/,https://www.linkedin.com/company/continia-software-a-s/posts/
Continia Software,6,2026-08-21 10:34,"𝗖𝗼𝗹𝗹𝗲𝗮𝗴𝘂𝗲𝘀, 𝘃𝗶𝗻𝗲𝘆𝗮𝗿𝗱𝘀, 𝗮𝗻𝗱 𝗮 𝗴𝗹𝗮𝘀𝘀 (𝗼𝗿 𝘁𝘄𝗼) 𝗼𝗳 𝘄𝗶𝗻𝗲 🍷",82,2,0,84,Multi-image (4),Continia Software,https://www.linkedin.com/feed/update/urn:li:activity:7496515169880023040/,https://www.linkedin.com/company/continia-software-a-s/posts/
Continia Software,7,2026-08-18 12:00,𝗜𝘁'𝘀 𝗮𝗯𝗼𝘂𝘁 𝘁𝗶𝗺𝗲 𝘆𝗼𝘂 𝘀𝘁𝗼𝗽𝗽𝗲𝗱 𝗱𝗼𝗶𝗻𝗴 𝘁𝗵𝗲𝘀𝗲 𝟱 𝘁𝗵𝗶𝗻𝗴𝘀 ⏳,36,2,1,39,Document/Carousel (PDF),Continia Software,https://www.linkedin.com/feed/update/urn:li:activity:7495449544915226624/,https://www.linkedin.com/company/continia-software-a-s/posts/
Continia Software,8,2026-08-12 12:08,𝟭𝟮 𝗳𝗿𝗲𝗲 𝗳𝗲𝗮𝘁𝘂𝗿𝗲𝘀 𝘆𝗼𝘂𝗿 𝗕𝘂𝘀𝗶𝗻𝗲𝘀𝘀 𝗖𝗲𝗻𝘁𝗿𝗮𝗹 𝘀𝗲𝘁𝘂𝗽 𝗶𝘀 𝗺𝗶𝘀𝘀𝗶𝗻𝗴 👀,41,0,5,46,Document/Carousel (PDF),Continia Software,https://www.linkedin.com/feed/update/urn:li:activity:7493277173751951360/,https://www.linkedin.com/company/continia-software-a-s/posts/
Continia Software,9,2026-08-06 11:55,𝗪𝗲'𝘃𝗲 𝗴𝗼𝘁 𝗿𝗼𝗼𝗺 𝗹𝗲𝗳𝘁 𝗼𝗻 𝘁𝗵𝗲 𝘁𝗲𝗮𝗺! 👩‍💼,34,0,4,38,Document/Carousel (PDF),Continia Software,https://www.linkedin.com/feed/update/urn:li:activity:7491099509893156864/,https://www.linkedin.com/company/continia-software-a-s/posts/
Continia Software,10,2026-08-04 12:00,𝗬𝗼𝘂𝗿 𝗲-𝗶𝗻𝘃𝗼𝗶𝗰𝗶𝗻𝗴 𝗱𝗮𝘁𝗮 𝗶𝘀 𝗼𝗻𝗹𝘆 𝗮𝘀 𝘀𝗮𝗳𝗲 𝗮𝘀 𝘆𝗼𝘂𝗿 𝘃𝗲𝗻𝗱𝗼𝗿,28,0,3,31,Image,Continia Software,https://www.linkedin.com/feed/update/urn:li:activity:7490376084551577602/,https://www.linkedin.com/company/continia-software-a-s/posts/
Continia Software,11,2026-07-30 12:00,𝗘𝘃𝗲𝗿𝘆 𝗔𝗣 𝗮𝘂𝘁𝗼𝗺𝗮𝘁𝗶𝗼𝗻 𝗽𝗶𝘁𝗰𝗵 𝘁𝗵𝗶𝘀 𝘆𝗲𝗮𝗿 𝘀𝗼𝘂𝗻𝗱𝘀 𝘁𝗵𝗲 𝘀𝗮𝗺𝗲... 👀,21,0,2,23,Image,Continia Software,https://www.linkedin.com/feed/update/urn:li:activity:7488564108284473345/,https://www.linkedin.com/company/continia-software-a-s/posts/
Continia Software,12,2026-07-28 12:00,𝗪𝗲'𝗿𝗲 𝗯𝗮𝗰𝗸 𝗳𝗿𝗼𝗺 𝗮 𝗴𝗿𝗲𝗮𝘁 𝗗𝘆𝗻𝗮𝗺𝗶𝗰𝘀𝗖𝗼𝗻 𝗶𝗻 𝗚𝗵𝗮𝗻𝗮 🌍,63,2,2,67,Multi-image (2),Continia Software,https://www.linkedin.com/feed/update/urn:li:activity:7487839356519354369/,https://www.linkedin.com/company/continia-software-a-s/posts/
Continia Software,13,2026-07-27 12:00,"𝗦𝗮𝗺𝗲 𝗠𝗼𝗻𝗱𝗮𝘆, 𝘁𝘄𝗼 𝘃𝗲𝗿𝘆 𝗱𝗶𝗳𝗳𝗲𝗿𝗲𝗻𝘁 𝘄𝗼𝗿𝗸𝗱𝗮𝘆𝘀 📅",30,0,1,31,Image,Continia Software,https://www.linkedin.com/feed/update/urn:li:activity:7487476939503538177/,https://www.linkedin.com/company/continia-software-a-s/posts/
Continia Software,14,2026-07-23 12:00,𝗧𝗵𝗲 𝗼𝗳𝗳𝗶𝗰𝗲 𝗶𝘀 𝗾𝘂𝗶𝗲𝘁. 𝗪𝗵𝘆 𝗻𝗼𝘁 𝘀𝗽𝗲𝗻𝗱 𝘁𝗵𝗲 𝘀𝘂𝗺𝗺𝗲𝗿 𝗹𝗲𝗮𝗿𝗻𝗶𝗻𝗴,23,0,0,23,Image,Continia Software,https://www.linkedin.com/feed/update/urn:li:activity:7486027425286533121/,https://www.linkedin.com/company/continia-software-a-s/posts/
Continia Software,15,2026-07-21 12:00,𝗦𝗲𝗽𝗮𝗿𝗮𝘁𝗲 𝗮𝗰𝗰𝗼𝘂𝗻𝘁𝘀—𝗯𝘂𝘁 𝗶𝘁’𝘀 𝗼𝗻𝗲 𝗿𝗲𝗹𝗮𝘁𝗶𝗼𝗻𝘀𝗵𝗶𝗽 🔗,33,1,5,39,Image,Continia Software,https://www.linkedin.com/feed/update/urn:li:activity:7485302625081466880/,https://www.linkedin.com/company/continia-software-a-s/posts/
Continia Software,16,2026-07-16 12:01,"𝗠𝗼𝗿𝗲 𝘁𝗵𝗮𝗻 𝟭,𝟬𝟬𝟬 𝗮𝗰𝘁𝗶𝘃𝗲 𝗖𝗼𝗻𝘁𝗶𝗻𝗶𝗮 𝘀𝗼𝗹𝘂𝘁𝗶𝗼𝗻𝘀 🏆",119,1,8,128,Multi-image (4),Continia Software,https://www.linkedin.com/feed/update/urn:li:activity:7483490893254291456/,https://www.linkedin.com/company/continia-software-a-s/posts/
Continia Software,17,2026-07-14 11:46,𝗦𝘂𝗯𝗺𝗶𝘁𝘁𝗶𝗻𝗴 𝗲𝘅𝗽𝗲𝗻𝘀𝗲𝘀 𝗷𝘂𝘀𝘁 𝗴𝗼𝘁 𝗲𝘃𝗲𝗻 𝗲𝗮𝘀𝗶𝗲𝗿!,37,5,8,50,Document/Carousel (PDF),Continia Software,https://www.linkedin.com/feed/update/urn:li:activity:7482762545431351296/,https://www.linkedin.com/company/continia-software-a-s/posts/
Continia Software,18,2026-07-08 12:00,"𝗦𝗲𝗲 𝗖𝗼𝗻𝘁𝗶𝗻𝗶𝗮 𝗶𝗻 𝗮𝗰𝘁𝗶𝗼𝗻, 𝗮𝘁 𝘆𝗼𝘂𝗿 𝗼𝘄𝗻 𝗽𝗮𝗰𝗲💡",36,1,4,41,Image,Continia Software,https://www.linkedin.com/feed/update/urn:li:activity:7480591520149151744/,https://www.linkedin.com/company/continia-software-a-s/posts/
Continia Software,19,2026-07-01 12:30,𝗜𝘁'𝘀 𝗮𝗯𝗼𝘂𝘁 𝘁𝗶𝗺𝗲... 𝗳𝗼𝗿 𝗮𝗻 𝗶𝗰𝗲-𝗰𝗿𝗲𝗮𝗺 𝗯𝗿𝗲𝗮𝗸! 🍧,70,1,0,71,Multi-image (4),Continia Software,https://www.linkedin.com/feed/update/urn:li:activity:7478062480389279744/,https://www.linkedin.com/company/continia-software-a-s/posts/
Continia Software,20,2026-06-29 12:15,𝗙𝗮𝗸𝗲 𝗶𝗻𝘃𝗼𝗶𝗰𝗲𝘀 𝗱𝗼𝗻'𝘁 𝗮𝗹𝘄𝗮𝘆𝘀 𝗹𝗼𝗼𝗸 𝗳𝗮𝗸𝗲 💡,23,0,3,26,Image,Continia Software,https://www.linkedin.com/feed/update/urn:li:activity:7477333822297169922/,https://www.linkedin.com/company/continia-software-a-s/posts/
Continia Software,21,2026-06-23 09:10,𝗢𝘂𝗿 𝗯𝗶𝗴𝗴𝗲𝘀𝘁 𝘁𝗲𝗮𝗺 𝗺𝗲𝗲𝘁𝘂𝗽 𝘆𝗲𝘁 ☀️,243,4,6,253,Multi-image (4),Continia Software,https://www.linkedin.com/feed/update/urn:li:activity:7475112920251772928/,https://www.linkedin.com/company/continia-software-a-s/posts/
Continia Software,22,2026-06-11 12:10,𝗙𝗿𝗼𝗺 𝗮 𝗳𝘂𝗹𝗹-𝘁𝗶𝗺𝗲 𝗔𝗣 𝗽𝗲𝗿𝘀𝗼𝗻 𝘁𝗼 𝗮𝘂𝘁𝗼𝗺𝗮𝘁𝗶𝗼𝗻 𝗶𝗻 𝗺𝗶𝗻𝘂𝘁𝗲𝘀 🎯,23,0,3,26,Image,Continia Software,https://www.linkedin.com/feed/update/urn:li:activity:7470809611818905600/,https://www.linkedin.com/company/continia-software-a-s/posts/
Continia Software,23,2026-06-10 12:00,𝗧𝗵𝗲 𝗘𝗹𝗲𝘃𝗮𝘁𝗲 𝘁𝗼𝘂𝗿 𝗰𝗼𝗻𝘁𝗶𝗻𝘂𝗲𝘀 — 𝘁𝗵𝗶𝘀 𝘁𝗶𝗺𝗲 𝗶𝗻 𝗣𝗼𝗹𝗮𝗻𝗱! 🙌,71,1,0,72,Multi-image (4),Continia Software,https://www.linkedin.com/feed/update/urn:li:activity:7470444661824913410/,https://www.linkedin.com/company/continia-software-a-s/posts/
Continia Software,24,2026-06-09 11:30,𝗞𝗶𝗰𝗸𝗶𝗻𝗴 𝗼𝗳𝗳 𝗖𝗼𝗻𝘁𝗶𝗻𝗶𝗮 𝗘𝗹𝗲𝘃𝗮𝘁𝗲 𝗶𝗻 𝘁𝗵𝗲 𝗨𝗞 🎉,53,2,1,56,Video,Continia Software,https://www.linkedin.com/feed/update/urn:li:activity:7470074789961973760/,https://www.linkedin.com/company/continia-software-a-s/posts/
Continia Software,25,2026-06-04 12:55,𝐖𝐞'𝐫𝐞 𝐈𝐒𝐎 𝟐𝟕𝟎𝟎𝟏 𝐜𝐞𝐫𝐭𝐢𝐟𝐢𝐞𝐝 🎉,195,2,1,198,Multi-image (4),Continia Software,https://www.linkedin.com/feed/update/urn:li:activity:7468284352783761408/,https://www.linkedin.com/company/continia-software-a-s/posts/
Continia Software,26,2026-06-02 12:00,𝐈𝐭'𝐬 𝐚𝐛𝐨𝐮𝐭 𝐭𝐢𝐦𝐞 … 𝐰𝐞 𝐜𝐲𝐜𝐥𝐞𝐝 𝐭𝐨 𝐰𝐨𝐫𝐤 🚴‍♂️💨,69,1,0,70,Multi-image (3),Continia Software,https://www.linkedin.com/feed/update/urn:li:activity:7467545726575759360/,https://www.linkedin.com/company/continia-software-a-s/posts/
Continia Software,27,2026-05-28 09:00,𝟮𝟱𝟬 𝗖𝗼𝗻𝘁𝗶𝗻𝗶𝗮-𝗹ø𝘀𝗻𝗶𝗻𝗴𝗲𝗿 𝗲𝗿 𝗲𝗻 𝗴𝗼𝗱 𝗴𝗿𝘂𝗻𝗱 𝘁𝗶𝗹 𝗸𝗮𝗴𝗲 🎂,70,1,2,73,Multi-image (4),Continia Software,https://www.linkedin.com/feed/update/urn:li:activity:7465688326994460672/,https://www.linkedin.com/company/continia-software-a-s/posts/
Continia Software,28,2026-05-27 11:18,𝗧𝗵𝗮𝗻𝗸𝘀 𝗳𝗼𝗿 𝗮 𝗴𝗿𝗲𝗮𝘁 𝘁𝗶𝗺𝗲 𝗮𝘁 𝗗𝘆𝗻𝗮𝗺𝗶𝗰𝘀𝗠𝗶𝗻𝗱𝘀! ☀️,93,2,0,95,Multi-image (4),Continia Software,https://www.linkedin.com/feed/update/urn:li:activity:7465360837474566144/,https://www.linkedin.com/company/continia-software-a-s/posts/
Continia Software,29,2026-05-21 12:00,𝗖𝗼𝗻𝘁𝗶𝗻𝗶𝗮 𝗶𝘀 𝗴𝗿𝗼𝘄𝗶𝗻𝗴 — 𝘀𝘄𝗶𝗽𝗲 𝘁𝗼 𝗳𝗶𝗻𝗱 𝘆𝗼𝘂𝗿 𝗻𝗲𝘅𝘁 𝗿𝗼𝗹𝗲 👇,42,0,0,42,Document/Carousel (PDF),Continia Software,https://www.linkedin.com/feed/update/urn:li:activity:7463196907054600192/,https://www.linkedin.com/company/continia-software-a-s/posts/
Continia Software,30,2026-05-20 13:00,𝗬𝗼𝘂𝗿 𝗕𝗖 𝘀𝗲𝘁𝘂𝗽 𝗶𝘀 𝗮𝗹𝗺𝗼𝘀𝘁 𝘁𝗵𝗲𝗿𝗲. 𝗪𝗵𝘆 𝗻𝗼𝘁 𝘂𝗽𝗴𝗿𝗮𝗱𝗲 𝗶𝘁 𝗳𝗼𝗿 𝗳𝗿𝗲𝗲 🚀,34,0,4,38,Video,Continia Software,https://www.linkedin.com/feed/update/urn:li:activity:7462849736732082179/,https://www.linkedin.com/company/continia-software-a-s/posts/
Continia Software,31,2026-04-28 12:07,𝗟𝗲𝘁'𝘀 𝗰𝗮𝘁𝗰𝗵 𝘂𝗽 𝗮𝘁 𝗗𝘆𝗻𝗮𝗺𝗶𝗰𝘀𝗠𝗶𝗻𝗱𝘀! 🚀,66,1,1,68,Image,Continia Software,https://www.linkedin.com/feed/update/urn:li:activity:7454863943778533376/,https://www.linkedin.com/company/continia-software-a-s/posts/
Continia Software,32,2026-04-27 12:00,𝗦𝗽𝗲𝗻𝗱 𝟯𝟬 𝗺𝗶𝗻𝘂𝘁𝗲𝘀 𝗹𝗲𝗮𝗿𝗻𝗶𝗻𝗴 𝗮𝗻𝗱 𝘀𝗮𝘃𝗲 𝗵𝗼𝘂𝗿𝘀 𝗲𝘃𝗲𝗿𝘆 𝗺𝗼𝗻𝘁𝗵 🚀,32,0,1,33,Image,Continia Software,https://www.linkedin.com/feed/update/urn:li:activity:7454499717926985728/,https://www.linkedin.com/company/continia-software-a-s/posts/
Continia Software,33,2026-04-23 12:36,"𝗗𝗶𝗱 𝘆𝗼𝘂 𝗺𝗶𝘀𝘀 𝗼𝘂𝗿 𝟮𝟬𝟮𝟲 𝗥𝟭 ""𝗪𝗵𝗮𝘁'𝘀 𝗡𝗲𝘄"" 𝘄𝗲𝗯𝗶𝗻𝗮𝗿𝘀 🎬",31,0,1,32,Image,Continia Software,https://www.linkedin.com/feed/update/urn:li:activity:7453059289675587584/,https://www.linkedin.com/company/continia-software-a-s/posts/
Continia Software,34,2026-04-14 13:26,𝟮𝟱 å𝗿𝘀 𝘀𝗮𝗺𝗮𝗿𝗯𝗲𝗷𝗱𝗲 𝗼𝗴 +𝟱𝟬𝟬 𝗮𝗸𝘁𝗶𝘃𝗲 𝗖𝗼𝗻𝘁𝗶𝗻𝗶𝗮-𝗹ø𝘀𝗻𝗶𝗻𝗴𝗲𝗿 🏆,75,2,2,79,Multi-image (4),Continia Software,https://www.linkedin.com/feed/update/urn:li:activity:7449810332358897664/,https://www.linkedin.com/company/continia-software-a-s/posts/
Continia Software,35,2026-04-13 11:57,𝗖𝗲𝗹𝗲𝗯𝗿𝗮𝘁𝗶𝗻𝗴 𝘁𝗵𝗲 𝗳𝗶𝗿𝘀𝘁 𝗿𝗲𝗹𝗲𝗮𝘀𝗲 𝗼𝗳 𝟮𝟬𝟮𝟲 🎊,80,0,1,81,Multi-image (4),Continia Software,https://www.linkedin.com/feed/update/urn:li:activity:7449425551938740225/,https://www.linkedin.com/company/continia-software-a-s/posts/
Continia Software,36,2026-04-08 11:55,𝟮𝟬𝟮𝟲 𝗥𝟭: 𝗔 𝗯𝗶𝗴 𝘀𝘁𝗲𝗽 𝗳𝗼𝗿𝘄𝗮𝗿𝗱 𝗳𝗼𝗿 𝗔𝗥 𝗮𝘂𝘁𝗼𝗺𝗮𝘁𝗶𝗼𝗻🎉,84,2,6,92,Video,Continia Software,https://www.linkedin.com/feed/update/urn:li:activity:7447612965991854080/,https://www.linkedin.com/company/continia-software-a-s/posts/
Continia Software,37,2026-04-01 12:00,𝗛𝗼𝗽𝗽𝗶𝗻𝗴 𝗶𝗻𝘁𝗼 𝗘𝗮𝘀𝘁𝗲𝗿… 🐰🍫,61,0,2,63,Multi-image (2),Continia Software,https://www.linkedin.com/feed/update/urn:li:activity:7445077523211685889/,https://www.linkedin.com/company/continia-software-a-s/posts/
Continia Software,38,2026-03-24 13:00,"𝗛𝗮𝗻𝗱𝗹𝗶𝗻𝗴 𝟭𝟱,𝟬𝟬𝟬 𝗶𝗻𝘃𝗼𝗶𝗰𝗲𝘀 𝗲𝘃𝗲𝗿𝘆 𝗺𝗼𝗻𝘁𝗵 𝗶𝘀 𝗻𝗼 𝘀𝗺𝗮𝗹𝗹 𝘁𝗮𝘀𝗸 📄",27,0,1,28,Image,Continia Software,https://www.linkedin.com/feed/update/urn:li:activity:7442193520951595008/,https://www.linkedin.com/company/continia-software-a-s/posts/
Continia Software,39,2026-03-23 13:00,𝗝𝗼𝗶𝗻 𝘂𝘀 𝗮𝘁 𝗗𝗮𝘆𝘀 𝗼𝗳 𝗞𝗻𝗼𝘄𝗹𝗲𝗱𝗴𝗲 𝗡𝗼𝗿𝗱𝗶𝗰💡,33,0,1,34,Image,Continia Software,https://www.linkedin.com/feed/update/urn:li:activity:7441831220042186752/,https://www.linkedin.com/company/continia-software-a-s/posts/
Continia Software,40,2026-03-18 12:55,𝗛𝗮𝗽𝗽𝘆 𝗯𝗶𝗿𝘁𝗵𝗱𝗮𝘆 𝘁𝗼 𝗼𝘂𝗿 𝗖𝗘𝗢! 🎉,208,20,0,228,Multi-image (4),Continia Software,https://www.linkedin.com/feed/update/urn:li:activity:7440017920887296000/,https://www.linkedin.com/company/continia-software-a-s/posts/
Continia Software,41,2026-03-12 13:00,𝗚𝗲𝘁 𝗮 𝗳𝗶𝗿𝘀𝘁 𝗹𝗼𝗼𝗸 𝗮𝘁 𝟮𝟬𝟮𝟲 𝗥𝟭! 🚀,31,0,3,34,Document/Carousel (PDF),Continia Software,https://www.linkedin.com/feed/update/urn:li:activity:7437845004946989056/,https://www.linkedin.com/company/continia-software-a-s/posts/
Continia Software,42,2026-03-09 13:00,𝗙𝗼𝗼𝘁𝗯𝗮𝗹𝗹 𝘀𝗵𝗶𝗿𝘁𝘀 𝗳𝗼𝗿 𝗮 𝗴𝗼𝗼𝗱 𝗰𝗮𝘂𝘀𝗲 ⚽,67,2,0,69,Image,Continia Software,https://www.linkedin.com/feed/update/urn:li:activity:7436757687792578560/,https://www.linkedin.com/company/continia-software-a-s/posts/
Continia Software,43,2026-03-06 11:34,𝗩𝗶 𝗳𝗲𝗷𝗿𝗲𝗿 +𝟱𝟬𝟬 𝗶𝗺𝗽𝗹𝗲𝗺𝗲𝗻𝘁𝗲𝗿𝗲𝗱𝗲 𝗖𝗼𝗻𝘁𝗶𝗻𝗶𝗮-𝗹ø𝘀𝗻𝗶𝗻𝗴𝗲𝗿 𝗵𝗼𝘀 𝗧𝘄𝗼𝗱𝗮𝘆 🏆,77,0,3,80,Multi-image (4),Continia Software,https://www.linkedin.com/feed/update/urn:li:activity:7435649052156784640/,https://www.linkedin.com/company/continia-software-a-s/posts/
Continia Software,44,2026-03-05 13:38,📍𝗪𝗵𝗲𝗿𝗲 𝘁𝗼 𝗺𝗲𝗲𝘁 𝗖𝗼𝗻𝘁𝗶𝗻𝗶𝗮 𝘁𝗵𝗶𝘀 𝘀𝗽𝗿𝗶𝗻𝗴 𝗮𝗻𝗱 𝘀𝘂𝗺𝗺𝗲𝗿,34,0,3,37,Document/Carousel (PDF),Continia Software,https://www.linkedin.com/feed/update/urn:li:activity:7435317830352261120/,https://www.linkedin.com/company/continia-software-a-s/posts/
Continia Software,45,2026-02-12 13:00,𝗜𝗻𝘁𝗿𝗼𝗱𝘂𝗰𝗶𝗻𝗴: 𝗖𝗼𝗻𝘁𝗶𝗻𝗶𝗮 𝗗𝗲𝗲𝗽 𝗗𝗶𝘃𝗲𝘀💡,32,0,2,34,Image,Continia Software,https://www.linkedin.com/feed/update/urn:li:activity:7427698004142284800/,https://www.linkedin.com/company/continia-software-a-s/posts/
Continia Software,46,2026-02-10 12:57,𝗛𝗼𝘄 𝗦𝗘𝗡𝗦𝗜𝗧 𝗰𝘂𝘁 𝗶𝗻𝘃𝗼𝗶𝗰𝗲 𝗽𝗿𝗼𝗰𝗲𝘀𝘀𝗶𝗻𝗴 𝘁𝗶𝗺𝗲 𝗯𝘆 𝟱𝟬% 🚀,32,4,5,41,Image,Continia Software,https://www.linkedin.com/feed/update/urn:li:activity:7426972598892400640/,https://www.linkedin.com/company/continia-software-a-s/posts/
Continia Software,47,2026-02-05 13:00,𝗔𝗿𝗲 𝘆𝗼𝘂 𝗿𝗲𝗮𝗱𝘆 𝗳𝗼𝗿 𝗲-𝗶𝗻𝘃𝗼𝗶𝗰𝗶𝗻𝗴 𝗰𝗼𝗺𝗽𝗹𝗶𝗮𝗻𝗰𝗲 ✔️,36,0,0,36,Image,Continia Software,https://www.linkedin.com/feed/update/urn:li:activity:7425161323333709824/,https://www.linkedin.com/company/continia-software-a-s/posts/
Continia Software,48,2026-02-03 13:00,𝗪𝗵𝗮𝘁 𝗱𝗼 𝗵𝗶𝗴𝗵-𝗽𝗲𝗿𝗳𝗼𝗿𝗺𝗶𝗻𝗴 𝗳𝗶𝗻𝗮𝗻𝗰𝗲 𝘁𝗲𝗮𝗺𝘀 𝗱𝗼 𝗱𝗶𝗳𝗳𝗲𝗿𝗲𝗻𝘁𝗹𝘆 𝗶𝗻 𝗔𝗣 👀,34,1,1,36,Image,Continia Software,https://www.linkedin.com/feed/update/urn:li:activity:7424436545966731264/,https://www.linkedin.com/company/continia-software-a-s/posts/
Continia Software,49,2026-01-27 13:54,𝗥𝗲𝗮𝗱𝘆 𝗳𝗼𝗿 𝗮 𝗻𝗲𝘄 𝗰𝗵𝗮𝗽𝘁𝗲𝗿 𝗶𝗻 𝟮𝟬𝟮𝟲,43,0,7,50,Document/Carousel (PDF),Continia Software,https://www.linkedin.com/feed/update/urn:li:activity:7421913488928706560/,https://www.linkedin.com/company/continia-software-a-s/posts/
Continia Software,50,2026-01-22 13:00,Tak for to lærerige dage på Hindsgavl Slot 👏,107,3,4,114,Multi-image (4),Continia Software,https://www.linkedin.com/feed/update/urn:li:activity:7420087881236422656/,https://www.linkedin.com/company/continia-software-a-s/posts/
Truvio,1,2026-09-16 08:45,"When production planning involves up to 22,000 orders per month at a single plant, having a clear overview makes a real difference.",8,0,3,11,Image,Truvio,https://www.linkedin.com/feed/update/urn:li:activity:7505909696629837826/,https://www.linkedin.com/company/truvio-official/posts/
Truvio,2,2026-09-15 08:00,The Digital Product Passport is becoming a reality for companies selling products in the EU. But DPP is about more than compliance.,16,0,3,19,Image,Truvio,https://www.linkedin.com/feed/update/urn:li:activity:7505535913612050432/,https://www.linkedin.com/company/truvio-official/posts/
Truvio,3,2026-09-14 14:00,"Join us for the Ole Red Round Up, a fun Nashville-style Summit after party designed for networking, connecting with fellow Dynamics professionals, and celebrating the Summit community. We'll have live",10,0,5,15,Event,Truvio,https://www.linkedin.com/feed/update/urn:li:activity:7505264294301814784/,https://www.linkedin.com/company/truvio-official/posts/
Truvio,4,2026-09-14 09:16,That's a wrap on Commerce Partner Days 2026. 🎉,81,4,4,89,Multi-image (4),Truvio,https://www.linkedin.com/feed/update/urn:li:activity:7505192846690373632/,https://www.linkedin.com/company/truvio-official/posts/
Truvio,5,2026-09-11 19:24,"Most B2B self-service portals fail on data, not design: when buyers see list price instead of their contract price, or ""call for availability"" instead of real stock, they pick up the phone anyway and",19,0,7,26,Event,Truvio,https://www.linkedin.com/feed/update/urn:li:activity:7504258627315335168/,https://www.linkedin.com/company/truvio-official/posts/
Truvio,6,2026-09-10 13:55,A fantastic start to Commerce Partner Days 2026!,83,2,3,88,Multi-image (6),Truvio,https://www.linkedin.com/feed/update/urn:li:activity:7503813317400936448/,https://www.linkedin.com/company/truvio-official/posts/
Truvio,7,2026-09-09 11:32,"Today, developers from across our partner community have taken over Aarhus for the Extended Day of Commerce Partner Days 2026.",88,2,4,94,Multi-image (7),Truvio,https://www.linkedin.com/feed/update/urn:li:activity:7503415053665099776/,https://www.linkedin.com/company/truvio-official/posts/
Truvio,8,2026-09-08 07:40,En hel dag væk fra indbakken skal være tiden værd.,22,0,2,24,Image,Truvio,https://www.linkedin.com/feed/update/urn:li:activity:7502994197914923008/,https://www.linkedin.com/company/truvio-official/posts/
Truvio,9,2026-09-07 05:00,"For St Vincent de Paul Society NSW, modernising Accounts Payable meant more than replacing manual data entry.",26,1,6,33,Image,Truvio,https://www.linkedin.com/feed/update/urn:li:activity:7502591635537555456/,https://www.linkedin.com/company/truvio-official/posts/
Truvio,10,2026-08-31 08:47,"November 14, 2026. From that date, SWIFT CBPR+ will no longer accept cross-border payment messages containing fully unstructured postal addresses. If the required address data is not properly structur",12,0,1,13,Image,Truvio,https://www.linkedin.com/feed/update/urn:li:activity:7500112134568058880/,https://www.linkedin.com/company/truvio-official/posts/
Truvio,11,2026-08-28 07:02,4 minutes versus 17 minutes per invoice.,17,0,3,20,Video,Truvio,https://www.linkedin.com/feed/update/urn:li:activity:7498998431638556673/,https://www.linkedin.com/company/truvio-official/posts/
Truvio,12,2026-08-27 07:30,B2B-kunder begynder ikke nødvendigvis deres købsrejse på jeres webshop.,10,2,0,12,Image,Truvio,https://www.linkedin.com/feed/update/urn:li:activity:7498643056674402304/,https://www.linkedin.com/company/truvio-official/posts/
Truvio,13,2026-08-27 00:00,"Invoice capture is only one part of accounts payable automation. What happens when customers also need greater control over approvals, matching, exceptions, audit trails and the month-end process",37,2,6,45,Image,Truvio,https://www.linkedin.com/feed/update/urn:li:activity:7498529844528398336/,https://www.linkedin.com/company/truvio-official/posts/
Truvio,14,2026-08-25 18:32,☀️ One last episode. One last chance to enter!,3,0,0,3,Event,Truvio,https://www.linkedin.com/feed/update/urn:li:activity:7498084830446899201/,https://www.linkedin.com/company/truvio-official/posts/
Truvio,15,2026-08-25 07:30,A keynote worth joining us in Aarhus for.,29,0,2,31,Image,Truvio,https://www.linkedin.com/feed/update/urn:li:activity:7497918214878978048/,https://www.linkedin.com/company/truvio-official/posts/
Truvio,16,2026-08-24 14:00,Truvio is heading to Columbus for DynamicsCon Regional: Ohio Valley!,23,1,2,26,Image,Truvio,https://www.linkedin.com/feed/update/urn:li:activity:7497653978923696129/,https://www.linkedin.com/company/truvio-official/posts/
Truvio,17,2026-08-24 08:39,We're proud to sponsor the 4PS Customer Day 2026! 🏗️,28,3,1,32,Image,Truvio,https://www.linkedin.com/feed/update/urn:li:activity:7497573188978118656/,https://www.linkedin.com/company/truvio-official/posts/
Truvio,18,2026-08-21 07:30,"Running, walking and cheering each other on 🏃‍♀️👏",79,0,1,80,Multi-image (3),Truvio,https://www.linkedin.com/feed/update/urn:li:activity:7496468884510789632/,https://www.linkedin.com/company/truvio-official/posts/
Truvio,19,2026-08-20 18:17,🌴 One last conversation before we officially close out summer.,15,0,3,18,Image,Truvio,https://www.linkedin.com/feed/update/urn:li:activity:7496269124956913664/,https://www.linkedin.com/company/truvio-official/posts/
Truvio,20,2026-08-20 09:26,"AI er allerede ved at ændre den måde, B2B-kunder finder, sammenligner og vælger produkter på.",16,0,1,17,Image,Truvio,https://www.linkedin.com/feed/update/urn:li:activity:7496135681115860994/,https://www.linkedin.com/company/truvio-official/posts/
Truvio,21,2026-08-20 08:00,The Commerce Product Brief is already next week 👀,17,0,5,22,Image,Truvio,https://www.linkedin.com/feed/update/urn:li:activity:7496113825079918592/,https://www.linkedin.com/company/truvio-official/posts/
Truvio,22,2026-08-19 17:40,Remember when waiting was just part of the process,24,0,4,28,Event,Truvio,https://www.linkedin.com/feed/update/urn:li:activity:7495897408086851584/,https://www.linkedin.com/company/truvio-official/posts/
Truvio,23,2026-08-19 07:30,Nine steps. Zero manual touchpoints. ✅,16,0,4,20,Image,Truvio,https://www.linkedin.com/feed/update/urn:li:activity:7495744057663631360/,https://www.linkedin.com/company/truvio-official/posts/
Truvio,24,2026-08-14 01:00,"We're excited to share that Truvio is a Gold Sponsor at Days of Knowledge - ANZ 2026, taking place on 3-4 September in Melbourne.",19,0,3,22,Image,Truvio,https://www.linkedin.com/feed/update/urn:li:activity:7493833803094994944/,https://www.linkedin.com/company/truvio-official/posts/
Truvio,25,2026-08-13 12:45,"This year I started working for Truvio, currently focusing on the ExFlow AP module in D365FO.",128,6,11,145,Image,Hylke Britstra,https://www.linkedin.com/feed/update/urn:li:activity:7493648978950123520/,https://www.linkedin.com/company/truvio-official/posts/
Truvio,26,2026-08-13 12:30,Manual payments cost more than money.,27,0,5,32,Image,Truvio,https://www.linkedin.com/feed/update/urn:li:activity:7493645057619566592/,https://www.linkedin.com/company/truvio-official/posts/
Truvio,27,2026-08-12 11:05,Less than one month to go until Truvio Commerce Partner Days 2026!,27,0,2,29,Image,Truvio,https://www.linkedin.com/feed/update/urn:li:activity:7493261372697444352/,https://www.linkedin.com/company/truvio-official/posts/
Truvio,28,2026-08-11 12:31,"Tomorrow, new EU packaging rules begin to apply.",16,0,7,23,Image,Truvio,https://www.linkedin.com/feed/update/urn:li:activity:7492920578803220480/,https://www.linkedin.com/company/truvio-official/posts/
Truvio,29,2026-08-10 02:00,"This week, we're hosting two APJ Partner Training sessions for D365 F O partners.",14,0,3,17,Image,Truvio,https://www.linkedin.com/feed/update/urn:li:activity:7492399403820007424/,https://www.linkedin.com/company/truvio-official/posts/
Truvio,30,2026-08-07 08:00,Truvio is heading to Directions for Enterprise 2026 in Copenhagen!,52,2,2,56,Image,Truvio,https://www.linkedin.com/feed/update/urn:li:activity:7491402783993290752/,https://www.linkedin.com/company/truvio-official/posts/
Truvio,31,2026-08-06 18:48,"☀️ Summer may be winding down, but there's still time to make your finance operations more resilient. 🌴",8,0,2,10,Image,Truvio,https://www.linkedin.com/feed/update/urn:li:activity:7491203629517987840/,https://www.linkedin.com/company/truvio-official/posts/
Truvio,32,2026-08-06 08:31,A 4.65/5 score is one thing. Understanding what drives enterprise fit is another.,30,0,9,39,Image,Truvio,https://www.linkedin.com/feed/update/urn:li:activity:7491048167564726273/,https://www.linkedin.com/company/truvio-official/posts/
Truvio,33,2026-08-05 09:00,Every quarter brings new improvements across Truvio Commerce.,13,0,0,13,Image,Truvio,https://www.linkedin.com/feed/update/urn:li:activity:7490693248349356032/,https://www.linkedin.com/company/truvio-official/posts/
Truvio,34,2026-08-04 16:53,Ready to shorten your order-to-cash cycle,11,0,4,15,Event,Truvio,https://www.linkedin.com/feed/update/urn:li:activity:7490449961004875776/,https://www.linkedin.com/company/truvio-official/posts/
Truvio,35,2026-08-04 13:00,We are excited to be attending the Dynamics 365 ERP/CE AI Summit NA Roadshow in Minneapolis on August 6!,20,0,2,22,Image,Truvio,https://www.linkedin.com/feed/update/urn:li:activity:7490391135408934912/,https://www.linkedin.com/company/truvio-official/posts/
Truvio,36,2026-08-04 07:32,"When customers need a spare part, finding the right one should be simple - even when the product catalogue behind it contains more than 500,000 SKUs.",27,0,8,35,Video,Truvio,https://www.linkedin.com/feed/update/urn:li:activity:7490308577312546817/,https://www.linkedin.com/company/truvio-official/posts/
Truvio,37,2026-08-03 07:06,"This September, we're bringing the Truvio Commerce partner community together in Aarhus for three days of product insights, practical learning and conversations about what's next in digital commerce.",26,0,1,27,Image,Truvio,https://www.linkedin.com/feed/update/urn:li:activity:7489939705556344832/,https://www.linkedin.com/company/truvio-official/posts/
Truvio,38,2026-07-30 06:41,The final session of Day 1 at the Partner Executive Summit didn't end with a keynote-it ended with one of the most valuable conversations of the entire summit.,39,0,8,47,Multi-image (7),Dynamic Communities,https://www.linkedin.com/feed/update/urn:li:activity:7488483907298811904/,https://www.linkedin.com/company/truvio-official/posts/
Truvio,39,2026-07-29 02:30,Vendor statement reconciliation is easier when discrepancies can be identified early and financial records remain accurate.,25,2,4,31,Image,Truvio,https://www.linkedin.com/feed/update/urn:li:activity:7488058432286134272/,https://www.linkedin.com/company/truvio-official/posts/
Truvio,40,2026-07-28 19:25,Ready for a vacation... but worried your finance operations might not be 🌴,22,0,6,28,Event,Truvio,https://www.linkedin.com/feed/update/urn:li:activity:7487951357560393728/,https://www.linkedin.com/company/truvio-official/posts/
Truvio,41,2026-07-28 11:15,Want to hear what's new in Truvio Commerce directly from the people building it,22,0,4,26,Image,Truvio,https://www.linkedin.com/feed/update/urn:li:activity:7487828147401469952/,https://www.linkedin.com/company/truvio-official/posts/
Truvio,42,2026-07-27 19:30,🎙️ This clip is just a glimpse into tomorrow's conversation.,10,0,0,10,Video,Truvio,https://www.linkedin.com/feed/update/urn:li:activity:7487590305203081217/,https://www.linkedin.com/company/truvio-official/posts/
Truvio,43,2026-07-27 07:00,How much time could AP automation actually save your finance team,24,1,11,36,Image,Truvio,https://www.linkedin.com/feed/update/urn:li:activity:7487401547245531136/,https://www.linkedin.com/company/truvio-official/posts/
Truvio,44,2026-07-23 03:00,"What if AI could help your finance team decide how invoices should be coded, and which ones require closer attention",17,0,2,19,Image,Truvio,https://www.linkedin.com/feed/update/urn:li:activity:7485891473717256192/,https://www.linkedin.com/company/truvio-official/posts/
Truvio,45,2026-07-22 20:20,🔒 🎙️ 'Out of Office' Should Mean Out of Office,23,0,4,27,Image,Truvio,https://www.linkedin.com/feed/update/urn:li:activity:7485790884454817792/,https://www.linkedin.com/company/truvio-official/posts/
Truvio,46,2026-07-22 14:32,☀️ Work Like You're on Vacation... and you might just win the ultimate summer prize pack! 🎉,38,0,6,44,Video,Truvio,https://www.linkedin.com/feed/update/urn:li:activity:7485703333664542720/,https://www.linkedin.com/company/truvio-official/posts/
Truvio,47,2026-07-22 07:30,"A lot of B2B commerce still happens through emails, spreadsheets, and manual follow-ups.",17,0,1,18,Image,Truvio,https://www.linkedin.com/feed/update/urn:li:activity:7485597031424663552/,https://www.linkedin.com/company/truvio-official/posts/
Truvio,48,2026-07-21 18:04,⏳ Just 1 day to go!,1,0,0,1,Event,Truvio,https://www.linkedin.com/feed/update/urn:li:activity:7485394354711326720/,https://www.linkedin.com/company/truvio-official/posts/
Truvio,49,2026-07-21 07:56,4 minutes or 17 minutes per invoice ⏱️,33,1,9,43,Image,Truvio,https://www.linkedin.com/feed/update/urn:li:activity:7485241360627863553/,https://www.linkedin.com/company/truvio-official/posts/
Truvio,50,2026-07-20 18:12,"☀️ This summer, invest in your operations, and you might just win your next beach day!",32,0,5,37,Image,Truvio,https://www.linkedin.com/feed/update/urn:li:activity:7485033843909992448/,https://www.linkedin.com/company/truvio-official/posts/
Equisys,1,2026-09-15 09:56,Join us as our panel of product experts and support specialists answer your Zetadocs Capture and Zetadocs Expenses-related questions live during our 'Ask Us Anything' webinars!,3,0,7,10,Image,Equisys,https://www.linkedin.com/feed/update/urn:li:activity:7505565286411063296/,https://www.linkedin.com/company/equisys/posts/
Equisys,2,2026-09-08 11:30,"Whether you're just starting to consider a change to your processes or actively assessing solutions, our resource center has all the tools you need to evaluate AP automation, expense management and do",1,0,3,4,Image,Equisys,https://www.linkedin.com/feed/update/urn:li:activity:7503052041250934806/,https://www.linkedin.com/company/equisys/posts/
Equisys,3,2026-09-01 11:30,Join us as our panel of product experts and support specialists answer your Zetadocs Capture and Zetadocs Expenses-related questions live during our 'Ask Us Anything' webinars!,3,0,7,10,Image,Equisys,https://www.linkedin.com/feed/update/urn:li:activity:7500515319464058880/,https://www.linkedin.com/company/equisys/posts/
Equisys,4,2026-08-14 13:00,"Our Implementation Services help Business Central partners deliver faster, smoother Zetadocs projects for their customers with less risk and more predictable outcomes. Read the full article here:",4,0,3,7,Image,Equisys,https://www.linkedin.com/feed/update/urn:li:activity:7494015007639334912/,https://www.linkedin.com/company/equisys/posts/
Equisys,5,2026-07-28 09:25,"Manage your documents more effectively, rather than just storing them in a repository. Discover why Business Central customers choose Zetadocs Capture with SharePoint in this article:",3,0,4,7,Image,Equisys,https://www.linkedin.com/feed/update/urn:li:activity:7487800383118032896/,https://www.linkedin.com/company/equisys/posts/
Equisys,6,2026-07-14 11:30,Cut costs without compromising control 💼,4,0,2,6,Image,Equisys,https://www.linkedin.com/feed/update/urn:li:activity:7482758322664869890/,https://www.linkedin.com/company/equisys/posts/
Equisys,7,2026-07-07 11:45,"With Zetadocs, you can drag and drop supporting documents against a journal entry in Business Central. This provides context or justification for a transaction, with documents instantly accessible on",4,1,2,7,Image,Equisys,https://www.linkedin.com/feed/update/urn:li:activity:7480225562238685185/,https://www.linkedin.com/company/equisys/posts/
Equisys,8,2026-06-25 11:33,Missed our recent webinar Catch up now!,6,0,2,8,Video,Equisys,https://www.linkedin.com/feed/update/urn:li:activity:7475873917270822912/,https://www.linkedin.com/company/equisys/posts/
Equisys,9,2026-06-10 09:16,"We're just a few hours away from our webinar, 'Discover THE BEST AP Automation Solution for Business Central'!",0,0,1,1,Image,Equisys,https://www.linkedin.com/feed/update/urn:li:activity:7470403616667947009/,https://www.linkedin.com/company/equisys/posts/
Equisys,10,2026-06-09 14:56,There's less than 24 hours left to register for our webinar - 'Discover THE BEST AP Automation solution for Business Central',2,0,3,5,Image,Equisys,https://www.linkedin.com/feed/update/urn:li:activity:7470126776522788865/,https://www.linkedin.com/company/equisys/posts/
Equisys,11,2026-03-27 15:27,We're delighted to be part of this exciting event that takes an in-depth look at AP Automation options for Microsoft Dynamics 365 Business Central.,3,0,1,4,Image,Equisys,https://www.linkedin.com/feed/update/urn:li:activity:7443317734987345920/,https://www.linkedin.com/company/equisys/posts/
Equisys,12,2026-03-18 13:45,"Zetadocs Expenses offers a smooth expense workflow right out-of-the-box, with minimal training required for both finance teams and the submitters.",4,0,1,5,Image,Equisys,https://www.linkedin.com/feed/update/urn:li:activity:7440030525597220865/,https://www.linkedin.com/company/equisys/posts/
Equisys,13,2026-03-11 11:27,It's not too late to reserve your space on today's Lunch Learn event!,3,0,5,8,Image,Equisys,https://www.linkedin.com/feed/update/urn:li:activity:7437459098012631040/,https://www.linkedin.com/company/equisys/posts/
Equisys,14,2026-03-10 10:23,It's not too late - join a Lunch Learn event this week to learn how to get even more out of your Zetadocs investment. Book your place now via the links:,3,0,2,5,Image,Equisys,https://www.linkedin.com/feed/update/urn:li:activity:7437080598629793792/,https://www.linkedin.com/company/equisys/posts/
Equisys,15,2026-03-06 13:49,Our Lunch Learn series starts next week! Are you registered yet Each session will last around 15 minutes and is designed to demonstrate tricks and tips to help existing Zetadocs customers get more,0,0,1,1,Image,Equisys,https://www.linkedin.com/feed/update/urn:li:activity:7435682886860673024/,https://www.linkedin.com/company/equisys/posts/
Equisys,16,2026-03-02 15:30,Looking forward to being part of this great event!,1,0,0,1,Image,ERP Software Blog,https://www.linkedin.com/feed/update/urn:li:activity:7434258762414338049/,https://www.linkedin.com/company/equisys/posts/
Equisys,17,2026-02-26 15:27,"Looking for an expense management solution built for Business Central, ready to go straight away Look no further than Zetadocs Expenses.",7,0,2,9,Image,Equisys,https://www.linkedin.com/feed/update/urn:li:activity:7432808568292204545/,https://www.linkedin.com/company/equisys/posts/
Equisys,18,2026-01-28 16:15,Even the most well-written expense policies can prove difficult to enforce across a company. This whitepaper discusses the hurdles finance teams face when it comes to policy enforcement and compliance,7,0,4,11,Image,Equisys,https://www.linkedin.com/feed/update/urn:li:activity:7422311288229396481/,https://www.linkedin.com/company/equisys/posts/
Equisys,19,2026-01-20 15:43,"See how Zetadocs can transform the way you work. Book a demo today to explore any of our AP automation, document management or expense management solutions in action.",6,0,4,10,Image,Equisys,https://www.linkedin.com/feed/update/urn:li:activity:7419404126649769985/,https://www.linkedin.com/company/equisys/posts/
Equisys,20,2026-01-14 10:35,"The future of accounts payable is automated. Explore expert perspectives on how AI and accounting technology will drive efficiency, accuracy and better decision-making in 2026 in this article. Read he",2,0,0,2,Article/Link,Equisys,https://www.linkedin.com/feed/update/urn:li:activity:7417152357836201984/,https://www.linkedin.com/company/equisys/posts/
Equisys,21,2026-01-13 13:02,Zetadocs Delivery helps finance teams spend less time on admin and more time on what really matters. Learn more about how it could help save your team time money here:,3,0,2,5,Image,Equisys,https://www.linkedin.com/feed/update/urn:li:activity:7416827007893700608/,https://www.linkedin.com/company/equisys/posts/
Equisys,22,2026-01-08 15:03,Learn how to build a clear travel and entertainment expenses policy that's easy to consistently enforce in this blog post:,1,0,1,2,Image,Equisys,https://www.linkedin.com/feed/update/urn:li:activity:7415045518608969728/,https://www.linkedin.com/company/equisys/posts/
Equisys,23,2026-01-07 15:53,"Still chasing approvals and fixing errors AP automation removes bottlenecks, speeds up approvals and helps teams scale without the stress.",0,0,0,0,Article/Link,Equisys,https://www.linkedin.com/feed/update/urn:li:activity:7414695566208811009/,https://www.linkedin.com/company/equisys/posts/
Equisys,24,2025-12-10 16:17,"Many employees feel unsure about what they can expense, even if upper management think they have a clear expense policy. Solutions like Zetadocs Expenses help remove that confusion and keep everyone c",1,0,1,2,Image,Equisys,https://www.linkedin.com/feed/update/urn:li:activity:7404554818054422528/,https://www.linkedin.com/company/equisys/posts/
Equisys,25,2025-12-05 13:48,"AI in ERP is accelerating fast, and ISVs are leading the way with practical, real-world innovations. Read this article to find out why AI-driven ISV solutions, like Zetadocs, are becoming even more cr",3,0,2,5,Article/Link,Equisys,https://www.linkedin.com/feed/update/urn:li:activity:7402705536359571457/,https://www.linkedin.com/company/equisys/posts/
Equisys,26,2025-11-26 14:54,This month we're celebrating 15 years of the Equisys blog! Here's some of the highlights from along the way...,3,0,1,4,Document/Carousel (PDF),Equisys,https://www.linkedin.com/feed/update/urn:li:activity:7399460639901130752/,https://www.linkedin.com/company/equisys/posts/
Equisys,27,2025-11-14 15:57,Accounting teams in the manufacturing industry (and beyond) are facing challenges with manual AP workflows. Check out this article on why automating AP is a game-changer across industries:,1,0,0,1,Article/Link,Equisys,https://www.linkedin.com/feed/update/urn:li:activity:7395127780033789953/,https://www.linkedin.com/company/equisys/posts/
Equisys,28,2025-11-06 15:37,Thank you to all who stopped by our booth at Directions,11,0,2,13,Image,Equisys,https://www.linkedin.com/feed/update/urn:li:activity:7392223608443674624/,https://www.linkedin.com/company/equisys/posts/
Equisys,29,2025-11-05 14:35,Our team is really enjoying the informative sessions and great conversations happening at Directions,1,0,0,1,Image,Equisys,https://www.linkedin.com/feed/update/urn:li:activity:7391845502817837056/,https://www.linkedin.com/company/equisys/posts/
Equisys,30,2025-11-04 11:50,We're delighted to be at Directions,23,0,5,28,Image,Equisys,https://www.linkedin.com/feed/update/urn:li:activity:7391441694900256768/,https://www.linkedin.com/company/equisys/posts/
Equisys,31,2025-10-22 12:28,"We're excited to be heading to Directions EMEA next week! If you're attending, we'd love to connect and show you how Zetadocs can simplify AP automation, expense management and document automation. Le",14,0,7,21,Image,Equisys,https://www.linkedin.com/feed/update/urn:li:activity:7386740316340645889/,https://www.linkedin.com/company/equisys/posts/
Equisys,32,2025-10-17 14:50,"It's almost time for Demo Week! From October 20-24, we're offering live, personalized demos of our expense management solution. This is a great opportunity to see how Zetadocs Expenses can make your e",3,0,2,5,Image,Equisys,https://www.linkedin.com/feed/update/urn:li:activity:7384963993129472000/,https://www.linkedin.com/company/equisys/posts/
Equisys,33,2025-09-25 14:30,Join us for our webinar!,0,0,1,1,Article/Link,Equisys,https://www.linkedin.com/feed/update/urn:li:activity:7376986386958295041/,https://www.linkedin.com/company/equisys/posts/
Equisys,34,2025-09-25 11:24,We're delighted to partner with Z9Works Inc. and look forward to helping your customers!,0,0,0,0,Image,Oleg Zenine,https://www.linkedin.com/feed/update/urn:li:activity:7376939640907382784/,https://www.linkedin.com/company/equisys/posts/
Medius,1,2026-09-16 14:15,"Every quarter, we take a moment to recognize the people who don't just know our values. They show them.",8,0,0,8,Document/Carousel (PDF),Medius,https://www.linkedin.com/feed/update/urn:li:activity:7505992672537477120/,https://www.linkedin.com/company/medius/posts/
Medius,2,2026-09-16 08:15,Great news from Benelux.,156,27,2,185,Image,Medius,https://www.linkedin.com/feed/update/urn:li:activity:7505902045745491968/,https://www.linkedin.com/company/medius/posts/
Medius,3,2026-09-15 13:32,"Today's finance leaders are coming face-to-face with the AP perception gap. 90% say they're satisfied with their current AP technology, yet 45% of teams still say up to 40% of their invoices are paid",9,0,0,9,Image,Medius,https://www.linkedin.com/feed/update/urn:li:activity:7505619525279842304/,https://www.linkedin.com/company/medius/posts/
Medius,4,2026-09-14 13:53,Medius is pleased to announce the appointment of Kevin Young the role of Chief Marketing Officer.,100,3,1,104,Image,Medius,https://www.linkedin.com/feed/update/urn:li:activity:7505262448413671424/,https://www.linkedin.com/company/medius/posts/
Medius,5,2026-09-14 08:13,The best conversations don't always need a stage.,56,3,7,66,Video,Medius,https://www.linkedin.com/feed/update/urn:li:activity:7505176795525083138/,https://www.linkedin.com/company/medius/posts/
Medius,6,2026-09-11 05:30,What does it take to truly understand B2B payments,12,0,1,13,Image,Medius,https://www.linkedin.com/feed/update/urn:li:activity:7504048659550855168/,https://www.linkedin.com/company/medius/posts/
Medius,7,2026-09-09 14:30,We're excited to announce that Medius and Thomson Reuters have extended their partnership to help US finance teams manage taxes.,112,0,27,139,Image,Medius,https://www.linkedin.com/feed/update/urn:li:activity:7503459817491955712/,https://www.linkedin.com/company/medius/posts/
Medius,8,2026-09-07 10:57,"""Within the first days of France's e-invoicing mandate, thousands of invoices have already been processed through the Medius Approved Platform, with numbers growing rapidly. We know this has been a jo",42,0,10,52,Image,Medius,https://www.linkedin.com/feed/update/urn:li:activity:7502681502728601600/,https://www.linkedin.com/company/medius/posts/
Medius,9,2026-09-04 17:44,"87% of finance leaders have personally ignored a small expense, reimbursement, or claim they believed was fraudulent.",9,0,1,10,Document/Carousel (PDF),Medius,https://www.linkedin.com/feed/update/urn:li:activity:7501696715742351362/,https://www.linkedin.com/company/medius/posts/
Medius,10,2026-08-24 13:30,"Join the Medius team at the upcoming inPOWER User Conference, taking place September 14-17 in Pewaukee, Wisconsin.",13,1,1,15,Image,Medius,https://www.linkedin.com/feed/update/urn:li:activity:7497646475758157824/,https://www.linkedin.com/company/medius/posts/
Medius,11,2026-08-21 16:12,"What better way to close out the week than with a new edition of MediusExplains Today, we're discussing the 5 signs your AP process is costing you spend visibility.",13,0,3,16,Document/Carousel (PDF),Medius,https://www.linkedin.com/feed/update/urn:li:activity:7496600050375176192/,https://www.linkedin.com/company/medius/posts/
Medius,12,2026-08-20 13:30,"Mark your calendars! Our Top Tips in Action live interactive webinar is coming up on September 9, 10:00 - 10:30 AM ET.",12,0,4,16,Image,Medius,https://www.linkedin.com/feed/update/urn:li:activity:7496196895950934016/,https://www.linkedin.com/company/medius/posts/
Medius,13,2026-08-19 11:49,Invoices processed in one day.,26,0,9,35,Image,Medius,https://www.linkedin.com/feed/update/urn:li:activity:7495809285231308800/,https://www.linkedin.com/company/medius/posts/
Medius,14,2026-08-18 13:15,What are the most common causes of late payments in B2B,6,0,0,6,Article/Link,Medius,https://www.linkedin.com/feed/update/urn:li:activity:7495468528150568961/,https://www.linkedin.com/company/medius/posts/
Medius,15,2026-08-17 13:30,"Medius will be at JDE INFOCUS 2026, taking place September 21-23 in Denver, Colorado. This three-day event will join the JD Edwards community for hands-on learning, practical insights, and real connec",16,0,0,16,Image,Medius,https://www.linkedin.com/feed/update/urn:li:activity:7495109706479218688/,https://www.linkedin.com/company/medius/posts/
Medius,16,2026-08-13 11:45,A failed invoice match in manufacturing isn't just an AP problem.,7,0,2,9,Article/Link,Medius,https://www.linkedin.com/feed/update/urn:li:activity:7493633738174742530/,https://www.linkedin.com/company/medius/posts/
Medius,17,2026-08-12 14:30,58% of AP teams are already using or piloting AI. The other 42% are watching the gap widen.,12,0,1,13,Image,Medius,https://www.linkedin.com/feed/update/urn:li:activity:7493312928813719553/,https://www.linkedin.com/company/medius/posts/
Medius,18,2026-08-11 13:30,Join us on August 26 for our Explore Medius: Compliance E-invoicing live webinar.,68,0,5,73,Image,Medius,https://www.linkedin.com/feed/update/urn:li:activity:7492935358167347201/,https://www.linkedin.com/company/medius/posts/
Medius,19,2026-08-10 13:30,Duplicate payments in retail don't usually look like duplicates.,7,0,0,7,Article/Link,Medius,https://www.linkedin.com/feed/update/urn:li:activity:7492573025675157504/,https://www.linkedin.com/company/medius/posts/
Medius,20,2026-08-06 13:30,"Join us on August 20 for our Medius Momentum: Q3 2026 Product Update, a live webinar featuring our own Graeme Chard, SVP, Product Marketing, as he provides an update on the Q3 product roadmap for the",35,2,4,41,Image,Medius,https://www.linkedin.com/feed/update/urn:li:activity:7491123449978015744/,https://www.linkedin.com/company/medius/posts/
Medius,21,2026-08-04 12:15,Most enterprise finance teams aren't waiting on budget to modernize AP. They're waiting on IT. And IT is waiting on the ERP.,5,1,0,6,Image,Medius,https://www.linkedin.com/feed/update/urn:li:activity:7490379801422180353/,https://www.linkedin.com/company/medius/posts/
Medius,22,2026-08-04 09:30,"⚙️Great Northern Equipment: small team, big efficiency gains",33,0,10,43,Image,Medius,https://www.linkedin.com/feed/update/urn:li:activity:7490338242291089408/,https://www.linkedin.com/company/medius/posts/
Medius,23,2026-07-31 14:00,We had a great time this week at the Microsoft AI Business Solutions Partner Executive Summit.,63,0,1,64,Multi-image (4),Medius,https://www.linkedin.com/feed/update/urn:li:activity:7488956699341660160/,https://www.linkedin.com/company/medius/posts/
Medius,24,2026-07-21 06:30,"In the food and beverage industry, fast-moving operations require real-time invoicing and tight delivery schedules.",7,0,0,7,Image,Medius,https://www.linkedin.com/feed/update/urn:li:activity:7485219532903632897/,https://www.linkedin.com/company/medius/posts/
Medius,25,2026-07-16 13:45,"Choosing AP solutions can be as complex and confusing as managing AP itself, but we think analysis like this from Gartner® can help clarify which solution might be right for you.",34,0,6,40,Image,Medius,https://www.linkedin.com/feed/update/urn:li:activity:7483517063592824833/,https://www.linkedin.com/company/medius/posts/
Medius,26,2026-07-15 14:15,"You're already running AP on Medius. Invoices are moving, approvals are flowing, payments are going out.",44,0,6,50,Image,Medius,https://www.linkedin.com/feed/update/urn:li:activity:7483162210786148352/,https://www.linkedin.com/company/medius/posts/
Medius,27,2026-07-14 09:45,🔧 Say goodbye to AP exceptions with intelligent automation,15,0,1,16,Image,Medius,https://www.linkedin.com/feed/update/urn:li:activity:7482731871072747520/,https://www.linkedin.com/company/medius/posts/
Medius,28,2026-07-09 13:45,"The most significant financial leaks in transportation rarely appear on the invoice header. They are buried in the line items-fuel surcharges, demurrage, and accessorial fees that go unverified due to",10,0,0,10,Image,Medius,https://www.linkedin.com/feed/update/urn:li:activity:7480980347174903808/,https://www.linkedin.com/company/medius/posts/
Medius,29,2026-07-08 10:45,"Late payments affect most businesses, even those using e-invoicing.",15,0,2,17,Image,Medius,https://www.linkedin.com/feed/update/urn:li:activity:7480572675447496704/,https://www.linkedin.com/company/medius/posts/
Medius,30,2026-07-07 14:15,Is your payment mix actually working for you - or against you,13,0,2,15,Image,Medius,https://www.linkedin.com/feed/update/urn:li:activity:7480263107756490752/,https://www.linkedin.com/company/medius/posts/
Medius,31,2026-07-03 06:45,Finance and diplomacy have more in common than you'd think.,137,1,7,145,Multi-image (7),Medius,https://www.linkedin.com/feed/update/urn:li:activity:7478700357691465729/,https://www.linkedin.com/company/medius/posts/
Medius,32,2026-07-02 14:15,"Nobody goes into a finance role thinking ""I can't wait to spend my week managing late payments."" And yet for 52% of European companies, that's the reality.",16,0,1,17,Image,Medius,https://www.linkedin.com/feed/update/urn:li:activity:7478451184362758144/,https://www.linkedin.com/company/medius/posts/
Medius,33,2026-07-01 11:45,💡Thorlux Lighting's journey to AP excellence,29,0,4,33,Image,Medius,https://www.linkedin.com/feed/update/urn:li:activity:7478051031889678336/,https://www.linkedin.com/company/medius/posts/
Medius,34,2026-06-30 15:30,"Manual exception handling. Fragmented workflows. Decisions made after the fact. If that sounds familiar, you're not alone.",26,1,2,29,Image,Medius,https://www.linkedin.com/feed/update/urn:li:activity:7477745270621933568/,https://www.linkedin.com/company/medius/posts/
Medius,35,2026-06-29 07:00,"If July gives you a little breathing room, why not use it to learn something new about AP",10,0,1,11,Document/Carousel (PDF),Medius,https://www.linkedin.com/feed/update/urn:li:activity:7477254531911929858/,https://www.linkedin.com/company/medius/posts/
Medius,36,2026-06-26 13:45,Many legacy AP systems simply weren't built for the complexity of freight charges. The result is often a manual workaround that sacrifices both accuracy and speed.,23,0,2,25,Image,Medius,https://www.linkedin.com/feed/update/urn:li:activity:7476269317928431616/,https://www.linkedin.com/company/medius/posts/
Medius,37,2026-06-25 17:10,"A new edition of MediusExplains Don't mind if we do! Today, we're discussing how AP automation is enabling improved productivity and faster finance.",13,0,1,14,Document/Carousel (PDF),Medius,https://www.linkedin.com/feed/update/urn:li:activity:7475958568970571777/,https://www.linkedin.com/company/medius/posts/
Medius,38,2026-06-15 15:45,E-invoicing is no longer just a compliance checkbox - it's becoming a competitive edge.,12,0,6,18,Image,Medius,https://www.linkedin.com/feed/update/urn:li:activity:7472313223413813248/,https://www.linkedin.com/company/medius/posts/
Medius,39,2026-06-15 14:22,Looking forward to this. Hope to see you join us on July 15.,25,0,5,30,Image,SSON,https://www.linkedin.com/feed/update/urn:li:activity:7472292462192156673/,https://www.linkedin.com/company/medius/posts/
Medius,40,2026-06-11 10:45,Garment manufacturing doesn't slow down for admin.,15,0,0,15,Image,Medius,https://www.linkedin.com/feed/update/urn:li:activity:7470788172197552128/,https://www.linkedin.com/company/medius/posts/
Medius,41,2026-06-10 11:00,🏭 How is AI revolutionizing manufacturing AP processes,14,0,2,16,Image,Medius,https://www.linkedin.com/feed/update/urn:li:activity:7470429561697140736/,https://www.linkedin.com/company/medius/posts/
Medius,42,2026-06-09 08:11,"""How do I improve AP without disrupting our ERP """,11,0,2,13,Image,Medius,https://www.linkedin.com/feed/update/urn:li:activity:7470024778775453696/,https://www.linkedin.com/company/medius/posts/
Medius,43,2026-06-08 10:18,"Speed used to be the whole AP conversation. Process faster, close faster, repeat.",65,0,3,68,Multi-image (5),Medius,https://www.linkedin.com/feed/update/urn:li:activity:7469694250100871168/,https://www.linkedin.com/company/medius/posts/
Medius,44,2026-06-03 07:53,Still manually chasing invoice approvals in Infor LN There's a better way.,24,0,4,28,Image,Medius,https://www.linkedin.com/feed/update/urn:li:activity:7467845841391611904/,https://www.linkedin.com/company/medius/posts/
Medius,45,2026-06-01 15:59,"""AI-powered"" has become the default claim in AP automation. But the question worth asking is: powered by what data",10,1,0,11,Article/Link,Medius,https://www.linkedin.com/feed/update/urn:li:activity:7467243332553924608/,https://www.linkedin.com/company/medius/posts/
Medius,46,2026-05-29 10:15,Got 30 minutes We've got plenty of reasons to spend them with us in June.,12,0,0,12,Document/Carousel (PDF),Medius,https://www.linkedin.com/feed/update/urn:li:activity:7466069605963280385/,https://www.linkedin.com/company/medius/posts/
Medius,47,2026-05-28 22:06,Excited to work with Antaras for our webinar on June 11 where finance teams using Infor LN can reduce manual work and increase efficiency with AI-driven Accounts Payable automation.,2,1,1,4,Image,Antaras,https://www.linkedin.com/feed/update/urn:li:activity:7465886157067685888/,https://www.linkedin.com/company/medius/posts/
Medius,48,2026-05-28 19:47,"Medius is excited to announce that we've reached 30,000 LinkedIn followers! A big THANK YOU to our growing community of AP and finance professionals and enthusiasts for being alongside us on this jour",76,0,0,76,Image,Medius,https://www.linkedin.com/feed/update/urn:li:activity:7465851258378035200/,https://www.linkedin.com/company/medius/posts/
Medius,49,2026-05-28 08:45,Three days. A very nice corner of Slovenia. And more AP conversations than we can count.,69,7,0,76,Multi-image (6),Medius,https://www.linkedin.com/feed/update/urn:li:activity:7465684547872055299/,https://www.linkedin.com/company/medius/posts/
Medius,50,2026-05-28 06:18,We had an amazing day 1 at the Gartner Finance Symposium/Xpo™ 2026! We greeted finance leaders to talk about the magic of AI in Accounts Payable at Medius and even entertained the guests with a magici,108,0,5,113,Multi-image (6),Medius,https://www.linkedin.com/feed/update/urn:li:activity:7465647587761655828/,https://www.linkedin.com/company/medius/posts/
Qvalia,1,2026-09-16 10:25,"🇦🇪 We are glad to support the UAE Buyer's Guide to E-Invoicing Tax Compliance, produced by billentis, The Invoicing Hub, and sharedserviceslink. This independent guide helps organizations choose a",9,0,1,10,Image,Susie West,https://www.linkedin.com/feed/update/urn:li:activity:7505934833659961344/,https://www.linkedin.com/company/qvalia/posts/
Qvalia,2,2026-09-04 08:05,"Peppol for developers: 10 common invoice errors and how to fix them. From recipient IDs and profile mismatches to VAT, rounding, and routing issues, this guide explains where invoices fail and what to",8,0,1,9,Image,Qvalia,https://www.linkedin.com/feed/update/urn:li:activity:7501550906727923712/,https://www.linkedin.com/company/qvalia/posts/
Qvalia,3,2026-06-10 08:18,E-invoicing mandates are becoming infrastructure decisions.,5,0,1,6,Image,Qvalia,https://www.linkedin.com/feed/update/urn:li:activity:7470388817791860737/,https://www.linkedin.com/company/qvalia/posts/
Qvalia,4,2026-06-09 06:50,The new Billentis report on the global e-invoicing market is here. 🌐,8,2,0,10,Image,Qvalia,https://www.linkedin.com/feed/update/urn:li:activity:7470004295195734017/,https://www.linkedin.com/company/qvalia/posts/
Qvalia,5,2026-06-01 08:18,Slovakia's eFaktúra framework is another important step in Europe's transition toward structured electronic invoicing.,29,0,2,31,Image,Qvalia,https://www.linkedin.com/feed/update/urn:li:activity:7467127330210078722/,https://www.linkedin.com/company/qvalia/posts/
Qvalia,6,2026-05-28 07:08,Qvalia is now certified for Slovakia e-invoicing under the eFaktúra framework.,33,1,6,40,Image,Qvalia,https://www.linkedin.com/feed/update/urn:li:activity:7465660148884291585/,https://www.linkedin.com/company/qvalia/posts/
Qvalia,7,2026-05-12 07:50,"🔃 Qvalia's Business Continuity Management System has now been certified against ISO 22301:2019, the international standard for business continuity planning and organizational resilience.",6,0,1,7,Image,Qvalia,https://www.linkedin.com/feed/update/urn:li:activity:7459872521908281345/,https://www.linkedin.com/company/qvalia/posts/
Qvalia,8,2026-04-30 07:10,🔒 Qvalia is now listed in the Cloud Security Alliance STAR Registry.,8,1,0,9,Image,Qvalia,https://www.linkedin.com/feed/update/urn:li:activity:7455513854815506432/,https://www.linkedin.com/company/qvalia/posts/
Qvalia,9,2026-04-21 07:45,📲 Qvalia is now available on iPhone and Android.,42,5,5,52,Image,Qvalia,https://www.linkedin.com/feed/update/urn:li:activity:7452261177042104321/,https://www.linkedin.com/company/qvalia/posts/
Qvalia,10,2025-12-19 08:34,"In 2025, we expanded Qvalia's platform across nearly all fronts. Fredrik Forsell highlights the year's product updates - from new APIs to AI capabilities.",13,1,2,16,Image,Qvalia,https://www.linkedin.com/feed/update/urn:li:activity:7407699784410664961/,https://www.linkedin.com/company/qvalia/posts/
Qvalia,11,2025-12-01 07:19,🌐 [Peppol for developers] How to get started with Peppol API.,9,0,1,10,Image,Qvalia,https://www.linkedin.com/feed/update/urn:li:activity:7401157892222922752/,https://www.linkedin.com/company/qvalia/posts/
Qvalia,12,2025-11-21 07:22,👉 Belgium mandates,9,0,1,10,Image,Qvalia,https://www.linkedin.com/feed/update/urn:li:activity:7397534958996750336/,https://www.linkedin.com/company/qvalia/posts/
Qvalia,13,2025-11-13 13:02,"🌐 The 2026 Peppol country guide - full list, status, and coverage map. Learn where",14,0,0,14,Image,Qvalia,https://www.linkedin.com/feed/update/urn:li:activity:7394721214583193601/,https://www.linkedin.com/company/qvalia/posts/
Qvalia,14,2025-10-16 14:47,Thank you to everyone who joined today's webinar with Julius Nilsson from Docupath and Henri Taipale on,29,3,3,35,Multi-image (2),Qvalia,https://www.linkedin.com/feed/update/urn:li:activity:7384600983856742400/,https://www.linkedin.com/company/qvalia/posts/
Qvalia,15,2025-10-07 12:00,[Upcoming webinar] AI-ready finance with Intelligent Document Processing,25,0,7,32,Image,Qvalia,https://www.linkedin.com/feed/update/urn:li:activity:7381297311949336576/,https://www.linkedin.com/company/qvalia/posts/
Qvalia,16,2025-09-24 13:34,Great day at Qvalia together with our friends from Amazon Web Services (AWS).,81,3,8,92,Image,Qvalia,https://www.linkedin.com/feed/update/urn:li:activity:7376610103166197760/,https://www.linkedin.com/company/qvalia/posts/
Qvalia,17,2025-09-24 06:23,"Connect is more than digital invoicing. It's your gateway to automation, compliance, and smarter financial management.",4,1,0,5,Article/Link,Qvalia,https://www.linkedin.com/feed/update/urn:li:activity:7376501398773010432/,https://www.linkedin.com/company/qvalia/posts/
AMC Banking,1,2026-09-15 08:30,🌍 More banks. More markets. More coverage.,7,0,0,7,Article/Link,AMC Banking,https://www.linkedin.com/feed/update/urn:li:activity:7505543652060901376/,https://www.linkedin.com/company/amc-banking/posts/
AMC Banking,2,2026-09-07 11:46,Working with multiple banks shouldn't mean working with multiple banking processes.,4,0,1,5,Text,AMC Banking,https://www.linkedin.com/feed/update/urn:li:activity:7502693793981186048/,https://www.linkedin.com/company/amc-banking/posts/
AMC Banking,3,2026-08-25 08:01,What do you learn from 30+ years of working with bank integration,18,1,1,20,Image,AMC Banking,https://www.linkedin.com/feed/update/urn:li:activity:7497926223285673984/,https://www.linkedin.com/company/amc-banking/posts/
AMC Banking,4,2026-08-13 08:55,How many systems does your finance team touch just to make a payment 👇,12,1,0,13,Article/Link,AMC Banking,https://www.linkedin.com/feed/update/urn:li:activity:7493591110922133504/,https://www.linkedin.com/company/amc-banking/posts/
AMC Banking,5,2026-06-23 10:49,"Before summer kicks off, we wanted to share a small milestone from AMC Banking.",13,2,2,17,Image,AMC Banking,https://www.linkedin.com/feed/update/urn:li:activity:7475138045273374721/,https://www.linkedin.com/company/amc-banking/posts/
AMC Banking,6,2026-06-15 08:31,Your biggest compliance risk might be a process nobody questions anymore,6,0,2,8,Article/Link,AMC Banking,https://www.linkedin.com/feed/update/urn:li:activity:7472204084519968769/,https://www.linkedin.com/company/amc-banking/posts/
AMC Banking,7,2026-06-02 07:30,Thanks to everybody who showed up for the reception in our new building! We are looking forward to show it once we are done renovating it.,29,1,0,30,Multi-image (7),AMC Banking,https://www.linkedin.com/feed/update/urn:li:activity:7467477699570143232/,https://www.linkedin.com/company/amc-banking/posts/
AMC Banking,8,2026-05-18 07:34,You can still register for our reception next week if you would like to swing by and say hi.,0,0,0,0,Event,AMC Banking,https://www.linkedin.com/feed/update/urn:li:activity:7462042992778936320/,https://www.linkedin.com/company/amc-banking/posts/
AMC Banking,9,2026-05-06 13:52,"AMC Banking operates under Service Provider Agreements with selected banks, providing a more structured framework for bank integration and onboarding.",9,0,0,9,Text,AMC Banking,https://www.linkedin.com/feed/update/urn:li:activity:7457789357861732352/,https://www.linkedin.com/company/amc-banking/posts/
AMC Banking,10,2026-02-05 10:30,Bank integration: Myth vs reality,11,0,3,14,Video,AMC Banking,https://www.linkedin.com/feed/update/urn:li:activity:7425123553756282881/,https://www.linkedin.com/company/amc-banking/posts/
AMC Banking,11,2026-02-03 14:15,"The AMC Banking webinar series offers: demos, new features, use cases and Q A, focused on simplifying cash management in Dynamics 365.",10,0,1,11,Video,AMC Banking,https://www.linkedin.com/feed/update/urn:li:activity:7424455443017641984/,https://www.linkedin.com/company/amc-banking/posts/
AMC Banking,12,2026-01-30 10:19,,4,0,0,4,Document/Carousel (PDF),AMC Banking,https://www.linkedin.com/feed/update/urn:li:activity:7422946553084166144/,https://www.linkedin.com/company/amc-banking/posts/
AMC Banking,13,2026-01-28 10:59,ERP bank integration is rarely 'plug-and-play'.,23,0,0,23,Image,AMC Banking,https://www.linkedin.com/feed/update/urn:li:activity:7422231777206988800/,https://www.linkedin.com/company/amc-banking/posts/
AMC Banking,14,2025-12-12 09:23,We bought The White House... at Frederiksberg.,30,3,2,35,Article/Link,AMC Banking,https://www.linkedin.com/feed/update/urn:li:activity:7405175559128883200/,https://www.linkedin.com/company/amc-banking/posts/
AMC Banking,15,2025-12-03 12:04,You can still sign up for our webinar tomorrow where we take a deep dive into the capabilities of our brand new Business Central app.,4,0,0,4,Article/Link,AMC Banking,https://www.linkedin.com/feed/update/urn:li:activity:7401954468214489088/,https://www.linkedin.com/company/amc-banking/posts/
AMC Banking,16,2025-11-20 12:28,"Discover our new app designed to simplify and automate cash management directly inside Microsoft Dynamics 365 Business Central. AMC Banking 365 BC centralizes your banking activities, offering intelli",6,0,0,6,Video,AMC Banking,https://www.linkedin.com/feed/update/urn:li:activity:7397249382703697920/,https://www.linkedin.com/company/amc-banking/posts/
AMC Banking,17,2025-10-28 13:31,"📣 In case you have not yet signed up for our treasury extension webinar about cash sweeping, you can still make it.",5,0,0,5,Article/Link,AMC Banking,https://www.linkedin.com/feed/update/urn:li:activity:7388930410455502848/,https://www.linkedin.com/company/amc-banking/posts/
AMC Banking,18,2025-10-14 12:41,"In this webinar, we'll take you through how AMC Banking's",10,0,0,10,Video,AMC Banking,https://www.linkedin.com/feed/update/urn:li:activity:7383844399052521472/,https://www.linkedin.com/company/amc-banking/posts/
B2Brouter,1,2026-09-16 09:02,🚨 En dos semanas empieza la cuenta atrás de la factura electrónica B2B en España.,0,2,0,2,Multi-image (4),B2Brouter,https://www.linkedin.com/feed/update/urn:li:activity:7505914054385885187/,https://www.linkedin.com/company/b2brouter/posts/
B2Brouter,2,2026-09-15 11:20,One invoice. Two teams behind it.,27,0,2,29,Document/Carousel (PDF),team.blue,https://www.linkedin.com/feed/update/urn:li:activity:7505586357939920896/,https://www.linkedin.com/company/b2brouter/posts/
B2Brouter,3,2026-09-15 09:02,🇫🇷 La réforme de la facturation électronique est entrée en vigueur il y a deux semaines.,3,0,1,4,Image,B2Brouter,https://www.linkedin.com/feed/update/urn:li:activity:7505551520269221888/,https://www.linkedin.com/company/b2brouter/posts/
B2Brouter,4,2026-09-14 09:02,🎒 Zurück im Büro - bereit für die E-Rechnung,3,0,0,3,Image,B2Brouter,https://www.linkedin.com/feed/update/urn:li:activity:7505189127080894464/,https://www.linkedin.com/company/b2brouter/posts/
B2Brouter,5,2026-09-14 09:01,🎒 ¡La vuelta al cole llega con un 30% de descuento!,7,0,2,9,Image,B2Brouter,https://www.linkedin.com/feed/update/urn:li:activity:7505189091102093312/,https://www.linkedin.com/company/b2brouter/posts/
B2Brouter,6,2026-09-10 09:02,"Deutsche E-Rechnung: Was sollten Produktteams klären, bevor die Entwicklung startet 🇩🇪",6,0,1,7,Document/Carousel (PDF),B2Brouter,https://www.linkedin.com/feed/update/urn:li:activity:7503739590260781057/,https://www.linkedin.com/company/b2brouter/posts/
B2Brouter,7,2026-09-09 09:30,"France is only the beginning. For ERP teams, the real challenge isn't adapting to one e-invoicing mandate. It's keeping up with France, Germany, Spain and every market that follows, each with its own",3,0,1,4,Article/Link,Henrik Möller,https://www.linkedin.com/feed/update/urn:li:activity:7503384247764930560/,https://www.linkedin.com/company/b2brouter/posts/
B2Brouter,8,2026-09-09 09:01,"Si crees que la factura electrónica obligatoria es solo subir un archivo a un portal, te falta una pieza clave del rompecabezas: la interoperabilidad. 🧩",1,0,0,1,Text,B2Brouter,https://www.linkedin.com/feed/update/urn:li:activity:7503377107079675905/,https://www.linkedin.com/company/b2brouter/posts/
B2Brouter,9,2026-09-08 09:01,🚨 Vos clients ne veulent pas changer de logiciel. Ils veulent être conformes sans changer leurs habitudes.,2,2,1,5,Text,B2Brouter,https://www.linkedin.com/feed/update/urn:li:activity:7503014724427612160/,https://www.linkedin.com/company/b2brouter/posts/
B2Brouter,10,2026-09-07 09:02,🚀 Comment intégrer la facturation électronique à son logiciel sans complexifier l'expérience utilisateur,9,0,3,12,Article/Link,B2Brouter,https://www.linkedin.com/feed/update/urn:li:activity:7502652387191570432/,https://www.linkedin.com/company/b2brouter/posts/
B2Brouter,11,2026-08-31 08:09,Diqto s'appuie sur B2Brouter pour la facturation électronique via eDocSync.,10,1,2,13,Image,Diqto - Facture électronique pour artisans et indépendants,https://www.linkedin.com/feed/update/urn:li:activity:7500102536599838720/,https://www.linkedin.com/company/b2brouter/posts/
B2Brouter,12,2026-08-27 09:01,⚙️ J-5 : une facture conforme peut malgré tout échouer si vos données clients sont incorrectes.,5,0,1,6,Text,B2Brouter,https://www.linkedin.com/feed/update/urn:li:activity:7498666058657005568/,https://www.linkedin.com/company/b2brouter/posts/
B2Brouter,13,2026-08-25 09:02,⏳ J-7 en France : attendre de voir ce qui se passe n'est plus une stratégie.,11,2,4,17,Image,B2Brouter,https://www.linkedin.com/feed/update/urn:li:activity:7497941339712524289/,https://www.linkedin.com/company/b2brouter/posts/
B2Brouter,14,2026-08-20 09:02,🔍 La facturation électronique n'est que la moitié de la réforme. Avez-vous préparé votre e-reporting,4,4,1,9,Document/Carousel (PDF),B2Brouter,https://www.linkedin.com/feed/update/urn:li:activity:7496129404830633984/,https://www.linkedin.com/company/b2brouter/posts/
B2Brouter,15,2026-08-18 09:01,"⚠️ J-14 avant la réforme : pour les éditeurs de logiciels, le dernier moment est déjà là.",12,7,2,21,Image,B2Brouter,https://www.linkedin.com/feed/update/urn:li:activity:7495404617548177409/,https://www.linkedin.com/company/b2brouter/posts/
B2Brouter,16,2026-08-17 09:02,"Electronic invoicing is accelerating across Europe, and B2Brouter is growing with it. 🌍",5,0,0,5,Article/Link,B2Brouter,https://www.linkedin.com/feed/update/urn:li:activity:7495042297940733953/,https://www.linkedin.com/company/b2brouter/posts/
B2Brouter,17,2026-08-13 12:12,"Ja no hi ha excuses per adoptar la facturació electrònica, queden molt pocs dies i els que segueixen esperant potser no seran a temps de complir amb la legislació.",20,1,2,23,Article/Link,Oriol Bausà,https://www.linkedin.com/feed/update/urn:li:activity:7493640731597684737/,https://www.linkedin.com/company/b2brouter/posts/
B2Brouter,18,2026-08-13 09:01,La réforme française de la facturation électronique ne concerne pas seulement la France. Elle a aussi un impact sur les flux internationaux. 🌍,9,0,1,10,Image,B2Brouter,https://www.linkedin.com/feed/update/urn:li:activity:7493592677385502720/,https://www.linkedin.com/company/b2brouter/posts/
B2Brouter,19,2026-08-12 08:15,"🇫🇷 Si la réforme française paraît simple en septembre, ce ne sera pas parce qu'elle l'est.",0,0,0,0,Article/Link,Oriol Bausà,https://www.linkedin.com/feed/update/urn:li:activity:7493218500002463744/,https://www.linkedin.com/company/b2brouter/posts/
B2Brouter,20,2026-08-11 09:01,El otro día Aleix Gasset se atrevió a explicarnos en un vídeo de dos minutos qué es FACe y cómo funciona.,4,0,0,4,Article/Link,B2Brouter,https://www.linkedin.com/feed/update/urn:li:activity:7492867906616074240/,https://www.linkedin.com/company/b2brouter/posts/
B2Brouter,21,2026-08-10 11:29,📣 𝗣𝗮𝗿𝘁𝗻𝗲𝗿 𝗔𝗻𝗻𝗼𝘂𝗻𝗰𝗲𝗺𝗲𝗻𝘁: 𝗕𝟮𝗕𝗿𝗼𝘂𝘁𝗲𝗿,10,2,3,15,Image,e-Invoice.app,https://www.linkedin.com/feed/update/urn:li:activity:7492542597207433216/,https://www.linkedin.com/company/b2brouter/posts/
B2Brouter,22,2026-08-10 07:49,Le permier Septembre est prochajn!,7,1,2,10,Article/Link,Oriol Bausà,https://www.linkedin.com/feed/update/urn:li:activity:7492487176849506304/,https://www.linkedin.com/company/b2brouter/posts/
B2Brouter,23,2026-08-06 09:01,🇩🇪 Die E-Rechnung in Deutschland ist bereits Realität - trotzdem halten sich noch einige Missverständnisse.,2,0,0,2,Document/Carousel (PDF),B2Brouter,https://www.linkedin.com/feed/update/urn:li:activity:7491055957133934593/,https://www.linkedin.com/company/b2brouter/posts/
B2Brouter,24,2026-08-05 09:02,🏆 B2Brouter talent stands out in London!,38,0,4,42,Multi-image (3),B2Brouter,https://www.linkedin.com/feed/update/urn:li:activity:7490693809140563968/,https://www.linkedin.com/company/b2brouter/posts/
B2Brouter,25,2026-07-24 09:30,La factura electrónica B2B en España ya no es un proyecto de futuro: el momento de prepararse es ahora. ⭐,1,0,0,1,Article/Link,Oriol Bausà,https://www.linkedin.com/feed/update/urn:li:activity:7486351984275677184/,https://www.linkedin.com/company/b2brouter/posts/
B2Brouter,26,2026-07-23 09:02,Plateforme Agréée ou Solution Compatible 🚀,13,4,4,21,Image,B2Brouter,https://www.linkedin.com/feed/update/urn:li:activity:7485982575778443264/,https://www.linkedin.com/company/b2brouter/posts/
B2Brouter,27,2026-07-22 09:12,Can your software support both XRechnung and ZUGFeRD 🇩🇪,5,0,2,7,Image,B2Brouter,https://www.linkedin.com/feed/update/urn:li:activity:7485622841774821376/,https://www.linkedin.com/company/b2brouter/posts/
B2Brouter,28,2026-07-21 10:00,VeriFactu no es el único gran cambio que viene en España 👀,0,0,0,0,Image,Capde —,https://www.linkedin.com/feed/update/urn:li:activity:7485272368173740032/,https://www.linkedin.com/company/b2brouter/posts/
B2Brouter,29,2026-07-21 09:02,🤔 ¿Tienes que enviar todas tus facturas a la AEAT,5,0,2,7,Document/Carousel (PDF),B2Brouter,https://www.linkedin.com/feed/update/urn:li:activity:7485257863351857152/,https://www.linkedin.com/company/b2brouter/posts/
B2Brouter,30,2026-07-20 09:02,¿Cómo puede un ERP incorporar la facturación electrónica sin asumir toda la complejidad técnica y normativa 🤔,9,4,1,14,Article/Link,B2Brouter,https://www.linkedin.com/feed/update/urn:li:activity:7484895424160358401/,https://www.linkedin.com/company/b2brouter/posts/
B2Brouter,31,2026-07-17 08:00,"In his latest article, Henrik Möller asks a simple question: if we could rebuild the e-invoicing market from scratch today, what would we do differently",3,0,0,3,Article/Link,Henrik Möller,https://www.linkedin.com/feed/update/urn:li:activity:7483792622466056192/,https://www.linkedin.com/company/b2brouter/posts/
B2Brouter,32,2026-07-16 09:02,"La réforme fiscale française ne se limite pas à ""envoyer des factures électroniques"". 🏛️",14,0,4,18,Document/Carousel (PDF),B2Brouter,https://www.linkedin.com/feed/update/urn:li:activity:7483446070107287552/,https://www.linkedin.com/company/b2brouter/posts/
B2Brouter,33,2026-07-16 07:23,Meet our Sales Team 👋,9,0,3,12,Document/Carousel (PDF),B2Brouter,https://www.linkedin.com/feed/update/urn:li:activity:7483421106842832896/,https://www.linkedin.com/company/b2brouter/posts/
B2Brouter,34,2026-07-14 09:02,La factura electrónica no va solo de enviar una factura en formato digital.,2,0,1,3,Document/Carousel (PDF),B2Brouter,https://www.linkedin.com/feed/update/urn:li:activity:7482721202222841858/,https://www.linkedin.com/company/b2brouter/posts/
B2Brouter,35,2026-07-13 09:01,🚦 2026 e-invoicing reality check: is your business ready,2,0,2,4,Poll,B2Brouter,https://www.linkedin.com/feed/update/urn:li:activity:7482358631292755968/,https://www.linkedin.com/company/b2brouter/posts/
B2Brouter,36,2026-07-13 06:45,ERP E-Invoicing Integration Partners→ Monthly Ranking Status July 2026,47,3,8,58,Image,taxtech500,https://www.linkedin.com/feed/update/urn:li:activity:7482324195834499072/,https://www.linkedin.com/company/b2brouter/posts/
B2Brouter,37,2026-07-11 06:36,La réforme de la facturation électronique en France ne se limite pas à choisir une Plateforme Agréée.,9,0,4,13,Article/Link,B2Brouter,https://www.linkedin.com/feed/update/urn:li:activity:7481597293889036288/,https://www.linkedin.com/company/b2brouter/posts/
B2Brouter,38,2026-07-11 06:36,"Do you have clients, suppliers or subsidiaries in Germany 🇩🇪",7,0,2,9,Document/Carousel (PDF),B2Brouter,https://www.linkedin.com/feed/update/urn:li:activity:7481597252260691968/,https://www.linkedin.com/company/b2brouter/posts/
B2Brouter,39,2026-07-01 08:41,🚀 Upcoming webinars July 2026,3,0,1,4,Image,B2Brouter,https://www.linkedin.com/feed/update/urn:li:activity:7478004870541733888/,https://www.linkedin.com/company/b2brouter/posts/
B2Brouter,40,2026-07-01 08:02,Empfangen ist nicht gleich Verarbeiten.,4,0,0,4,Document/Carousel (PDF),B2Brouter,https://www.linkedin.com/feed/update/urn:li:activity:7477994994683817984/,https://www.linkedin.com/company/b2brouter/posts/
B2Brouter,41,2026-06-30 09:03,"🛒 Tu tienda online no puede permitirse facturar ""a mano"".",11,0,3,14,Image,B2Brouter,https://www.linkedin.com/feed/update/urn:li:activity:7477648046655320064/,https://www.linkedin.com/company/b2brouter/posts/
B2Brouter,42,2026-06-30 08:58,🤝 We're excited to announce our partnership with B2Brouter.,29,2,7,38,Document/Carousel (PDF),SAP @ Nagarro,https://www.linkedin.com/feed/update/urn:li:activity:7477646807083343872/,https://www.linkedin.com/company/b2brouter/posts/
B2Brouter,43,2026-06-29 09:01,"When people hear about Poland's mandatory KSeF, they often assume it only affects Polish companies.",6,0,0,6,Image,B2Brouter,https://www.linkedin.com/feed/update/urn:li:activity:7477285193498800128/,https://www.linkedin.com/company/b2brouter/posts/
B2Brouter,44,2026-06-26 07:45,Global e-invoicing interoperability sounds simple... until every country brings its own local dance to the floor. 🕺,2,0,0,2,Article/Link,Henrik Möller,https://www.linkedin.com/feed/update/urn:li:activity:7476178734237159424/,https://www.linkedin.com/company/b2brouter/posts/
B2Brouter,45,2026-06-25 09:07,"Vous facturez déjà des administrations, hôpitaux, collectivités ou organismes publics en France via Chorus Pro",6,0,2,8,Document/Carousel (PDF),B2Brouter,https://www.linkedin.com/feed/update/urn:li:activity:7475836961824583682/,https://www.linkedin.com/company/b2brouter/posts/
B2Brouter,46,2026-06-24 09:02,📢 ¿Tu empresa está preparada para la factura electrónica B2B obligatoria,6,0,0,6,Article/Link,B2Brouter,https://www.linkedin.com/feed/update/urn:li:activity:7475473319014674432/,https://www.linkedin.com/company/b2brouter/posts/
B2Brouter,47,2026-06-23 09:39,Interoperability is no longer a future objective. It is becoming the infrastructure behind e-invoicing mandates worldwide.,1,0,0,1,Article/Link,Oriol Bausà,https://www.linkedin.com/feed/update/urn:li:activity:7475120250649501696/,https://www.linkedin.com/company/b2brouter/posts/
B2Brouter,48,2026-06-23 09:02,¿La factura electrónica es una herramienta para que Hacienda lo vea todo 👀,10,2,1,13,Document/Carousel (PDF),B2Brouter,https://www.linkedin.com/feed/update/urn:li:activity:7475110962308526080/,https://www.linkedin.com/company/b2brouter/posts/
B2Brouter,49,2026-06-23 07:26,"La factura electrónica obligatoria ya tiene marco regulatorio, pero todavía quedan cuestiones jurídicas importantes por resolver.",5,0,0,5,Article/Link,Angela Sánchez Garzón,https://www.linkedin.com/feed/update/urn:li:activity:7475086779088470017/,https://www.linkedin.com/company/b2brouter/posts/
B2Brouter,50,2026-06-22 09:03,"Electronic invoicing is no longer just about tax compliance, it's about data liquidity. 🚰",5,0,1,6,Document/Carousel (PDF),B2Brouter,https://www.linkedin.com/feed/update/urn:li:activity:7474748895999381504/,https://www.linkedin.com/company/b2brouter/posts/
Dooap,1,2026-09-15 21:55,"Two continents, one week, zero chill.",30,5,2,37,Image,Dooap,https://www.linkedin.com/feed/update/urn:li:activity:7505746104035045376/,https://www.linkedin.com/company/dooap/posts/
Dooap,2,2026-09-09 18:50,What a great couple of days at,40,5,0,45,Image,Dooap,https://www.linkedin.com/feed/update/urn:li:activity:7503525345334247424/,https://www.linkedin.com/company/dooap/posts/
Dooap,3,2026-09-04 14:08,We are hitting the road in a few weeks and headed to Dynamics User Group (DUG) Regional in Montreal. Join Sam Bush and Ina Myllykoski for their session: Meet Your New AP Teammates: AI Agents for Dynam,12,2,1,15,Image,Dooap,https://www.linkedin.com/feed/update/urn:li:activity:7501642410838478848/,https://www.linkedin.com/company/dooap/posts/
Dooap,4,2026-09-02 19:38,Evaluating AP automation for Microsoft Dynamics 365 Finance The shortlist gets crowded fast - and the options don't all work the same way.,9,0,1,10,Article/Link,Dooap,https://www.linkedin.com/feed/update/urn:li:activity:7501000650630131712/,https://www.linkedin.com/company/dooap/posts/
Dooap,5,2026-08-18 15:29,Dooap Studio has a new home: [link],10,1,6,17,Image,Dooap,https://www.linkedin.com/feed/update/urn:li:activity:7495502138014625792/,https://www.linkedin.com/company/dooap/posts/
Dooap,6,2026-08-06 18:12,"We're sponsoring Dynamics User Group (DUG) DynamicsCon Regional: Ohio Valley on August 25-26 in Dublin, OH - and our team will be at the Dooap booth the whole time.",9,1,1,11,Image,Dooap,https://www.linkedin.com/feed/update/urn:li:activity:7491194529493078016/,https://www.linkedin.com/company/dooap/posts/
Dooap,7,2026-08-03 19:15,Everyone is talking about AI in finance. Very few are talking about what's actually working.,6,1,1,8,Image,Dooap,https://www.linkedin.com/feed/update/urn:li:activity:7490123141965590530/,https://www.linkedin.com/company/dooap/posts/
Dooap,8,2026-07-29 19:19,Sharing our story of Dooap Studio live from Dynamic Communities AI Business Applications Partner Executive Summit this morning.,26,2,4,32,Video,Dooap,https://www.linkedin.com/feed/update/urn:li:activity:7488312200672124929/,https://www.linkedin.com/company/dooap/posts/
Dooap,9,2026-07-28 15:52,Looking forward to sharing more about Dooa Studio this week at AI Business Solutions Partner Executive Summit.,19,0,0,19,Video,Giuseppe Ianni,https://www.linkedin.com/feed/update/urn:li:activity:7487897903475298304/,https://www.linkedin.com/company/dooap/posts/
Dooap,10,2026-06-18 13:18,We are here and you can find the team and table next to registration. Come chat with us about Agentic AP!,24,2,0,26,Video,Dooap,https://www.linkedin.com/feed/update/urn:li:activity:7473363522626850817/,https://www.linkedin.com/company/dooap/posts/
Dooap,11,2026-06-10 13:38,The Dynamics community is coming to Toronto - and so are we.,16,0,1,17,Image,Dooap,https://www.linkedin.com/feed/update/urn:li:activity:7470469422546255874/,https://www.linkedin.com/company/dooap/posts/
Dooap,12,2026-06-09 19:15,Excited to introduce our latest Dooap Unleashed: Run With Us - Eftsure!,39,2,1,42,Video,Dooap,https://www.linkedin.com/feed/update/urn:li:activity:7470191989318373377/,https://www.linkedin.com/company/dooap/posts/
Dooap,13,2026-06-08 14:12,This is what agentic AP automation looks like.,17,0,6,23,Video,Dooap,https://www.linkedin.com/feed/update/urn:li:activity:7469753292600815617/,https://www.linkedin.com/company/dooap/posts/
Dooap,14,2026-06-04 14:50,Just think of the possibilities with Dooap Studio! Here's one for you.,14,0,1,15,Image,Anna Tujunen,https://www.linkedin.com/feed/update/urn:li:activity:7468313154083667968/,https://www.linkedin.com/company/dooap/posts/
Dooap,15,2026-06-03 13:37,AP automation doesn't stop at the invoice. So why should your tech stack,71,10,3,84,Video,Dooap,https://www.linkedin.com/feed/update/urn:li:activity:7467932443854049281/,https://www.linkedin.com/company/dooap/posts/
Dooap,16,2026-06-01 18:01,We saw a clear shift across,21,0,0,21,Image,Dooap,https://www.linkedin.com/feed/update/urn:li:activity:7467274100789579776/,https://www.linkedin.com/company/dooap/posts/
Dooap,17,2026-05-27 16:39,"Well, that's a wrap on DynamicsMinds. The Dooap team is heading back through time and space.",70,4,0,74,Multi-image (8),Dooap,https://www.linkedin.com/feed/update/urn:li:activity:7465441559145177094/,https://www.linkedin.com/company/dooap/posts/
Dooap,18,2026-05-26 10:39,Great conversations. Great community.,9,1,0,10,Video,Antti Kosunen,https://www.linkedin.com/feed/update/urn:li:activity:7464988638787915776/,https://www.linkedin.com/company/dooap/posts/
Dooap,19,2026-05-25 09:11,"Set up and ready for ""Herd your AP with AI Agents"", in Sunset on level 11. Come join us to see agents at work collecting, herding, and making AP happen. DynamicsMinds Anna Tujunen Annika Autonen",28,2,3,33,Image,Dooap,https://www.linkedin.com/feed/update/urn:li:activity:7464604016875024384/,https://www.linkedin.com/company/dooap/posts/
Dooap,20,2026-05-22 19:26,We're heading to,30,0,1,31,Image,Dooap,https://www.linkedin.com/feed/update/urn:li:activity:7463671619656503297/,https://www.linkedin.com/company/dooap/posts/
Dooap,21,2026-05-22 12:24,The biggest problem in finance isn't the system. It's that nobody trusts it.,21,3,1,25,Video,Dooap,https://www.linkedin.com/feed/update/urn:li:activity:7463565533880332288/,https://www.linkedin.com/company/dooap/posts/
Dooap,22,2026-05-21 13:00,"Transform your AP process with automation built for Dynamics 365 Finance. Capture invoices, automate approvals, and match POs seamlessly, all powered by practical AI.",15,0,0,15,Article/Link,Dooap,https://www.linkedin.com/feed/update/urn:li:activity:7463212123708440576/,https://www.linkedin.com/company/dooap/posts/
Dooap,23,2026-05-21 11:04,Sam Bush live here in Helsinki. The Dooap team is gearing up for DynamicsMinds next week and we have a status update.,66,4,0,70,Video,Dooap,https://www.linkedin.com/feed/update/urn:li:activity:7463182960654024704/,https://www.linkedin.com/company/dooap/posts/
Dooap,24,2026-04-29 15:11,Welcome to Dooap Unleashed.,15,2,2,19,Video,Dooap,https://www.linkedin.com/feed/update/urn:li:activity:7455272667495993344/,https://www.linkedin.com/company/dooap/posts/
Dooap,25,2026-04-23 19:59,What message would you send to the future 🚀,40,15,1,56,Video,Dooap,https://www.linkedin.com/feed/update/urn:li:activity:7453170722127925248/,https://www.linkedin.com/company/dooap/posts/
Dooap,26,2026-04-15 09:15,🐑 Still herding invoices manually What if your AP process could herd itself,32,0,2,34,Multi-image (2),Dooap,https://www.linkedin.com/feed/update/urn:li:activity:7450109430253404160/,https://www.linkedin.com/company/dooap/posts/
Dooap,27,2026-04-06 14:36,Something new is coming. Stay tuned.,20,1,4,25,Image,Dooap,https://www.linkedin.com/feed/update/urn:li:activity:7446928938054086656/,https://www.linkedin.com/company/dooap/posts/
Dooap,28,2026-03-25 15:00,Join us at the Dynamic Communities Summit NA Roadshow in Vancouver.,16,0,3,19,Multi-image (2),Dooap,https://www.linkedin.com/feed/update/urn:li:activity:7442586096565334016/,https://www.linkedin.com/company/dooap/posts/
Dooap,29,2026-03-10 15:52,Approving invoices shouldn't keep you tied to your desk.,10,1,3,14,Article/Link,Dooap,https://www.linkedin.com/feed/update/urn:li:activity:7437163375614263296/,https://www.linkedin.com/company/dooap/posts/
Dooap,30,2026-02-19 14:34,We are here and ready to talk about AI and AP for Dynamics 365 Finance in Tampa for the Dynamic Communities roadshow!,49,3,0,52,Image,Dooap,https://www.linkedin.com/feed/update/urn:li:activity:7430258373754798080/,https://www.linkedin.com/company/dooap/posts/
Dooap,31,2026-02-12 20:00,AI is changing Accounts Payable.,14,3,2,19,Image,Dooap,https://www.linkedin.com/feed/update/urn:li:activity:7427803768953655297/,https://www.linkedin.com/company/dooap/posts/
Dooap,32,2026-01-29 08:35,"Sam Bush joins Dooap as Chief Marketing Officer, starting February 1, 2026. She brings in-depth experience in demand generation, partner marketing, and modern go-to-market strategy.",42,12,4,58,Image,Dooap,https://www.linkedin.com/feed/update/urn:li:activity:7422558041457442816/,https://www.linkedin.com/company/dooap/posts/
Dooap,33,2026-01-20 07:36,"AI is no longer ""coming"" to AP. It's redefining how finance teams lead, work, and make decisions.",10,1,2,13,Document/Carousel (PDF),Dooap,https://www.linkedin.com/feed/update/urn:li:activity:7419281572404756480/,https://www.linkedin.com/company/dooap/posts/
Dooap,34,2026-01-19 13:23,"Happy 2026 🚀, we're looking forward to meeting y'all in Dallas on Thursday! Scott Schlegel and Mikko Hytonen will be there to brief you on the latest in",9,1,1,11,Image,Dynamic Communities,https://www.linkedin.com/feed/update/urn:li:activity:7419006712050954242/,https://www.linkedin.com/company/dooap/posts/
Dooap,35,2026-01-08 18:08,"Invoice approvals shouldn't be a treasure hunt. With Dooap, your workflows adapt to your business, not the other way around.",10,0,2,12,Video,Dooap,https://www.linkedin.com/feed/update/urn:li:activity:7415091937071857664/,https://www.linkedin.com/company/dooap/posts/
Dooap,36,2025-12-11 16:07,"PO matching is one of those tasks you can't ignore, but you definitely don't want to babysit. With Dooap, you don't have to.",13,0,1,14,Video,Dooap,https://www.linkedin.com/feed/update/urn:li:activity:7404914632748036096/,https://www.linkedin.com/company/dooap/posts/
Dooap,37,2025-12-10 07:36,Our,4,0,0,4,Document/Carousel (PDF),Seer 365,https://www.linkedin.com/feed/update/urn:li:activity:7404423741767929856/,https://www.linkedin.com/company/dooap/posts/
Dooap,38,2025-12-02 17:32,Great AP automation happens before you even know it. Dooap handles it quietly in the background so your invoices keep moving without anyone touching a thing.,16,0,1,17,Video,Dooap,https://www.linkedin.com/feed/update/urn:li:activity:7401674692111360002/,https://www.linkedin.com/company/dooap/posts/
Dooap,39,2025-11-25 07:14,"Thank you, Ellipse Solutions, for the highlight. We're proud of our collaboration, the results of which are shown in our joint customer story!",6,0,0,6,Image,Ellipse Solutions,https://www.linkedin.com/feed/update/urn:li:activity:7398982292536430592/,https://www.linkedin.com/company/dooap/posts/
Dooap,40,2025-10-24 07:26,Considering AP Automation for D365 Finance or BC Maybe you did not have a chance to go to the Community Summit this week to see all the options. No worries - ERP Software Blog has published a great c,9,0,2,11,Article/Link,Dooap,https://www.linkedin.com/feed/update/urn:li:activity:7387389053618393088/,https://www.linkedin.com/company/dooap/posts/
Dooap,41,2025-10-20 14:35,"We're all set, including Dooap the Puppy 🐶at booth 1431 at",20,0,4,24,Image,Dooap,https://www.linkedin.com/feed/update/urn:li:activity:7386047428707307520/,https://www.linkedin.com/company/dooap/posts/
Dooap,42,2025-10-10 07:25,"Countdown started, only 10 days to go before we kick off",10,1,3,14,Image,Dooap,https://www.linkedin.com/feed/update/urn:li:activity:7382315276756729857/,https://www.linkedin.com/company/dooap/posts/
Dooap,43,2025-10-08 11:46,AI is inevitably transforming Accounts Payable. Read how our Chief Product Officer Anna Tujunen describes the transformation and its impact on businesses in this blog post on Microsoft's Tech Communit,11,0,2,13,Article/Link,Dooap,https://www.linkedin.com/feed/update/urn:li:activity:7381656284779061248/,https://www.linkedin.com/company/dooap/posts/
Dooap,44,2025-09-17 07:49,We're on a tasty streak! Check out our new customers from the food and beverage industry 👇 ☕🥤🍓🍗🍣🐟!,0,0,0,0,Article/Link,Dooap,https://www.linkedin.com/feed/update/urn:li:activity:7373986443355942912/,https://www.linkedin.com/company/dooap/posts/
Dooap,45,2025-09-17 07:40,"If you ask us what one word we'd like to hear to describe Dooap - it's ""easy"". Great to hear that our customer James Highers agrees!",9,1,3,13,Video,Dooap,https://www.linkedin.com/feed/update/urn:li:activity:7373984146416816129/,https://www.linkedin.com/company/dooap/posts/
Yavrio,1,2026-09-16 14:32,Joshua Wilkinson is on the ground in Dallas this week for the Loan Vision Innovation Conference! 🇺🇸,2,0,0,2,Image,Yavrio,https://www.linkedin.com/feed/update/urn:li:activity:7505996930037063680/,https://www.linkedin.com/company/yavrio/posts/
Yavrio,2,2026-09-15 13:03,Yavrio is at DynamicsCon Regional: Montreal this week.,11,0,1,12,Image,Yavrio,https://www.linkedin.com/feed/update/urn:li:activity:7505612302369513472/,https://www.linkedin.com/company/yavrio/posts/
Yavrio,3,2026-09-10 14:44,The Yavrio team is already counting down to Community Summit North America 2026!,28,2,2,32,Image,Yavrio,https://www.linkedin.com/feed/update/urn:li:activity:7503825705802231808/,https://www.linkedin.com/company/yavrio/posts/
Yavrio,4,2026-09-08 10:32,"An embedded payments system means more than operational efficiency. It means your team can deliver better services, outcompete, and enter new markets with more ease. This is how Yavrio helps companies",18,0,2,20,Video,Yavrio,https://www.linkedin.com/feed/update/urn:li:activity:7503037444116844544/,https://www.linkedin.com/company/yavrio/posts/
Yavrio,5,2026-09-07 13:07,"Our founder, John Lewis, caught up with a true legend of the Microsoft channel, Jeffrey Goldstein, CEO at Queue Associates, to hear his thoughts on:",58,3,1,62,Video,Yavrio,https://www.linkedin.com/feed/update/urn:li:activity:7502714172355371009/,https://www.linkedin.com/company/yavrio/posts/
Yavrio,6,2026-09-03 09:43,A massive thank you to everyone in the ERP + Fintech community who made the Yavrio Open House 01 such a success!,70,7,1,78,Multi-image (10),Yavrio,https://www.linkedin.com/feed/update/urn:li:activity:7501213204778340353/,https://www.linkedin.com/company/yavrio/posts/
Yavrio,7,2026-09-02 12:14,"Meet James Pike, one of our Partner Success Managers at Yavrio!",48,2,0,50,Image,Yavrio,https://www.linkedin.com/feed/update/urn:li:activity:7500888898693160960/,https://www.linkedin.com/company/yavrio/posts/
Yavrio,8,2026-08-26 13:17,The Yavrio team is already counting down the days till Directions for Enterprise 2026! 🇩🇰,30,0,0,30,Image,Yavrio,https://www.linkedin.com/feed/update/urn:li:activity:7498368008654864384/,https://www.linkedin.com/company/yavrio/posts/
Yavrio,9,2026-08-24 17:09,Our team just touched down in Ohio and we can't wait to meet with our partners and clients at the Dynamics User Group (DUG) DynamicsCon Regional event this week!,28,4,0,32,Image,Yavrio,https://www.linkedin.com/feed/update/urn:li:activity:7497701703715061760/,https://www.linkedin.com/company/yavrio/posts/
Yavrio,10,2026-08-20 12:39,This week we've been celebrating the return of Samantha Felling to our USA partner team!,32,2,1,35,Image,Yavrio,https://www.linkedin.com/feed/update/urn:li:activity:7496184053973487617/,https://www.linkedin.com/company/yavrio/posts/
Yavrio,11,2026-08-05 13:04,"Four years ago, we launched Yavrio Banking and set out on a mission to create a way for businesses to connect their banks to their ERP and automate reconciliation.",105,26,6,137,Image,Yavrio,https://www.linkedin.com/feed/update/urn:li:activity:7490754686266990593/,https://www.linkedin.com/company/yavrio/posts/
Yavrio,12,2026-07-30 10:49,"A brilliant afternoon at Fortnum Mason, bringing together senior retail leaders for an exclusive roundtable with Microsoft.",72,8,3,83,Multi-image (8),Yavrio,https://www.linkedin.com/feed/update/urn:li:activity:7488546263550971904/,https://www.linkedin.com/company/yavrio/posts/
Yavrio,13,2026-07-29 08:45,This summer we're opening up our London Paddington office for the first ever Yavrio Open House event!,49,8,5,62,Image,Yavrio,https://www.linkedin.com/feed/update/urn:li:activity:7488152744680247297/,https://www.linkedin.com/company/yavrio/posts/
Yavrio,14,2026-07-23 09:00,We're excited to welcome Samuel Price as a Sales Consultant as we continue,49,9,1,59,Image,Yavrio,https://www.linkedin.com/feed/update/urn:li:activity:7485982080963796992/,https://www.linkedin.com/company/yavrio/posts/
Yavrio,15,2026-07-21 10:50,"We're excited to be hosting an exclusive roundtable with Microsoft and iLink Digital, designed for retail leaders.",32,3,0,35,Image,Yavrio,https://www.linkedin.com/feed/update/urn:li:activity:7485284969116844032/,https://www.linkedin.com/company/yavrio/posts/
Yavrio,16,2026-07-16 10:05,We have loved having summer interns at Yavrio this year! ☀️,76,3,0,79,Image,Yavrio,https://www.linkedin.com/feed/update/urn:li:activity:7483461878594240513/,https://www.linkedin.com/company/yavrio/posts/
Yavrio,17,2026-07-15 13:08,8-10 days. That's the average close when statements are still pulled manually.,13,1,2,16,Document/Carousel (PDF),Yavrio,https://www.linkedin.com/feed/update/urn:li:activity:7483145531679023104/,https://www.linkedin.com/company/yavrio/posts/
Yavrio,18,2026-07-10 13:09,"Meet our Head of UK Sales, Charlotte Huang!",176,5,0,181,Image,Yavrio,https://www.linkedin.com/feed/update/urn:li:activity:7481333803337117696/,https://www.linkedin.com/company/yavrio/posts/
Yavrio,19,2026-07-08 16:50,A big couple of weeks for the Yavrio team 🙌,84,1,0,85,Multi-image (5),Yavrio,https://www.linkedin.com/feed/update/urn:li:activity:7480664587437158400/,https://www.linkedin.com/company/yavrio/posts/
Yavrio,20,2026-07-03 08:00,Cards on the Table. ♠️♦️,49,11,2,62,Multi-image (4),Yavrio,https://www.linkedin.com/feed/update/urn:li:activity:7478719270944743424/,https://www.linkedin.com/company/yavrio/posts/
Yavrio,21,2026-07-02 11:35,We're delighted to announce our partnership with Sabre Limited as adoption of modern bank connectivity and ERP-embedded payments continues to grow at pace in North America!,35,6,0,41,Image,Yavrio,https://www.linkedin.com/feed/update/urn:li:activity:7478411138188259328/,https://www.linkedin.com/company/yavrio/posts/
Yavrio,22,2026-06-30 11:45,260+ hours a year. That's what manual bank reconciliation costs you per person before Dynamics 365 even starts matching.,17,1,1,19,Image,Yavrio,https://www.linkedin.com/feed/update/urn:li:activity:7477688691012956160/,https://www.linkedin.com/company/yavrio/posts/
Yavrio,23,2026-06-25 20:52,"For finance teams still importing bank statements by CSV into Microsoft Dynamics 365 Business Central, here are 5 things that tend to go wrong, and what changes when you connect your bank directly ins",15,0,1,16,Document/Carousel (PDF),Yavrio,https://www.linkedin.com/feed/update/urn:li:activity:7476014378476068864/,https://www.linkedin.com/company/yavrio/posts/
Yavrio,24,2026-06-25 17:38,We are live now with Western Computer for our joint session on banking in Microsoft Dynamics 365 Business Central. Join the broadcast below 👇,9,0,0,9,Text,Yavrio,https://www.linkedin.com/feed/update/urn:li:activity:7475965592567578624/,https://www.linkedin.com/company/yavrio/posts/
Yavrio,25,2026-05-27 13:06,Finance teams BEFORE vs AFTER Yavrio 👀,48,5,0,53,Video,Yavrio,https://www.linkedin.com/feed/update/urn:li:activity:7465387859412209664/,https://www.linkedin.com/company/yavrio/posts/
Yavrio,26,2026-05-26 15:15,"Next month, in a webinar with Western Computer, we're breaking down what happens when banking and payments are fully embedded inside Dynamics 365 Business Central 💡",25,2,1,28,Image,Yavrio,https://www.linkedin.com/feed/update/urn:li:activity:7465057915482198016/,https://www.linkedin.com/company/yavrio/posts/
Yavrio,27,2026-05-26 14:20,Day one of DynamicsMinds wrapped and what a start its been 🚀,82,4,0,86,Multi-image (4),Yavrio,https://www.linkedin.com/feed/update/urn:li:activity:7465044256492101633/,https://www.linkedin.com/company/yavrio/posts/
Yavrio,28,2026-05-21 13:18,We're very excited to announce a new partnership between Yavrio and Custom Systems 🤝,32,3,1,36,Image,Yavrio,https://www.linkedin.com/feed/update/urn:li:activity:7463216587676946434/,https://www.linkedin.com/company/yavrio/posts/
Yavrio,29,2026-05-20 12:29,DynamicsMinds 2026... we're coming 👀,61,5,2,68,Image,Yavrio,https://www.linkedin.com/feed/update/urn:li:activity:7462842015051988992/,https://www.linkedin.com/company/yavrio/posts/
Yavrio,30,2026-05-15 15:47,DynamicsCon 2026 wrapped and what a few days it was!,55,2,0,57,Multi-image (5),Yavrio,https://www.linkedin.com/feed/update/urn:li:activity:7461079853015007232/,https://www.linkedin.com/company/yavrio/posts/
Yavrio,31,2026-05-13 14:46,We're excited to have our feet on the ground at Directions ASIA 2026 in Vietnam!,68,1,1,70,Multi-image (5),Yavrio,https://www.linkedin.com/feed/update/urn:li:activity:7460339819081183232/,https://www.linkedin.com/company/yavrio/posts/
Yavrio,32,2026-05-13 14:42,Hello from a roasting Las Vegas 👋🔥,99,10,1,110,Image,Matilda Sjöberg,https://www.linkedin.com/feed/update/urn:li:activity:7460338767321800704/,https://www.linkedin.com/company/yavrio/posts/
Yavrio,33,2026-05-12 14:12,Another amazing event. 🎉,65,2,0,67,Multi-image (5),Yavrio,https://www.linkedin.com/feed/update/urn:li:activity:7459968710695501824/,https://www.linkedin.com/company/yavrio/posts/
Yavrio,34,2026-05-07 13:04,Most,20,1,0,21,Document/Carousel (PDF),Yavrio,https://www.linkedin.com/feed/update/urn:li:activity:7458139664877666305/,https://www.linkedin.com/company/yavrio/posts/
Yavrio,35,2026-05-06 09:19,Next stop: DynamicsCon 👀,41,3,2,46,Image,Yavrio,https://www.linkedin.com/feed/update/urn:li:activity:7457720756035276801/,https://www.linkedin.com/company/yavrio/posts/
Yavrio,36,2026-05-05 12:01,One of our favourite partner events of the year is back 👀,79,14,2,95,Image,Yavrio,https://www.linkedin.com/feed/update/urn:li:activity:7457398980465864704/,https://www.linkedin.com/company/yavrio/posts/
Yavrio,37,2026-05-01 15:08,"""That's a wrap on Directions North America 2026👏""",64,7,0,71,Multi-image (6),Yavrio,https://www.linkedin.com/feed/update/urn:li:activity:7455996604467118080/,https://www.linkedin.com/company/yavrio/posts/
Yavrio,38,2026-04-28 13:08,A full day in for the Yavrio team and it's already been a strong start at Directions North America 🚀,86,2,0,88,Multi-image (4),Yavrio,https://www.linkedin.com/feed/update/urn:li:activity:7454879245895536640/,https://www.linkedin.com/company/yavrio/posts/
Yavrio,39,2026-04-14 11:09,We're live at Directions Spanish BC Day 🇪🇸 and what a fantastic day it's been so far!,23,0,0,23,Multi-image (5),Yavrio,https://www.linkedin.com/feed/update/urn:li:activity:7449775871533502464/,https://www.linkedin.com/company/yavrio/posts/
Yavrio,40,2026-04-14 10:01,We're excited to be heading to Directions North America 2026 as a Gold Sponsor ✨,41,9,0,50,Image,Yavrio,https://www.linkedin.com/feed/update/urn:li:activity:7449758812728836096/,https://www.linkedin.com/company/yavrio/posts/
Yavrio,41,2026-04-10 08:49,✨ Great to be part of HSO's Customer Day! 👋,28,1,2,31,Multi-image (5),Yavrio,https://www.linkedin.com/feed/update/urn:li:activity:7448291122302369792/,https://www.linkedin.com/company/yavrio/posts/
Yavrio,42,2026-04-02 08:42,We're proud to share that Yavrio has been named a finalist for PITCH2026 by Innovate Finance 🚀,58,4,1,63,Image,Yavrio,https://www.linkedin.com/feed/update/urn:li:activity:7445390250295640064/,https://www.linkedin.com/company/yavrio/posts/
Yavrio,43,2026-03-31 13:48,Yavrio Out and About - This Week! 🌍✨,66,3,0,69,Multi-image (10),Yavrio,https://www.linkedin.com/feed/update/urn:li:activity:7444742459672326144/,https://www.linkedin.com/company/yavrio/posts/
Yavrio,44,2026-03-26 15:01,Finance teams shouldn't be spending their time chasing transactions 💸,24,1,0,25,Image,Yavrio,https://www.linkedin.com/feed/update/urn:li:activity:7442948886614261760/,https://www.linkedin.com/company/yavrio/posts/
Yavrio,45,2026-03-25 14:43,Excited to have Team Yavrio on the ground at the Microsoft AI Tour in Copenhagen 🇩🇰 🚀,53,2,1,56,Image,Yavrio,https://www.linkedin.com/feed/update/urn:li:activity:7442581883206619136/,https://www.linkedin.com/company/yavrio/posts/
Yavrio,46,2026-03-24 16:19,🌍 Yavrio Out About: this time at one of the biggest events in global tourism.,36,3,0,39,Multi-image (2),Yavrio,https://www.linkedin.com/feed/update/urn:li:activity:7442243642615967745/,https://www.linkedin.com/company/yavrio/posts/
Yavrio,47,2026-03-20 13:17,🌍Denmark is the latest step in our global embedded payments journey...,35,2,0,37,Image,Yavrio,https://www.linkedin.com/feed/update/urn:li:activity:7440748338423062528/,https://www.linkedin.com/company/yavrio/posts/
Yavrio,48,2026-03-19 16:57,We're going live at 5pm 🚀,4,0,0,4,Video,Yavrio,https://www.linkedin.com/feed/update/urn:li:activity:7440441456219033600/,https://www.linkedin.com/company/yavrio/posts/
Yavrio,49,2026-03-18 10:00,⚡ Another step towards truly connected ERPs...,23,0,2,25,Image,Yavrio,https://www.linkedin.com/feed/update/urn:li:activity:7439973978259030016/,https://www.linkedin.com/company/yavrio/posts/
Yavrio,50,2026-03-12 16:59,It was great to attend the Dynamics 365 Power Platform User Group National event in Manchester yesterday - a fantastic day connecting with the community! 🙌,55,3,1,59,Multi-image (4),Yavrio,https://www.linkedin.com/feed/update/urn:li:activity:7437905208212516864/,https://www.linkedin.com/company/yavrio/posts/
Rillion,1,2026-09-16 08:13,Did you know..💭,14,0,0,14,Video,Rillion,https://www.linkedin.com/feed/update/urn:li:activity:7505901573374570497/,https://www.linkedin.com/company/rillion/posts/
Rillion,2,2026-09-15 09:30,Scanning invoices in 2026 That's very 1665.,13,0,1,14,Image,Rillion,https://www.linkedin.com/feed/update/urn:li:activity:7505558597200969729/,https://www.linkedin.com/company/rillion/posts/
Rillion,3,2026-09-11 07:06,What will the CFO role look like in three years' time,21,1,0,22,Multi-image (2),Rillion,https://www.linkedin.com/feed/update/urn:li:activity:7504072758708822016/,https://www.linkedin.com/company/rillion/posts/
Rillion,4,2026-09-10 10:30,Are CFOs out in the weeds,7,0,0,7,Document/Carousel (PDF),Rillion,https://www.linkedin.com/feed/update/urn:li:activity:7503761864749895683/,https://www.linkedin.com/company/rillion/posts/
Rillion,5,2026-09-09 09:15,Our CFO to CFO newsletter is live!,20,0,0,20,Image,Rillion,https://www.linkedin.com/feed/update/urn:li:activity:7503380455220748288/,https://www.linkedin.com/company/rillion/posts/
Rillion,6,2026-09-07 08:22,Turns out our Product team is fast in more ways than one 🏃💨,32,1,0,33,Video,Rillion,https://www.linkedin.com/feed/update/urn:li:activity:7502642426340073472/,https://www.linkedin.com/company/rillion/posts/
Rillion,7,2026-09-04 08:18,One picture. Seven people. 150+ years of Rillion experience 💚,117,15,2,134,Image,Rillion,https://www.linkedin.com/feed/update/urn:li:activity:7501554322720325632/,https://www.linkedin.com/company/rillion/posts/
Rillion,8,2026-09-03 08:25,The numbers we didn't show you.,15,3,2,20,Document/Carousel (PDF),Rillion,https://www.linkedin.com/feed/update/urn:li:activity:7501193731593838592/,https://www.linkedin.com/company/rillion/posts/
Rillion,9,2026-09-02 08:34,Some things belong in a museum.,11,0,0,11,Image,Rillion,https://www.linkedin.com/feed/update/urn:li:activity:7500833593825587200/,https://www.linkedin.com/company/rillion/posts/
Rillion,10,2026-09-01 18:26,"I recently had the opportunity to share my perspective on AI in finance for Rillion's 2026 AI in Finance Report, based on research with 250 CFOs and finance leaders across the U.S.",138,7,6,151,Article/Link,Richard Paik,https://www.linkedin.com/feed/update/urn:li:activity:7500620153638936576/,https://www.linkedin.com/company/rillion/posts/
Rillion,11,2026-08-24 12:15,250 U.S. CFOs told us what they really think about AI. Now we're bringing the debate into the studio.,14,0,2,16,Image,Rillion,https://www.linkedin.com/feed/update/urn:li:activity:7497627528086540288/,https://www.linkedin.com/company/rillion/posts/
Rillion,12,2026-08-21 09:42,Dry run mode: ON 🎥,31,3,5,39,Video,Rillion,https://www.linkedin.com/feed/update/urn:li:activity:7496502100101791744/,https://www.linkedin.com/company/rillion/posts/
Rillion,13,2026-08-20 13:13,Is there a gap between how ready finance leaders think they are for AI and what the operational reality actually shows,24,3,3,30,Video,Rillion,https://www.linkedin.com/feed/update/urn:li:activity:7496192760358600704/,https://www.linkedin.com/company/rillion/posts/
Rillion,14,2026-08-19 12:15,The Finance AI Illusion...,24,3,7,34,Image,Rillion,https://www.linkedin.com/feed/update/urn:li:activity:7495815609163776001/,https://www.linkedin.com/company/rillion/posts/
Rillion,15,2026-08-18 12:00,250 US finance leaders told us how they're using AI.,19,2,10,31,Document/Carousel (PDF),Rillion,https://www.linkedin.com/feed/update/urn:li:activity:7495449491458646017/,https://www.linkedin.com/company/rillion/posts/
Rillion,16,2026-08-17 12:32,Have you seen the latest OnlyCFO newsletter,14,3,4,21,Image,Rillion,https://www.linkedin.com/feed/update/urn:li:activity:7495095214559256576/,https://www.linkedin.com/company/rillion/posts/
Rillion,17,2026-08-14 10:12,Another G2 badge drop we're extremely proud to be part of,37,4,7,48,Video,Rillion,https://www.linkedin.com/feed/update/urn:li:activity:7493972789008240640/,https://www.linkedin.com/company/rillion/posts/
Rillion,18,2026-08-12 07:00,"""I love my Excel sheets.""",21,0,2,23,Video,Rillion,https://www.linkedin.com/feed/update/urn:li:activity:7493199636057219072/,https://www.linkedin.com/company/rillion/posts/
Rillion,19,2026-08-11 08:55,This is me and Rosanna asking uncomfortable questions to finance leaders across the US and EMEA during the spring!,29,5,1,35,Video,Frida Ahrenby 🧚🏼,https://www.linkedin.com/feed/update/urn:li:activity:7492866193725255680/,https://www.linkedin.com/company/rillion/posts/
Rillion,20,2026-08-10 07:00,"Finance teams aren't slow to adopt AI, we just doesn't have the luxury of experimenting like other departments.",17,1,1,19,Video,Rillion,https://www.linkedin.com/feed/update/urn:li:activity:7492474884762279936/,https://www.linkedin.com/company/rillion/posts/
Rillion,21,2026-08-05 07:00,The ERP you choose today can either accelerate your next 10 years... or slow them down tremendously 🫠,11,0,2,13,Video,Rillion,https://www.linkedin.com/feed/update/urn:li:activity:7490662912060129280/,https://www.linkedin.com/company/rillion/posts/
Rillion,22,2026-08-03 07:00,"If your finance team only talks to finance, you're leaving value on the table.",12,1,1,14,Video,Rillion,https://www.linkedin.com/feed/update/urn:li:activity:7489938134739087361/,https://www.linkedin.com/company/rillion/posts/
Rillion,23,2026-07-31 12:00,If AI is already part of your team's daily workflow... this poll probably isn't for you.,6,0,3,9,Poll,Rillion,https://www.linkedin.com/feed/update/urn:li:activity:7488926515447918592/,https://www.linkedin.com/company/rillion/posts/
Rillion,24,2026-07-30 07:00,"AP teams, here's your mid-vacation reminder 🌴",8,0,1,9,Document/Carousel (PDF),Rillion,https://www.linkedin.com/feed/update/urn:li:activity:7488488623214907392/,https://www.linkedin.com/company/rillion/posts/
Rillion,25,2026-07-14 07:00,OCR vs AI invoice capture: what's the actual difference for AP automation,15,1,3,19,Document/Carousel (PDF),Rillion,https://www.linkedin.com/feed/update/urn:li:activity:7482690351581843456/,https://www.linkedin.com/company/rillion/posts/
Rillion,26,2026-07-13 10:32,"What's possible today wasn't possible 6 months ago. For finance leaders to succeed with AI implementations, you constantly have to challenge your assumptions of what's possible.",45,3,4,52,Image,Rasmus Areskoug,https://www.linkedin.com/feed/update/urn:li:activity:7482381389925982208/,https://www.linkedin.com/company/rillion/posts/
Rillion,27,2026-07-13 07:01,72% of finance teams still struggle with manual corrections despite investing in AI. Our own CFO Johan Dovander says the technology was never the problem - and tells us where the actual issue lies.,36,1,2,39,Article/Link,Rillion,https://www.linkedin.com/feed/update/urn:li:activity:7482328416067850240/,https://www.linkedin.com/company/rillion/posts/
Rillion,28,2026-07-08 07:00,AI transformation in finance is more about getting your people onboard than it is about the tech. That's the part most finance leaders underestimate - and exactly what this episode of Future CFO digs,31,3,5,39,Video,Rillion,https://www.linkedin.com/feed/update/urn:li:activity:7480516023016771585/,https://www.linkedin.com/company/rillion/posts/
Rillion,29,2026-07-07 07:00,If you'd told us our favourite team events would be the ones you can track on Strava... we'd probably believe you 😂,19,0,0,19,Multi-image (4),Rillion,https://www.linkedin.com/feed/update/urn:li:activity:7480153652356198400/,https://www.linkedin.com/company/rillion/posts/
Rillion,30,2026-07-06 07:00,48% of finance leaders say they want to be strategic advisors. So why do investments keep ending up in transaction-heavy processes,8,0,0,8,Article/Link,Rillion,https://www.linkedin.com/feed/update/urn:li:activity:7479791251521835008/,https://www.linkedin.com/company/rillion/posts/
Rillion,31,2026-07-03 13:39,Rillion + Stratas: taking AP automation in the UK to the next level 🇬🇧,23,2,2,27,Video,Rillion,https://www.linkedin.com/feed/update/urn:li:activity:7478804731683991552/,https://www.linkedin.com/company/rillion/posts/
Rillion,32,2026-07-02 19:58,Spotted on top of the Empire State Building Rillion,36,0,1,37,Image,Rillion,https://www.linkedin.com/feed/update/urn:li:activity:7478537665391468544/,https://www.linkedin.com/company/rillion/posts/
Rillion,33,2026-07-01 11:43,If you're not optimizing your vacation as much as your AP processes... we need to talk 👀,10,0,0,10,Document/Carousel (PDF),Rillion,https://www.linkedin.com/feed/update/urn:li:activity:7478050590229712896/,https://www.linkedin.com/company/rillion/posts/
Rillion,34,2026-06-29 07:01,"While most finance leaders are still figuring out where AI fits, Peter Egehoved, CFO at Dreamdata, already closed a quarter in a single day with 99% of expenses automated and only two financial contro",58,8,0,66,Article/Link,Rillion,https://www.linkedin.com/feed/update/urn:li:activity:7477254927422251008/,https://www.linkedin.com/company/rillion/posts/
Rillion,35,2026-06-26 07:00,"If you recognise yourself in any of these, you're not alone.",8,0,0,8,Document/Carousel (PDF),Rillion,https://www.linkedin.com/feed/update/urn:li:activity:7476167409779859457/,https://www.linkedin.com/company/rillion/posts/
Rillion,36,2026-06-23 07:00,Big news! Rillion is partnering with Pinewood.AI 🤝,53,1,11,65,Image,Rillion,https://www.linkedin.com/feed/update/urn:li:activity:7475080212456632320/,https://www.linkedin.com/company/rillion/posts/
Rillion,37,2026-06-22 07:01,"While everyone's drowning in opinions on where AI belongs in finance, Monika Pers, CFO at Alfvén Didrikson, put into words what everyone is thinking.",12,1,0,13,Article/Link,Rillion,https://www.linkedin.com/feed/update/urn:li:activity:7474718077352439808/,https://www.linkedin.com/company/rillion/posts/
Rillion,38,2026-06-21 19:36,The Nordics agree on many things. Great coffee. Flat hierarchies. Long meetings about short topics. But AI Not so much..,35,1,3,39,Multi-image (3),Frida Ahrenby 🧚🏼,https://www.linkedin.com/feed/update/urn:li:activity:7474545705307680768/,https://www.linkedin.com/company/rillion/posts/
Rillion,39,2026-06-10 07:00,26% of CFOs say lack of AI competence is the single biggest barrier to broader adoption. Shervin Razani sees it every day in recruitment - and says the problem is even bigger than the number suggests.,18,1,1,20,Article/Link,Rillion,https://www.linkedin.com/feed/update/urn:li:activity:7470369206753054721/,https://www.linkedin.com/company/rillion/posts/
Rillion,40,2026-06-08 07:30,40% of CFOs see fraud and anomaly detection as the biggest AI opportunity in finance. So how do you get there in practice,17,1,1,19,Image,Rillion,https://www.linkedin.com/feed/update/urn:li:activity:7469651954500202497/,https://www.linkedin.com/company/rillion/posts/
Rillion,41,2026-06-05 09:50,Our marketing team swapped their laptops for race bibs yesterday - running Blodomloppet Sverige to raise awareness for blood donation! 🏃‍♀️🩸,35,3,1,39,Multi-image (4),Rillion,https://www.linkedin.com/feed/update/urn:li:activity:7468600089427570688/,https://www.linkedin.com/company/rillion/posts/
Rillion,42,2026-06-04 10:21,En högre lön räcker inte längre.,136,2,1,139,Image,Johan Dovander,https://www.linkedin.com/feed/update/urn:li:activity:7468245583498059776/,https://www.linkedin.com/company/rillion/posts/
Rillion,43,2026-06-04 08:00,The Nordic Finance AI Report 2026 has been making the rounds this week! 🗞️,10,1,0,11,Document/Carousel (PDF),Rillion,https://www.linkedin.com/feed/update/urn:li:activity:7468210075002699777/,https://www.linkedin.com/company/rillion/posts/
Rillion,44,2026-06-03 08:30,Rillion AI Day - LFG 😎,40,4,0,44,Multi-image (6),Rillion,https://www.linkedin.com/feed/update/urn:li:activity:7467855268576505857/,https://www.linkedin.com/company/rillion/posts/
Rillion,45,2026-06-02 07:31,Dagens Industri covered our Nordic Finance AI Report 2026.,27,2,1,30,Image,Rillion,https://www.linkedin.com/feed/update/urn:li:activity:7467478096200261632/,https://www.linkedin.com/company/rillion/posts/
Rillion,46,2026-06-02 07:07,We made it into Dagens Industri today with the insights from our Nordic Finance AI Report 2026.,121,5,2,128,Image,Daniel de Sousa,https://www.linkedin.com/feed/update/urn:li:activity:7467471985216995328/,https://www.linkedin.com/company/rillion/posts/
Rillion,47,2026-06-01 11:15,"Delar en och annan tanke om AI i ekonomifunktionen i The Nordic Finance AI Report 2026. En rapport från Rillion byggd på intervjuer med 250 CFO:er och ekonomichefer i Sverige, Danmark och Finland.",22,1,1,24,Image,Johannes Sundlo,https://www.linkedin.com/feed/update/urn:li:activity:7467172050655371264/,https://www.linkedin.com/company/rillion/posts/
Rillion,48,2026-06-01 09:34,"Last week we released The Nordic Finance AI Report 2026. And if there's one thing the data keeps coming back to, it's trust.",13,0,1,14,Image,Rillion,https://www.linkedin.com/feed/update/urn:li:activity:7467146534971695105/,https://www.linkedin.com/company/rillion/posts/
Rillion,49,2026-05-29 09:07,Rillion AI Day! ✨,53,14,1,68,Image,Rosanna Ryrberg,https://www.linkedin.com/feed/update/urn:li:activity:7466052552258641920/,https://www.linkedin.com/company/rillion/posts/
Rillion,50,2026-05-28 08:48,"Most companies invest in automating existing processes, not in questioning them.",26,1,1,28,Document/Carousel (PDF),Johan Dovander,https://www.linkedin.com/feed/update/urn:li:activity:7465685521768394753/,https://www.linkedin.com/company/rillion/posts/
Fidesic,1,2026-09-03 20:47,"Your AP automation was supposed to eliminate manual work. Instead your team is still re-entering data, chasing sync errors, and building spreadsheets to reconcile two systems that won't agree with eac",0,0,0,0,Image,Fidesic AP,https://www.linkedin.com/feed/update/urn:li:activity:7501380491703373824/,https://www.linkedin.com/company/fidesic/posts/
Fidesic,2,2026-09-02 18:01,"Rally Day is coming to Nashville on Sunday, October 11, a Knights of GP event built for GP customers to connect in person. We've got a $50 discount code for customers: FIDESIC50 Register here 👉",7,2,1,10,Image,Fidesic AP,https://www.linkedin.com/feed/update/urn:li:activity:7500976189780660225/,https://www.linkedin.com/company/fidesic/posts/
Fidesic,3,2026-09-01 16:18,"Checks are still the top target for payment fraud according to the 2026 AFP Payments Fraud and Control Survey. In 2025, 58% of organizations reported check fraud, more than ACH and wire fraud combined",1,0,0,1,Image,Fidesic AP,https://www.linkedin.com/feed/update/urn:li:activity:7500588026159562753/,https://www.linkedin.com/company/fidesic/posts/
Fidesic,4,2026-08-31 19:58,In this post highlight some of the common bottlenecks that hinder scalability so you can spot them early before they become a problem.,0,0,0,0,Article/Link,Fidesic AP,https://www.linkedin.com/feed/update/urn:li:activity:7500280991819825153/,https://www.linkedin.com/company/fidesic/posts/
Fidesic,5,2026-08-28 17:08,"Like any large financial data migration, you can expect a migration from Dynamics GP to Business Central to create some workflow disruption, data continuity concerns. Sometimes team retraining require",2,0,0,2,Article/Link,Fidesic AP,https://www.linkedin.com/feed/update/urn:li:activity:7499150827744587776/,https://www.linkedin.com/company/fidesic/posts/
Fidesic,6,2026-08-28 17:03,hashtag,0,0,0,0,Image,Fidesic AP,https://www.linkedin.com/feed/update/urn:li:activity:7499149666702405633/,https://www.linkedin.com/company/fidesic/posts/
Fidesic,7,2026-08-27 18:20,hashtag,0,1,0,1,Image,Fidesic AP,https://www.linkedin.com/feed/update/urn:li:activity:7498806656622051330/,https://www.linkedin.com/company/fidesic/posts/
Fidesic,8,2026-08-27 17:23,How to Spot AP Bottlenecks Before Growth Stalls. Warning signs your AP process won't scale. See the full post 👉[link],1,0,0,1,Image,Fidesic AP,https://www.linkedin.com/feed/update/urn:li:activity:7498792402149634048/,https://www.linkedin.com/company/fidesic/posts/
Fidesic,9,2026-08-26 18:47,"Payment behavior directly affects cash flow, supplier relationships, and access to credit. About 55% of all B2B invoiced sales in the U.S. are overdue, according to Atradius 2024 Payment Practices Bar",1,0,0,1,Article/Link,Fidesic AP,https://www.linkedin.com/feed/update/urn:li:activity:7498451007710871552/,https://www.linkedin.com/company/fidesic/posts/
Fidesic,10,2026-08-26 18:39,💡Cash flow is a fact. Profit is an opinion.,1,0,0,1,Image,Fidesic AP,https://www.linkedin.com/feed/update/urn:li:activity:7498449004578455553/,https://www.linkedin.com/company/fidesic/posts/
Fidesic,11,2026-08-12 22:17,"""Discipline in accounts payable is discipline in cash flow.""",0,0,0,0,Image,Fidesic AP,https://www.linkedin.com/feed/update/urn:li:activity:7493430583696625664/,https://www.linkedin.com/company/fidesic/posts/
Fidesic,12,2026-08-12 22:14,"This post covers what BC handles natively for PO matching and AP automation, where the native tools fall short in real world operations, and where Fidesic's MagiCapture extends the platform.",0,0,0,0,Article/Link,Fidesic AP,https://www.linkedin.com/feed/update/urn:li:activity:7493429738439569408/,https://www.linkedin.com/company/fidesic/posts/
Fidesic,13,2026-08-11 19:13,Is running accounts payable out of Business Central missing something AP getting in the way of month-end close Fidesic can help. Try it out...,3,0,0,3,Article/Link,Fidesic AP,https://www.linkedin.com/feed/update/urn:li:activity:7493021693263687680/,https://www.linkedin.com/company/fidesic/posts/
Fidesic,14,2026-08-11 18:54,It's comin' up quick! Looking forward to seeing everyone in Nashville for,6,2,1,9,Image,Fidesic AP,https://www.linkedin.com/feed/update/urn:li:activity:7493017078199926784/,https://www.linkedin.com/company/fidesic/posts/
Fidesic,15,2026-08-10 18:17,"When you need to update your AP processes, it makes logical sense to test drive a handful of accounts payable solutions before committing to one. But in a practical sense that kind of test translates",3,0,0,3,Article/Link,Fidesic AP,https://www.linkedin.com/feed/update/urn:li:activity:7492645285584797697/,https://www.linkedin.com/company/fidesic/posts/
Fidesic,16,2026-08-07 13:37,"Fidesic has been named Best Of AP Automation Tools for Dynamics ERP in 2026 by ERP Software Blog, and this recognition means a lot to the team.",7,0,1,8,Article/Link,Fidesic AP,https://www.linkedin.com/feed/update/urn:li:activity:7491487575438823424/,https://www.linkedin.com/company/fidesic/posts/
Fidesic,17,2026-08-06 19:05,"Remittance vs. Bank Transfer: Key Differences. These two terms are sometimes used interchangeably, but there is a meaningful distinction.",0,0,0,0,Image,Fidesic AP,https://www.linkedin.com/feed/update/urn:li:activity:7491207925533741056/,https://www.linkedin.com/company/fidesic/posts/
Fidesic,18,2026-08-06 18:31,"Fidesic has been named Best Of AP Automation Tools for Dynamics ERP in 2026 by ERP Software Blog, and this recognition means a lot to the team.",7,0,1,8,Article/Link,Fidesic AP,https://www.linkedin.com/feed/update/urn:li:activity:7491199332113727488/,https://www.linkedin.com/company/fidesic/posts/
Fidesic,19,2026-08-05 20:13,"""Every invoice tells a story. Make sure yours check out.""",0,0,0,0,Image,Fidesic AP,https://www.linkedin.com/feed/update/urn:li:activity:7490862545612816384/,https://www.linkedin.com/company/fidesic/posts/
Fidesic,20,2026-08-05 18:04,"Is a migration off of Dynamics GP impossible for you right now Here's a list of things you can do to maximize GP performance. After you read the list below, read our full post to learn more 👉",9,0,1,10,Image,Fidesic AP,https://www.linkedin.com/feed/update/urn:li:activity:7490830050779410432/,https://www.linkedin.com/company/fidesic/posts/
Fidesic,21,2026-08-04 20:13,"Fidesic is the strongest AP automation choice for organizations running Microsoft Dynamics GP or D365 Business Central. Its native integration, built specifically for these ERPs means invoices post cl",0,0,0,0,Article/Link,Fidesic AP,https://www.linkedin.com/feed/update/urn:li:activity:7490500058379997184/,https://www.linkedin.com/company/fidesic/posts/
Fidesic,22,2026-07-30 18:22,"In this post we are going to assume that you know the pain points of manual paper processes, and therefore understand the potential benefits of a paperless accounts payable system. So we are going to",0,0,0,0,Article/Link,Fidesic AP,https://www.linkedin.com/feed/update/urn:li:activity:7488660336535928832/,https://www.linkedin.com/company/fidesic/posts/
Fidesic,23,2026-07-29 16:17,"The right AP automation software enables small accounting departments to manage multi-location businesses, and it reduces stress around month-end close and creates the foundation for data-backed strat",2,0,0,2,Article/Link,Fidesic AP,https://www.linkedin.com/feed/update/urn:li:activity:7488266414722805760/,https://www.linkedin.com/company/fidesic/posts/
Fidesic,24,2026-07-28 18:08,Still on Dynamics GP Fidesic has deployable AI agents for your Accounts Payable process. Weather you need an immediate fix or an AP solution partner that will be there with you for the long haul. GP,7,3,0,10,Video,Fidesic AP,https://www.linkedin.com/feed/update/urn:li:activity:7487932078039339008/,https://www.linkedin.com/company/fidesic/posts/
Fidesic,25,2026-07-16 19:17,"Fidesic is continually renewing focus on building trust in the Dynamics Community. Even as we expand our reach into other ERPs, Dynamics GP, Business Central and the community they represent will alwa",1,0,0,1,Article/Link,Fidesic AP,https://www.linkedin.com/feed/update/urn:li:activity:7483600595099037696/,https://www.linkedin.com/company/fidesic/posts/
Fidesic,26,2026-07-15 16:31,"For two decades accounts payable was where invoices got matched and paid. In 2026 it sets cash flow timing, catches payment fraud, and feeds forecasting. Ardent Partners calls that move from bill-payi",0,0,0,0,Image,Fidesic AP,https://www.linkedin.com/feed/update/urn:li:activity:7483196600123826178/,https://www.linkedin.com/company/fidesic/posts/
Fidesic,27,2026-07-14 19:11,When you don't need 3-way matching... 3-way matching assumes something can be received: a warehouse checking off a quantity against an order. That often doesn't work well for:,0,0,0,0,Image,Fidesic AP,https://www.linkedin.com/feed/update/urn:li:activity:7482874355618652160/,https://www.linkedin.com/company/fidesic/posts/
Fidesic,28,2026-07-13 20:53,"Fidesic delivers value beyond AP automation. Don't get us wrong, our software is the best solution for",6,1,1,8,Video,Fidesic AP,https://www.linkedin.com/feed/update/urn:li:activity:7482537739817684992/,https://www.linkedin.com/company/fidesic/posts/
Fidesic,29,2026-07-13 16:20,"Trust isn't something you can claim. It's something you have to earn, over and over, in the small moments that don't necessarily make it into a case study.",0,0,0,0,Article/Link,Fidesic AP,https://www.linkedin.com/feed/update/urn:li:activity:7482469128709079040/,https://www.linkedin.com/company/fidesic/posts/
Fidesic,30,2026-07-10 18:37,Did you know... 🤖 The first mobile robot that could think through its own actions was built in the late 1960s. They named it Shakey because of its herky-jerky motion and tendency to tremble when it s,2,0,0,2,Image,Fidesic AP,https://www.linkedin.com/feed/update/urn:li:activity:7481416424704417793/,https://www.linkedin.com/company/fidesic/posts/
Fidesic,31,2026-07-09 22:17,"If you are wondering how to set up your purchase order matching, keep in mind, most businesses don't need to pick one type of matching over the other. They need to know which spend gets which control.",1,0,0,1,Article/Link,Fidesic AP,https://www.linkedin.com/feed/update/urn:li:activity:7481109316633247744/,https://www.linkedin.com/company/fidesic/posts/
Fidesic,32,2026-07-08 18:48,"""AI and human ingenuity are powering a bold new operating model that is fundamentally reimagining the finance function."" KPMG",0,0,0,0,Image,Fidesic AP,https://www.linkedin.com/feed/update/urn:li:activity:7480694307214061568/,https://www.linkedin.com/company/fidesic/posts/
Fidesic,33,2026-07-07 18:59,Modern AI-based invoice capture uses machine learning models trained on millions of invoice variations. The system recognizes invoice components contextually rather than by fixed position. Learn More:,0,0,0,0,Article/Link,Fidesic AP,https://www.linkedin.com/feed/update/urn:li:activity:7480334686397870083/,https://www.linkedin.com/company/fidesic/posts/
Fidesic,34,2026-07-06 20:08,"Unsurprisingly, not all AI projects are a success. At Fidesic, we mitigate your risk and deliver tailored Accounts Payable deployments with provable return on investment and faster time to value.",1,0,0,1,Multi-image (5),Fidesic AP,https://www.linkedin.com/feed/update/urn:li:activity:7479989686174715905/,https://www.linkedin.com/company/fidesic/posts/
Fidesic,35,2026-07-06 19:32,"Fidesic is the strongest AP automation choice for organizations running Microsoft Dynamics GP or D365 Business Central. Its native integration, built specifically for these ERPs means invoices post cl",1,0,0,1,Article/Link,Fidesic AP,https://www.linkedin.com/feed/update/urn:li:activity:7479980573189406720/,https://www.linkedin.com/company/fidesic/posts/
Fidesic,36,2026-07-02 17:35,"📊Ninety-five percent (95%) of enterprise generative AI pilots fail to deliver any measurable financial return, according to MIT's 2025 NANDA research. Kevin Pritchard talks about Fidesic's approach t",9,1,2,12,Video,Fidesic AP,https://www.linkedin.com/feed/update/urn:li:activity:7478501518007070720/,https://www.linkedin.com/company/fidesic/posts/
Fidesic,37,2026-07-01 16:24,"🦉 ""Financial close is evolving from a manual, time-consuming task to an automated, continuous cycle."" Deloitte",1,0,0,1,Image,Fidesic AP,https://www.linkedin.com/feed/update/urn:li:activity:7478121323752497152/,https://www.linkedin.com/company/fidesic/posts/
Fidesic,38,2026-06-30 17:57,"Ninety-five percent (95%) of enterprise generative AI pilots fail to deliver any measurable financial return, according to MIT's 2025 NANDA research. Fidesic is part of the 5% of AI projects that crea",2,0,0,2,Article/Link,Fidesic AP,https://www.linkedin.com/feed/update/urn:li:activity:7477782494667313153/,https://www.linkedin.com/company/fidesic/posts/
Fidesic,39,2026-06-19 17:36,hashtag,3,1,0,4,Image,Fidesic AP,https://www.linkedin.com/feed/update/urn:li:activity:7473790867661688833/,https://www.linkedin.com/company/fidesic/posts/
Fidesic,40,2026-06-17 17:53,"Fidesic has officially joined Knights of GP, and we could not be more excited about it. Fidesic started as a GP shop. Even as we expand our reach, the GP community will always be at out core. 👉",17,2,3,22,Image,Fidesic AP,https://www.linkedin.com/feed/update/urn:li:activity:7473070253577760769/,https://www.linkedin.com/company/fidesic/posts/
Fidesic,41,2026-06-17 17:26,"Fidesic has officially joined Knights of GP, and we could not be more excited about it. Fidesic started as a GP shop. Even as we expand our reach, the GP community will always be at out core. 👉",17,2,3,22,Image,Fidesic AP,https://www.linkedin.com/feed/update/urn:li:activity:7473063417021624320/,https://www.linkedin.com/company/fidesic/posts/
Fidesic,42,2026-06-17 17:05,🤓 Why Accruals and Deferrals Matter for Financial Accuracy. Mishandling accruals and deferrals is one of the most common sources of misstated financials in businesses of all sizes. The consequences s,1,0,0,1,Image,Fidesic AP,https://www.linkedin.com/feed/update/urn:li:activity:7473058144445829120/,https://www.linkedin.com/company/fidesic/posts/
Fidesic,43,2026-06-16 21:20,Budget pressure It's AP's time to shine. Be the driver of serious cost reductions. 5 Key Strategies to Get Results Fast! NO FORM 👉 [link],0,0,0,0,Article/Link,Fidesic AP,https://www.linkedin.com/feed/update/urn:li:activity:7472760113578184704/,https://www.linkedin.com/company/fidesic/posts/
Fidesic,44,2026-06-16 16:43,"😎 If your team uses Microsoft Dynamics GP or Business Central to manage multiple locations, your AP process should be easy to manage from headquarters with the right solution in place...",4,0,0,4,Image,Fidesic AP,https://www.linkedin.com/feed/update/urn:li:activity:7472690304521912320/,https://www.linkedin.com/company/fidesic/posts/
Fidesic,45,2026-06-12 14:28,Feel like you're the only person scrambling at work on Friday Struggling to get your invoices processed on time Automation makes it easier to love Fridays like everyone else.,2,0,0,2,Image,Fidesic AP,https://www.linkedin.com/feed/update/urn:li:activity:7471206677829251072/,https://www.linkedin.com/company/fidesic/posts/
Fidesic,46,2026-06-11 19:18,DPO vs. AP Turnover 🤔 The AP Turnover Ratio gives you frequency of vendor payments. DPO gives you duration of how long it takes to pay vendors. Learn More: [link],1,0,0,1,Image,Fidesic AP,https://www.linkedin.com/feed/update/urn:li:activity:7470917393779757058/,https://www.linkedin.com/company/fidesic/posts/
Fidesic,47,2026-06-10 16:05,"""Failure to accurately manage payables makes it harder to forecast and manage cash flows and anticipate short-term liquidity needs, putting many businesses on an unnecessary cash flow tightrope."" --De",1,0,0,1,Image,Fidesic AP,https://www.linkedin.com/feed/update/urn:li:activity:7470506510511681537/,https://www.linkedin.com/company/fidesic/posts/
Fidesic,48,2026-06-09 21:38,Think paper checks are dead 🤔 Think again... About 80% of small businesses in the US are still cutting paper checks. Are you using positive pay to secure check payments to vendors,2,0,1,3,Image,Fidesic AP,https://www.linkedin.com/feed/update/urn:li:activity:7470227881701519360/,https://www.linkedin.com/company/fidesic/posts/
Fidesic,49,2026-06-08 19:24,"🔔 Does Native Integration make AP Automation easier to implement for BC When an AP tool is built natively inside Business Central, the implementation process looks very different than a traditional",2,0,0,2,Image,Fidesic AP,https://www.linkedin.com/feed/update/urn:li:activity:7469831633412628481/,https://www.linkedin.com/company/fidesic/posts/
Fidesic,50,2026-06-08 15:55,"Wire Transfer vs ACH Transfer Wire transfers are immediate and can be used for overseas payments. ACH is more secure and more cost-effective, but does not work for international payments. Wire transf",0,0,0,0,Article/Link,Fidesic AP,https://www.linkedin.com/feed/update/urn:li:activity:7469779059472900098/,https://www.linkedin.com/company/fidesic/posts/
Tipalti,1,2026-09-15 15:16,"Heading to Informa's Finance Accounting for Bioscience Stop by the Tipalti booth to see how AI-powered finance automation can help healthcare, biotech, and pharmaceutical teams manage global AP wit",3,1,1,5,Image,Tipalti,https://www.linkedin.com/feed/update/urn:li:activity:7505645729906892801/,https://www.linkedin.com/company/tipalti/posts/
Tipalti,2,2026-09-14 14:22,Finance professionals are optimistic about AI. They're also asking harder questions about whether they can trust it.,5,1,0,6,Image,Tipalti,https://www.linkedin.com/feed/update/urn:li:activity:7505269636905451520/,https://www.linkedin.com/company/tipalti/posts/
Tipalti,3,2026-09-11 15:45,Not sure which automation tool your finance team actually needs Here's a practical framework.,2,1,1,4,Image,Tipalti,https://www.linkedin.com/feed/update/urn:li:activity:7504203394501357568/,https://www.linkedin.com/company/tipalti/posts/
Tipalti,4,2026-09-10 13:43,"Does this sound familiar Your finance team spends two full days every month processing payments, taking time away from the work that actually grows the business.",0,1,0,1,Image,Tipalti,https://www.linkedin.com/feed/update/urn:li:activity:7503810273145827328/,https://www.linkedin.com/company/tipalti/posts/
Tipalti,5,2026-09-09 10:06,"Arthur Laykin studied philosophy at Tel Aviv University, took a part-time job at the university tech support desk to pay the bills, and discovered he liked solving problems more than he expected. That",36,1,0,37,Image,Tipalti,https://www.linkedin.com/feed/update/urn:li:activity:7503393273529536513/,https://www.linkedin.com/company/tipalti/posts/
Tipalti,6,2026-09-08 15:35,"Two-thirds of finance teams saw manual work increase last year, even with new tools in their stack. That's the quiet failure mode of automation that only follows fixed rules: the moment an invoice loo",7,0,0,7,Article/Link,Tipalti,https://www.linkedin.com/feed/update/urn:li:activity:7503113683384885248/,https://www.linkedin.com/company/tipalti/posts/
Tipalti,7,2026-09-07 14:41,Scaling globally exposes every crack in your financial infrastructure before it shows up anywhere else.,3,0,0,3,Image,Tipalti,https://www.linkedin.com/feed/update/urn:li:activity:7502737706603585536/,https://www.linkedin.com/company/tipalti/posts/
Tipalti,8,2026-09-04 16:15,Take us out to the ball game!,87,4,3,94,Multi-image (10),Tipalti,https://www.linkedin.com/feed/update/urn:li:activity:7501674295702523904/,https://www.linkedin.com/company/tipalti/posts/
Tipalti,9,2026-09-03 20:53,The Tipalti team was at the World Finance Forum in London this week.,59,2,1,62,Multi-image (3),Tipalti,https://www.linkedin.com/feed/update/urn:li:activity:7501381763076784128/,https://www.linkedin.com/company/tipalti/posts/
Tipalti,10,2026-08-25 21:45,🚨 New Playbook 🚨,8,1,0,9,Image,Tipalti,https://www.linkedin.com/feed/update/urn:li:activity:7498133373173923840/,https://www.linkedin.com/company/tipalti/posts/
Tipalti,11,2026-08-25 15:40,"Before he was a product manager, Yacov Gorovoy was a lawyer. He never coded.",42,3,0,45,Image,Tipalti,https://www.linkedin.com/feed/update/urn:li:activity:7498041508441542658/,https://www.linkedin.com/company/tipalti/posts/
Tipalti,12,2026-08-24 15:30,League One Volleyball (LOVB) felt stuck with their legacy system.,3,0,1,4,Document/Carousel (PDF),Tipalti,https://www.linkedin.com/feed/update/urn:li:activity:7497676634448183296/,https://www.linkedin.com/company/tipalti/posts/
Tipalti,13,2026-08-21 17:27,Do you know what a sunny Summer day in Vancouver calls for A team picnic on the beach!,98,7,3,108,Multi-image (14),Tipalti,https://www.linkedin.com/feed/update/urn:li:activity:7496618965771788288/,https://www.linkedin.com/company/tipalti/posts/
Tipalti,14,2026-08-21 15:56,"A company needs to pay a supplier in Germany, a creator in Brazil, and a contractor in the Philippines.",5,1,1,7,Image,Tipalti,https://www.linkedin.com/feed/update/urn:li:activity:7496595987323613184/,https://www.linkedin.com/company/tipalti/posts/
Tipalti,15,2026-08-20 16:13,Great engineering leadership isn't just about technical expertise; it's about creating environments where people can do their best work.,4,1,1,6,Image,Tipalti,https://www.linkedin.com/feed/update/urn:li:activity:7496238049702510592/,https://www.linkedin.com/company/tipalti/posts/
Tipalti,16,2026-08-20 14:09,"Most finance teams using AI today are using it as a faster way to do things they already knew how to do: Write an email, summarize a document, or take notes from a meeting.",33,0,0,33,Article/Link,Tipalti,https://www.linkedin.com/feed/update/urn:li:activity:7496206669354438656/,https://www.linkedin.com/company/tipalti/posts/
Tipalti,17,2026-08-19 13:20,"When Prodege's partner network grew, so did the operational complexity behind every payment.",13,0,0,13,Video,Tipalti,https://www.linkedin.com/feed/update/urn:li:activity:7495832020955099136/,https://www.linkedin.com/company/tipalti/posts/
Tipalti,18,2026-08-18 14:46,"AI is no longer a ""someday"" conversation in finance. It's a ""now"" conversation.",24,0,0,24,Image,Tipalti,https://www.linkedin.com/feed/update/urn:li:activity:7495491226494955520/,https://www.linkedin.com/company/tipalti/posts/
Tipalti,19,2026-08-17 14:45,"20 weeks of AP work, eliminated. Every year.",7,0,1,8,Document/Carousel (PDF),Tipalti,https://www.linkedin.com/feed/update/urn:li:activity:7495128560345530369/,https://www.linkedin.com/company/tipalti/posts/
Tipalti,20,2026-08-16 17:23,"In his latest for the Forbes Tech Council, Tipalti CPTO Roby Baruch discusses how AI is transforming product and engineering organizations.",2,0,0,2,Article/Link,Tipalti,https://www.linkedin.com/feed/update/urn:li:activity:7494805936738443264/,https://www.linkedin.com/company/tipalti/posts/
Tipalti,21,2026-08-16 11:10,New from the Tipalti Team 👇,25,4,0,29,Image,Tipalti,https://www.linkedin.com/feed/update/urn:li:activity:7494712091547983872/,https://www.linkedin.com/company/tipalti/posts/
Tipalti,22,2026-08-15 12:29,New from the Tipalti Product Team 👇,100,3,0,103,Image,Tipalti,https://www.linkedin.com/feed/update/urn:li:activity:7494369561652244481/,https://www.linkedin.com/company/tipalti/posts/
Tipalti,23,2026-08-14 15:45,What does it actually take to build financial infrastructure for a company scaling globally,8,0,0,8,Image,Tipalti,https://www.linkedin.com/feed/update/urn:li:activity:7494056511439106048/,https://www.linkedin.com/company/tipalti/posts/
Tipalti,24,2026-08-06 15:20,"Adding a new country doesn't add one new problem. It adds several at once: subsidiaries, currencies, tax rules, banking relationships, and approval flows, all requiring attention at the same time.",9,0,1,10,Video,Tipalti,https://www.linkedin.com/feed/update/urn:li:activity:7491151289582706688/,https://www.linkedin.com/company/tipalti/posts/
Tipalti,25,2026-08-05 15:11,81% of organizations say their external partner networks are vital to business success. Yet most still treat the infrastructure behind paying those partners as an afterthought.,8,0,1,9,Video,Tipalti,https://www.linkedin.com/feed/update/urn:li:activity:7490786545394765824/,https://www.linkedin.com/company/tipalti/posts/
Tipalti,26,2026-08-04 15:15,"Even the best partner programs lose talent when payments are slow, complicated, or hard to manage.",8,1,1,10,Video,Tipalti,https://www.linkedin.com/feed/update/urn:li:activity:7490425097632083968/,https://www.linkedin.com/company/tipalti/posts/
Tipalti,27,2026-08-03 15:35,"The Tipalti team is heading to Minneapolis for the Dynamics Community Summit Roadshow, and we're proud to be a sponsor!",6,0,0,6,Video,Tipalti,https://www.linkedin.com/feed/update/urn:li:activity:7490067743824658432/,https://www.linkedin.com/company/tipalti/posts/
Tipalti,28,2026-07-31 17:10,"There's a lot of noise around agentic AI right now, but what we're hearing from finance teams is far more practical.",6,1,0,7,Image,Tipalti,https://www.linkedin.com/feed/update/urn:li:activity:7489004494077313024/,https://www.linkedin.com/company/tipalti/posts/
Tipalti,29,2026-07-31 15:00,"The Tipalti C-Suite were in Vancouver last week for their executive QBR, and they capped off the sessions with a happy hour for the entire office.",128,3,2,133,Multi-image (10),Tipalti,https://www.linkedin.com/feed/update/urn:li:activity:7488971744008032256/,https://www.linkedin.com/company/tipalti/posts/
Tipalti,30,2026-07-30 16:37,The finance function is being asked to operate at a higher level. The problem is the day-to-day workload hasn't changed to match.,41,0,1,42,Video,Tipalti,https://www.linkedin.com/feed/update/urn:li:activity:7488633931689431041/,https://www.linkedin.com/company/tipalti/posts/
Tipalti,31,2026-07-29 13:37,NEW RESEARCH: The payout infrastructure gap is costing businesses their top partners.,24,0,3,27,Video,Tipalti,https://www.linkedin.com/feed/update/urn:li:activity:7488226191594786817/,https://www.linkedin.com/company/tipalti/posts/
Tipalti,32,2026-07-28 14:45,"Tipalti Mass Payments manages the full payout lifecycle in one platform: payee onboarding, tax compliance, global payments across 200+ countries, FX conversion, and ERP reconciliation. So companies ca",22,0,2,24,Article/Link,Tipalti,https://www.linkedin.com/feed/update/urn:li:activity:7487880818137235457/,https://www.linkedin.com/company/tipalti/posts/
Tipalti,33,2026-07-27 15:24,We're on the floor at Affiliate Summit East in New York today and tomorrow.,9,0,0,9,Video,Tipalti,https://www.linkedin.com/feed/update/urn:li:activity:7487528257370800129/,https://www.linkedin.com/company/tipalti/posts/
Tipalti,34,2026-07-27 13:50,Tonight is Powerhouse Heroes HQ at Hard Rock Cafe in New York City. Doors open at 7 PM.,9,0,0,9,Image,Tipalti,https://www.linkedin.com/feed/update/urn:li:activity:7487504607414317056/,https://www.linkedin.com/company/tipalti/posts/
Tipalti,35,2026-07-24 15:18,"For Mail Shark, managing a growing volume of vendor payments manually was creating a bottleneck in their finance department. They needed a way to seamlessly scale their operations without continuously",3,0,0,3,Image,Tipalti,https://www.linkedin.com/feed/update/urn:li:activity:7486439587075063808/,https://www.linkedin.com/company/tipalti/posts/
Tipalti,36,2026-07-23 15:28,61% of finance professionals can now clearly quantify AI ROI. 95% of organizations using AI report measurable cost savings. The business case has been made.,10,0,1,11,Image,Tipalti,https://www.linkedin.com/feed/update/urn:li:activity:7486079716718751744/,https://www.linkedin.com/company/tipalti/posts/
Tipalti,37,2026-07-22 22:46,"I'm excited to share that Tipalti has been named on CNBC's World's Top FinTech Companies of 2026 for the fourth consecutive year. For those who don't know, this list is MASSIVE in the fintech industry",52,2,6,60,Image,Darren Upson,https://www.linkedin.com/feed/update/urn:li:activity:7485827630764634112/,https://www.linkedin.com/company/tipalti/posts/
Tipalti,38,2026-07-15 16:14,"G2's Summer 2026 report is out, and Tipalti earned three recognitions: Users Love Us, Summer 2026 Leader, and Regional Leader.",44,0,1,45,Video,Tipalti,https://www.linkedin.com/feed/update/urn:li:activity:7483192248013250560/,https://www.linkedin.com/company/tipalti/posts/
Tipalti,39,2026-07-14 13:15,Is your finance team spending more time on manual data entry than actual analysis,25,1,0,26,Video,Tipalti,https://www.linkedin.com/feed/update/urn:li:activity:7482784809338085376/,https://www.linkedin.com/company/tipalti/posts/
Tipalti,40,2026-07-13 14:19,Have you noticed a shift in how finance leaders are talking about AI over the past year,15,0,1,16,Image,Tipalti,https://www.linkedin.com/feed/update/urn:li:activity:7482438470783827968/,https://www.linkedin.com/company/tipalti/posts/
Tipalti,41,2026-07-11 14:45,Skillshare has 5 million members and a global network of instructors and influencers to pay. Making sure those payments go out correctly across currencies and across markets used to take three hours a,12,0,0,12,Document/Carousel (PDF),Tipalti,https://www.linkedin.com/feed/update/urn:li:activity:7481720216960368640/,https://www.linkedin.com/company/tipalti/posts/
Tipalti,42,2026-07-10 15:57,98% of finance professionals say AI saves them time.,6,0,0,6,Video,Tipalti,https://www.linkedin.com/feed/update/urn:li:activity:7481375971414204416/,https://www.linkedin.com/company/tipalti/posts/
Tipalti,43,2026-07-09 15:10,"Mechanical, performance, sync, master recording.",21,0,0,21,Image,Tipalti,https://www.linkedin.com/feed/update/urn:li:activity:7481001746551709697/,https://www.linkedin.com/company/tipalti/posts/
Tipalti,44,2026-07-08 14:50,"Before Tipalti, Thematic's finance team was manually managing international payments to hundreds of thousands of music creators. Collecting W-9s and W-8s. Handling DAC7 and international tax reporting",25,0,1,26,Video,Tipalti,https://www.linkedin.com/feed/update/urn:li:activity:7480634387030650880/,https://www.linkedin.com/company/tipalti/posts/
Tipalti,45,2026-07-07 16:14,When did your team last screen a supplier for sanctions exposure,5,0,0,5,Image,Tipalti,https://www.linkedin.com/feed/update/urn:li:activity:7480293103883452416/,https://www.linkedin.com/company/tipalti/posts/
Tipalti,46,2026-07-06 17:30,Earlier this week I brought the Israeli Design Leadership community together at the Tipalti Tel Aviv office. The question we wanted to discuss: what does the shift to 'Builders' actually look like ins,154,16,4,174,Multi-image (8),Idan Segev,https://www.linkedin.com/feed/update/urn:li:activity:7479949881789431808/,https://www.linkedin.com/company/tipalti/posts/
Tipalti,47,2026-07-06 17:09,The Tipalti team will be in Berlin this Wednesday for the latest edition of the World Finance Forum.,16,1,2,19,Image,Tipalti,https://www.linkedin.com/feed/update/urn:li:activity:7479944512094597120/,https://www.linkedin.com/company/tipalti/posts/
Tipalti,48,2026-07-06 15:37,Is your marketplace's payment infrastructure actually built to scale or just built to function,12,0,0,12,Article/Link,Tipalti,https://www.linkedin.com/feed/update/urn:li:activity:7479921359393910787/,https://www.linkedin.com/company/tipalti/posts/
Tipalti,49,2026-07-05 17:04,A hypothetical about manual processes.,6,1,0,7,Text,Tipalti,https://www.linkedin.com/feed/update/urn:li:activity:7479580861168914432/,https://www.linkedin.com/company/tipalti/posts/
Tipalti,50,2026-07-04 16:58,Ask any finance team that's made the switch to automation what they regret. It's usually just not doing it sooner.,2,0,0,2,Text,Tipalti,https://www.linkedin.com/feed/update/urn:li:activity:7479216966734417920/,https://www.linkedin.com/company/tipalti/posts/
Stampli,1,2026-09-14 17:03,Really lucky to work with such visionary founders!,9,0,0,9,Video,Eyal Feldman,https://www.linkedin.com/feed/update/urn:li:activity:7505310186530828288/,https://www.linkedin.com/company/stampli/posts/
Stampli,2,2026-09-14 15:44,Calling Microsoft users to Nashville for the Community Summit 🗻 [link],4,0,1,5,Article/Link,Stampli,https://www.linkedin.com/feed/update/urn:li:activity:7505290274118475776/,https://www.linkedin.com/company/stampli/posts/
Stampli,3,2026-09-11 11:53,The 68% stat tells part of the story. The team behind it tells it all 💙 [link],20,0,3,23,Image,Stampli,https://www.linkedin.com/feed/update/urn:li:activity:7504145000830763008/,https://www.linkedin.com/company/stampli/posts/
Stampli,4,2026-09-10 17:08,Founders get tired of selling. That doesn't mean the sales motion is ready to hand off.,80,18,0,98,Video,Eyal Feldman,https://www.linkedin.com/feed/update/urn:li:activity:7503861910673526784/,https://www.linkedin.com/company/stampli/posts/
Stampli,5,2026-09-10 16:53,Founders get tired of selling. That doesn't mean the sales motion is ready to hand off.,80,18,0,98,Video,Eyal Feldman,https://www.linkedin.com/feed/update/urn:li:activity:7503858076933095424/,https://www.linkedin.com/company/stampli/posts/
Stampli,6,2026-09-09 14:48,Finance shouldn't have to reconstruct employee spend records every month 🗓️,30,1,7,38,Article/Link,Stampli,https://www.linkedin.com/feed/update/urn:li:activity:7503464250934255616/,https://www.linkedin.com/company/stampli/posts/
Stampli,7,2026-09-08 15:37,An employee swipes a company card. Another pays out of pocket. Someone submits mileage.,17,0,6,23,Article/Link,Stampli,https://www.linkedin.com/feed/update/urn:li:activity:7503114180867039232/,https://www.linkedin.com/company/stampli/posts/
Stampli,8,2026-09-02 15:35,"When leaders have room to grow, their teams can grow with them 🌱 [link]",5,0,0,5,Image,Stampli,https://www.linkedin.com/feed/update/urn:li:activity:7500939342903816195/,https://www.linkedin.com/company/stampli/posts/
Stampli,9,2026-08-31 15:19,"In finance, efficiency only matters if you can improve it without giving up control and accuracy.",6,0,2,8,Article/Link,Stampli,https://www.linkedin.com/feed/update/urn:li:activity:7500210551743049728/,https://www.linkedin.com/company/stampli/posts/
Stampli,10,2026-08-28 23:31,Business leaders always have questions. They just don't ask all of them because answering each one can take weeks of work.,47,5,5,57,Video,Eyal Feldman,https://www.linkedin.com/feed/update/urn:li:activity:7499247223994535936/,https://www.linkedin.com/company/stampli/posts/
Stampli,11,2026-08-07 17:45,Every vendor relationship carries a set of important commitments.,12,0,4,16,Article/Link,Stampli,https://www.linkedin.com/feed/update/urn:li:activity:7491550133990649856/,https://www.linkedin.com/company/stampli/posts/
Stampli,12,2026-08-06 16:41,"From 10 locations to more than 50, America's Group built a finance operation designed to scale with its growth.",19,0,8,27,Article/Link,Stampli,https://www.linkedin.com/feed/update/urn:li:activity:7491171494178455552/,https://www.linkedin.com/company/stampli/posts/
Stampli,13,2026-08-04 18:14,"71 locations. 1,000+ monthly invoices. A two-person AP team.",14,0,1,15,Article/Link,Stampli,https://www.linkedin.com/feed/update/urn:li:activity:7490470160655376385/,https://www.linkedin.com/company/stampli/posts/
Stampli,14,2026-07-27 16:15,New software shouldn't take years to deliver value.,36,1,14,51,Image,Stampli,https://www.linkedin.com/feed/update/urn:li:activity:7487541089772572672/,https://www.linkedin.com/company/stampli/posts/
Stampli,15,2026-07-22 17:45,Procure-to-pay breaks down fast when teams work across disconnected tools 🫣,11,0,5,16,Article/Link,Stampli,https://www.linkedin.com/feed/update/urn:li:activity:7485751784376815617/,https://www.linkedin.com/company/stampli/posts/
Stampli,16,2026-07-14 16:14,Finance leaders do not need a lesson in prompting. They need better data to prompt from.,6,0,1,7,Article/Link,Stampli,https://www.linkedin.com/feed/update/urn:li:activity:7482829790388056064/,https://www.linkedin.com/company/stampli/posts/
Stampli,17,2026-07-10 20:41,"""It's allowed basically a one-person team to do the work of a team of four or five.""",0,0,0,0,Video,OpenAI for Business,https://www.linkedin.com/feed/update/urn:li:activity:7481447429310140416/,https://www.linkedin.com/company/stampli/posts/
Stampli,18,2026-07-09 20:18,"I spent ten years as an accountant before I ever touched marketing. So when OpenAI asked to feature how my team works as part of their ChatGPT Work launch, it felt a little surreal.",63,3,5,71,Video,Melad Zahedi,https://www.linkedin.com/feed/update/urn:li:activity:7481079331687981057/,https://www.linkedin.com/company/stampli/posts/
Stampli,19,2026-07-02 15:55,"What changes when finance teams can analyze data in ways that used to be slow, manual, or expensive to explore",13,0,1,14,Article/Link,Stampli,https://www.linkedin.com/feed/update/urn:li:activity:7478476361188237312/,https://www.linkedin.com/company/stampli/posts/
Stampli,20,2026-06-30 17:58,Finance teams don't run out of good questions. They run out of practical ways to get answers.,32,0,12,44,Document/Carousel (PDF),Stampli,https://www.linkedin.com/feed/update/urn:li:activity:7477782702507728897/,https://www.linkedin.com/company/stampli/posts/
Stampli,21,2026-06-26 17:59,Accounts Payable is where Procure-to-Pay either works or breaks.,18,0,6,24,Article/Link,Stampli,https://www.linkedin.com/feed/update/urn:li:activity:7476333219932549120/,https://www.linkedin.com/company/stampli/posts/
Stampli,22,2026-06-23 19:43,Vendor renewal coming up A lot can change since the last contract.,12,1,4,17,Article/Link,Stampli,https://www.linkedin.com/feed/update/urn:li:activity:7475272288779554817/,https://www.linkedin.com/company/stampli/posts/
Stampli,23,2026-06-19 01:24,Strong customer feedback on real value for finance teams to create one connected P2P story.,37,1,16,54,Article/Link,Stampli,https://www.linkedin.com/feed/update/urn:li:activity:7473546137669382144/,https://www.linkedin.com/company/stampli/posts/
Stampli,24,2026-06-19 01:23,Finance teams don't run out of useful questions. They run out of practical ways to get answers.,22,1,6,29,Article/Link,Stampli,https://www.linkedin.com/feed/update/urn:li:activity:7473546016936443904/,https://www.linkedin.com/company/stampli/posts/
Stampli,25,2026-05-22 18:34,"Built to scale your business, not your headcount.",25,0,11,36,Article/Link,Stampli,https://www.linkedin.com/feed/update/urn:li:activity:7463658491082162176/,https://www.linkedin.com/company/stampli/posts/
Stampli,26,2026-05-07 18:09,Vendor concentration risk is hiding in your AP data.,11,0,1,12,Article/Link,Stampli,https://www.linkedin.com/feed/update/urn:li:activity:7458216341255270400/,https://www.linkedin.com/company/stampli/posts/
Stampli,27,2026-04-29 21:22,Day 2 at,42,1,1,44,Image,Stampli,https://www.linkedin.com/feed/update/urn:li:activity:7455365803056717825/,https://www.linkedin.com/company/stampli/posts/
Stampli,28,2026-04-29 17:08,Day 1 of,91,1,5,97,Multi-image (3),Nathan Hansel,https://www.linkedin.com/feed/update/urn:li:activity:7455302057294729217/,https://www.linkedin.com/company/stampli/posts/
Stampli,29,2026-04-21 15:53,We're about to see the death of the dashboard. Here's why they'll get replaced by interactive AI visualizations that explain themselves and you can talk to. It starts with the end of intelligence scar,83,8,23,114,Image,Eyal Feldman,https://www.linkedin.com/feed/update/urn:li:activity:7452383909046169600/,https://www.linkedin.com/company/stampli/posts/
Stampli,30,2026-04-16 15:37,Budget variance usually doesn't start with one big decision. It builds quietly across everyday work. 🗓️,7,0,2,9,Article/Link,Stampli,https://www.linkedin.com/feed/update/urn:li:activity:7450567947728650240/,https://www.linkedin.com/company/stampli/posts/
Stampli,31,2026-04-10 16:32,Cash flow opportunities often hide in Accounts Payable.,18,2,4,24,Article/Link,Stampli,https://www.linkedin.com/feed/update/urn:li:activity:7448407527593099265/,https://www.linkedin.com/company/stampli/posts/
Stampli,32,2026-04-07 16:36,Big things are happening at Stampli. 🚀,101,2,5,108,Article/Link,Matthew E.,https://www.linkedin.com/feed/update/urn:li:activity:7447321308419489792/,https://www.linkedin.com/company/stampli/posts/
Stampli,33,2026-04-06 16:39,The data moving through finance systems holds a story that teams never see.,25,1,6,32,Article/Link,Stampli,https://www.linkedin.com/feed/update/urn:li:activity:7446959667169316864/,https://www.linkedin.com/company/stampli/posts/
Stampli,34,2026-04-03 18:48,"The most valuable signals in finance are buried in places traditional BI can't reach. Invoice line items, approval comments, vendor back-and-forths, exception notes, and thousands of small decisions t",52,2,6,60,Video,Eyal Feldman,https://www.linkedin.com/feed/update/urn:li:activity:7445905103506583552/,https://www.linkedin.com/company/stampli/posts/
Stampli,35,2026-04-02 18:00,We're launching something big: an agentic financial analyst you can ask anything. Stampli Deep Finance™ generates an interactive analysis that would take consultants weeks to make. Personally I'm exci,148,3,21,172,Video,Eyal Feldman,https://www.linkedin.com/feed/update/urn:li:activity:7445530496417226752/,https://www.linkedin.com/company/stampli/posts/
Stampli,36,2026-04-02 16:57,Ask your agentic financial analyst anything. Get consultant-grade intelligence about your business. Make smarter spending decisions. 🔍 [link],39,0,22,61,Video,Stampli,https://www.linkedin.com/feed/update/urn:li:activity:7445514701041483776/,https://www.linkedin.com/company/stampli/posts/
Stampli,37,2026-04-01 18:40,"We had a great time at the Nashville career fair meeting people excited about the future of finance operations across sales, CS, engineering, and every team in between.",44,1,5,50,Multi-image (2),Stampli,https://www.linkedin.com/feed/update/urn:li:activity:7445178342305243136/,https://www.linkedin.com/company/stampli/posts/
Stampli,38,2026-03-31 16:10,Stampli Deep Finance™ transforms raw finance data into executive spend intelligence.,46,2,29,77,Article/Link,Stampli,https://www.linkedin.com/feed/update/urn:li:activity:7444778087130771457/,https://www.linkedin.com/company/stampli/posts/
Stampli,39,2026-03-02 19:07,"""Those little clicks add up. When you're doing that a thousand times a day, it matters.""",25,0,10,35,Video,Stampli,https://www.linkedin.com/feed/update/urn:li:activity:7434313504599232512/,https://www.linkedin.com/company/stampli/posts/
Stampli,40,2026-02-26 17:21,"For years we've been simplifying the complexities of finance. Exception-heavy workflows, multi-entity environments, and audit trails that hold up under pressure.",14,1,6,21,Article/Link,Stampli,https://www.linkedin.com/feed/update/urn:li:activity:7432837112883806208/,https://www.linkedin.com/company/stampli/posts/
Stampli,41,2026-02-23 15:50,"As finance teams look toward 2026, AI is everywhere, but real impact is uneven.",40,0,7,47,Article/Link,Stampli,https://www.linkedin.com/feed/update/urn:li:activity:7431727073507008513/,https://www.linkedin.com/company/stampli/posts/
Stampli,42,2026-02-19 16:30,"50+ locations, ~32,000 invoices/month, 12,000+ vendors. This is where complexity either compounds or gets controlled.",32,0,25,57,Article/Link,Stampli,https://www.linkedin.com/feed/update/urn:li:activity:7430287586713051136/,https://www.linkedin.com/company/stampli/posts/
Stampli,43,2026-02-12 17:22,"ICYMI, Stampli has once again been named a top-rated Accounts Payable solution by Software Advice and Capterra. We are especially grateful to our customers, whose feedback helped us earn Best in Custo",16,0,8,24,Article/Link,Stampli,https://www.linkedin.com/feed/update/urn:li:activity:7427763933916143616/,https://www.linkedin.com/company/stampli/posts/
Stampli,44,2026-02-05 17:32,We are thrilled to share that Stampli has been recognized as a top-rated Procure-to-Pay solution by Software Advice and Capterra for our 3rd consecutive year! A huge thank you to every Stampli user wh,57,1,18,76,Article/Link,Stampli,https://www.linkedin.com/feed/update/urn:li:activity:7425229974334296065/,https://www.linkedin.com/company/stampli/posts/
Stampli,45,2026-02-03 19:21,Thank you to the Citrin Cooperman Team for hosting us and the Blackstone family at Farmer's Open. We're excited to partner on automating the back office and procure-to-pay processes across Blackstone,91,3,9,103,Image,Stampli,https://www.linkedin.com/feed/update/urn:li:activity:7424532626180521984/,https://www.linkedin.com/company/stampli/posts/
Stampli,46,2026-02-02 15:38,"📢 If 1099s are painful, your AP process is telling on itself. Stampli ensures the data flowing into your ERP is clean, complete, and trustworthy - making compliance easier when it matters most.",6,0,3,9,Article/Link,Stampli,https://www.linkedin.com/feed/update/urn:li:activity:7424113886322307072/,https://www.linkedin.com/company/stampli/posts/
Stampli,47,2026-01-29 17:04,"HIPAA compliance ≠ blocking data. Most tools ""comply"" by restricting uploads. Stampli protects PHI across every field and workflow, no workarounds required.",9,0,1,10,Article/Link,Stampli,https://www.linkedin.com/feed/update/urn:li:activity:7422685981054562304/,https://www.linkedin.com/company/stampli/posts/
Stampli,48,2026-01-21 17:19,Invoice volume isn't the problem. Decision volume is.,10,0,10,20,Article/Link,Stampli,https://www.linkedin.com/feed/update/urn:li:activity:7419790646338707457/,https://www.linkedin.com/company/stampli/posts/
Stampli,49,2026-01-15 18:14,Procure-to-pay workflows don't break because of inefficiency. They break when complexity outgrows disconnected systems.,17,0,6,23,Article/Link,Stampli,https://www.linkedin.com/feed/update/urn:li:activity:7417630158607499264/,https://www.linkedin.com/company/stampli/posts/
Stampli,50,2026-01-07 17:07,"""What used to take up to 12 hours can now be done in about one hour."" 🫳🎤",21,0,10,31,Article/Link,Stampli,https://www.linkedin.com/feed/update/urn:li:activity:7414714209902620672/,https://www.linkedin.com/company/stampli/posts/
Pleo,1,2026-09-16 12:00,That's a wrap on Accountex Summit Manchester. 🤝,36,2,0,38,Multi-image (3),Pleo,https://www.linkedin.com/feed/update/urn:li:activity:7505958843017994241/,https://www.linkedin.com/company/pleo-company/posts/
Pleo,2,2026-09-16 08:54,"Finance teams are losing hours every week to reconciliation, approval chasing and out-of-policy corrections.",9,1,0,10,Video,Pleo,https://www.linkedin.com/feed/update/urn:li:activity:7505912079686569984/,https://www.linkedin.com/company/pleo-company/posts/
Pleo,3,2026-09-15 08:02,WINGSTOP UK (Lemon Pepper Holdings Ltd) doubled its number of locations in two years. But rapid growth called for a new approach to managing company spending.,30,0,4,34,Video,Pleo,https://www.linkedin.com/feed/update/urn:li:activity:7505536446594969601/,https://www.linkedin.com/company/pleo-company/posts/
Pleo,4,2026-09-14 07:41,"Finance is a craft running on judgment, precision, and care. At Pleo, we acknowledge it as a discipline that deserves respect.",27,0,2,29,Article/Link,Pleo,https://www.linkedin.com/feed/update/urn:li:activity:7505168740616142849/,https://www.linkedin.com/company/pleo-company/posts/
Pleo,5,2026-09-10 13:02,Your AI tool just became a spend expert. 🤝,36,0,1,37,Article/Link,Pleo,https://www.linkedin.com/feed/update/urn:li:activity:7503800017615499265/,https://www.linkedin.com/company/pleo-company/posts/
Pleo,6,2026-09-10 09:41,"Finance leaders, this one's for you.",47,0,9,56,Video,Pleo,https://www.linkedin.com/feed/update/urn:li:activity:7503749508523024384/,https://www.linkedin.com/company/pleo-company/posts/
Pleo,7,2026-09-09 13:30,What's currently costing your finance team its time,44,5,0,49,Document/Carousel (PDF),Pleo,https://www.linkedin.com/feed/update/urn:li:activity:7503444790949265408/,https://www.linkedin.com/company/pleo-company/posts/
Pleo,8,2026-09-09 08:03,Pleo has entered the chat.,111,3,29,143,Video,Pleo,https://www.linkedin.com/feed/update/urn:li:activity:7503362501590335490/,https://www.linkedin.com/company/pleo-company/posts/
Pleo,9,2026-09-08 11:45,98% of UK finance leaders already use AI. But 49% still struggle to manage it.,17,0,4,21,Document/Carousel (PDF),Pleo,https://www.linkedin.com/feed/update/urn:li:activity:7503055880209203200/,https://www.linkedin.com/company/pleo-company/posts/
Pleo,10,2026-08-13 06:30,"Flowering.dk is a Copenhagen-based floristry business with a great idea: buy up surplus flowers, turn them into surprise bouquets, and eliminate floral waste. Their finance process, as Johan Vang Wild",15,1,0,16,Video,Pleo,https://www.linkedin.com/feed/update/urn:li:activity:7493554518677368832/,https://www.linkedin.com/company/pleo-company/posts/
Pleo,11,2026-08-11 06:00,Distributed spending doesn't have to mean distributed risk.,9,1,0,10,Article/Link,Pleo,https://www.linkedin.com/feed/update/urn:li:activity:7492822169832284161/,https://www.linkedin.com/company/pleo-company/posts/
Pleo,12,2026-08-06 08:42,"This is how Bonzer took control of €700,000+ in marketing spend with Pleo 🔥 [link]",23,0,0,23,Video,Pleo,https://www.linkedin.com/feed/update/urn:li:activity:7491051106836451329/,https://www.linkedin.com/company/pleo-company/posts/
Pleo,13,2026-08-05 09:15,One click. No manual back-and-forth. Far less room for error.,10,0,0,10,Article/Link,Pleo,https://www.linkedin.com/feed/update/urn:li:activity:7490696979312820224/,https://www.linkedin.com/company/pleo-company/posts/
Pleo,14,2026-07-30 09:08,"Finance leaders need AI that knows its limits, works invisibly where it can, and steps back immediately where it matters 🦾 [link]",16,0,3,19,Article/Link,Pleo,https://www.linkedin.com/feed/update/urn:li:activity:7488520965103173634/,https://www.linkedin.com/company/pleo-company/posts/
Pleo,15,2026-07-28 08:13,What's next in AI spend control,9,0,0,9,Image,Pleo,https://www.linkedin.com/feed/update/urn:li:activity:7487782257504456704/,https://www.linkedin.com/company/pleo-company/posts/
Pleo,16,2026-07-27 07:52,From 16 hours of monthly expense admin to just ≈1.5 hours. Now that's something worth raising a glass to. 🍺,21,1,0,22,Video,Pleo,https://www.linkedin.com/feed/update/urn:li:activity:7487414564758745088/,https://www.linkedin.com/company/pleo-company/posts/
Pleo,17,2026-07-23 07:49,"Pleo has been named one of CNBC and Statista's World's Top Fintech Companies of 2026, earning a place among the leaders in the Enterprise fintech category. 🏆 [link]",75,0,8,83,Article/Link,Pleo,https://www.linkedin.com/feed/update/urn:li:activity:7485964231058726926/,https://www.linkedin.com/company/pleo-company/posts/
Pleo,18,2026-07-22 06:39,What's new in July Exactly what you need 🎯,13,0,0,13,Document/Carousel (PDF),Pleo,https://www.linkedin.com/feed/update/urn:li:activity:7485584289389273088/,https://www.linkedin.com/company/pleo-company/posts/
Pleo,19,2026-07-21 07:50,Stepping into a CFO role comes with immediate pressure.,17,0,2,19,Article/Link,Pleo,https://www.linkedin.com/feed/update/urn:li:activity:7485239842772127744/,https://www.linkedin.com/company/pleo-company/posts/
Pleo,20,2026-07-20 08:05,It's alive. But does it work,11,0,1,12,Image,Pleo,https://www.linkedin.com/feed/update/urn:li:activity:7484881119134441473/,https://www.linkedin.com/company/pleo-company/posts/
Pleo,21,2026-07-16 08:39,"Turns out, the future of finance goes very well with breakfast. ☕️ 🥐",77,0,5,82,Multi-image (13),Pleo,https://www.linkedin.com/feed/update/urn:li:activity:7483440173855350785/,https://www.linkedin.com/company/pleo-company/posts/
Pleo,22,2026-07-15 07:47,"When you're managing project-based work across multiple entities, a single misclick in the export process can break your entire flow.",16,0,3,19,Document/Carousel (PDF),Pleo,https://www.linkedin.com/feed/update/urn:li:activity:7483064598011576320/,https://www.linkedin.com/company/pleo-company/posts/
Pleo,23,2026-07-14 11:59,Let's talk about the Pleo MCP. 🤖,85,3,9,97,Multi-image (2),Ajay Khanna,https://www.linkedin.com/feed/update/urn:li:activity:7482765706757959680/,https://www.linkedin.com/company/pleo-company/posts/
Pleo,24,2026-07-01 09:08,"For Conmedia ApS, a marketing company that usually builds its own solutions, the goal was simple: get expense management sorted without the ""card chaos"".",21,1,1,23,Document/Carousel (PDF),Pleo,https://www.linkedin.com/feed/update/urn:li:activity:7478011653503205377/,https://www.linkedin.com/company/pleo-company/posts/
Pleo,25,2026-06-30 08:24,"When he co-built Pleo, our CEO Jeppe Rindom did it for finance teams who were tired of systems that break the moment growth gets serious.",31,0,2,33,Image,Pleo,https://www.linkedin.com/feed/update/urn:li:activity:7477638111628308480/,https://www.linkedin.com/company/pleo-company/posts/
Pleo,26,2026-06-29 08:53,"For Flowering.dk, the shift from manual to automated finance with Pleo has been in equal parts a time-saver and a culture-shifter:",9,0,2,11,Document/Carousel (PDF),Pleo,https://www.linkedin.com/feed/update/urn:li:activity:7477283200176685056/,https://www.linkedin.com/company/pleo-company/posts/
Pleo,27,2026-06-25 07:20,"AI spend is changing, and rapidly so.",7,0,0,7,Article/Link,Pleo,https://www.linkedin.com/feed/update/urn:li:activity:7475810080844726272/,https://www.linkedin.com/company/pleo-company/posts/
Pleo,28,2026-06-24 08:30,Finance leaders know exactly what they should be working on. The problem is that *everything else* gets in the way first.,13,1,3,17,Document/Carousel (PDF),Pleo,https://www.linkedin.com/feed/update/urn:li:activity:7475465294891761664/,https://www.linkedin.com/company/pleo-company/posts/
Pleo,29,2026-06-23 09:11,"""Can I spend this on... """,48,0,7,55,Video,Pleo,https://www.linkedin.com/feed/update/urn:li:activity:7475113222728056832/,https://www.linkedin.com/company/pleo-company/posts/
Pleo,30,2026-06-22 09:14,Sustainable floristry 🤝 Modern spend management,24,0,4,28,Image,Pleo,https://www.linkedin.com/feed/update/urn:li:activity:7474751563933351936/,https://www.linkedin.com/company/pleo-company/posts/
Pleo,31,2026-06-18 12:49,Thank you FF News Fintech Finance for the great discussion,22,0,1,23,Video,FF News Fintech Finance,https://www.linkedin.com/feed/update/urn:li:activity:7473356120632467456/,https://www.linkedin.com/company/pleo-company/posts/
Pleo,32,2026-06-18 10:39,"We're rethinking how teams manage spend-starting with agentic AI that actually understands your company's rules, surfaces what needs attention, answers your questions in real time, and so much more (c",20,1,1,22,Document/Carousel (PDF),Pleo,https://www.linkedin.com/feed/update/urn:li:activity:7473323383536033792/,https://www.linkedin.com/company/pleo-company/posts/
Pleo,33,2026-06-18 08:14,Cross-border expansion has a hidden cost. Finance teams are paying it every day. And 71% say it can feel like launching a new business all over again.,17,1,1,19,Video,Pleo,https://www.linkedin.com/feed/update/urn:li:activity:7473287104035426306/,https://www.linkedin.com/company/pleo-company/posts/
Pleo,34,2026-06-17 08:13,Most finance teams don't realise how much they're losing to expense admin until they see it written down.,15,1,3,19,Document/Carousel (PDF),Pleo,https://www.linkedin.com/feed/update/urn:li:activity:7472924424439107584/,https://www.linkedin.com/company/pleo-company/posts/
Pleo,35,2026-06-16 07:27,Want a clear view of how peer organisations across Europe are allocating capital in 2026 🇪🇺 [link],9,1,3,13,Image,Pleo,https://www.linkedin.com/feed/update/urn:li:activity:7472550349216829440/,https://www.linkedin.com/company/pleo-company/posts/
Pleo,36,2026-06-15 07:31,Too many finance leaders are buried under mindless admin.,31,1,3,35,Document/Carousel (PDF),Pleo,https://www.linkedin.com/feed/update/urn:li:activity:7472188919107813377/,https://www.linkedin.com/company/pleo-company/posts/
Pleo,37,2026-06-11 10:20,Automation has improved the workload for finance teams significantly over the last few years.,19,0,2,21,Document/Carousel (PDF),Pleo,https://www.linkedin.com/feed/update/urn:li:activity:7470782042910302209/,https://www.linkedin.com/company/pleo-company/posts/
Pleo,38,2026-06-03 08:22,AI spend is moving fast. But most finance teams still don't have a real view of peer benchmarks. We pulled together the numbers CFOs have been asking for.,19,1,7,27,Video,Pleo,https://www.linkedin.com/feed/update/urn:li:activity:7467853305306648576/,https://www.linkedin.com/company/pleo-company/posts/
Pleo,39,2026-06-02 13:25,"The right banking stack starts with the customer, not the vendor.",29,0,0,29,Image,Pleo,https://www.linkedin.com/feed/update/urn:li:activity:7467567128238379008/,https://www.linkedin.com/company/pleo-company/posts/
Pleo,40,2026-06-02 12:00,Companies across Europe are scaling. But their financial systems aren't keeping up.,27,0,8,35,Image,Pleo,https://www.linkedin.com/feed/update/urn:li:activity:7467545687002447875/,https://www.linkedin.com/company/pleo-company/posts/
Pleo,41,2026-06-02 07:55,"Flowering.dk is on a mission to cut floral waste, but before Pleo, their finance process was about nothing but waste-of effort, time, and attention.",18,0,2,20,Video,Pleo,https://www.linkedin.com/feed/update/urn:li:activity:7467484017018322945/,https://www.linkedin.com/company/pleo-company/posts/
Pleo,42,2026-05-28 13:20,"Most companies are having the wrong AI conversation. They're debating licence costs and ROI thresholds, when the real barrier is something else entirely.",8,0,1,9,Poll,Pleo,https://www.linkedin.com/feed/update/urn:li:activity:7465753926294745088/,https://www.linkedin.com/company/pleo-company/posts/
Pleo,43,2026-05-27 08:45,Questions CFOs are asking right now:,23,1,2,26,Video,Pleo,https://www.linkedin.com/feed/update/urn:li:activity:7465322317099778049/,https://www.linkedin.com/company/pleo-company/posts/
Pleo,44,2026-05-26 08:56,"When your finance team is two people managing 30 buses' worth of expenses across Europe, every hour spent on manual admin is an hour not spent on the work that moves the business forward.",17,0,2,19,Document/Carousel (PDF),Pleo,https://www.linkedin.com/feed/update/urn:li:activity:7464962688624803841/,https://www.linkedin.com/company/pleo-company/posts/
Pleo,45,2026-05-21 08:51,"""Cost is blocking AI adoption"" gets repeated a lot. The data tells a more useful story. We pulled the numbers together in a CFO-ready report.",22,0,7,29,Video,Pleo,https://www.linkedin.com/feed/update/urn:li:activity:7463149540808814592/,https://www.linkedin.com/company/pleo-company/posts/
Pleo,46,2026-05-19 09:59,"Many leaders worry that giving employees spending autonomy will lead to out-of-control costs. But according to data from our latest report, average transaction value on cards rose just by +4.9% year-o",19,1,1,21,Image,Pleo,https://www.linkedin.com/feed/update/urn:li:activity:7462441857889931265/,https://www.linkedin.com/company/pleo-company/posts/
Pleo,47,2026-05-15 08:47,"Toonen Reizen runs 30 buses across Europe, with drivers in France, Spain, Italy, and a finance team of two keeping pace with it all.",17,0,0,17,Image,Pleo,https://www.linkedin.com/feed/update/urn:li:activity:7460974126594260992/,https://www.linkedin.com/company/pleo-company/posts/
Pleo,48,2026-05-14 08:31,Pleo × iplicit. A new partnership. 🙌,89,0,6,95,Image,Pleo,https://www.linkedin.com/feed/update/urn:li:activity:7460607622849712128/,https://www.linkedin.com/company/pleo-company/posts/
Pleo,49,2026-05-13 12:12,AI is on every agenda. Most of the conversation is noise.,29,0,3,32,Document/Carousel (PDF),Pleo,https://www.linkedin.com/feed/update/urn:li:activity:7460301011098918912/,https://www.linkedin.com/company/pleo-company/posts/
Pleo,50,2026-05-12 08:40,immobilie1 was struggling with an insidious force: systems that demanded more attention than the tasks they handled.,22,0,2,24,Document/Carousel (PDF),Pleo,https://www.linkedin.com/feed/update/urn:li:activity:7459885210994765824/,https://www.linkedin.com/company/pleo-company/posts/
Payhawk,1,2026-09-16 14:10,🎾 Eleven years since Grigor Dimitrov last wore Bulgaria's colors in Davis Cup. Now he's back and this time he'll be together with another Payhawk brand ambassador.,58,0,1,59,Image,Payhawk,https://www.linkedin.com/feed/update/urn:li:activity:7505991541765885952/,https://www.linkedin.com/company/payhawk/posts/
Payhawk,2,2026-09-16 08:00,"This is Martin, General Manager and SVP Customer Success at Payhawk, and he's inviting you all to our Fall '26 webinar.",48,0,4,52,Video,Payhawk,https://www.linkedin.com/feed/update/urn:li:activity:7505898276265795584/,https://www.linkedin.com/company/payhawk/posts/
Payhawk,3,2026-09-15 08:00,This edition puts finance's best next move one prompt away.,71,2,18,91,Video,Payhawk,https://www.linkedin.com/feed/update/urn:li:activity:7505535894699999232/,https://www.linkedin.com/company/payhawk/posts/
Payhawk,4,2026-09-14 14:14,"We asked 1,520 finance leaders about their tools. Here's what we found 📊",16,1,0,17,Document/Carousel (PDF),Payhawk,https://www.linkedin.com/feed/update/urn:li:activity:7505267835770834944/,https://www.linkedin.com/company/payhawk/posts/
Payhawk,5,2026-09-14 12:08,We didn't launch travel at Payhawk to give people the same product in a different place.,53,1,1,55,Image,Boris A. Angelov,https://www.linkedin.com/feed/update/urn:li:activity:7505236102270767104/,https://www.linkedin.com/company/payhawk/posts/
Payhawk,6,2026-09-14 09:04,A four-day month-end close. An approval flow nobody can explain anymore. A reconciliation that runs through one person.,40,6,0,46,Image,Payhawk,https://www.linkedin.com/feed/update/urn:li:activity:7505189665252196352/,https://www.linkedin.com/company/payhawk/posts/
Payhawk,7,2026-09-12 19:59,Chamath Palihapitiya Jason Calacanis you said today you don't believe AI is capable of booking you a hotel yet. You just got a booking in LA under your names fully booked and paid by AI courtesy of,205,12,21,238,Video,Hristo Borisov,https://www.linkedin.com/feed/update/urn:li:activity:7504629863467884544/,https://www.linkedin.com/company/payhawk/posts/
Payhawk,8,2026-09-11 13:39,"Yesterday, The Loft at A'dam Tower filled up with Europe's finance leaders and the conversation went straight past ""should we use AI"" to ""what do we fix first.""",71,3,3,77,Multi-image (11),Payhawk,https://www.linkedin.com/feed/update/urn:li:activity:7504171854149115906/,https://www.linkedin.com/company/payhawk/posts/
Payhawk,9,2026-09-11 08:30,"Business travel looks simple until it isn't. One person, one city, one night. Any tool can do that.",41,1,1,43,Image,Payhawk,https://www.linkedin.com/feed/update/urn:li:activity:7504093900324921345/,https://www.linkedin.com/company/payhawk/posts/
Payhawk,10,2026-09-10 08:12,"You're moving to DualEntry to get ahead, but that's only half of the solution. AI-native spend management is the other half.",45,0,4,49,Video,Payhawk,https://www.linkedin.com/feed/update/urn:li:activity:7503727197916999680/,https://www.linkedin.com/company/payhawk/posts/
Payhawk,11,2026-09-01 07:23,"Every AI-pitch sounds the same right now: ""architected for AI,"" ""faster onboarding,"" ""sharper UX."" Even legacy systems lean into the script.",8,1,0,9,Image,Payhawk,https://www.linkedin.com/feed/update/urn:li:activity:7500453201322762241/,https://www.linkedin.com/company/payhawk/posts/
Payhawk,12,2026-08-31 13:30,"It's US Open time and Grigor Dimitrov begins his campaign in New York today, in his 15th main draw appearance at this tournament - a milestone that says as much about resilience as it does about talen",171,1,0,172,Image,Payhawk,https://www.linkedin.com/feed/update/urn:li:activity:7500183244303261697/,https://www.linkedin.com/company/payhawk/posts/
Payhawk,13,2026-08-31 07:30,This is what an AI-first team looks like.,104,0,9,113,Video,Payhawk,https://www.linkedin.com/feed/update/urn:li:activity:7500092576847470592/,https://www.linkedin.com/company/payhawk/posts/
Payhawk,14,2026-08-28 10:24,Finance has automated almost everything. Except the part that needs judgment.,27,0,0,27,Article/Link,Payhawk,https://www.linkedin.com/feed/update/urn:li:activity:7499049203302809600/,https://www.linkedin.com/company/payhawk/posts/
Payhawk,15,2026-08-20 08:45,💳 Corporate spend moves across payment types and markets. Fraud and AML controls need to keep pace.,90,3,11,104,Image,Flagright,https://www.linkedin.com/feed/update/urn:li:activity:7496125289274601473/,https://www.linkedin.com/company/payhawk/posts/
Payhawk,16,2026-08-18 12:00,"Two weeks after the New York Stock Exchange celebrated our $100M ARR milestone with a trading floor takeover, our CEO and Co-founder Hristo Borisov sat down with NYSE Live for a conversation on how we",377,10,13,400,Video,Payhawk,https://www.linkedin.com/feed/update/urn:li:activity:7495449609708945408/,https://www.linkedin.com/company/payhawk/posts/
Payhawk,17,2026-08-18 07:38,"France's e-invoicing mandate goes live in 14 days. The most dangerous words we're hearing from finance teams right now are: ""We're compliant.""",34,2,2,38,Image,Pavel Hadzhiev,https://www.linkedin.com/feed/update/urn:li:activity:7495383490759303168/,https://www.linkedin.com/company/payhawk/posts/
Payhawk,18,2026-08-11 14:37,"Spent a few days in Stockholm and loved the city (and the coffee) so much, it made the news even better: Payhawk is opening its newest office here.",484,16,3,503,Multi-image (2),Gabriela Belnikolovska,https://www.linkedin.com/feed/update/urn:li:activity:7492952224533278721/,https://www.linkedin.com/company/payhawk/posts/
Payhawk,19,2026-08-06 09:11,We had a proper unbox therapy in the office. 📦,170,4,7,181,Video,Payhawk,https://www.linkedin.com/feed/update/urn:li:activity:7491058429508218881/,https://www.linkedin.com/company/payhawk/posts/
Payhawk,20,2026-08-05 07:30,"For finance leaders, the conversation is shifting from AI hype toward how to actually govern it. That was the topic in Munich - The Future CFO Talks, live from BMW Welt.",61,0,2,63,Video,Payhawk,https://www.linkedin.com/feed/update/urn:li:activity:7490670435018215425/,https://www.linkedin.com/company/payhawk/posts/
Payhawk,21,2026-08-04 13:00,Now that's a nice surprise! A trading floor takeover by the NYSE to mark us surpassing $100M ARR - congratulations messages up on the boards and everything.,280,4,14,298,Multi-image (3),Payhawk,https://www.linkedin.com/feed/update/urn:li:activity:7490391223183249408/,https://www.linkedin.com/company/payhawk/posts/
Payhawk,22,2026-08-03 10:57,🚀 The Future CFO Talks - Amsterdam,18,0,1,19,Image,Angel Rivera,https://www.linkedin.com/feed/update/urn:li:activity:7489997820465188864/,https://www.linkedin.com/company/payhawk/posts/
Payhawk,23,2026-07-31 11:22,AI can take the task. It can't take the accountability.,29,1,1,31,Article/Link,Payhawk,https://www.linkedin.com/feed/update/urn:li:activity:7488917034903396354/,https://www.linkedin.com/company/payhawk/posts/
Payhawk,24,2026-07-31 07:57,1/5 of the Payhawk Marketing team merched up ✨🦄,54,3,3,60,Video,Dessy Duleva,https://www.linkedin.com/feed/update/urn:li:activity:7488865364286701568/,https://www.linkedin.com/company/payhawk/posts/
Payhawk,25,2026-07-09 14:51,"A few weeks ago Ben Waite and I visited the Eagl team in Ghent, and left inspired by what they're building. They have the unmistakable energy of a team creating a business that's going places fast.",51,5,3,59,Image,Jochem van Overbeek,https://www.linkedin.com/feed/update/urn:li:activity:7480997124982206465/,https://www.linkedin.com/company/payhawk/posts/
Payhawk,26,2026-07-08 07:24,Crossing $100M in annual recurring revenue feels pretty great. But what feels even better is how we did it...,435,16,62,513,Video,Payhawk,https://www.linkedin.com/feed/update/urn:li:activity:7480522282252013569/,https://www.linkedin.com/company/payhawk/posts/
Payhawk,27,2026-07-07 08:00,"We created The Court of Resilience to celebrate Grigor's behaviour during maybe the toughest moment of his career - his 2025 Wimbledon injury, and the handshake he still gave the umpire on his way off",101,0,1,102,Image,Payhawk,https://www.linkedin.com/feed/update/urn:li:activity:7480168812605161472/,https://www.linkedin.com/company/payhawk/posts/
Payhawk,28,2026-07-06 09:10,Hundreds and hundreds of customers upgraded. Tens of millions in euros. No failed card transactions.,71,7,0,78,Video,Payhawk,https://www.linkedin.com/feed/update/urn:li:activity:7479823968305160192/,https://www.linkedin.com/company/payhawk/posts/
Payhawk,29,2026-07-06 07:17,Heading home from our teambuilding in Greece today. 🇬🇷,103,2,1,106,Multi-image (2),Jack Cummings,https://www.linkedin.com/feed/update/urn:li:activity:7479795623421173760/,https://www.linkedin.com/company/payhawk/posts/
Payhawk,30,2026-07-03 04:45,"We are thrilled to see our global brand ambassador Grigor Dimitrov swinging back at SW19, and winning in style.",251,1,5,257,Image,Payhawk,https://www.linkedin.com/feed/update/urn:li:activity:7478670106206560256/,https://www.linkedin.com/company/payhawk/posts/
Payhawk,31,2026-07-02 09:32,"This week, we had the absolute pleasure of hosting a group of business and finance leaders at Wimbledon 🎾",77,0,0,77,Multi-image (4),Payhawk,https://www.linkedin.com/feed/update/urn:li:activity:7478380005870243840/,https://www.linkedin.com/company/payhawk/posts/
Payhawk,32,2026-07-01 13:35,A few weeks ago I took the train to Ghent with Jochem van Overbeek to meet the team at Eagl - and left convinced we'd partnered with one of the most exciting names in finance automation. They are grea,65,4,1,70,Image,Ben Waite,https://www.linkedin.com/feed/update/urn:li:activity:7478078865731653632/,https://www.linkedin.com/company/payhawk/posts/
Payhawk,33,2026-07-01 11:08,Munich just hosted the latest stop on The Future CFO Talks 🎉,79,6,2,87,Multi-image (4),Payhawk,https://www.linkedin.com/feed/update/urn:li:activity:7478041895051550720/,https://www.linkedin.com/company/payhawk/posts/
Payhawk,34,2026-06-30 19:28,"A year ago, Grigor was forced off Wimbledon with a heartbreaking injury. So today's win on Court 18 feels truly symbolic.",76,1,2,79,Video,Payhawk,https://www.linkedin.com/feed/update/urn:li:activity:7477805310603341824/,https://www.linkedin.com/company/payhawk/posts/
Payhawk,35,2026-06-30 12:15,This one from Boris A. Angelov and Karolina Klermon-Williams is in a word.. chef's kiss!,5,0,0,5,Video,Boris A. Angelov,https://www.linkedin.com/feed/update/urn:li:activity:7477696194702422016/,https://www.linkedin.com/company/payhawk/posts/
Payhawk,36,2026-06-30 10:20,We've been named Best Business Payments System at the PayTech Awards 2026 (via FinTech Futures) 🎉 🎉 🎉,153,3,1,157,Image,Payhawk,https://www.linkedin.com/feed/update/urn:li:activity:7477667296329568259/,https://www.linkedin.com/company/payhawk/posts/
Payhawk,37,2026-06-30 07:06,71% of AI investments in finance aren't delivering meaningful impact.,17,0,1,18,Article/Link,Payhawk,https://www.linkedin.com/feed/update/urn:li:activity:7477618658836385792/,https://www.linkedin.com/company/payhawk/posts/
Payhawk,38,2026-06-25 10:00,It's today!!,61,0,0,61,Image,Payhawk,https://www.linkedin.com/feed/update/urn:li:activity:7475850297148583936/,https://www.linkedin.com/company/payhawk/posts/
Payhawk,39,2026-06-22 12:34,"Trip changes are where managed travel usually falls apart. The traveller calls the airline, contacts the hotel separately, and finance loses visibility the moment plans deviate from the original booki",23,1,0,24,Document/Carousel (PDF),Payhawk,https://www.linkedin.com/feed/update/urn:li:activity:7474802033263501312/,https://www.linkedin.com/company/payhawk/posts/
Payhawk,40,2026-06-22 09:57,Your ERP handles the books ✅,30,0,4,34,Image,Payhawk,https://www.linkedin.com/feed/update/urn:li:activity:7474762361111994368/,https://www.linkedin.com/company/payhawk/posts/
Payhawk,41,2026-06-22 08:40,"The next currency is here! You can now pay in Polish złoty at local cost and speed, with no FX in the middle and full control from a single platform.",37,1,1,39,Image,Payhawk,https://www.linkedin.com/feed/update/urn:li:activity:7474743074007597056/,https://www.linkedin.com/company/payhawk/posts/
Payhawk,42,2026-06-19 11:57,"On 1 September, a PDF stops counting as a legal B2B invoice in France.",34,1,1,36,Video,Payhawk,https://www.linkedin.com/feed/update/urn:li:activity:7473705495371952129/,https://www.linkedin.com/company/payhawk/posts/
Payhawk,43,2026-06-18 09:57,"If you're shopping for a travel tool right now, skip the booking demo.",47,1,1,49,Image,Boris A. Angelov,https://www.linkedin.com/feed/update/urn:li:activity:7473312967724445696/,https://www.linkedin.com/company/payhawk/posts/
Payhawk,44,2026-06-17 11:06,Finance teams have plenty of tools... The problem They don't talk to each other.,69,1,1,71,Video,Payhawk,https://www.linkedin.com/feed/update/urn:li:activity:7472967844717223936/,https://www.linkedin.com/company/payhawk/posts/
Payhawk,45,2026-06-16 10:16,"Today you can pay in Danish kroner at local cost and local speed, with no FX in the middle and full visibility from one platform. 🇩🇰",68,1,4,73,Image,Payhawk,https://www.linkedin.com/feed/update/urn:li:activity:7472593032849276929/,https://www.linkedin.com/company/payhawk/posts/
Payhawk,46,2026-06-15 14:56,🏎️ What do a Formula 1 team and a modern CFO have in common,135,4,1,140,Multi-image (3),Nikolay Pohlupkov,https://www.linkedin.com/feed/update/urn:li:activity:7472301079611805697/,https://www.linkedin.com/company/payhawk/posts/
Payhawk,47,2026-06-15 08:55,"If you're leading a finance team in France, you have around 11 weeks before the eInvoicing mandate goes live on 1st September.",45,3,1,49,Image,Payhawk,https://www.linkedin.com/feed/update/urn:li:activity:7472210142131032064/,https://www.linkedin.com/company/payhawk/posts/
Payhawk,48,2026-06-11 08:10,"The Summer '26 Edition is live, and it's our biggest release yet. 🚀",94,10,8,112,Video,Payhawk,https://www.linkedin.com/feed/update/urn:li:activity:7470749304081588224/,https://www.linkedin.com/company/payhawk/posts/
Payhawk,49,2026-06-10 13:24,"Somewhere in your business right now, an invoice is sitting in a finance inbox waiting to be matched to the right entity, coded to the right account, and sent to the right approver.",21,0,0,21,Image,Payhawk,https://www.linkedin.com/feed/update/urn:li:activity:7470466025294163968/,https://www.linkedin.com/company/payhawk/posts/
Payhawk,50,2026-06-10 07:47,Most travel tools handle flights. Some handle hotels. A few handle expenses.,21,0,1,22,Image,Payhawk,https://www.linkedin.com/feed/update/urn:li:activity:7470381147534020609/,https://www.linkedin.com/company/payhawk/posts/
Rydoo,1,2026-09-16 10:39,Last week we mapped the five European e-invoicing frameworks. This is the follow-up we promised: what happens after you meet every deadline.,9,0,0,9,Image,Rydoo,https://www.linkedin.com/feed/update/urn:li:activity:7505938431139770368/,https://www.linkedin.com/company/rydoo/posts/
Rydoo,2,2026-09-14 10:51,"One e-invoicing mandate is a project. For multi-entity companies, European e-invoicing is an operating model.",24,4,6,34,Event,Rydoo,https://www.linkedin.com/feed/update/urn:li:activity:7505216609893011456/,https://www.linkedin.com/company/rydoo/posts/
Rydoo,3,2026-09-10 09:00,"""The software that matters over the next few years will be the one that shows up inside the tools people already live in - governed, trusted, one click away - instead of demanding its own real estate",2,0,0,2,Video,Sebastien Marchon,https://www.linkedin.com/feed/update/urn:li:activity:7503739241881980928/,https://www.linkedin.com/company/rydoo/posts/
Rydoo,4,2026-09-09 12:18,"""How do you eat an elephant One bite at a time"" 🐘",69,3,1,73,Multi-image (3),Daniel Keat,https://www.linkedin.com/feed/update/urn:li:activity:7503426501648777216/,https://www.linkedin.com/company/rydoo/posts/
Rydoo,5,2026-09-09 11:55,Do you know which of your European entities are already in scope for e-invoicing,16,5,4,25,Image,Rydoo,https://www.linkedin.com/feed/update/urn:li:activity:7503420789069852674/,https://www.linkedin.com/company/rydoo/posts/
Rydoo,6,2026-09-08 13:19,Don't you just love events when the conversations are more honest than you expect,23,1,0,24,Multi-image (3),Rydoo,https://www.linkedin.com/feed/update/urn:li:activity:7503079619747647489/,https://www.linkedin.com/company/rydoo/posts/
Rydoo,7,2026-09-08 09:00,"There are thousands of tools out there: travel platforms, HR systems, ERPs, accounting tools, corporate cards, the list goes on.",40,0,2,42,Video,Rydoo,https://www.linkedin.com/feed/update/urn:li:activity:7503014417446498304/,https://www.linkedin.com/company/rydoo/posts/
Rydoo,8,2026-09-03 08:45,Introducing the Rydoo MCP. All you have to do is ask.,100,19,26,145,Video,Rydoo,https://www.linkedin.com/feed/update/urn:li:activity:7501198758701977600/,https://www.linkedin.com/company/rydoo/posts/
Rydoo,9,2026-09-01 10:28,Performance Potential − Interference.,15,2,1,18,Document/Carousel (PDF),Rydoo,https://www.linkedin.com/feed/update/urn:li:activity:7500499724618129408/,https://www.linkedin.com/company/rydoo/posts/
Rydoo,10,2026-08-18 17:34,"Back in 2018 I moved out of big corps into the world of scale-ups. I started as a finance controller. The fast growth environment can be challenging for some, but it does offer a lot of opportunities",75,10,2,87,Video,Aidana Zhakupbekova,https://www.linkedin.com/feed/update/urn:li:activity:7495533698377883648/,https://www.linkedin.com/company/rydoo/posts/
Rydoo,11,2026-08-17 08:40,We're pleased to welcome InIt4U as a partner 🤝,12,0,0,12,Article/Link,InIt4U,https://www.linkedin.com/feed/update/urn:li:activity:7495036751049039872/,https://www.linkedin.com/company/rydoo/posts/
Rydoo,12,2026-08-14 11:28,"Two years ago, Rahma Elsaid applied for a student job with no real expectations.",19,0,2,21,Article/Link,Rydoo,https://www.linkedin.com/feed/update/urn:li:activity:7493991960857370624/,https://www.linkedin.com/company/rydoo/posts/
Rydoo,13,2026-08-13 14:06,"Last week, we talked about the problem. This week, we're showing you what it actually costs you (and how to solve it).",16,1,1,18,Document/Carousel (PDF),Rydoo,https://www.linkedin.com/feed/update/urn:li:activity:7493669321597169665/,https://www.linkedin.com/company/rydoo/posts/
Rydoo,14,2026-08-12 11:24,The finance leader who only does finance is already behind.,20,0,1,21,Video,Rydoo,https://www.linkedin.com/feed/update/urn:li:activity:7493266256431652864/,https://www.linkedin.com/company/rydoo/posts/
Rydoo,15,2026-08-10 12:58,"Ein doppelter Beleg, Alkohol auf der Rechnung oder ein KI-generiertes Foto, das gar kein Beleg ist: Solche Fälle kosten Finance-Teams Zeit und bleiben trotzdem leicht unentdeckt.",21,4,5,30,Event,Travexis,https://www.linkedin.com/feed/update/urn:li:activity:7492565003267473408/,https://www.linkedin.com/company/rydoo/posts/
Rydoo,16,2026-08-10 10:02,"That's GBTA Chicago done, and we have the crowd-sourced expense stories to prove it!",70,0,0,70,Multi-image (6),Rydoo,https://www.linkedin.com/feed/update/urn:li:activity:7492520687400579073/,https://www.linkedin.com/company/rydoo/posts/
Rydoo,17,2026-08-07 08:30,"Back in the day, it was all snacks over Slacks.",39,3,2,44,Document/Carousel (PDF),Rydoo,https://www.linkedin.com/feed/update/urn:li:activity:7491410311644626945/,https://www.linkedin.com/company/rydoo/posts/
Rydoo,18,2026-08-06 09:49,"Somewhere in your company, someone has just put an AI subscription on a company card.",18,2,1,21,Document/Carousel (PDF),Rydoo,https://www.linkedin.com/feed/update/urn:li:activity:7491068019222401024/,https://www.linkedin.com/company/rydoo/posts/
Rydoo,19,2026-08-05 09:00,Anyone can write a nice line about their own product.,65,8,24,97,Image,Rydoo,https://www.linkedin.com/feed/update/urn:li:activity:7490693099980148737/,https://www.linkedin.com/company/rydoo/posts/
Rydoo,20,2026-08-04 11:10,"""If my daughter can build an app in a day, why do we need six-month transformation plans "" - Nicolas Boucher, Founder of AI Finance Club",21,2,1,24,Video,Rydoo,https://www.linkedin.com/feed/update/urn:li:activity:7490363634489962496/,https://www.linkedin.com/company/rydoo/posts/
Rydoo,21,2026-08-03 08:23,"Two weeks ago, five Rydoo teammates and I stood in front of a crowd at Google's Paris offices, pitching an AI tool we'd built in 24 hours.",41,3,1,45,Image,Adam Mazik,https://www.linkedin.com/feed/update/urn:li:activity:7489959208906551296/,https://www.linkedin.com/company/rydoo/posts/
Rydoo,22,2026-08-03 08:23,"OUT NOW 🎙️Aidana Zhakupbekova, Chief Operational Financial Officer (COFO) at Rydoo, explores why tomorrow's CFO must think beyond finance.",22,0,1,23,Video,Finance Chief,https://www.linkedin.com/feed/update/urn:li:activity:7489959109270646785/,https://www.linkedin.com/company/rydoo/posts/
Rydoo,23,2026-07-30 09:30,What happens when you give a cross-functional team a real problem and 24 hours to build an AI tool to solve it,57,5,0,62,Image,Rydoo,https://www.linkedin.com/feed/update/urn:li:activity:7488526323947311104/,https://www.linkedin.com/company/rydoo/posts/
Rydoo,24,2026-07-14 08:01,Global growth. Local compliance. One partnership.,29,1,2,32,Image,Rydoo,https://www.linkedin.com/feed/update/urn:li:activity:7482705725991989248/,https://www.linkedin.com/company/rydoo/posts/
Rydoo,25,2026-07-13 08:56,"Go Rydoo team! What an amazing achievement - winning the best, most complete project overall at the Eurazeo AI Hackathon!",34,3,0,37,Multi-image (2),Adam Mazik,https://www.linkedin.com/feed/update/urn:li:activity:7482357400474267648/,https://www.linkedin.com/company/rydoo/posts/
Rydoo,26,2026-07-09 10:49,"🚀 As we head into the final sessions of the day, we're tackling one of finance's biggest challenges, and that's turning AI potential into real business value.",50,3,2,55,Multi-image (3),World Finance Forum,https://www.linkedin.com/feed/update/urn:li:activity:7480936195036954625/,https://www.linkedin.com/company/rydoo/posts/
Rydoo,27,2026-07-08 15:04,The real conversations finance leaders are having right now It's all at World Finance Forum Berlin.,40,2,1,43,Multi-image (2),Rydoo,https://www.linkedin.com/feed/update/urn:li:activity:7480638031570440194/,https://www.linkedin.com/company/rydoo/posts/
Rydoo,28,2026-07-07 08:30,We're proud to welcome Platinum Services Europe as a Rydoo channel partner.,25,1,2,28,Document/Carousel (PDF),Rydoo,https://www.linkedin.com/feed/update/urn:li:activity:7480176323420729344/,https://www.linkedin.com/company/rydoo/posts/
Rydoo,29,2026-07-02 12:33,When was the last time you actually audited your finance tool stack,12,1,2,15,Document/Carousel (PDF),Rydoo,https://www.linkedin.com/feed/update/urn:li:activity:7478425689180934147/,https://www.linkedin.com/company/rydoo/posts/
Rydoo,30,2026-06-30 08:30,57% of employees actively hide their AI use at work.,13,0,0,13,Image,Rydoo,https://www.linkedin.com/feed/update/urn:li:activity:7477639611297546241/,https://www.linkedin.com/company/rydoo/posts/
Rydoo,31,2026-06-26 15:08,That's a wrap on two days at the Business Travel Show Europe and the ExCeL London floor has been buzzing!,51,0,0,51,Multi-image (3),Rydoo,https://www.linkedin.com/feed/update/urn:li:activity:7476290419207823360/,https://www.linkedin.com/company/rydoo/posts/
Rydoo,32,2026-06-26 14:26,"At Rydoo, our ambition is to lead the AI-transformation.",54,2,4,60,Image,Adam Mazik,https://www.linkedin.com/feed/update/urn:li:activity:7476279606405222400/,https://www.linkedin.com/company/rydoo/posts/
Rydoo,33,2026-06-25 15:12,Great conversations at the World Finance Forum in the Beurs van Berlage ✨,38,1,1,40,Multi-image (3),Linda Bakker,https://www.linkedin.com/feed/update/urn:li:activity:7475928852628795392/,https://www.linkedin.com/company/rydoo/posts/
Rydoo,34,2026-06-25 12:30,What does the room sound like when finance leaders stop reacting and start building,35,0,2,37,Video,Rydoo,https://www.linkedin.com/feed/update/urn:li:activity:7475888034392145920/,https://www.linkedin.com/company/rydoo/posts/
Rydoo,35,2026-06-25 09:30,AI-first culture doesn't happen by accident.,30,4,2,36,Document/Carousel (PDF),Rydoo,https://www.linkedin.com/feed/update/urn:li:activity:7475842762802622464/,https://www.linkedin.com/company/rydoo/posts/
Rydoo,36,2026-06-24 09:31,Find us at Business Travel Show Europe for the next two days!,5,0,0,5,Image,Stijn Hermans,https://www.linkedin.com/feed/update/urn:li:activity:7475480666290401282/,https://www.linkedin.com/company/rydoo/posts/
Rydoo,37,2026-06-23 13:43,It's incredibly refreshing to build a partnership centred on making life easier.,27,4,5,36,Document/Carousel (PDF),Rydoo,https://www.linkedin.com/feed/update/urn:li:activity:7475181732493828098/,https://www.linkedin.com/company/rydoo/posts/
Rydoo,38,2026-06-08 08:15,It was World Environment Day on Friday and we have some progress (as well as challenges) worth sharing.,34,0,2,36,Image,Rydoo,https://www.linkedin.com/feed/update/urn:li:activity:7469663297882128386/,https://www.linkedin.com/company/rydoo/posts/
Rydoo,39,2026-06-03 09:43,,25,0,8,33,Event,Rydoo,https://www.linkedin.com/feed/update/urn:li:activity:7467873705558257664/,https://www.linkedin.com/company/rydoo/posts/
Rydoo,40,2026-06-02 13:01,Business travel programmes today need more than just an expense tool.,38,0,0,38,Image,Rydoo,https://www.linkedin.com/feed/update/urn:li:activity:7467560915379429376/,https://www.linkedin.com/company/rydoo/posts/
Rydoo,41,2026-06-02 10:31,,11,0,7,18,Event,Rydoo,https://www.linkedin.com/feed/update/urn:li:activity:7467523404946964480/,https://www.linkedin.com/company/rydoo/posts/
Rydoo,42,2026-05-28 08:00,That's a wrap on Forge Connect Oslo!,30,1,2,33,Document/Carousel (PDF),Rydoo,https://www.linkedin.com/feed/update/urn:li:activity:7465673407008002048/,https://www.linkedin.com/company/rydoo/posts/
Rydoo,43,2026-05-19 12:38,"We're thrilled to welcome Cardboard as an official sponsor of Forge Connect Oslo, the must-attend event for finance professionals taking place on Thursday!",28,4,3,35,Image,Rydoo,https://www.linkedin.com/feed/update/urn:li:activity:7462481934552657920/,https://www.linkedin.com/company/rydoo/posts/
Rydoo,44,2026-05-14 11:38,"Travel expense management is often clunky, delayed, and complicated. But it doesn't have to be.",6,0,2,8,Image,Advantage Travel Partnership,https://www.linkedin.com/feed/update/urn:li:activity:7460654733486333952/,https://www.linkedin.com/company/rydoo/posts/
Rydoo,45,2026-05-12 08:00,The love for Forge Connect speaks for itself.,36,3,9,48,Document/Carousel (PDF),Rydoo,https://www.linkedin.com/feed/update/urn:li:activity:7459875194275328000/,https://www.linkedin.com/company/rydoo/posts/
Rydoo,46,2026-05-11 09:56,"By 2030, 65% of jobs are expected to change, and finance leadership is no exception.",26,0,0,26,Image,Rydoo,https://www.linkedin.com/feed/update/urn:li:activity:7459541968138702848/,https://www.linkedin.com/company/rydoo/posts/
Rydoo,47,2026-04-23 08:00,CFOs: it's time to pick your next read 📚,16,0,1,17,Article/Link,Rydoo,https://www.linkedin.com/feed/update/urn:li:activity:7452989655001595904/,https://www.linkedin.com/company/rydoo/posts/
Rydoo,48,2026-04-09 08:00,The role of the CFO is changing fast.,21,0,0,21,Image,Rydoo,https://www.linkedin.com/feed/update/urn:li:activity:7447916227110408192/,https://www.linkedin.com/company/rydoo/posts/
Rydoo,49,2026-03-31 08:00,The best finance leaders move quickly - but always with a clear view of the road ahead.,50,0,14,64,Video,Rydoo,https://www.linkedin.com/feed/update/urn:li:activity:7444654739914547261/,https://www.linkedin.com/company/rydoo/posts/
Rydoo,50,2026-03-25 13:38,"From CPO Benelux to CFO Summit, our team spent the past weeks on the ground, speaking with finance and procurement leaders across Europe.",89,2,1,92,Multi-image (6),Rydoo,https://www.linkedin.com/feed/update/urn:li:activity:7442565679452684288/,https://www.linkedin.com/company/rydoo/posts/
Expensify,1,2026-09-14 16:39,"""Q2 is one of our strongest shipping quarters yet. With more than 30 features and enhancements, it's been gratifying to see that work recognized externally, too. We were named Expense Management Platf",9,2,2,13,Video,David Barrett,https://www.linkedin.com/feed/update/urn:li:activity:7505304316761563137/,https://www.linkedin.com/company/expensify/posts/
Expensify,2,2026-09-11 16:39,"""Every single company in the world has an expense problem. You have expenses way before you have revenue. Before you have an accountant or an accounting system, you're doing something to keep track of",8,0,2,10,Video,David Barrett,https://www.linkedin.com/feed/update/urn:li:activity:7504217176145592320/,https://www.linkedin.com/company/expensify/posts/
Expensify,3,2026-09-10 10:47,"Starting from scratch every time you set an agent rule Not anymore. Choose from ready-made agent rule templates and let RuleBot start enforcing policy in minutes, no blank page required. Now availabl",1,0,0,1,Image,Expensify,https://www.linkedin.com/feed/update/urn:li:activity:7503766069862543362/,https://www.linkedin.com/company/expensify/posts/
Expensify,4,2026-09-09 16:39,This one small (but difficult) habit change of clearly communicating the problem you are trying to solve *independent of the solution you are proposing* has really transformed how we communicate inter,17,0,2,19,Article/Link,David Barrett,https://www.linkedin.com/feed/update/urn:li:activity:7503492390910017536/,https://www.linkedin.com/company/expensify/posts/
Expensify,5,2026-09-08 09:51,"Company card expenses landing in the wrong vendor record in QuickBooks Expensify now imports your vendor list and automatically matches vendors on export, so expenses land where they belong.",7,0,1,8,Image,Expensify,https://www.linkedin.com/feed/update/urn:li:activity:7503027110941192192/,https://www.linkedin.com/company/expensify/posts/
Expensify,6,2026-09-01 15:00,New integration just dropped: Rillet.,40,0,0,40,Image,Expensify,https://www.linkedin.com/feed/update/urn:li:activity:7500568363891568641/,https://www.linkedin.com/company/expensify/posts/
Expensify,7,2026-08-28 16:39,"Traditional UI the gateway to AI. Getting our custom agent layer working was a ton of work, and it's made Expensify kind of infinitely flexible. However, it's *too* flexible -- we're finding that it g",21,6,1,28,Image,David Barrett,https://www.linkedin.com/feed/update/urn:li:activity:7499143720588455936/,https://www.linkedin.com/company/expensify/posts/
Expensify,8,2026-08-27 15:00,"We're hitting the road with Advisory Amplified next month! 6 cities, 100 firm owners per stop, and hands-on sessions on where advisory services are headed.",7,0,2,9,Image,Expensify,https://www.linkedin.com/feed/update/urn:li:activity:7498756286994636800/,https://www.linkedin.com/company/expensify/posts/
Expensify,9,2026-08-25 16:00,Did you know The Expensify Visa® Commercial Card is now available in the UK and parts of the EU,4,0,0,4,Video,Expensify,https://www.linkedin.com/feed/update/urn:li:activity:7498046548422004736/,https://www.linkedin.com/company/expensify/posts/
Expensify,10,2026-08-24 16:23,"Building AI systems is like climbing a mountain in the fog. It's really unclear how high the mountain goes, and it doesn't take any particular breakthrough to keep climbing -- but you can't take any s",27,24,1,52,Text,David Barrett,https://www.linkedin.com/feed/update/urn:li:activity:7497690181462917120/,https://www.linkedin.com/company/expensify/posts/
Expensify,11,2026-07-24 15:34,"Join our upcoming webinar on July 30th from 9-10 am PT, co-hosted by AI Finance guru, Nicolas Boucher, and our very own founder and CEO, David Barrett.",4,0,0,4,Article/Link,Nicolas Boucher,https://www.linkedin.com/feed/update/urn:li:activity:7486443741948358656/,https://www.linkedin.com/company/expensify/posts/
Expensify,12,2026-07-23 14:47,The Expensify Visa® Commercial Card is now available in the UK and EU!,33,0,9,42,Video,Expensify,https://www.linkedin.com/feed/update/urn:li:activity:7486069534412529664/,https://www.linkedin.com/company/expensify/posts/
Expensify,13,2026-07-20 16:00,"Stop out-of-policy spend before it happens. With the Expensify Card, admins can set spend rules that approve or decline transactions in real time, targeting specific merchants, categories, max amounts",7,0,2,9,Image,Expensify,https://www.linkedin.com/feed/update/urn:li:activity:7485000604159778816/,https://www.linkedin.com/company/expensify/posts/
Expensify,14,2026-07-16 14:00,"Your expense data, now in whatever AI tool you already use. Connect Expensify to ChatGPT, Claude, Cursor, or any MCP-compatible assistant and ask things like ""What did I spend on travel last month "" o",4,0,1,5,Image,Expensify,https://www.linkedin.com/feed/update/urn:li:activity:7483520933178036224/,https://www.linkedin.com/company/expensify/posts/
Expensify,15,2026-07-14 13:00,Last chance to register! This Thursday July 16 at 1PM CT we're showing how our Bring Your Own Card (BYOC) program brings modern spend management to the bank cards you already use - live demo and Q A i,5,0,0,5,Image,Expensify,https://www.linkedin.com/feed/update/urn:li:activity:7482781075367460865/,https://www.linkedin.com/company/expensify/posts/
Expensify,16,2026-07-09 14:00,"Concierge just picked up new skills. Ask it to manage expense rules, submit or retract reports, add or remove workspace members, and mark expenses as cash. Receipt scanning also now auto-flags gift ca",3,0,1,4,Image,Expensify,https://www.linkedin.com/feed/update/urn:li:activity:7480984146421497856/,https://www.linkedin.com/company/expensify/posts/
Expensify,17,2026-07-08 09:21,Our team is on the ground at Xerocon London today! Drop by stand E33 to say hello to our top product experts and learn all about our latest updates.,10,0,1,11,Video,Ted Harris,https://www.linkedin.com/feed/update/urn:li:activity:7480551690019098626/,https://www.linkedin.com/company/expensify/posts/
Expensify,18,2026-07-07 17:20,"Our latest product update puts AI to work on your expenses. Ask ChatGPT, Claude, or Cursor about your Expensify spend with the new MCP, hand off expense rules and report management to Concierge, and s",6,0,1,7,Document/Carousel (PDF),Expensify,https://www.linkedin.com/feed/update/urn:li:activity:7480309856378322945/,https://www.linkedin.com/company/expensify/posts/
Expensify,19,2026-07-06 16:43,"Our Bring Your Own Cards (BYOC) program brings modern spend management to your existing bank-issued cards, no migration required. Join our VP of Partnerships Product, Mitch Ward, on July 16 for a fr",6,0,4,10,Image,Expensify,https://www.linkedin.com/feed/update/urn:li:activity:7479938153135386624/,https://www.linkedin.com/company/expensify/posts/
Expensify,20,2026-07-01 13:00,"Most ""AI expense management"" is just rules and alerts with a shiny wrapper. But Concierge AI is the real deal.",46,3,2,51,Article/Link,Expensify,https://www.linkedin.com/feed/update/urn:li:activity:7478070016916217856/,https://www.linkedin.com/company/expensify/posts/
Expensify,21,2026-06-23 21:10,Our partners the Brooklyn Nets are making moves tonight 👀 with pick #6 in the,4,0,0,4,Image,Expensify,https://www.linkedin.com/feed/update/urn:li:activity:7475294350839689218/,https://www.linkedin.com/company/expensify/posts/
Expensify,22,2026-06-22 15:03,"Getting modern spend controls shouldn't mean rebuilding your card program. Our Bring Your Own Cards (BYOC) program connects to the bank-issued cards you already use and adds real-time visibility, spen",9,0,3,12,Image,Expensify,https://www.linkedin.com/feed/update/urn:li:activity:7474839367606501377/,https://www.linkedin.com/company/expensify/posts/
Expensify,23,2026-06-14 08:53,We're heading to Scaling New Heights June 14-17 in Orlando.,8,0,1,9,Image,Expensify,https://www.linkedin.com/feed/update/urn:li:activity:7471847295878262784/,https://www.linkedin.com/company/expensify/posts/
Expensify,24,2026-06-09 17:15,"Starting today, connect ChatGPT, Claude, Cursor, and more to Expensify to get all your spend questions answered in a quick chat.",15,2,1,18,Image,Expensify,https://www.linkedin.com/feed/update/urn:li:activity:7470161674499432450/,https://www.linkedin.com/company/expensify/posts/
Expensify,25,2026-05-19 19:09,"Using your personal card for work expenses has its perks: the points, the cash back, all yours. Now you can connect any card from 10,000+ banks, and transactions import automatically into Expensify. K",6,1,1,8,Image,Expensify,https://www.linkedin.com/feed/update/urn:li:activity:7462580328247943171/,https://www.linkedin.com/company/expensify/posts/
Expensify,26,2026-05-19 14:58,Paying your global team shouldn't be hard. Neither should expensing what it costs to run it.,14,0,3,17,Image,Expensify,https://www.linkedin.com/feed/update/urn:li:activity:7462517019502895104/,https://www.linkedin.com/company/expensify/posts/
Expensify,27,2026-05-13 13:15,Odometer tracking is live!,8,4,1,13,Image,Expensify,https://www.linkedin.com/feed/update/urn:li:activity:7460316763151347712/,https://www.linkedin.com/company/expensify/posts/
Expensify,28,2026-05-12 20:00,"As a proud partner of Kiwibank, we couldn't let you miss this...",7,0,0,7,Article/Link,Kiwibank,https://www.linkedin.com/feed/update/urn:li:activity:7460056231798353920/,https://www.linkedin.com/company/expensify/posts/
Expensify,29,2026-05-07 11:58,"Expensify has been named ""Expense Management Platform of the Year"" in the 2026 TravelTech Breakthrough Awards ✈️",30,4,6,40,Image,Expensify,https://www.linkedin.com/feed/update/urn:li:activity:7458122976748584960/,https://www.linkedin.com/company/expensify/posts/
Expensify,30,2026-05-06 14:00,"One card feed, every workspace. Admins can now share a single company card feed across multiple workspaces, so employees who wear a lot of hats aren't stuck doing the same setup twice. Less redundancy",5,0,1,6,Image,Expensify,https://www.linkedin.com/feed/update/urn:li:activity:7457791423304847360/,https://www.linkedin.com/company/expensify/posts/
Expensify,31,2026-04-29 16:10,"Big thanks to the Institute of Commercial Payments for hosting us in Scottsdale this week! Our Chief Strategy Officer, Daniel Vidal, took the stage to talk about Bring Your Own Card, our program that",38,1,1,40,Image,Expensify,https://www.linkedin.com/feed/update/urn:li:activity:7455287300797681682/,https://www.linkedin.com/company/expensify/posts/
Expensify,32,2026-04-28 17:54,We're heading to,8,1,2,11,Video,Expensify,https://www.linkedin.com/feed/update/urn:li:activity:7454951118700445697/,https://www.linkedin.com/company/expensify/posts/
Expensify,33,2026-04-21 21:46,Big news: Expensify is now a Year-Round Partner Sponsor of the Institute of Commercial Payments (IOCP). 🚀,4,0,1,5,Image,Expensify,https://www.linkedin.com/feed/update/urn:li:activity:7452472811824037889/,https://www.linkedin.com/company/expensify/posts/
Expensify,34,2026-04-16 08:44,This month's product update is all about giving you more control.,12,0,0,12,Article/Link,Expensify,https://www.linkedin.com/feed/update/urn:li:activity:7450464238873169920/,https://www.linkedin.com/company/expensify/posts/
Expensify,35,2026-04-15 21:21,See you in June!,7,0,0,7,Image,Woodard,https://www.linkedin.com/feed/update/urn:li:activity:7450292324904984576/,https://www.linkedin.com/company/expensify/posts/
Expensify,36,2026-04-13 16:57,✈️ Just landed: Our American Airlines receipt integration. ✈️,11,0,0,11,Image,Expensify,https://www.linkedin.com/feed/update/urn:li:activity:7449500994717253634/,https://www.linkedin.com/company/expensify/posts/
Expensify,37,2026-04-01 17:06,"Expense reports that close themselves. No, really.",31,0,0,31,Article/Link,Expensify,https://www.linkedin.com/feed/update/urn:li:activity:7445154659683635200/,https://www.linkedin.com/company/expensify/posts/
Expensify,38,2026-03-27 14:34,"Last week we took over Barclays Center. Expensify on the big screens, great people in the suite, and our long-time customer Brooklyn Nets hosting us in style.",27,1,3,31,Multi-image (4),Expensify,https://www.linkedin.com/feed/update/urn:li:activity:7443304487030775809/,https://www.linkedin.com/company/expensify/posts/
Expensify,39,2026-02-20 16:00,A double update from New Expensify is twice as nice!,28,2,1,31,Video,Expensify,https://www.linkedin.com/feed/update/urn:li:activity:7430642610349842432/,https://www.linkedin.com/company/expensify/posts/
Expensify,40,2026-02-05 19:59,The reviews are in! Thanks to everyone who helped us win the TrustRadius 2026 Buyer's Choice Award in the expense management category. Check out the full press release: [link],28,2,1,31,Multi-image (5),Expensify,https://www.linkedin.com/feed/update/urn:li:activity:7425266725920690176/,https://www.linkedin.com/company/expensify/posts/
Expensify,41,2026-01-29 16:44,"Xero has been our amazing partner for years, and we're thrilled to to be featured in the ""Xero App Store 2026 Power Lists""! 🌟 Discover us in the Xero App Store now! 🚀",25,0,0,25,Image,Expensify,https://www.linkedin.com/feed/update/urn:li:activity:7422681093063069696/,https://www.linkedin.com/company/expensify/posts/
Expensify,42,2026-01-28 23:12,"The new year is off to a strong start, and we're kicking off 2026 with product updates designed to make expense management even easier.",24,0,2,26,Article/Link,Expensify,https://www.linkedin.com/feed/update/urn:li:activity:7422416359562653696/,https://www.linkedin.com/company/expensify/posts/
Expensify,43,2026-01-22 17:03,January's Expensify Approved Tracks are live. We handpicked 9 songs to help you power through the rest of the month (and beyond 🚀 ). What are you listening to this January,17,0,0,17,Video,Expensify,https://www.linkedin.com/feed/update/urn:li:activity:7420149075741765632/,https://www.linkedin.com/company/expensify/posts/
Expensify,44,2026-01-16 12:07,"We've added a new wide expense view to make reviewing expenses simpler. It brings all your key details into one clear, easy-to-scan layout.",7,0,1,8,Video,Expensify,https://www.linkedin.com/feed/update/urn:li:activity:7417900376613634048/,https://www.linkedin.com/company/expensify/posts/
Expensify,45,2026-01-13 14:38,Traveling for work just got a little simpler. Activate Uber for Business through Expensify and get 5% off Uber rides used for business travel. It's an easy way to save while keeping trips organized in,26,2,3,31,Image,Expensify,https://www.linkedin.com/feed/update/urn:li:activity:7416851136554639360/,https://www.linkedin.com/company/expensify/posts/
Expensify,46,2026-01-09 18:42,The gap between what companies say and what behavior shows is often where the most interesting insights live! 📈,5,0,0,5,Article/Link,Matthew Moore,https://www.linkedin.com/feed/update/urn:li:activity:7415462890754875392/,https://www.linkedin.com/company/expensify/posts/
Expensify,47,2026-01-06 16:00,Reconciliation just got faster with the new Group By feature.🚀,4,0,0,4,Video,Expensify,https://www.linkedin.com/feed/update/urn:li:activity:7414335132934959105/,https://www.linkedin.com/company/expensify/posts/
Expensify,48,2026-01-01 01:00,"Happy New Year from the Expensify team. We're grateful to everyone who used our tools to make work a little smoother this year. Your feedback, ideas, and real-world use cases continue to shape what we",9,0,0,9,Image,Expensify,https://www.linkedin.com/feed/update/urn:li:activity:7412296596580757504/,https://www.linkedin.com/company/expensify/posts/
Expensify,49,2025-12-24 16:01,"Holiday season expenses can be confusing, so we outlined the most common items companies typically approve at year end. From team meals and small appreciation gifts to simple office décor, these categ",3,1,0,4,Multi-image (5),Expensify,https://www.linkedin.com/feed/update/urn:li:activity:7409624265785962496/,https://www.linkedin.com/company/expensify/posts/
Expensify,50,2025-12-22 22:07,"As the year comes to a close, we're highlighting some of our biggest and most-loved updates, all designed to make expense management faster, smarter, and easier.",10,0,0,10,Video,Expensify,https://www.linkedin.com/feed/update/urn:li:activity:7408991538975768576/,https://www.linkedin.com/company/expensify/posts/
Zoho Expense,1,2026-09-15 10:00,What if Zoho Expense existed in the 1980s 📠💾,36,1,3,40,Document/Carousel (PDF),Zoho Expense,https://www.linkedin.com/feed/update/urn:li:activity:7505566207702355968/,https://www.linkedin.com/showcase/zoho-expense/posts/
Zoho Expense,2,2026-09-14 16:31,Your expense management just got a little smarter on iOS. 📱,54,2,8,64,Video,Zoho Expense,https://www.linkedin.com/feed/update/urn:li:activity:7505302118677762048/,https://www.linkedin.com/showcase/zoho-expense/posts/
Zoho Expense,3,2026-09-14 12:32,Great conversations around smarter T E management at the,78,1,2,81,Multi-image (3),Zoho Expense,https://www.linkedin.com/feed/update/urn:li:activity:7505242088922329088/,https://www.linkedin.com/showcase/zoho-expense/posts/
Zoho Expense,4,2026-09-11 14:26,A business trip creates more decisions than miles.,63,0,20,83,Video,Zoho Expense,https://www.linkedin.com/feed/update/urn:li:activity:7504183659365728256/,https://www.linkedin.com/showcase/zoho-expense/posts/
Zoho Expense,5,2026-09-09 15:46,What if,126,1,31,158,Video,Zoho Expense,https://www.linkedin.com/feed/update/urn:li:activity:7503479046450626560/,https://www.linkedin.com/showcase/zoho-expense/posts/
Zoho Expense,6,2026-09-04 12:00,"For too long, we've accepted that managing business travel and expenses means navigating a complex process of booking trips, submitting expenses, checking policies, approving claims, reconciling trans",44,0,9,53,Video,Zoho Expense,https://www.linkedin.com/feed/update/urn:li:activity:7501610195345698816/,https://www.linkedin.com/showcase/zoho-expense/posts/
Zoho Expense,7,2026-09-01 12:00,What if,23,0,2,25,Video,Zoho Expense,https://www.linkedin.com/feed/update/urn:li:activity:7500522960961609728/,https://www.linkedin.com/showcase/zoho-expense/posts/
Zoho Expense,8,2026-09-01 07:52,What's next for business travel ✈️,7,0,1,8,Article/Link,Zoho Spend,https://www.linkedin.com/feed/update/urn:li:activity:7500460468264853504/,https://www.linkedin.com/showcase/zoho-expense/posts/
Zoho Expense,9,2026-08-20 10:00,Managing expenses is now as simple as having a conversation,17,0,1,18,Article/Link,Zoho Expense,https://www.linkedin.com/feed/update/urn:li:activity:7496144017055891456/,https://www.linkedin.com/showcase/zoho-expense/posts/
Zoho Expense,10,2026-08-07 04:12,"Thank you, GBTA Convention 2026!",112,2,6,120,Multi-image (7),Zoho Spend,https://www.linkedin.com/feed/update/urn:li:activity:7491345383621763072/,https://www.linkedin.com/showcase/zoho-expense/posts/
Zoho Expense,11,2026-06-18 10:30,Scaling globally requires operational efficiency at every level.,17,0,0,17,Image,Zoho Expense,https://www.linkedin.com/feed/update/urn:li:activity:7473321128330178560/,https://www.linkedin.com/showcase/zoho-expense/posts/
Zoho Expense,12,2026-06-11 06:48,"In a world where uncertainty has become the norm, resilience is no longer just about weathering disruptions, it's about creating lasting value through every cycle of change.",13,0,5,18,Article/Link,CFO Exchange By Zoho,https://www.linkedin.com/feed/update/urn:li:activity:7470728626888601600/,https://www.linkedin.com/showcase/zoho-expense/posts/
Zoho Expense,13,2026-06-10 11:41,A big thank you to everyone who joined us in the first leg of the,39,0,4,43,Multi-image (7),Zoho Expense,https://www.linkedin.com/feed/update/urn:li:activity:7470439927818825728/,https://www.linkedin.com/showcase/zoho-expense/posts/
Zoho Expense,14,2026-06-03 10:30,"Dan Perdue, President of Level Twelve, allocates every expense to the projects he works on.",27,0,0,27,Video,Zoho Expense,https://www.linkedin.com/feed/update/urn:li:activity:7467885338326315008/,https://www.linkedin.com/showcase/zoho-expense/posts/
Zoho Expense,15,2026-05-21 11:47,"From a visionary keynote on CFOs becoming Value Architects to a 90-minute strategy workshop powered by real-time business scenarios, and an insightful panel on finance evolving into an Insight Engine,",102,0,12,114,Video,CFO Exchange By Zoho,https://www.linkedin.com/feed/update/urn:li:activity:7463193856218394624/,https://www.linkedin.com/showcase/zoho-expense/posts/
Zoho Expense,16,2026-05-19 10:48,hashtag,180,2,19,201,Video,National Payments Corporation Of India (NPCI),https://www.linkedin.com/feed/update/urn:li:activity:7462454036491943936/,https://www.linkedin.com/showcase/zoho-expense/posts/
Zoho Expense,17,2026-05-19 10:00,Zoho Expense is now MCP-ready. Expense submission and report approvals go beyond the app.,187,2,28,217,Video,Zoho Expense,https://www.linkedin.com/feed/update/urn:li:activity:7462441949569073152/,https://www.linkedin.com/showcase/zoho-expense/posts/
Zoho Expense,18,2026-05-14 17:30,"Excited to share that Zoholics Events USA, 2026 was a special milestone for Zoho Expense.",119,1,18,138,Multi-image (4),Zoho Expense,https://www.linkedin.com/feed/update/urn:li:activity:7460743243685580800/,https://www.linkedin.com/showcase/zoho-expense/posts/
Zoho Expense,19,2026-05-14 13:00,Capturing expenses is one thing.,43,0,1,44,Video,Zoho Expense,https://www.linkedin.com/feed/update/urn:li:activity:7460675405935685632/,https://www.linkedin.com/showcase/zoho-expense/posts/
Zoho Expense,20,2026-05-12 11:00,We are glad to announce that Forbes Advisor has named us the Best business expense tracker app.,35,0,7,42,Image,Zoho Expense,https://www.linkedin.com/feed/update/urn:li:activity:7459920339016499202/,https://www.linkedin.com/showcase/zoho-expense/posts/
Zoho Expense,21,2026-05-08 12:35,Expense management becomes harder the moment the process stops scaling.,24,1,1,26,Video,Zoho Expense,https://www.linkedin.com/feed/update/urn:li:activity:7458494844869578752/,https://www.linkedin.com/showcase/zoho-expense/posts/
Zoho Expense,22,2026-05-07 10:45,"Beyond technical expertise and financial acumen, today's CFOs are calling out skills that don't always make it to the spotlight on CFO take, our 1-minute series where we get real, unfiltered takes fro",95,3,8,106,Video,CFO Exchange By Zoho,https://www.linkedin.com/feed/update/urn:li:activity:7458104693408546816/,https://www.linkedin.com/showcase/zoho-expense/posts/
Zoho Expense,23,2026-04-29 13:30,Everyone talks about delays in expense approvals.,41,2,5,48,Video,Zoho Expense,https://www.linkedin.com/feed/update/urn:li:activity:7455247050486493186/,https://www.linkedin.com/showcase/zoho-expense/posts/
Zoho Expense,24,2026-04-22 13:00,"Scaling finance operations in a fast-moving environment takes more than just ordinary systems, it calls for bold solutions.",32,0,9,41,Image,Zoho Expense,https://www.linkedin.com/feed/update/urn:li:activity:7452702753681977344/,https://www.linkedin.com/showcase/zoho-expense/posts/
Zoho Expense,25,2026-04-01 13:00,Maximizing savings is not about cutting costs-it is about knowing where to look.,11,0,0,11,Article/Link,Zoho Expense,https://www.linkedin.com/feed/update/urn:li:activity:7445092706277756928/,https://www.linkedin.com/showcase/zoho-expense/posts/
Zoho Expense,26,2026-03-26 11:45,Business travel isn't just a cost-it's a growth lever.,14,0,1,15,Article/Link,Zoho Expense,https://www.linkedin.com/feed/update/urn:li:activity:7442899452903952384/,https://www.linkedin.com/showcase/zoho-expense/posts/
Zoho Expense,27,2026-03-25 13:31,Still managing expenses manually That's costing you more than you think.,29,0,5,34,Image,Zoho Expense,https://www.linkedin.com/feed/update/urn:li:activity:7442563693336444928/,https://www.linkedin.com/showcase/zoho-expense/posts/
Zoho Expense,28,2026-03-19 11:15,Mileage claims are still based on estimates.,38,1,1,40,Video,Zoho Expense,https://www.linkedin.com/feed/update/urn:li:activity:7440355143046529024/,https://www.linkedin.com/showcase/zoho-expense/posts/
Zoho Expense,29,2026-03-17 11:00,"Nearly 2/3 of corporate travel spend is still unmanaged-leading to missed savings, policy violations, and zero visibility.",9,0,1,10,Article/Link,Zoho Expense,https://www.linkedin.com/feed/update/urn:li:activity:7439626610678571008/,https://www.linkedin.com/showcase/zoho-expense/posts/
Zoho Expense,30,2026-03-13 11:00,What happens when expense management stops being a manual headache,42,0,1,43,Video,Zoho Expense,https://www.linkedin.com/feed/update/urn:li:activity:7438177047937699840/,https://www.linkedin.com/showcase/zoho-expense/posts/
Zoho Expense,31,2026-03-11 12:08,What will define the CFO agenda in 2026,22,1,4,27,Article/Link,CFO Exchange By Zoho,https://www.linkedin.com/feed/update/urn:li:activity:7437469509998858241/,https://www.linkedin.com/showcase/zoho-expense/posts/
Zoho Expense,32,2026-03-10 11:00,"For large companies, even a 1% reduction in costs can translate into millions saved annually.",12,1,1,14,Article/Link,Zoho Expense,https://www.linkedin.com/feed/update/urn:li:activity:7437089898882551808/,https://www.linkedin.com/showcase/zoho-expense/posts/
Zoho Expense,33,2026-03-06 11:31,Business travel isn't out of control. Your booking process is.,67,0,7,74,Video,Zoho Expense,https://www.linkedin.com/feed/update/urn:li:activity:7435648238000615424/,https://www.linkedin.com/showcase/zoho-expense/posts/
Zoho Expense,34,2026-03-04 10:32,🏆 We did it again.,43,0,6,49,Multi-image (5),Zoho Expense,https://www.linkedin.com/feed/update/urn:li:activity:7434908656225247232/,https://www.linkedin.com/showcase/zoho-expense/posts/
Zoho Expense,35,2026-03-03 13:30,Manual expense tracking. Corrections. Month-end stress.,21,0,2,23,Video,Zoho Expense,https://www.linkedin.com/feed/update/urn:li:activity:7434590915886792707/,https://www.linkedin.com/showcase/zoho-expense/posts/
Zoho Expense,36,2026-02-27 11:50,"The role of the CFO has fundamentally evolved. Today, impact is measured not only by financial accuracy and governance but by the ability to act as a strategic advisor, and long-term value architect.",24,1,6,31,Video,CFO Exchange By Zoho,https://www.linkedin.com/feed/update/urn:li:activity:7433116439726792704/,https://www.linkedin.com/showcase/zoho-expense/posts/
Zoho Expense,37,2026-02-24 14:00,"The card is swiped today, the transaction shows up days later in the system, and reconciliation waits for month-end.",113,1,7,121,Video,Zoho Expense,https://www.linkedin.com/feed/update/urn:li:activity:7432061759101939712/,https://www.linkedin.com/showcase/zoho-expense/posts/
Zoho Expense,38,2026-02-20 05:38,Behind every well-run company is a payroll and HR system that never misses a beat.,212,0,5,217,Multi-image (5),Zoho Payroll,https://www.linkedin.com/feed/update/urn:li:activity:7430485974545203200/,https://www.linkedin.com/showcase/zoho-expense/posts/
Zoho Expense,39,2025-12-30 11:31,"From steady progress to impactful enhancements, 2025 has been an incredible year for Zoho Expense.",29,0,4,33,Image,Zoho Expense,https://www.linkedin.com/feed/update/urn:li:activity:7411730696807055360/,https://www.linkedin.com/showcase/zoho-expense/posts/
Zoho Expense,40,2025-12-19 05:27,✨The much awaited upgrade for your receivables is here!,2,0,0,2,Video,Zoho Billing,https://www.linkedin.com/feed/update/urn:li:activity:7407652834013384705/,https://www.linkedin.com/showcase/zoho-expense/posts/
Zoho Expense,41,2025-12-11 10:00,Approvals getting stuck Not on our watch.,10,0,1,11,Document/Carousel (PDF),Zoho Expense,https://www.linkedin.com/feed/update/urn:li:activity:7404822257514012672/,https://www.linkedin.com/showcase/zoho-expense/posts/
Zoho Expense,42,2025-12-05 05:34,"Businesses run on movement-money going out to keep operations alive, and money coming in to keep growth alive. You've already built a strong command over your spending with Zoho Expense.",9,0,1,10,Image,Zoho Expense,https://www.linkedin.com/feed/update/urn:li:activity:7402581149182496769/,https://www.linkedin.com/showcase/zoho-expense/posts/
Zoho Expense,43,2025-12-04 12:45,Expense reports shouldn't feel like detective work. 🕵️‍♀️,10,0,1,11,Document/Carousel (PDF),Zoho Expense,https://www.linkedin.com/feed/update/urn:li:activity:7402327068912320513/,https://www.linkedin.com/showcase/zoho-expense/posts/
Zoho Expense,44,2025-12-02 12:00,"The wait is over! Zoho Payroll is now live across Canada, and it works seamlessly with Zoho Expense. 🇨🇦",47,0,3,50,Image,Zoho Expense,https://www.linkedin.com/feed/update/urn:li:activity:7401590967826497539/,https://www.linkedin.com/showcase/zoho-expense/posts/
Zoho Expense,45,2025-12-02 06:33,"In a world where financial leadership is rapidly evolving, CFOs need more than just insights they need a network that can truly add value and provide them with best resources.",106,1,22,129,Video,CFO Exchange By Zoho,https://www.linkedin.com/feed/update/urn:li:activity:7401508766581739520/,https://www.linkedin.com/showcase/zoho-expense/posts/
Zoho Expense,46,2025-11-28 11:44,A big thank you to ICAI ABU DHABI CHAPTER for hosting us.,35,1,1,37,Multi-image (6),Zoho Spend,https://www.linkedin.com/feed/update/urn:li:activity:7400137566101934082/,https://www.linkedin.com/showcase/zoho-expense/posts/
Zoho Expense,47,2025-11-20 12:30,Guessing mileage In 2025 👀,8,0,2,10,Document/Carousel (PDF),Zoho Expense,https://www.linkedin.com/feed/update/urn:li:activity:7397249937534586880/,https://www.linkedin.com/showcase/zoho-expense/posts/
Zoho Expense,48,2025-11-19 12:30,"If your budgets swing unpredictably, the root cause might be misclassified expenses.",8,0,1,9,Article/Link,Zoho Expense,https://www.linkedin.com/feed/update/urn:li:activity:7396887525027508224/,https://www.linkedin.com/showcase/zoho-expense/posts/
Zoho Expense,49,2025-11-13 12:30,It's,13,0,1,14,Document/Carousel (PDF),Zoho Expense,https://www.linkedin.com/feed/update/urn:li:activity:7394713205731704832/,https://www.linkedin.com/showcase/zoho-expense/posts/
Zoho Expense,50,2025-11-07 12:30,"From insightful roundtable discussions to engaging conversations at our booth, Zoho was elated to be a part of",45,2,1,48,Multi-image (5),Zoho Expense,https://www.linkedin.com/feed/update/urn:li:activity:7392538859126943744/,https://www.linkedin.com/showcase/zoho-expense/posts/
