company,post_no,date,days_ago,type,reactions,comments,reposts,total_engagement,title,post_url,company_url
Yooz,1,2026-09-13,1,Link/Article,1,0,1,2,We're #hiring a new Full Stack Development Engineer (F/H) in Greater Montpe,https://www.linkedin.com/feed/update/urn:li:activity:7504863731185664000/,https://www.linkedin.com/company/yooz/posts/
Yooz,2,2026-09-12,2,Link/Article,3,0,2,5,We're #hiring a new Production Software Analyst (F/H) in Greater Montpellie,https://www.linkedin.com/feed/update/urn:li:activity:7504500310275551232/,https://www.linkedin.com/company/yooz/posts/
Yooz,3,2026-09-11,3,Image,0,0,0,0,Using AI is easy. Building a finance function that actually gets value from,https://www.linkedin.com/feed/update/urn:li:activity:7504086369930055681/,https://www.linkedin.com/company/yooz/posts/
Yooz,4,2026-09-10,4,Image,1,0,0,1,How much of your P2P process still depends on someone manually keeping it m,https://www.linkedin.com/feed/update/urn:li:activity:7503829840438034432/,https://www.linkedin.com/company/yooz/posts/
Yooz,5,2026-09-08,6,Link/Article,9,0,0,9,"La Ley Crea y Crece, #VeriFactu y la próxima implantación de la factura ele",https://www.linkedin.com/feed/update/urn:li:activity:7503240290388926464/,https://www.linkedin.com/company/yooz/posts/
Yooz,6,2026-09-06,8,Link/Article,4,0,4,8,We're #hiring a new Marketing Intern - Customer Marketing & AI Programs in,https://www.linkedin.com/feed/update/urn:li:activity:7502324205070340096/,https://www.linkedin.com/company/yooz/posts/
Yooz,7,2026-09-05,9,Link/Article,4,0,2,6,We're #hiring a new Gestionnaire de paie et administratif (F/H) - CDD in Ai,https://www.linkedin.com/feed/update/urn:li:activity:7501963368354906112/,https://www.linkedin.com/company/yooz/posts/
Yooz,8,2026-09-03,11,Video,10,0,0,10,"Supplier Statements Recon in seconds, not afternoons! Pencil. Ruler. Highli",https://www.linkedin.com/feed/update/urn:li:activity:7501358418901778433/,https://www.linkedin.com/company/yooz/posts/
Yooz,9,2026-08-30,15,Video,3,0,0,3,🚗 Prolongez l’été avec le Summer road trip Yooz — Étape 6 · Suisse 🏁 Dern,https://www.linkedin.com/feed/update/urn:li:activity:7499738442273284096/,https://www.linkedin.com/company/yooz/posts/
Yooz,10,2026-08-29,16,Link/Article,6,0,0,6,We're #hiring a new Customer Marketing Specialist (F/H) - CDD in Greater Mo,https://www.linkedin.com/feed/update/urn:li:activity:7499432084525203456/,https://www.linkedin.com/company/yooz/posts/
Yooz,11,2026-08-29,16,Video,3,0,2,5,Prolongez l’été avec le Summer road trip Yooz - Étape 5 · Allemagne 🚗 56 m,https://www.linkedin.com/feed/update/urn:li:activity:7499376064448626688/,https://www.linkedin.com/company/yooz/posts/
Yooz,12,2026-08-28,17,Video,3,0,0,3,Prolongez l’été avec le Summer road trip Yooz - Étape 4 · Luxembourg 🚗 12,https://www.linkedin.com/feed/update/urn:li:activity:7499013661445935105/,https://www.linkedin.com/company/yooz/posts/
Yooz,13,2026-08-27,18,Video,2,0,0,2,Prolongez l’été avec le Summer road trip Yooz - Étape 3 · Belgique Le Group,https://www.linkedin.com/feed/update/urn:li:activity:7498703920387526656/,https://www.linkedin.com/company/yooz/posts/
Yooz,14,2026-08-25,20,Video,1,0,0,1,Keep summer going with the Yooz Summer Road Trip - Stop 2 · United Kingdom,https://www.linkedin.com/feed/update/urn:li:activity:7497956573114404864/,https://www.linkedin.com/company/yooz/posts/
Yooz,15,2026-08-25,20,Image,4,0,1,5,"If your AI investment cannot prove its value, should finance be investing i",https://www.linkedin.com/feed/update/urn:li:activity:7497925962286768128/,https://www.linkedin.com/company/yooz/posts/
Yooz,16,2026-08-24,21,Video,2,0,0,2,Keep summer going with the Yooz Summer Road Trip - Stop 1 · España 🚗 La pa,https://www.linkedin.com/feed/update/urn:li:activity:7497646978600783872/,https://www.linkedin.com/company/yooz/posts/
Yooz,17,2026-08-22,23,Link/Article,10,0,2,12,We're #hiring a new Comptable Support Fonctionnel (F/H) in Greater Montpell,https://www.linkedin.com/feed/update/urn:li:activity:7496893906467405824/,https://www.linkedin.com/company/yooz/posts/
Yooz,18,2026-08-20,25,Image,11,3,2,16,Finance leaders do not need more AI. They need better AI decisions 🤔 AI in,https://www.linkedin.com/feed/update/urn:li:activity:7496144202356019200/,https://www.linkedin.com/company/yooz/posts/
Yooz,19,2026-08-16,29,Link/Article,6,0,1,7,We're #hiring a new Research Engineer (F/H) in Greater Montpellier Metropol,https://www.linkedin.com/feed/update/urn:li:activity:7494717780185862144/,https://www.linkedin.com/company/yooz/posts/
Yooz,20,2026-08-15,30,Link/Article,4,0,0,4,We're #hiring a new Technical Product Owner (F/H) in Greater Montpellier Me,https://www.linkedin.com/feed/update/urn:li:activity:7494355985826910208/,https://www.linkedin.com/company/yooz/posts/
Yooz,21,2026-08-09,36,Link/Article,7,0,1,8,"We're #hiring a new Digital Marketing Manager in Dallas, Texas. Apply today",https://www.linkedin.com/feed/update/urn:li:activity:7492179956911919104/,https://www.linkedin.com/company/yooz/posts/
Yooz,22,2026-08-08,37,Link/Article,2,0,2,4,"We're #hiring a new SaaS Trainer in Coppell, Texas. Apply today or share th",https://www.linkedin.com/feed/update/urn:li:activity:7491820326809579520/,https://www.linkedin.com/company/yooz/posts/
Yooz,23,2026-08-01,44,Link/Article,8,0,3,11,We're #hiring a new Product Evangelist (F/H) in Greater Montpellier Metropo,https://www.linkedin.com/feed/update/urn:li:activity:7489280194776653824/,https://www.linkedin.com/company/yooz/posts/
Yooz,24,2026-07-26,50,Link/Article,6,0,0,6,We're #hiring a new Customer Marketing Specialist (F/H) - CDD in Greater Mo,https://www.linkedin.com/feed/update/urn:li:activity:7487107478510456832/,https://www.linkedin.com/company/yooz/posts/
Yooz,25,2026-07-25,51,Link/Article,7,1,2,10,"We're #hiring a new AP Automation Support Specialist in Coppell, Texas. App",https://www.linkedin.com/feed/update/urn:li:activity:7486748676527312896/,https://www.linkedin.com/company/yooz/posts/
Yooz,26,2026-07-19,57,Link/Article,3,0,2,5,We're #hiring a new Comptable (F/H) - bilingue anglais in Greater Montpelli,https://www.linkedin.com/feed/update/urn:li:activity:7484567836259082240/,https://www.linkedin.com/company/yooz/posts/
Yooz,27,2026-07-18,58,Link/Article,3,0,3,6,"We're #hiring a new Office Manager Junior (F/H) - Alternance in Aimargues,",https://www.linkedin.com/feed/update/urn:li:activity:7484209767490596864/,https://www.linkedin.com/company/yooz/posts/
Yooz,28,2026-07-18,58,Video,0,0,0,0,The final stretch ⚽ Tomorrow is the World Cup final. And it’s also the end,https://www.linkedin.com/feed/update/urn:li:activity:7484147967004860416/,https://www.linkedin.com/company/yooz/posts/
Yooz,29,2026-07-16,60,Video,0,0,0,0,"Semi-finals. The last four ⚽ The end of the road for many. At Yooz, we’re a",https://www.linkedin.com/feed/update/urn:li:activity:7483423192024244224/,https://www.linkedin.com/company/yooz/posts/
Yooz,30,2026-07-12,64,Link/Article,5,0,6,11,We're #hiring a new Field Marketing Specialist - CDD (F/H) in Greater Montp,https://www.linkedin.com/feed/update/urn:li:activity:7482035050478452736/,https://www.linkedin.com/company/yooz/posts/
Yooz,31,2026-07-11,65,Link/Article,1,0,1,2,We're #hiring a new Functional Test Engineer (F/H) in Greater Montpellier M,https://www.linkedin.com/feed/update/urn:li:activity:7481673201194938369/,https://www.linkedin.com/company/yooz/posts/
Yooz,32,2026-07-09,67,Video,1,0,0,1,The knockout stage begins ⚽ One defeat and it’s over. No room for error. In,https://www.linkedin.com/feed/update/urn:li:activity:7480886474352136192/,https://www.linkedin.com/company/yooz/posts/
Yooz,33,2026-07-05,71,Link/Article,5,0,4,9,"We're #hiring a new Digital Marketing Manager in Dallas, Texas. Apply today",https://www.linkedin.com/feed/update/urn:li:activity:7479498180053671936/,https://www.linkedin.com/company/yooz/posts/
Yooz,34,2026-07-04,72,Link/Article,6,0,1,7,We're #hiring a new Customer Success Manager (F/H) - marché Expert-Comptabl,https://www.linkedin.com/feed/update/urn:li:activity:7479135440336470016/,https://www.linkedin.com/company/yooz/posts/
Yooz,35,2026-07-02,74,Video,7,0,1,8,The knockout stage begins ⚽ One defeat and it’s over. No room for error. In,https://www.linkedin.com/feed/update/urn:li:activity:7478349763822895104/,https://www.linkedin.com/company/yooz/posts/
Yooz,36,2026-06-28,78,Link/Article,3,0,1,4,"We're #hiring a new Auditeur Qualité (F/H) - stage in Aimargues, Occitanie.",https://www.linkedin.com/feed/update/urn:li:activity:7476960651513458688/,https://www.linkedin.com/company/yooz/posts/
Yooz,37,2026-06-27,79,Link/Article,7,0,2,9,We're #hiring a new Formateur (F/H) - CDD in Greater Montpellier Metropolit,https://www.linkedin.com/feed/update/urn:li:activity:7476598498923147264/,https://www.linkedin.com/company/yooz/posts/
Yooz,38,2026-06-25,81,Video,17,0,2,19,"The group stage is coming to an end, with the line-up for the next round no",https://www.linkedin.com/feed/update/urn:li:activity:7475813046913949696/,https://www.linkedin.com/company/yooz/posts/
Yooz,39,2026-06-24,82,Video,1,0,0,1,"The group stage is in full swing ⚽ On the pitch, some teams are outperformi",https://www.linkedin.com/feed/update/urn:li:activity:7475458200377561088/,https://www.linkedin.com/company/yooz/posts/
Yooz,40,2026-06-21,85,Link/Article,13,0,3,16,"We're #hiring a new Integration Specialist in Dallas, Texas. Apply today or",https://www.linkedin.com/feed/update/urn:li:activity:7474422885516820480/,https://www.linkedin.com/company/yooz/posts/
Yooz,41,2026-06-20,86,Link/Article,2,0,1,3,We're #hiring a new Custom Integrations Developer (F/H) - CDD 3 mois in Gre,https://www.linkedin.com/feed/update/urn:li:activity:7474059641669365760/,https://www.linkedin.com/company/yooz/posts/
Yooz,42,2026-06-14,92,Link/Article,11,0,6,17,Nous recrutons (#hiring) pour le poste de Customer Success Manager (F/H) -,https://www.linkedin.com/feed/update/urn:li:activity:7471886297448550401/,https://www.linkedin.com/company/yooz/posts/
Yooz,43,2026-06-13,93,Link/Article,0,0,2,2,We're #hiring a new Standard Integrations Engineer (F/H) - CDD 6 mois in Gr,https://www.linkedin.com/feed/update/urn:li:activity:7471525193597992960/,https://www.linkedin.com/company/yooz/posts/
Yooz,44,2026-06-07,99,Link/Article,7,0,4,11,We're #hiring a new Project Manager (F/H) - marché FR in Greater Montpellie,https://www.linkedin.com/feed/update/urn:li:activity:7469346634183684096/,https://www.linkedin.com/company/yooz/posts/
Yooz,45,2026-06-06,100,Link/Article,2,0,2,4,We're #hiring a new Research Project Engineer (F/H) in Greater Montpellier,https://www.linkedin.com/feed/update/urn:li:activity:7468986752280535041/,https://www.linkedin.com/company/yooz/posts/
Yooz,46,2026-06-05,101,Multi-image,52,4,1,57,That’s a wrap from the P2P Transformation Summit 2026 in London 🚀 A fantas,https://www.linkedin.com/feed/update/urn:li:activity:7468610229069488128/,https://www.linkedin.com/company/yooz/posts/
Yooz,47,2026-05-31,106,Link/Article,5,0,3,8,We're #hiring a new HR Executive (F/H) - CDD in Greater Montpellier Metropo,https://www.linkedin.com/feed/update/urn:li:activity:7466810119436029953/,https://www.linkedin.com/company/yooz/posts/
Yooz,48,2026-05-30,107,Link/Article,5,0,4,9,"We're #hiring a new AI Integration Manager in Aimargues, Occitanie. Apply t",https://www.linkedin.com/feed/update/urn:li:activity:7466448311353380864/,https://www.linkedin.com/company/yooz/posts/
Yooz,49,2026-05-24,113,Link/Article,3,1,3,7,We're #hiring a new Comptable (F/H) - bilingue anglais in Greater Montpelli,https://www.linkedin.com/feed/update/urn:li:activity:7464274689985560576/,https://www.linkedin.com/company/yooz/posts/
Yooz,50,2026-05-23,114,Link/Article,4,0,3,7,We're #hiring a new Senior Salesforce Consultant (F/H) in Greater Montpelli,https://www.linkedin.com/feed/update/urn:li:activity:7463914204094369792/,https://www.linkedin.com/company/yooz/posts/
AvidXchange,1,2026-09-08,6,Image,20,0,3,23,🏆 The Change Maker Awards are back! If you or someone you know is driving,https://www.linkedin.com/feed/update/urn:li:activity:7503135196624424960/,https://www.linkedin.com/company/avidxchange-inc-/posts/
AvidXchange,2,2026-09-04,10,Carousel,14,0,7,21,✨AI adoption is accelerating. But where should finance teams focus first? F,https://www.linkedin.com/feed/update/urn:li:activity:7501655435402190848/,https://www.linkedin.com/company/avidxchange-inc-/posts/
AvidXchange,3,2026-08-28,17,Image,9,0,0,9,"AI-powered AP is helping finance teams move faster, and our customers are s",https://www.linkedin.com/feed/update/urn:li:activity:7499103581103390722/,https://www.linkedin.com/company/avidxchange-inc-/posts/
AvidXchange,4,2026-08-27,18,Multi-image,126,1,2,129,Celebrating the people who have helped shape AvidXchange along the way! 🎉,https://www.linkedin.com/feed/update/urn:li:activity:7498813652385390592/,https://www.linkedin.com/company/avidxchange-inc-/posts/
AvidXchange,5,2026-08-18,27,Video,58,1,10,69,"""Your people strategy is your AI strategy."" As AI continues to reshape how",https://www.linkedin.com/feed/update/urn:li:activity:7495480196318326784/,https://www.linkedin.com/company/avidxchange-inc-/posts/
AvidXchange,6,2026-07-31,45,Multi-image,27,1,7,35,"""AvidXchange allows us to work smarter."" That's how Ross Tolbert, EVP of Pr",https://www.linkedin.com/feed/update/urn:li:activity:7489052845825224704/,https://www.linkedin.com/company/avidxchange-inc-/posts/
AvidXchange,7,2026-07-29,47,Video,22,1,11,34,Every great ERP deserves an AP solution built to help it scale. That's why,https://www.linkedin.com/feed/update/urn:li:activity:7488321161093812224/,https://www.linkedin.com/company/avidxchange-inc-/posts/
AvidXchange,8,2026-07-28,48,Multi-image,62,1,2,65,Giving back is one of the best ways to come together as a team. From suppor,https://www.linkedin.com/feed/update/urn:li:activity:7487963880929857536/,https://www.linkedin.com/company/avidxchange-inc-/posts/
AvidXchange,9,2026-07-24,52,Image,140,0,20,160,Career best. Course record. History made. Congratulations to Team AvidXchan,https://www.linkedin.com/feed/update/urn:li:activity:7486486641474174976/,https://www.linkedin.com/company/avidxchange-inc-/posts/
AvidXchange,10,2026-07-23,53,Image,38,1,19,58,"AI-powered AP is making a measurable difference for finance teams, and ther",https://www.linkedin.com/feed/update/urn:li:activity:7486165271116759040/,https://www.linkedin.com/company/avidxchange-inc-/posts/
AvidXchange,11,2026-07-15,61,Video,65,1,29,95,✨ AI-powered AP isn't what's next. It's what's now. That's why we've embedd,https://www.linkedin.com/feed/update/urn:li:activity:7483174058906431488/,https://www.linkedin.com/company/avidxchange-inc-/posts/
AvidXchange,12,2026-06-30,76,Video,36,2,7,45,What makes a great technology partnership? On the latest episode of The Pow,https://www.linkedin.com/feed/update/urn:li:activity:7477726329115865088/,https://www.linkedin.com/company/avidxchange-inc-/posts/
AvidXchange,13,2026-06-23,83,Carousel,36,2,9,47,"☀️Another season, another reason to thank our customers. We're honored to e",https://www.linkedin.com/feed/update/urn:li:activity:7475186234038935555/,https://www.linkedin.com/company/avidxchange-inc-/posts/
AvidXchange,14,2026-06-22,84,Repost,13,2,1,16,A recent article from The Washington Post serves as an important reminder t,https://www.linkedin.com/feed/update/urn:li:activity:7474886367085277186/,https://www.linkedin.com/company/avidxchange-inc-/posts/
AvidXchange,15,2026-06-22,84,Image,24,2,8,34,Check fraud is becoming one of the most overlooked risks in finance today.,https://www.linkedin.com/feed/update/urn:li:activity:7474831446608687104/,https://www.linkedin.com/company/avidxchange-inc-/posts/
AvidXchange,16,2026-06-18,88,Video,26,1,8,35,"💡""Embedded payments are pushing ERPs from systems of record to systems of",https://www.linkedin.com/feed/update/urn:li:activity:7473430940971847681/,https://www.linkedin.com/company/avidxchange-inc-/posts/
AvidXchange,17,2026-06-17,89,Repost,12,3,4,19,"Congratulations on another IOFM certification, Vicki🎉 We're proud to work",https://www.linkedin.com/feed/update/urn:li:activity:7473098345243197440/,https://www.linkedin.com/company/avidxchange-inc-/posts/
AvidXchange,18,2026-06-16,90,Multi-image,69,9,18,96,🎉 Happy National Accounts Payable Day! Behind every smoothly running busin,https://www.linkedin.com/feed/update/urn:li:activity:7472649787788394496/,https://www.linkedin.com/company/avidxchange-inc-/posts/
AvidXchange,19,2026-06-15,91,Image,30,1,4,35,"The more specialized tech teams become, the harder it is for teams to stay",https://www.linkedin.com/feed/update/urn:li:activity:7472356284869296129/,https://www.linkedin.com/company/avidxchange-inc-/posts/
AvidXchange,20,2026-06-09,97,Carousel,99,5,22,126,"Payments, now fully embedded in Workday. We’re excited to introduce AvidXch",https://www.linkedin.com/feed/update/urn:li:activity:7470121404189876225/,https://www.linkedin.com/company/avidxchange-inc-/posts/
AvidXchange,21,2026-06-04,102,Image,429,90,2,521,We’re excited to welcome Wade Fairey to AvidXchange as Chief Operating Offi,https://www.linkedin.com/feed/update/urn:li:activity:7468308152694886401/,https://www.linkedin.com/company/avidxchange-inc-/posts/
AvidXchange,22,2026-06-02,104,Carousel,77,3,7,87,Our work with Ministry Brands continues to grow as we launch embedded payme,https://www.linkedin.com/feed/update/urn:li:activity:7467580843352342528/,https://www.linkedin.com/company/avidxchange-inc-/posts/
AvidXchange,23,2026-05-29,108,Image,62,1,5,68,"The technology landscape is constantly evolving, making diverse perspective",https://www.linkedin.com/feed/update/urn:li:activity:7466153155949379584/,https://www.linkedin.com/company/avidxchange-inc-/posts/
AvidXchange,24,2026-05-27,110,Image,69,7,5,81,"What happens when AP gets faster, more accurate, and more connected? For We",https://www.linkedin.com/feed/update/urn:li:activity:7465498083494121472/,https://www.linkedin.com/company/avidxchange-inc-/posts/
AvidXchange,25,2026-05-26,111,Video,127,6,33,166,Big partnership and ERP news 🎉 Building on our strategic partnership with,https://www.linkedin.com/feed/update/urn:li:activity:7465048813267984384/,https://www.linkedin.com/company/avidxchange-inc-/posts/
AvidXchange,26,2026-05-23,114,Image,26,5,1,32,"Another year, another Institute of Finance and Management (IOFM) certificat",https://www.linkedin.com/feed/update/urn:li:activity:7464045224793763841/,https://www.linkedin.com/company/avidxchange-inc-/posts/
AvidXchange,27,2026-05-19,118,Carousel,75,2,16,93,"Embedded payment automation is here for Centerbase, the leading practice ma",https://www.linkedin.com/feed/update/urn:li:activity:7462510311724720128/,https://www.linkedin.com/company/avidxchange-inc-/posts/
AvidXchange,28,2026-05-14,123,Repost,45,1,0,46,Great to see this! 👏 Proud of Lindsay Giriunas for representing AvidXchang,https://www.linkedin.com/feed/update/urn:li:activity:7460786656388747266/,https://www.linkedin.com/company/avidxchange-inc-/posts/
AvidXchange,29,2026-05-07,130,Image,40,7,1,48,"As AI agents play a bigger role in decision-making, oversight matters more",https://www.linkedin.com/feed/update/urn:li:activity:7458231468079603712/,https://www.linkedin.com/company/avidxchange-inc-/posts/
AvidXchange,30,2026-05-06,131,Multi-image,184,3,10,197,"Good conversations, great partners, and a little time with Michael Kim. Har",https://www.linkedin.com/feed/update/urn:li:activity:7457804073501605888/,https://www.linkedin.com/company/avidxchange-inc-/posts/
AvidXchange,31,2026-04-30,137,Multi-image,66,1,4,71,"April is National Volunteer Month, but giving back is something our teammat",https://www.linkedin.com/feed/update/urn:li:activity:7455732337293697024/,https://www.linkedin.com/company/avidxchange-inc-/posts/
AvidXchange,32,2026-04-29,138,Repost,35,1,2,38,Proud to see our very own Emily Dalton on PBS representing AvidXchange and,https://www.linkedin.com/feed/update/urn:li:activity:7455346073960869888/,https://www.linkedin.com/company/avidxchange-inc-/posts/
AvidXchange,33,2026-04-29,138,Link/Article,52,2,1,55,"When it comes to AI’s impact on businesses in Charlotte and beyond, AvidXch",https://www.linkedin.com/feed/update/urn:li:activity:7455341875823185920/,https://www.linkedin.com/company/avidxchange-inc-/posts/
AvidXchange,34,2026-04-27,140,Video,85,0,18,103,📣Big ERP News: Our Accounts Payable as a Service solution is now embedded,https://www.linkedin.com/feed/update/urn:li:activity:7454564537992847360/,https://www.linkedin.com/company/avidxchange-inc-/posts/
AvidXchange,35,2026-04-24,143,Carousel,57,3,17,77,What do AvidXchange customers think of us? These G2 Spring 2026 badges spea,https://www.linkedin.com/feed/update/urn:li:activity:7453525469343182848/,https://www.linkedin.com/company/avidxchange-inc-/posts/
AvidXchange,36,2026-04-22,145,Image,126,12,1,139,Loved seeing my friend and teammate Lindsay Giriunas speak on a panel at th,https://www.linkedin.com/feed/update/urn:li:activity:7452778648681619456/,https://www.linkedin.com/company/avidxchange-inc-/posts/
AvidXchange,37,2026-04-21,146,Repost,10,0,0,10,Proud to partner with CINC Systems to help CAM companies rethink what’s pos,https://www.linkedin.com/feed/update/urn:li:activity:7452414808160636928/,https://www.linkedin.com/company/avidxchange-inc-/posts/
AvidXchange,38,2026-04-16,151,Video,20,2,2,24,Accounting can be more than a back-office function. In this episode of Powe,https://www.linkedin.com/feed/update/urn:li:activity:7450584316570386434/,https://www.linkedin.com/company/avidxchange-inc-/posts/
AvidXchange,39,2026-04-09,158,Repost,14,0,1,15,These findings highlight a growing reality for community management organiz,https://www.linkedin.com/feed/update/urn:li:activity:7448068793425092608/,https://www.linkedin.com/company/avidxchange-inc-/posts/
AvidXchange,40,2026-04-02,165,Image,19,3,3,25,If you’re feeling the effects of inflation and market volatility in your co,https://www.linkedin.com/feed/update/urn:li:activity:7445498335735644160/,https://www.linkedin.com/company/avidxchange-inc-/posts/
AvidXchange,41,2026-03-25,173,Multi-image,158,0,3,161,"Finance is entering a new phase of transformation. Our CEO, Michael Praeger",https://www.linkedin.com/feed/update/urn:li:activity:7442571574383247360/,https://www.linkedin.com/company/avidxchange-inc-/posts/
AvidXchange,42,2026-03-12,186,Carousel,28,0,5,33,"Accounts Payable shouldn’t be this hard. For most CAM companies, AP is manu",https://www.linkedin.com/feed/update/urn:li:activity:7437969342056714240/,https://www.linkedin.com/company/avidxchange-inc-/posts/
AvidXchange,43,2026-03-09,189,Repost,17,1,10,28,"AI can accelerate support, surface insights, and solve complex problems, bu",https://www.linkedin.com/feed/update/urn:li:activity:7436841797445812225/,https://www.linkedin.com/company/avidxchange-inc-/posts/
AvidXchange,44,2026-02-27,199,Video,9,0,1,10,"""The only gap between where AI is and where it could be? The limitations of",https://www.linkedin.com/feed/update/urn:li:activity:7433148950372696064/,https://www.linkedin.com/company/avidxchange-inc-/posts/
AvidXchange,45,2026-02-20,206,Repost,29,1,1,31,Proud to partner with Acumatica and continue delivering value to our shared,https://www.linkedin.com/feed/update/urn:li:activity:7430708508310007808/,https://www.linkedin.com/company/avidxchange-inc-/posts/
AvidXchange,46,2026-02-20,206,Link/Article,74,3,18,95,"At #AcumaticaSummit 2026, we announced our strategic partnership with AvidX",https://www.linkedin.com/feed/update/urn:li:activity:7430642150419128320/,https://www.linkedin.com/company/avidxchange-inc-/posts/
AvidXchange,47,2026-02-19,207,Video,24,0,8,32,"🎙️On the Power of Change podcast, Howard Barash, CFO of Property Resources",https://www.linkedin.com/feed/update/urn:li:activity:7430265736079781888/,https://www.linkedin.com/company/avidxchange-inc-/posts/
AvidXchange,48,2026-02-17,209,Multi-image,47,0,19,66,"As Peak Property Management continued to grow across the Virginia, so did t",https://www.linkedin.com/feed/update/urn:li:activity:7429542303775592451/,https://www.linkedin.com/company/avidxchange-inc-/posts/
AvidXchange,49,2026-02-16,210,Multi-image,26,0,20,46,"Finance teams are under pressure. Smaller teams, bigger workloads, higher e",https://www.linkedin.com/feed/update/urn:li:activity:7429228153774104578/,https://www.linkedin.com/company/avidxchange-inc-/posts/
AvidXchange,50,2026-02-11,215,Multi-image,108,3,10,121,Big ideas. Real connections. Well-earned recognition. Our revenue team's an,https://www.linkedin.com/feed/update/urn:li:activity:7427366349783470081/,https://www.linkedin.com/company/avidxchange-inc-/posts/
Pagero,1,2026-09-14,0,Image,5,0,2,7,Delayed payments are often viewed as a temporary challenge. But they can al,https://www.linkedin.com/feed/update/urn:li:activity:7505195437377646593/,https://www.linkedin.com/company/pagero/posts/
Pagero,2,2026-09-14,0,Image,4,0,2,6,"Tomorrow: join Thomson Reuters, IDC and Goodyear for a live discussion on b",https://www.linkedin.com/feed/update/urn:li:activity:7505169819105751040/,https://www.linkedin.com/company/pagero/posts/
Pagero,3,2026-09-11,3,Image,8,0,0,8,Italy has published new rules governing the automated VAT assessment proced,https://www.linkedin.com/feed/update/urn:li:activity:7504116756488060928/,https://www.linkedin.com/company/pagero/posts/
Pagero,4,2026-09-11,3,Repost,23,1,13,37,"⏰ Less than a week to go! Join our CEO, Steve Hasker, and Alexander Samuel",https://www.linkedin.com/feed/update/urn:li:activity:7504092486219284480/,https://www.linkedin.com/company/pagero/posts/
Pagero,5,2026-09-10,4,Repost,10,0,2,12,We're pleased to extend our partnership with Medius through the integration,https://www.linkedin.com/feed/update/urn:li:activity:7503826477403144192/,https://www.linkedin.com/company/pagero/posts/
Pagero,6,2026-09-10,4,Image,83,2,10,95,"Today, Thomson Reuters teammates across the globe are coming together for G",https://www.linkedin.com/feed/update/urn:li:activity:7503789700135084032/,https://www.linkedin.com/company/pagero/posts/
Pagero,7,2026-09-10,4,Image,13,1,5,19,"Join us at Legal Revolution 2026, 21 to 22 September at Estrel Berlin. Visi",https://www.linkedin.com/feed/update/urn:li:activity:7503767228069093377/,https://www.linkedin.com/company/pagero/posts/
Pagero,8,2026-09-09,5,Image,15,0,1,16,The EU's biggest VAT reform is set to reshape reporting and e-invoicing acr,https://www.linkedin.com/feed/update/urn:li:activity:7503469654976167936/,https://www.linkedin.com/company/pagero/posts/
Pagero,9,2026-09-09,5,Image,107,0,27,134,We're excited to announce that Medius and Thomson Reuters have extended the,https://www.linkedin.com/feed/update/urn:li:activity:7503459817491955712/,https://www.linkedin.com/company/pagero/posts/
Pagero,10,2026-09-09,5,Repost,2,0,0,2,"Many organisations are investing in AI, but investment alone doesn't guaran",https://www.linkedin.com/feed/update/urn:li:activity:7503437269144543232/,https://www.linkedin.com/company/pagero/posts/
Pagero,11,2026-09-09,5,Link/Article,11,0,0,11,A common misconception about e-invoicing? That it's just a compliance proje,https://www.linkedin.com/feed/update/urn:li:activity:7503380432063758336/,https://www.linkedin.com/company/pagero/posts/
Pagero,12,2026-09-08,6,Link/Article,26,0,1,27,UK corporate decision-makers are reassessing their outside firms (and their,https://www.linkedin.com/feed/update/urn:li:activity:7503097610472235011/,https://www.linkedin.com/company/pagero/posts/
Pagero,13,2026-09-08,6,Image,13,0,8,21,"Still time to register! If you're responsible for UK accounts, statutory re",https://www.linkedin.com/feed/update/urn:li:activity:7503052773966528512/,https://www.linkedin.com/company/pagero/posts/
Pagero,14,2026-09-08,6,Image,3,0,3,6,"Finance, compliance, operations, and IT leaders: if you're building an e-in",https://www.linkedin.com/feed/update/urn:li:activity:7503002962965917696/,https://www.linkedin.com/company/pagero/posts/
Pagero,15,2026-09-07,7,Image,19,0,0,19,Peppol has become one of the most important frameworks in global e-invoicin,https://www.linkedin.com/feed/update/urn:li:activity:7502684739540000768/,https://www.linkedin.com/company/pagero/posts/
Pagero,16,2026-09-03,11,Image,20,0,1,21,"Portugal has issued updated guidance on invoice corrections, consolidating",https://www.linkedin.com/feed/update/urn:li:activity:7501183850056679424/,https://www.linkedin.com/company/pagero/posts/
Pagero,17,2026-09-02,12,Image,14,0,1,15,E-invoicing isn't a country-by-country compliance problem anymore. It's an,https://www.linkedin.com/feed/update/urn:li:activity:7500833467312545792/,https://www.linkedin.com/company/pagero/posts/
Pagero,18,2026-08-31,14,Video,1079,287,965,2331,"Today at #ILTACON2026, the largest legal technology conference globally, we",https://www.linkedin.com/feed/update/urn:li:activity:7500128878607278080/,https://www.linkedin.com/company/pagero/posts/
Pagero,19,2026-08-27,18,Image,48,0,7,55,Slovakia's Financial Administration has confirmed that the technical infras,https://www.linkedin.com/feed/update/urn:li:activity:7498737943168094208/,https://www.linkedin.com/company/pagero/posts/
Pagero,20,2026-08-26,19,Image,24,0,6,30,"When discussing VAT in the Digital Age (ViDA), regulatory penalties often d",https://www.linkedin.com/feed/update/urn:li:activity:7498346649673551873/,https://www.linkedin.com/company/pagero/posts/
Pagero,21,2026-08-20,25,Image,49,0,5,54,Spain's Senate has approved a motion calling for a unified VAT reporting fr,https://www.linkedin.com/feed/update/urn:li:activity:7496177973318983680/,https://www.linkedin.com/company/pagero/posts/
Pagero,22,2026-08-20,25,Text,126,2,46,174,Every major AI lab has bet that frontier performance requires billions in c,https://www.linkedin.com/feed/update/urn:li:activity:7496161528518303744/,https://www.linkedin.com/company/pagero/posts/
Pagero,23,2026-08-20,25,Image,51,1,26,78,We're bringing Connect to Frankfurt! Join Thomson Reuters and your peers fr,https://www.linkedin.com/feed/update/urn:li:activity:7496119684845441025/,https://www.linkedin.com/company/pagero/posts/
Pagero,24,2026-08-17,28,Link/Article,34,4,13,51,"If your business operates in France, the countdown to e-invoicing complianc",https://www.linkedin.com/feed/update/urn:li:activity:7495019249808318464/,https://www.linkedin.com/company/pagero/posts/
Pagero,25,2026-08-13,32,Image,53,0,6,59,German authorities have published a new action plan to combat tax and finan,https://www.linkedin.com/feed/update/urn:li:activity:7493596054496641024/,https://www.linkedin.com/company/pagero/posts/
Pagero,26,2026-08-12,33,Video,74,0,14,88,Would you rather your AI learn from tax experts or from the internet? In th,https://www.linkedin.com/feed/update/urn:li:activity:7493230707318894592/,https://www.linkedin.com/company/pagero/posts/
Pagero,27,2026-08-07,38,Video,38,4,11,53,Compliance Connect London was a hit. Now we're taking the conversation acro,https://www.linkedin.com/feed/update/urn:li:activity:7491471730096410624/,https://www.linkedin.com/company/pagero/posts/
Pagero,28,2026-08-06,39,Image,73,2,13,88,France has published additional regulations ahead of its September 2026 e-i,https://www.linkedin.com/feed/update/urn:li:activity:7491126209926316032/,https://www.linkedin.com/company/pagero/posts/
Pagero,29,2026-08-05,40,Image,42,0,1,43,"When invoice processing becomes more efficient, the benefits extend across",https://www.linkedin.com/feed/update/urn:li:activity:7490671450174001152/,https://www.linkedin.com/company/pagero/posts/
Pagero,30,2026-07-27,49,Video,28,1,3,32,AI is changing how tax teams approach compliance. ONESOURCE Indirect Compli,https://www.linkedin.com/feed/update/urn:li:activity:7487403304793124864/,https://www.linkedin.com/company/pagero/posts/
Pagero,31,2026-07-21,55,Video,1864,70,809,2743,Come take a walk down knowers lane and meet The CoCo — the result of 175 ye,https://www.linkedin.com/feed/update/urn:li:activity:7485225964449296384/,https://www.linkedin.com/company/pagero/posts/
Pagero,32,2026-07-20,56,Video,39,0,5,44,Too much insight to scribble down in one notebook! Compliance Connect Londo,https://www.linkedin.com/feed/update/urn:li:activity:7484838266094018560/,https://www.linkedin.com/company/pagero/posts/
Pagero,33,2026-07-17,59,Video,68,0,2,70,The UK's e-invoicing mandate is pushing businesses to rethink how they hand,https://www.linkedin.com/feed/update/urn:li:activity:7483777729956601856/,https://www.linkedin.com/company/pagero/posts/
Pagero,34,2026-07-14,62,Video,17,0,4,21,More than an event. A community in motion. Compliance Connect London 2026 b,https://www.linkedin.com/feed/update/urn:li:activity:7482765932344414208/,https://www.linkedin.com/company/pagero/posts/
Pagero,35,2026-07-10,66,Video,42,0,2,44,New e-invoicing and digital tax reporting developments are shaping complian,https://www.linkedin.com/feed/update/urn:li:activity:7481293772732084225/,https://www.linkedin.com/company/pagero/posts/
Pagero,36,2026-07-10,66,Video,60,2,5,67,Tax has gone from background function to business priority. Along with this,https://www.linkedin.com/feed/update/urn:li:activity:7481241484453830657/,https://www.linkedin.com/company/pagero/posts/
Pagero,37,2026-07-07,69,Video,80,2,9,91,Many businesses know ViDA is coming. Fewer know what readiness actually loo,https://www.linkedin.com/feed/update/urn:li:activity:7480123535525511168/,https://www.linkedin.com/company/pagero/posts/
Pagero,38,2026-07-02,74,Video,46,0,7,53,"""Getting it good isn't good enough. You have to get it right."" In a world o",https://www.linkedin.com/feed/update/urn:li:activity:7478413076682149889/,https://www.linkedin.com/company/pagero/posts/
Pagero,39,2026-06-29,77,Video,40,0,8,48,With e‑invoicing mandates accelerating worldwide and continuous transaction,https://www.linkedin.com/feed/update/urn:li:activity:7477254668339953665/,https://www.linkedin.com/company/pagero/posts/
Pagero,40,2026-06-25,81,Multi-image,29,0,0,29,OpenPeppol Conference 2026 brought together valuable perspectives on the fu,https://www.linkedin.com/feed/update/urn:li:activity:7475877193366118400/,https://www.linkedin.com/company/pagero/posts/
Pagero,41,2026-06-25,81,Multi-image,50,0,2,52,"""Connect with peers. Map the future. Discover innovative approaches to the",https://www.linkedin.com/feed/update/urn:li:activity:7475809421659623424/,https://www.linkedin.com/company/pagero/posts/
Pagero,42,2026-06-18,88,Multi-image,82,1,10,93,"ONESOURCE Indirect Compliance powered by CoCounsel is now live, our new AI‑",https://www.linkedin.com/feed/update/urn:li:activity:7473369074664824833/,https://www.linkedin.com/company/pagero/posts/
Pagero,43,2026-06-18,88,Multi-image,74,1,10,85,"Compliance Connect London 2026 is underway, bringing together tax, finance,",https://www.linkedin.com/feed/update/urn:li:activity:7473310376290455552/,https://www.linkedin.com/company/pagero/posts/
Pagero,44,2026-06-18,88,Video,19,0,2,21,Tax teams deserve better than spreadsheets and disconnected processes. Meet,https://www.linkedin.com/feed/update/urn:li:activity:7473280304548577280/,https://www.linkedin.com/company/pagero/posts/
Pagero,45,2026-06-17,89,Video,35,0,4,39,"Stronger together, in every sense! We are still buzzing with excitement fro",https://www.linkedin.com/feed/update/urn:li:activity:7472944732747431937/,https://www.linkedin.com/company/pagero/posts/
Pagero,46,2026-06-16,90,Video,124,2,25,151,How do your teams track e‑invoicing deadlines and regulation details across,https://www.linkedin.com/feed/update/urn:li:activity:7472578775411593216/,https://www.linkedin.com/company/pagero/posts/
Pagero,47,2026-06-12,94,Video,50,0,7,57,"Global e-invoicing developments are moving fast. Paraguay, Sri Lanka, the U",https://www.linkedin.com/feed/update/urn:li:activity:7471105531017945089/,https://www.linkedin.com/company/pagero/posts/
Pagero,48,2026-06-03,103,Video,73,0,6,79,"The shift from PDFs to automated, structured finance is underway across Eur",https://www.linkedin.com/feed/update/urn:li:activity:7467846851669438464/,https://www.linkedin.com/company/pagero/posts/
Pagero,49,2026-06-02,104,Carousel,61,1,9,71,We’re proud to bring together a standout group of speakers for Compliance C,https://www.linkedin.com/feed/update/urn:li:activity:7467470237190397952/,https://www.linkedin.com/company/pagero/posts/
Pagero,50,2026-05-20,117,Video,21,0,3,24,Register for Compliance Connect 2026 in London to discover how you can acce,https://www.linkedin.com/feed/update/urn:li:activity:7462752350416392192/,https://www.linkedin.com/company/pagero/posts/
Compleat Software,1,2026-09-10,4,Image,1,0,0,1,97% of #finance teams have adopted #AI. Only 23% say it's exceeding expecta,https://www.linkedin.com/feed/update/urn:li:activity:7503755624485134337/,https://www.linkedin.com/company/compleat-software-ltd/posts/
Compleat Software,2,2026-09-08,6,Image,1,0,0,1,96% of UK charities have restricted their own services this year. Energy co,https://www.linkedin.com/feed/update/urn:li:activity:7503075060723740672/,https://www.linkedin.com/company/compleat-software-ltd/posts/
Compleat Software,3,2026-09-04,10,Image,1,0,1,2,Global business travel spend is set to hit $1.71 trillion this year. Trip v,https://www.linkedin.com/feed/update/urn:li:activity:7501582380705439744/,https://www.linkedin.com/company/compleat-software-ltd/posts/
Compleat Software,4,2026-09-02,12,Image,1,0,1,2,The #DfE has quietly updated the academies chart of accounts for 2026-27. I,https://www.linkedin.com/feed/update/urn:li:activity:7500924009971265536/,https://www.linkedin.com/company/compleat-software-ltd/posts/
Compleat Software,5,2026-08-31,14,Image,1,0,1,2,"If your #nonprofit passes federal grant money to subrecipients, the complia",https://www.linkedin.com/feed/update/urn:li:activity:7500198637067468800/,https://www.linkedin.com/company/compleat-software-ltd/posts/
Compleat Software,6,2026-08-28,17,Image,4,0,0,4,K-12 families are spending 24% more per student on back-to-school than seve,https://www.linkedin.com/feed/update/urn:li:activity:7499111478810087424/,https://www.linkedin.com/company/compleat-software-ltd/posts/
Compleat Software,7,2026-08-06,39,Image,8,0,3,11,"October 1, 2026 is coming up fast for any nonprofit that relies on federal",https://www.linkedin.com/feed/update/urn:li:activity:7491116339487596544/,https://www.linkedin.com/company/compleat-software-ltd/posts/
Compleat Software,8,2026-08-05,40,Image,4,0,1,5,"Ask most finance leaders how long an invoice takes to get approved, and the",https://www.linkedin.com/feed/update/urn:li:activity:7490755774927773696/,https://www.linkedin.com/company/compleat-software-ltd/posts/
Compleat Software,9,2026-08-04,41,Image,6,0,0,6,There's one question that comes up in almost every board meeting. And it's,https://www.linkedin.com/feed/update/urn:li:activity:7490347651444596737/,https://www.linkedin.com/company/compleat-software-ltd/posts/
Compleat Software,10,2026-08-03,42,Image,1,0,0,1,#HMRC isn't reviewing charity finances the way it used to. Structured risk,https://www.linkedin.com/feed/update/urn:li:activity:7489984808861822977/,https://www.linkedin.com/company/compleat-software-ltd/posts/
Compleat Software,11,2026-08-02,43,Image,1,0,0,1,#ESSERfunding is gone. Enrollment is down in nearly 30 of the 50 largest US,https://www.linkedin.com/feed/update/urn:li:activity:7489667342470197248/,https://www.linkedin.com/company/compleat-software-ltd/posts/
Compleat Software,12,2026-08-01,44,Image,0,0,0,0,Most expense fraud doesn't look like fraud. It looks like a slightly genero,https://www.linkedin.com/feed/update/urn:li:activity:7489260821148045312/,https://www.linkedin.com/company/compleat-software-ltd/posts/
Compleat Software,13,2026-07-31,45,Image,3,0,2,5,"The Academy Trust Handbook 2026 takes effect on 1 October, right as 37% of",https://www.linkedin.com/feed/update/urn:li:activity:7488898113190055936/,https://www.linkedin.com/company/compleat-software-ltd/posts/
Compleat Software,14,2026-07-30,46,Image,1,0,0,1,Most finance professionals spend the majority of their week on things that,https://www.linkedin.com/feed/update/urn:li:activity:7488580665567789056/,https://www.linkedin.com/company/compleat-software-ltd/posts/
Compleat Software,15,2026-07-29,47,Image,3,0,0,3,Tariffs aren't a one-off cost anymore. They're a slow leak. New data shows,https://www.linkedin.com/feed/update/urn:li:activity:7488217593019981825/,https://www.linkedin.com/company/compleat-software-ltd/posts/
Compleat Software,16,2026-07-28,48,Image,0,0,0,0,"Britain has a new Prime Minister, and a Budget date that's still pending. A",https://www.linkedin.com/feed/update/urn:li:activity:7487896182388719616/,https://www.linkedin.com/company/compleat-software-ltd/posts/
Compleat Software,17,2026-07-26,50,Image,3,0,3,6,The best finance leaders in the room aren't the most technically brilliant.,https://www.linkedin.com/feed/update/urn:li:activity:7487131493480263680/,https://www.linkedin.com/company/compleat-software-ltd/posts/
Compleat Software,18,2026-07-24,52,Video,6,0,1,7,Holkham Hall's Finance Director used to run a team where 90% of their time,https://www.linkedin.com/feed/update/urn:li:activity:7486408043556081664/,https://www.linkedin.com/company/compleat-software-ltd/posts/
Compleat Software,19,2026-07-22,54,Image,3,0,0,3,There's five dimensions of finance leadership that separate the professiona,https://www.linkedin.com/feed/update/urn:li:activity:7485636367042101250/,https://www.linkedin.com/company/compleat-software-ltd/posts/
Compleat Software,20,2026-07-20,56,Video,7,0,1,8,What's your cash position right now? This is the question that separates in,https://www.linkedin.com/feed/update/urn:li:activity:7484956402730348546/,https://www.linkedin.com/company/compleat-software-ltd/posts/
Compleat Software,21,2026-07-16,60,Video,4,0,1,5,What type of finance leader are you? The finance leaders who get noticed ar,https://www.linkedin.com/feed/update/urn:li:activity:7483461367270711297/,https://www.linkedin.com/company/compleat-software-ltd/posts/
Compleat Software,22,2026-06-29,77,Image,1,0,1,2,How much of your finance team's day is spent creating value and how much is,https://www.linkedin.com/feed/update/urn:li:activity:7477300278048952320/,https://www.linkedin.com/company/compleat-software-ltd/posts/
Compleat Software,23,2026-06-24,82,Image,2,0,0,2,AI isn’t replacing finance professionals but it will change what makes them,https://www.linkedin.com/feed/update/urn:li:activity:7475535259619659776/,https://www.linkedin.com/company/compleat-software-ltd/posts/
Compleat Software,24,2026-06-22,84,Image,1,0,0,1,A grant award is only the beginning of the story. The real challenge starts,https://www.linkedin.com/feed/update/urn:li:activity:7474766582443880448/,https://www.linkedin.com/company/compleat-software-ltd/posts/
Compleat Software,25,2026-06-19,87,Image,0,0,0,0,"Finance careers used to be built on technical expertise alone, but today, t",https://www.linkedin.com/feed/update/urn:li:activity:7473677238580883456/,https://www.linkedin.com/company/compleat-software-ltd/posts/
Compleat Software,26,2026-06-18,88,Image,0,0,0,0,The conversation around the Children's Wellbeing and Schools Bill has focus,https://www.linkedin.com/feed/update/urn:li:activity:7473359644447563777/,https://www.linkedin.com/company/compleat-software-ltd/posts/
Compleat Software,27,2026-06-17,89,Image,1,0,0,1,School district finance teams are used to managing tight budgets. What’s di,https://www.linkedin.com/feed/update/urn:li:activity:7473038283560648704/,https://www.linkedin.com/company/compleat-software-ltd/posts/
Compleat Software,28,2026-06-12,94,Image,2,0,0,2,#HMRC has increased funding for #charities supporting vulnerable customers,https://www.linkedin.com/feed/update/urn:li:activity:7471169462801645569/,https://www.linkedin.com/company/compleat-software-ltd/posts/
Compleat Software,29,2026-06-10,96,Link/Article,9,0,0,9,We’re all set up at EdExec: Live Events for School Business Professionals (,https://www.linkedin.com/feed/update/urn:li:activity:7470406167513640960/,https://www.linkedin.com/company/compleat-software-ltd/posts/
Compleat Software,30,2026-05-29,108,Image,1,0,0,1,Everyone talks about removing friction from business processes but some fri,https://www.linkedin.com/feed/update/urn:li:activity:7466067196612390912/,https://www.linkedin.com/company/compleat-software-ltd/posts/
Compleat Software,31,2026-05-27,110,Image,1,0,0,1,"Most #financereporting is accurate, but it’s also just slightly behind real",https://www.linkedin.com/feed/update/urn:li:activity:7465341483160653825/,https://www.linkedin.com/company/compleat-software-ltd/posts/
Compleat Software,32,2026-05-26,111,Video,6,0,1,7,Most finance teams assume they're already sending and receiving invoices el,https://www.linkedin.com/feed/update/urn:li:activity:7464979234369921024/,https://www.linkedin.com/company/compleat-software-ltd/posts/
Compleat Software,33,2026-05-22,115,Image,4,1,0,5,Most companies have two systems. Their official one… and the one people act,https://www.linkedin.com/feed/update/urn:li:activity:7463576428425564160/,https://www.linkedin.com/company/compleat-software-ltd/posts/
Compleat Software,34,2026-05-21,116,Image,5,0,0,5,The UK e-invoicing mandate will change how businesses send and receive invo,https://www.linkedin.com/feed/update/urn:li:activity:7463159193240449024/,https://www.linkedin.com/company/compleat-software-ltd/posts/
Compleat Software,35,2026-05-18,119,Image,3,0,0,3,Most finance teams we speak to think they're broadly ready for the UK #einv,https://www.linkedin.com/feed/update/urn:li:activity:7462128216351141888/,https://www.linkedin.com/company/compleat-software-ltd/posts/
Compleat Software,36,2026-05-08,129,Repost,9,1,0,10,What a week for #JMTInnovate in Washington! Compleat Software were proud to,https://www.linkedin.com/feed/update/urn:li:activity:7458434660872781824/,https://www.linkedin.com/company/compleat-software-ltd/posts/
Compleat Software,37,2026-05-07,130,Multi-image,45,0,2,47,We had an amazing time Tuesday night on the red carpet sponsored by Complea,https://www.linkedin.com/feed/update/urn:li:activity:7458245252403916800/,https://www.linkedin.com/company/compleat-software-ltd/posts/
Compleat Software,38,2026-04-28,139,Image,6,0,0,6,"Most organisations don’t have a spending problem, they have a behaviour pro",https://www.linkedin.com/feed/update/urn:li:activity:7454826646961926146/,https://www.linkedin.com/company/compleat-software-ltd/posts/
Compleat Software,39,2026-04-21,146,Image,2,0,0,2,There’s a growing gap between how people buy and how finance expects to con,https://www.linkedin.com/feed/update/urn:li:activity:7452320918632214528/,https://www.linkedin.com/company/compleat-software-ltd/posts/
Compleat Software,40,2026-04-07,160,Link/Article,3,0,0,3,Most finance teams are not struggling because of a lack of skill or effort.,https://www.linkedin.com/feed/update/urn:li:activity:7447291154355613697/,https://www.linkedin.com/company/compleat-software-ltd/posts/
Compleat Software,41,2026-03-27,171,Link/Article,6,0,0,6,There is a difference between a system that includes purchasing functionali,https://www.linkedin.com/feed/update/urn:li:activity:7443331387388141569/,https://www.linkedin.com/company/compleat-software-ltd/posts/
Compleat Software,42,2026-03-25,173,Link/Article,4,1,0,5,Late payments are no longer just an operational headache. The UK government,https://www.linkedin.com/feed/update/urn:li:activity:7442531747390439425/,https://www.linkedin.com/company/compleat-software-ltd/posts/
Compleat Software,43,2026-03-23,175,Link/Article,2,0,0,2,"Growth is supposed to feel good. More funding, more programmes, more impact",https://www.linkedin.com/feed/update/urn:li:activity:7441865758172729345/,https://www.linkedin.com/company/compleat-software-ltd/posts/
Compleat Software,44,2026-03-18,180,Link/Article,2,0,0,2,Approvals aren’t the same as control. Most school districts have plenty of,https://www.linkedin.com/feed/update/urn:li:activity:7440059329057058816/,https://www.linkedin.com/company/compleat-software-ltd/posts/
Compleat Software,45,2026-02-04,222,Video,7,0,0,7,We love hearing how long-term users continue to see value from Compleat. Lu,https://www.linkedin.com/feed/update/urn:li:activity:7424793627194798080/,https://www.linkedin.com/company/compleat-software-ltd/posts/
Compleat Software,46,2026-01-29,228,Poll,2,1,1,4,Quick poll for the finance & ops crowd 👇 Do you know how much invoice proc,https://www.linkedin.com/feed/update/urn:li:activity:7422593813661081600/,https://www.linkedin.com/company/compleat-software-ltd/posts/
Compleat Software,47,2026-01-28,229,Video,13,0,0,13,Visibility and control matter. Europa Oil & Gas Plc shares how flexible app,https://www.linkedin.com/feed/update/urn:li:activity:7422233583735590912/,https://www.linkedin.com/company/compleat-software-ltd/posts/
Compleat Software,48,2026-01-22,235,Video,8,0,0,8,"When finance saves time and brings people together. Spend control, visibili",https://www.linkedin.com/feed/update/urn:li:activity:7420052303585361920/,https://www.linkedin.com/company/compleat-software-ltd/posts/
Compleat Software,49,2026-01-20,237,Video,13,0,1,14,"When your finance team spends less time processing and more time thinking,",https://www.linkedin.com/feed/update/urn:li:activity:7419361408586244096/,https://www.linkedin.com/company/compleat-software-ltd/posts/
Compleat Software,50,2025-12-18,270,Repost,5,0,0,5,"Absolutely spot on, Ceri Bates 💫! At Compleat, we’d never dream of disrupt",https://www.linkedin.com/feed/update/urn:li:activity:7407423911413301248/,https://www.linkedin.com/company/compleat-software-ltd/posts/
Tungsten Automation,1,2026-09-14,0,Image,0,0,1,1,A Leader. Again! We’ve been named a Leader in the 2026 Gartner® Magic Quadr,https://www.linkedin.com/feed/update/urn:li:activity:7505264464016011264/,https://www.linkedin.com/company/tungstenautomation/posts/
Tungsten Automation,2,2026-09-14,0,Image,13,0,1,14,"Most AP teams do the work twice. Approve the invoice in one system, then re",https://www.linkedin.com/feed/update/urn:li:activity:7505185475545059328/,https://www.linkedin.com/company/tungstenautomation/posts/
Tungsten Automation,3,2026-09-11,3,Multi-image,4,0,1,5,"Sydney Summit came and went — and if you were interstate, across the ditch",https://www.linkedin.com/feed/update/urn:li:activity:7504297791293255681/,https://www.linkedin.com/company/tungstenautomation/posts/
Tungsten Automation,4,2026-09-11,3,Image,1,0,1,2,"Most organizations believe they are progressing with AI. In reality, they a",https://www.linkedin.com/feed/update/urn:li:activity:7504211288563179520/,https://www.linkedin.com/company/tungstenautomation/posts/
Tungsten Automation,5,2026-09-11,3,Image,97,2,29,128,Tungsten Automation has again been named a Leader in the 2026 Gartner® Magi,https://www.linkedin.com/feed/update/urn:li:activity:7504204642948435969/,https://www.linkedin.com/company/tungstenautomation/posts/
Tungsten Automation,6,2026-09-10,4,Image,21,0,3,24,WonderBotz and Tungsten Automation are Houston-bound 🤠 Join us next week a,https://www.linkedin.com/feed/update/urn:li:activity:7503848646539640832/,https://www.linkedin.com/company/tungstenautomation/posts/
Tungsten Automation,7,2026-09-10,4,Image,11,0,1,12,Most finance teams will tell you they don't have an invoicing fraud problem,https://www.linkedin.com/feed/update/urn:li:activity:7503848594731536384/,https://www.linkedin.com/company/tungstenautomation/posts/
Tungsten Automation,8,2026-09-10,4,Image,1,0,1,2,"Teaching people to use AI was step one, nobody planned for step two. Learn",https://www.linkedin.com/feed/update/urn:li:activity:7503829854593822720/,https://www.linkedin.com/company/tungstenautomation/posts/
Tungsten Automation,9,2026-09-10,4,Image,52,3,1,56,Great energy at the Public Sector Network Queensland Innovation Showcase to,https://www.linkedin.com/feed/update/urn:li:activity:7503767820896382977/,https://www.linkedin.com/company/tungstenautomation/posts/
Tungsten Automation,10,2026-09-10,4,Multi-image,29,0,1,30,We spent two days having great conversations while attending and sponsoring,https://www.linkedin.com/feed/update/urn:li:activity:7503763165604818945/,https://www.linkedin.com/company/tungstenautomation/posts/
Tungsten Automation,11,2026-09-10,4,Image,0,0,1,1,"95% of enterprise AI pilots never make it to production. In banking, the re",https://www.linkedin.com/feed/update/urn:li:activity:7503754314537140224/,https://www.linkedin.com/company/tungstenautomation/posts/
Tungsten Automation,12,2026-09-09,5,Image,3,0,1,4,"Your ex-employee left, their access didn’t. Classic. Roles change. Contract",https://www.linkedin.com/feed/update/urn:li:activity:7503422297622528001/,https://www.linkedin.com/company/tungstenautomation/posts/
Tungsten Automation,13,2026-09-09,5,Image,1,0,1,2,See how Sudarshan Chemical went from managing compliance across multiple sy,https://www.linkedin.com/feed/update/urn:li:activity:7503391877614960642/,https://www.linkedin.com/company/tungstenautomation/posts/
Tungsten Automation,14,2026-09-08,6,Image,6,0,5,11,"Learn why most ""AI-ready"" enterprises aren't, and what closes the gap throu",https://www.linkedin.com/feed/update/urn:li:activity:7503029482354700288/,https://www.linkedin.com/company/tungstenautomation/posts/
Tungsten Automation,15,2026-09-07,7,Image,4,0,1,5,"Join us on 17th September, 2026 at 10:00 AM UK time to learn how Tungsten A",https://www.linkedin.com/feed/update/urn:li:activity:7502651974396338176/,https://www.linkedin.com/company/tungstenautomation/posts/
Tungsten Automation,16,2026-09-04,10,Image,7,0,3,10,Read Kate Bohn's featured article to learn why print is your biggest compli,https://www.linkedin.com/feed/update/urn:li:activity:7501579963968471040/,https://www.linkedin.com/company/tungstenautomation/posts/
Tungsten Automation,17,2026-09-03,11,Image,49,0,15,64,Ask a finance leader where their process breaks down and you'll usually hea,https://www.linkedin.com/feed/update/urn:li:activity:7501316652253437952/,https://www.linkedin.com/company/tungstenautomation/posts/
Tungsten Automation,18,2026-09-03,11,Image,1,0,2,3,68% of trade professionals now call supply chain management their top strat,https://www.linkedin.com/feed/update/urn:li:activity:7501308307177984000/,https://www.linkedin.com/company/tungstenautomation/posts/
Tungsten Automation,19,2026-09-03,11,Video,9,0,5,14,95% touchless invoice postings. That's not a Jungheinrich win. That's what,https://www.linkedin.com/feed/update/urn:li:activity:7501217450865233920/,https://www.linkedin.com/company/tungstenautomation/posts/
Tungsten Automation,20,2026-09-02,12,Text,14,2,1,17,Two things happened this week that don't usually get mentioned in the same,https://www.linkedin.com/feed/update/urn:li:activity:7500939202218377216/,https://www.linkedin.com/company/tungstenautomation/posts/
Tungsten Automation,21,2026-09-02,12,Image,7,0,4,11,"Every invoice is a payment decision, which bank, which rail, which timing.",https://www.linkedin.com/feed/update/urn:li:activity:7500885366745370624/,https://www.linkedin.com/company/tungstenautomation/posts/
Tungsten Automation,22,2026-09-02,12,Image,6,0,2,8,Your paperwork is quietly costing you six figures. You just haven't found t,https://www.linkedin.com/feed/update/urn:li:activity:7500855191886295043/,https://www.linkedin.com/company/tungstenautomation/posts/
Tungsten Automation,23,2026-09-01,13,Image,4,0,4,8,Still tracking e-invoicing mandates by checking government sites once a qua,https://www.linkedin.com/feed/update/urn:li:activity:7500523245176025088/,https://www.linkedin.com/company/tungstenautomation/posts/
Tungsten Automation,24,2026-09-01,13,Image,72,0,11,83,Today is the day. France's e-invoicing mandate is live. 🇫🇷 For the teams,https://www.linkedin.com/feed/update/urn:li:activity:7500502504699305985/,https://www.linkedin.com/company/tungstenautomation/posts/
Tungsten Automation,25,2026-09-01,13,Image,26,0,1,27,"As the summer winds down and the kids go back to school, I'm reminded of th",https://www.linkedin.com/feed/update/urn:li:activity:7500493199141134336/,https://www.linkedin.com/company/tungstenautomation/posts/
Tungsten Automation,26,2026-09-01,13,Image,14,0,5,19,One navy warship generates 150 TB of sensor data a day. One day of Maxar im,https://www.linkedin.com/feed/update/urn:li:activity:7500462560664600576/,https://www.linkedin.com/company/tungstenautomation/posts/
Tungsten Automation,27,2026-08-31,14,Image,14,0,2,16,"We had such a good conversation at PSN NSW, we're doing it again in Queensl",https://www.linkedin.com/feed/update/urn:li:activity:7500245132038975488/,https://www.linkedin.com/company/tungstenautomation/posts/
Tungsten Automation,28,2026-08-31,14,Image,9,0,5,14,Last chance to register to our upcoming webinar! https://ow.ly/Wb1k50ZtNaC,https://www.linkedin.com/feed/update/urn:li:activity:7500130332650807296/,https://www.linkedin.com/company/tungstenautomation/posts/
Tungsten Automation,29,2026-08-28,17,Image,4,0,3,7,"Everyone's coaching executives on ""how to talk about AI."" Almost nobody's c",https://www.linkedin.com/feed/update/urn:li:activity:7499073495147147266/,https://www.linkedin.com/company/tungstenautomation/posts/
Tungsten Automation,30,2026-08-28,17,Image,5,0,2,7,Be part of CXOCIETY’s 7th Annual C-Engage Convention 2026 at Marina Bay San,https://www.linkedin.com/feed/update/urn:li:activity:7499063407116017664/,https://www.linkedin.com/company/tungstenautomation/posts/
Tungsten Automation,31,2026-08-28,17,Video,5,0,1,6,Most finance automation projects fail for the same reason: leadership fixes,https://www.linkedin.com/feed/update/urn:li:activity:7499035554844499968/,https://www.linkedin.com/company/tungstenautomation/posts/
Tungsten Automation,32,2026-08-27,18,Poll,3,1,3,7,Société Générale Algérie reduced their onboarding time from 30 days to just,https://www.linkedin.com/feed/update/urn:li:activity:7498746332287881217/,https://www.linkedin.com/company/tungstenautomation/posts/
Tungsten Automation,33,2026-08-27,18,Image,12,0,3,15,163% productivity gains from AI adoption. Sounds incredible. Then why is yo,https://www.linkedin.com/feed/update/urn:li:activity:7498711140126883841/,https://www.linkedin.com/company/tungstenautomation/posts/
Tungsten Automation,34,2026-08-26,19,Image,7,0,10,17,Why do generative AI and IDP now depend on each other? https://ow.ly/8C8250,https://www.linkedin.com/feed/update/urn:li:activity:7498363986439077888/,https://www.linkedin.com/company/tungstenautomation/posts/
Tungsten Automation,35,2026-08-26,19,Carousel,10,1,3,14,IDP used to be about reading documents. Now it is about feeding enterprise,https://www.linkedin.com/feed/update/urn:li:activity:7498322181592985600/,https://www.linkedin.com/company/tungstenautomation/posts/
Tungsten Automation,36,2026-08-26,19,Image,48,0,5,53,Heute sind wir mit #PowerPDF auf der #Connect2026 von #brackalltron unterwe,https://www.linkedin.com/feed/update/urn:li:activity:7498313624784908288/,https://www.linkedin.com/company/tungstenautomation/posts/
Tungsten Automation,37,2026-08-25,20,Repost,10,0,1,11,Great time in Hyderabad last week! Lots of discussions on WonderBotz and Tu,https://www.linkedin.com/feed/update/urn:li:activity:7498049264850214913/,https://www.linkedin.com/company/tungstenautomation/posts/
Tungsten Automation,38,2026-08-25,20,Video,18,0,3,21,eInvoicing is moving rapidly from finance-process improvement to regulatory,https://www.linkedin.com/feed/update/urn:li:activity:7498049194599915520/,https://www.linkedin.com/company/tungstenautomation/posts/
Tungsten Automation,39,2026-08-25,20,Image,40,0,5,45,"Last week, WonderBotz and Tungsten Automation came together at the GCC & Sh",https://www.linkedin.com/feed/update/urn:li:activity:7498048981151727616/,https://www.linkedin.com/company/tungstenautomation/posts/
Tungsten Automation,40,2026-08-25,20,Image,40,0,5,45,"Last week, WonderBotz and Tungsten Automation came together at the GCC & Sh",https://www.linkedin.com/feed/update/urn:li:activity:7498019017559855106/,https://www.linkedin.com/company/tungstenautomation/posts/
Tungsten Automation,41,2026-08-25,20,Image,16,0,5,21,Your AI initiative is about to hit a wall. Not because the technology isn't,https://www.linkedin.com/feed/update/urn:li:activity:7497940957502386176/,https://www.linkedin.com/company/tungstenautomation/posts/
Tungsten Automation,42,2026-08-24,21,Image,19,0,2,21,PDF is everywhere. But the opportunity goes far beyond licenses. PDF remain,https://www.linkedin.com/feed/update/urn:li:activity:7497653056269058049/,https://www.linkedin.com/company/tungstenautomation/posts/
Tungsten Automation,43,2026-08-24,21,Image,11,0,4,15,⚠️ Tomorrow: The e-Invoice Compliance Updates You Can't Afford to Miss 🔗 R,https://www.linkedin.com/feed/update/urn:li:activity:7497593629692256256/,https://www.linkedin.com/company/tungstenautomation/posts/
Tungsten Automation,44,2026-08-24,21,Link/Article,7,2,3,12,"Your AI isn't broken, your documents are. Every enterprise chasing agentic",https://www.linkedin.com/feed/update/urn:li:activity:7497567167916261376/,https://www.linkedin.com/company/tungstenautomation/posts/
Tungsten Automation,45,2026-08-21,24,Image,5,0,3,8,Most IDP projects stall because accuracy in production never matches the de,https://www.linkedin.com/feed/update/urn:li:activity:7496582145834938369/,https://www.linkedin.com/company/tungstenautomation/posts/
Tungsten Automation,46,2026-08-21,24,Text,7,1,1,9,I'm looking forward to being in Sacramento for the California Government Te,https://www.linkedin.com/feed/update/urn:li:activity:7496566505204027393/,https://www.linkedin.com/company/tungstenautomation/posts/
Tungsten Automation,47,2026-08-21,24,Carousel,6,0,4,10,"Nobody wants to hear this, but: most ""AI-ready"" companies aren't. They boug",https://www.linkedin.com/feed/update/urn:li:activity:7496506544222736384/,https://www.linkedin.com/company/tungstenautomation/posts/
Tungsten Automation,48,2026-08-20,25,Image,26,0,9,35,Process Director from Tungsten Automation Achieves SAP-certified for clean,https://www.linkedin.com/feed/update/urn:li:activity:7496235085646618624/,https://www.linkedin.com/company/tungstenautomation/posts/
Tungsten Automation,49,2026-08-20,25,Image,7,0,2,9,Government records teams have made real progress digitizing information. Bu,https://www.linkedin.com/feed/update/urn:li:activity:7496204912322785281/,https://www.linkedin.com/company/tungstenautomation/posts/
Tungsten Automation,50,2026-08-19,26,Image,14,0,6,20,"Germany's e-invoicing clock is ticking. ⏱️ Starting January 1, 2027, German",https://www.linkedin.com/feed/update/urn:li:activity:7495842425370906624/,https://www.linkedin.com/company/tungstenautomation/posts/
onPhase,1,2026-09-10,4,Repost,1,0,0,1,More than 75% of U.S. organizations experienced attempted or actual payment,https://www.linkedin.com/feed/update/urn:li:activity:7503849348430995457/,https://www.linkedin.com/company/onphase/posts/
onPhase,2,2026-09-09,5,Repost,1,0,0,1,"When invoices, contracts, approvals, and operational data live in different",https://www.linkedin.com/feed/update/urn:li:activity:7503466567268012032/,https://www.linkedin.com/company/onphase/posts/
onPhase,3,2026-09-09,5,Image,10,0,3,13,Finance teams don't need more disconnected systems. They need a single sour,https://www.linkedin.com/feed/update/urn:li:activity:7503465421350563840/,https://www.linkedin.com/company/onphase/posts/
onPhase,4,2026-09-08,6,Image,12,0,2,14,Profit isn’t only lost on the lot. It can disappear quietly in the back off,https://www.linkedin.com/feed/update/urn:li:activity:7503086998514118656/,https://www.linkedin.com/company/onphase/posts/
onPhase,5,2026-09-03,11,Repost,9,0,1,10,AI strategy is easy to talk about. Turning it into measurable business impa,https://www.linkedin.com/feed/update/urn:li:activity:7501359680674234368/,https://www.linkedin.com/company/onphase/posts/
onPhase,6,2026-09-03,11,Image,27,1,12,40,The world doesn't need another high-level discussion about AI. That's why w,https://www.linkedin.com/feed/update/urn:li:activity:7501300522105126912/,https://www.linkedin.com/company/onphase/posts/
onPhase,7,2026-09-02,12,Image,6,1,1,8,Every invoice. Every approval. Every supplier flag. Finance sees the busine,https://www.linkedin.com/feed/update/urn:li:activity:7500912673333637120/,https://www.linkedin.com/company/onphase/posts/
onPhase,8,2026-09-01,13,Image,10,0,5,15,AI can spot anomalies. AI can surface patterns. AI can help identify risk.,https://www.linkedin.com/feed/update/urn:li:activity:7500507838193000450/,https://www.linkedin.com/company/onphase/posts/
onPhase,9,2026-08-26,19,Video,36,0,8,44,It's official: onPhase is on the Inc. 5000 list...again! 🎉 For the second,https://www.linkedin.com/feed/update/urn:li:activity:7498365417640423425/,https://www.linkedin.com/company/onphase/posts/
onPhase,10,2026-08-25,20,Image,5,1,2,8,"Ask a healthcare CFO where their HIPAA risk lives, and AP is almost never t",https://www.linkedin.com/feed/update/urn:li:activity:7498013568370483200/,https://www.linkedin.com/company/onphase/posts/
onPhase,11,2026-08-20,25,Carousel,7,1,1,9,Q4 is coming. Your AP team already knows. The instinct is to brace for volu,https://www.linkedin.com/feed/update/urn:li:activity:7496201629101375489/,https://www.linkedin.com/company/onphase/posts/
onPhase,12,2026-08-18,27,Video,14,0,2,16,Our team has been on the road all year and we're just getting started! We a,https://www.linkedin.com/feed/update/urn:li:activity:7495476853881872384/,https://www.linkedin.com/company/onphase/posts/
onPhase,13,2026-08-13,32,Image,13,0,1,14,Every dealership has that one process... You know the one. The process ever,https://www.linkedin.com/feed/update/urn:li:activity:7493664913970868224/,https://www.linkedin.com/company/onphase/posts/
onPhase,14,2026-08-12,33,Image,73,5,16,94,We're officially Certified in Karmak's Alliance Program. We've been working,https://www.linkedin.com/feed/update/urn:li:activity:7493390772918964224/,https://www.linkedin.com/company/onphase/posts/
onPhase,15,2026-08-12,33,Image,73,5,16,94,We're officially Certified in Karmak's Alliance Program. We've been working,https://www.linkedin.com/feed/update/urn:li:activity:7493291656604205056/,https://www.linkedin.com/company/onphase/posts/
onPhase,16,2026-08-11,34,Event,27,0,8,35,The Hackett Group found $1.7 trillion in excess working capital hiding amon,https://www.linkedin.com/feed/update/urn:li:activity:7493045585298518016/,https://www.linkedin.com/company/onphase/posts/
onPhase,17,2026-08-06,39,Carousel,7,1,1,9,"Microsoft Dynamics GP is losing support at the end of 2029, and ERP migrati",https://www.linkedin.com/feed/update/urn:li:activity:7491128198966095872/,https://www.linkedin.com/company/onphase/posts/
onPhase,18,2026-08-04,41,Image,6,0,0,6,Month-end across multiple rooftops can turn into a scavenger hunt. An invoi,https://www.linkedin.com/feed/update/urn:li:activity:7490403423180288000/,https://www.linkedin.com/company/onphase/posts/
onPhase,19,2026-08-03,42,Link/Article,4,0,3,7,Account Executive – B2B SaaS Sales | OnPhase | Rust Belt (MI/IN/OH/PA) | Dr,https://www.linkedin.com/feed/update/urn:li:activity:7490098760102924288/,https://www.linkedin.com/company/onphase/posts/
onPhase,20,2026-08-03,42,Link/Article,4,0,3,7,"Hiring: Account Executive, Mid Atlantic Territory | OnPhase | B2B SaaS Sale",https://www.linkedin.com/feed/update/urn:li:activity:7490072016600006656/,https://www.linkedin.com/company/onphase/posts/
onPhase,21,2026-07-30,46,Video,6,0,0,6,Moving from paper invoices to email. Expanding supplier portals. Automating,https://www.linkedin.com/feed/update/urn:li:activity:7488591483885916161/,https://www.linkedin.com/company/onphase/posts/
onPhase,22,2026-07-29,47,Image,9,1,0,10,Fixed ops isn't a side department anymore. It's carrying the dealership. He,https://www.linkedin.com/feed/update/urn:li:activity:7488229095948918784/,https://www.linkedin.com/company/onphase/posts/
onPhase,23,2026-07-25,51,Multi-image,95,4,5,104,"Last week was a launch, in every sense of the word. For the first time, we",https://www.linkedin.com/feed/update/urn:li:activity:7486790882701185024/,https://www.linkedin.com/company/onphase/posts/
onPhase,24,2026-07-23,53,Multi-image,95,4,5,104,"Last week was a launch, in every sense of the word. For the first time, we",https://www.linkedin.com/feed/update/urn:li:activity:7486076411406073856/,https://www.linkedin.com/company/onphase/posts/
onPhase,25,2026-07-09,67,Video,13,0,0,13,"""Start with the end in mind."" That was one of the biggest takeaways from ou",https://www.linkedin.com/feed/update/urn:li:activity:7480981338637045760/,https://www.linkedin.com/company/onphase/posts/
onPhase,26,2026-07-07,69,Repost,13,0,0,13,Excited for #PSC2026 this September in San Diego! As a strategic partner of,https://www.linkedin.com/feed/update/urn:li:activity:7480368497747804160/,https://www.linkedin.com/company/onphase/posts/
onPhase,27,2026-07-07,69,Image,7,2,1,10,Our Certified Partner Spotlight series continues with onPhase! 🔦 We're exc,https://www.linkedin.com/feed/update/urn:li:activity:7480324641794748416/,https://www.linkedin.com/company/onphase/posts/
onPhase,28,2026-07-01,75,Event,9,0,3,12,"On July 14, we are teaming up with Procede Software to show dealer groups w",https://www.linkedin.com/feed/update/urn:li:activity:7478121513691377665/,https://www.linkedin.com/company/onphase/posts/
onPhase,29,2026-06-23,83,Carousel,6,1,1,8,Most cash flow problems aren't cash flow problems. They're timing problems.,https://www.linkedin.com/feed/update/urn:li:activity:7475183132762206209/,https://www.linkedin.com/company/onphase/posts/
onPhase,30,2026-06-18,88,Video,9,0,0,9,"""At the six month mark, I could finally breathe each day."" — Ashley Felts,",https://www.linkedin.com/feed/update/urn:li:activity:7473400397852975104/,https://www.linkedin.com/company/onphase/posts/
onPhase,31,2026-06-17,89,Carousel,14,1,4,19,The best dealership finance teams right now aren't waiting for the market t,https://www.linkedin.com/feed/update/urn:li:activity:7473008805664993281/,https://www.linkedin.com/company/onphase/posts/
onPhase,32,2026-06-05,101,Video,10,0,1,11,The biggest challenge finance teams are facing right now isn’t just change,https://www.linkedin.com/feed/update/urn:li:activity:7468660151177211905/,https://www.linkedin.com/company/onphase/posts/
onPhase,33,2026-06-03,103,Carousel,7,1,1,9,"Audit season doesn't knock. It just walks in. And when it does, most AP tea",https://www.linkedin.com/feed/update/urn:li:activity:7467935375597027328/,https://www.linkedin.com/company/onphase/posts/
onPhase,34,2026-05-28,109,Video,8,0,0,8,What does getting time back actually look like in finance? It is easy to sa,https://www.linkedin.com/feed/update/urn:li:activity:7465837492169019393/,https://www.linkedin.com/company/onphase/posts/
onPhase,35,2026-05-26,111,Repost,6,0,0,6,Most finance teams aren't flying blind. They're flying with partial visibil,https://www.linkedin.com/feed/update/urn:li:activity:7465037944483999744/,https://www.linkedin.com/company/onphase/posts/
onPhase,36,2026-05-26,111,Image,12,0,3,15,Finance teams don’t need more disconnected tools. They need better visibili,https://www.linkedin.com/feed/update/urn:li:activity:7465037172895625217/,https://www.linkedin.com/company/onphase/posts/
onPhase,37,2026-05-22,115,Repost,8,0,0,8,This is exactly why we do what we do. Real visibility. Real results. And a,https://www.linkedin.com/feed/update/urn:li:activity:7463649959687553024/,https://www.linkedin.com/company/onphase/posts/
onPhase,38,2026-05-22,115,Image,25,1,2,28,Just wrapped up speaking at the Southeast Comptroller's Conference with onP,https://www.linkedin.com/feed/update/urn:li:activity:7463581388710203392/,https://www.linkedin.com/company/onphase/posts/
onPhase,39,2026-05-21,116,Video,11,0,0,11,One of the most common ways to expose AP bottlenecks? Having someone go out,https://www.linkedin.com/feed/update/urn:li:activity:7463224333193338880/,https://www.linkedin.com/company/onphase/posts/
onPhase,40,2026-05-18,119,Repost,12,0,0,12,onPhase is proud to join the Associated Equipment Distributors community. W,https://www.linkedin.com/feed/update/urn:li:activity:7462228114417463297/,https://www.linkedin.com/company/onphase/posts/
onPhase,41,2026-05-18,119,Image,21,1,3,25,AED welcomes onPhase! onPhase provides accounts payable automation and paym,https://www.linkedin.com/feed/update/urn:li:activity:7462185377345212416/,https://www.linkedin.com/company/onphase/posts/
onPhase,42,2026-05-15,122,Multi-image,39,2,4,45,"That’s a wrap on Transform, our customer-dedicated roadshow!! Over two pack",https://www.linkedin.com/feed/update/urn:li:activity:7461055087839289344/,https://www.linkedin.com/company/onphase/posts/
onPhase,43,2026-05-11,126,Carousel,8,0,1,9,"If OCR alone solved invoice processing, AP teams wouldn’t still be fixing e",https://www.linkedin.com/feed/update/urn:li:activity:7459600454587437056/,https://www.linkedin.com/company/onphase/posts/
onPhase,44,2026-05-01,136,Video,16,0,0,16,"Change is constant in AP. New problems, new processes, more to keep up with",https://www.linkedin.com/feed/update/urn:li:activity:7455976576053125120/,https://www.linkedin.com/company/onphase/posts/
onPhase,45,2026-04-23,144,Text,14,1,1,16,Supplier onboarding isn’t an admin task. It’s a risk control point. In a po,https://www.linkedin.com/feed/update/urn:li:activity:7453151777157439488/,https://www.linkedin.com/company/onphase/posts/
onPhase,46,2026-04-17,150,Video,9,0,0,9,"As AI continues to reshape AP and payment processes, one thing is clear: wh",https://www.linkedin.com/feed/update/urn:li:activity:7450903145800634368/,https://www.linkedin.com/company/onphase/posts/
onPhase,47,2026-04-14,153,Carousel,8,1,1,10,"If your ERP is supposed to solve AP, why is your team still: • Rekeying inv",https://www.linkedin.com/feed/update/urn:li:activity:7449815982140796929/,https://www.linkedin.com/company/onphase/posts/
onPhase,48,2026-04-14,153,Image,12,0,2,14,"Are you automating Accounts Payable, or just speeding up mistakes? 🔒⚡ The",https://www.linkedin.com/feed/update/urn:li:activity:7449813204022738944/,https://www.linkedin.com/company/onphase/posts/
onPhase,49,2026-04-10,157,Carousel,8,2,1,11,Move faster. Reduce risk. Keep up with AI. Support growth. Tighten controls,https://www.linkedin.com/feed/update/urn:li:activity:7448426716521201665/,https://www.linkedin.com/company/onphase/posts/
onPhase,50,2026-04-01,166,Video,18,0,2,20,"Month-end close is hell week for accountants, but it doesn't have to be. Be",https://www.linkedin.com/feed/update/urn:li:activity:7445104939951046656/,https://www.linkedin.com/company/onphase/posts/
MineralTree,1,2026-09-14,0,Image,33,1,7,41,"Consumers are embracing AI for discovery, research and comparison, but when",https://www.linkedin.com/feed/update/urn:li:activity:7505243969421996033/,https://www.linkedin.com/company/mineraltree-inc-/posts/
MineralTree,2,2026-09-11,3,Carousel,52,1,6,59,There was plenty to take in at Genius World — from thought-provoking conver,https://www.linkedin.com/feed/update/urn:li:activity:7504236213961154560/,https://www.linkedin.com/company/mineraltree-inc-/posts/
MineralTree,3,2026-09-04,10,Link/Article,35,2,5,42,What keeps SMB retailers up at night? We spoke with store owners to uncover,https://www.linkedin.com/feed/update/urn:li:activity:7501664883378376705/,https://www.linkedin.com/company/mineraltree-inc-/posts/
MineralTree,4,2026-09-04,10,Link/Article,77,3,7,87,Curious about how AI is changing the way we shop and pay? Tune in as our ow,https://www.linkedin.com/feed/update/urn:li:activity:7501487462540759040/,https://www.linkedin.com/company/mineraltree-inc-/posts/
MineralTree,5,2026-09-02,12,Link/Article,67,2,4,73,"Throughout our transformation journey as a unified organization, we’ve cont",https://www.linkedin.com/feed/update/urn:li:activity:7500930049232084992/,https://www.linkedin.com/company/mineraltree-inc-/posts/
MineralTree,6,2026-08-28,17,Multi-image,264,0,10,274,We're redefining what it means to lead at Genius World! From dynamic conver,https://www.linkedin.com/feed/update/urn:li:activity:7499157667760734208/,https://www.linkedin.com/company/mineraltree-inc-/posts/
MineralTree,7,2026-08-28,17,Repost,8,1,2,11,French consumers have clear payment preferences when it comes to debit card,https://www.linkedin.com/feed/update/urn:li:activity:7499093174624182272/,https://www.linkedin.com/company/mineraltree-inc-/posts/
MineralTree,8,2026-08-17,28,Repost,74,4,10,88,Cards and digital wallets continue to be the preferred payment method acros,https://www.linkedin.com/feed/update/urn:li:activity:7495162524816990208/,https://www.linkedin.com/company/mineraltree-inc-/posts/
MineralTree,9,2026-08-17,28,Image,31,0,3,34,"Across North America, cards dominate — with direct use of credit, debit and",https://www.linkedin.com/feed/update/urn:li:activity:7495102204626800640/,https://www.linkedin.com/company/mineraltree-inc-/posts/
MineralTree,10,2026-08-11,34,Repost,110,1,7,118,Embedded payments have moved from a nice-to-have to a competitive advantage,https://www.linkedin.com/feed/update/urn:li:activity:7493026963805323264/,https://www.linkedin.com/company/mineraltree-inc-/posts/
MineralTree,11,2026-08-11,34,Image,46,1,4,51,"For small businesses, time is one of the most valuable resources, yet many",https://www.linkedin.com/feed/update/urn:li:activity:7492935374973943809/,https://www.linkedin.com/company/mineraltree-inc-/posts/
MineralTree,12,2026-08-06,39,Repost,53,1,3,57,Boosting authorization rates can have a significant impact on business perf,https://www.linkedin.com/feed/update/urn:li:activity:7491131045044547585/,https://www.linkedin.com/company/mineraltree-inc-/posts/
MineralTree,13,2026-08-05,40,Carousel,47,2,14,63,"Coda, an international leader in digital content monetization relies on Wor",https://www.linkedin.com/feed/update/urn:li:activity:7490806385702633472/,https://www.linkedin.com/company/mineraltree-inc-/posts/
MineralTree,14,2026-07-30,46,Video,57,0,3,60,"After 39 unforgettable days, the world’s biggest international football tou",https://www.linkedin.com/feed/update/urn:li:activity:7488596566518214656/,https://www.linkedin.com/company/mineraltree-inc-/posts/
MineralTree,15,2026-07-28,48,Image,168,1,9,178,One week. Endless opportunities to thrive. 💙✨ Globalpayers around the worl,https://www.linkedin.com/feed/update/urn:li:activity:7487860441667248131/,https://www.linkedin.com/company/mineraltree-inc-/posts/
MineralTree,16,2026-07-23,53,Repost,52,1,1,54,What are the preferred payment methods in Canada and what options are on th,https://www.linkedin.com/feed/update/urn:li:activity:7486124249082998784/,https://www.linkedin.com/company/mineraltree-inc-/posts/
MineralTree,17,2026-07-23,53,Image,38,2,2,42,"Commerce is in constant motion, and in France, the Global Payments Report 2",https://www.linkedin.com/feed/update/urn:li:activity:7486012290602016769/,https://www.linkedin.com/company/mineraltree-inc-/posts/
MineralTree,18,2026-07-16,60,Video,118,3,15,136,The mass movement of tourists around a major international sporting event i,https://www.linkedin.com/feed/update/urn:li:activity:7483505976621473792/,https://www.linkedin.com/company/mineraltree-inc-/posts/
MineralTree,19,2026-07-15,61,Carousel,137,4,56,197,"As international football fans continue to flock to the US, Canada and Mexi",https://www.linkedin.com/feed/update/urn:li:activity:7483140637672894464/,https://www.linkedin.com/company/mineraltree-inc-/posts/
MineralTree,20,2026-07-13,63,Image,22,0,9,31,"In Canada, credit cards remain the country's dominant payment method, used",https://www.linkedin.com/feed/update/urn:li:activity:7482494137368485888/,https://www.linkedin.com/company/mineraltree-inc-/posts/
MineralTree,21,2026-07-13,63,Video,135,2,8,145,Shoppers are increasingly seeking environmentally conscious choices at the,https://www.linkedin.com/feed/update/urn:li:activity:7482426394862366720/,https://www.linkedin.com/company/mineraltree-inc-/posts/
MineralTree,22,2026-07-10,66,Multi-image,400,1,10,411,"Earlier this year, Globalpayers from across the globe came together to form",https://www.linkedin.com/feed/update/urn:li:activity:7481346540498825219/,https://www.linkedin.com/company/mineraltree-inc-/posts/
MineralTree,23,2026-07-09,67,Multi-image,287,1,50,338,"Within the restaurant space where speed, accuracy and convenience define th",https://www.linkedin.com/feed/update/urn:li:activity:7480976587618758656/,https://www.linkedin.com/company/mineraltree-inc-/posts/
MineralTree,24,2026-07-09,67,Multi-image,423,0,6,429,Our executive leadership team was recently in London to meet with some of o,https://www.linkedin.com/feed/update/urn:li:activity:7480961479664513025/,https://www.linkedin.com/company/mineraltree-inc-/posts/
MineralTree,25,2026-07-01,75,Repost,7,0,0,7,The Asia-Pacific region is driven by mobile-first consumers and government,https://www.linkedin.com/feed/update/urn:li:activity:7478123567692521472/,https://www.linkedin.com/company/mineraltree-inc-/posts/
MineralTree,26,2026-06-30,76,Carousel,136,2,8,146,"As we celebrate Pride Month, we asked members of our Pride LGBTQ+ Inclusion",https://www.linkedin.com/feed/update/urn:li:activity:7477724070302797824/,https://www.linkedin.com/company/mineraltree-inc-/posts/
MineralTree,27,2026-06-23,83,Repost,123,0,16,139,Global Payments Worldpay for Platforms' just dropped the 2026 Merchant Insi,https://www.linkedin.com/feed/update/urn:li:activity:7475219866518528001/,https://www.linkedin.com/company/mineraltree-inc-/posts/
MineralTree,28,2026-06-23,83,Video,24,0,6,30,The 2026 Merchant Insider Report is live! This year's report is packed with,https://www.linkedin.com/feed/update/urn:li:activity:7475171191348072449/,https://www.linkedin.com/company/mineraltree-inc-/posts/
MineralTree,29,2026-06-18,88,Multi-image,362,1,10,373,"Last week, our Globalpayers around the world stepped up to meet the local n",https://www.linkedin.com/feed/update/urn:li:activity:7473404374493499392/,https://www.linkedin.com/company/mineraltree-inc-/posts/
MineralTree,30,2026-06-15,91,Video,169,5,26,200,Innovation is about solving today's challenges while helping businesses pre,https://www.linkedin.com/feed/update/urn:li:activity:7472297712487473152/,https://www.linkedin.com/company/mineraltree-inc-/posts/
MineralTree,31,2026-06-11,95,Multi-image,272,3,10,285,"It’s Worldwide Day of Service! Today, our Globalpayers around the world are",https://www.linkedin.com/feed/update/urn:li:activity:7470813367247552513/,https://www.linkedin.com/company/mineraltree-inc-/posts/
MineralTree,32,2026-06-09,97,Video,52,0,7,59,"Ordering food shouldn’t feel stressful, but it often does. In fact, about 5",https://www.linkedin.com/feed/update/urn:li:activity:7470173519562326018/,https://www.linkedin.com/company/mineraltree-inc-/posts/
MineralTree,33,2026-06-08,98,Multi-image,194,0,4,198,"Last week we were at Money20/20 Europe to talk about innovation, optimizati",https://www.linkedin.com/feed/update/urn:li:activity:7469758872455553024/,https://www.linkedin.com/company/mineraltree-inc-/posts/
MineralTree,34,2026-06-03,103,Carousel,34,0,7,41,"Digital wallets define the payment landscape in APAC, accounting for 77% of",https://www.linkedin.com/feed/update/urn:li:activity:7467847652601331713/,https://www.linkedin.com/company/mineraltree-inc-/posts/
MineralTree,35,2026-05-28,109,Video,223,2,10,235,We’ve wrapped up our first Rethink as a combined company and what a week it,https://www.linkedin.com/feed/update/urn:li:activity:7465805079346888704/,https://www.linkedin.com/company/mineraltree-inc-/posts/
MineralTree,36,2026-05-27,110,Carousel,144,1,6,151,"During last week’s J.P. Morgan Global Technology, Media, and Communications",https://www.linkedin.com/feed/update/urn:li:activity:7465421074080440321/,https://www.linkedin.com/company/mineraltree-inc-/posts/
MineralTree,37,2026-05-20,117,Video,475,0,39,514,"We caught up with our CEO Cameron Bready fresh off the stage at Rethink, ou",https://www.linkedin.com/feed/update/urn:li:activity:7462843273393422336/,https://www.linkedin.com/company/mineraltree-inc-/posts/
MineralTree,38,2026-05-12,125,Video,117,1,8,126,"Forecast to grow at 11% CAGR for ecommerce, buy now, pay later is innovatin",https://www.linkedin.com/feed/update/urn:li:activity:7460002430282481665/,https://www.linkedin.com/company/mineraltree-inc-/posts/
MineralTree,39,2026-05-11,126,Video,164,0,37,201,"From lunch rush and drive-thrus to dinner service and deliveries, Genius ha",https://www.linkedin.com/feed/update/urn:li:activity:7459634776032026625/,https://www.linkedin.com/company/mineraltree-inc-/posts/
MineralTree,40,2026-04-24,143,Multi-image,293,3,12,308,We are proud to see our teams around the world showing up in meaningful way,https://www.linkedin.com/feed/update/urn:li:activity:7453526986880180224/,https://www.linkedin.com/company/mineraltree-inc-/posts/
MineralTree,41,2026-04-22,145,Carousel,48,1,15,64,Faster refunds are a strategic differentiator and essential aspect of retai,https://www.linkedin.com/feed/update/urn:li:activity:7452764499100659713/,https://www.linkedin.com/company/mineraltree-inc-/posts/
MineralTree,42,2026-04-20,147,Video,103,0,29,132,Everything you need to deliver an exceptional retail experience? It’s in Ge,https://www.linkedin.com/feed/update/urn:li:activity:7452040673266044928/,https://www.linkedin.com/company/mineraltree-inc-/posts/
MineralTree,43,2026-04-08,159,Repost,292,4,38,334,From the Cleveland Guardians’ Progressive Field to stadiums around the worl,https://www.linkedin.com/feed/update/urn:li:activity:7447703850393862145/,https://www.linkedin.com/company/mineraltree-inc-/posts/
MineralTree,44,2026-04-08,159,Image,81,1,20,102,"Starting this season, Global Payments is bringing big-league reliability to",https://www.linkedin.com/feed/update/urn:li:activity:7447644436840288256/,https://www.linkedin.com/company/mineraltree-inc-/posts/
MineralTree,45,2026-04-07,160,Image,98,0,28,126,Modern technology built for full-service restaurants. That’s what A&W Canad,https://www.linkedin.com/feed/update/urn:li:activity:7447309658819751936/,https://www.linkedin.com/company/mineraltree-inc-/posts/
MineralTree,46,2026-03-30,168,Carousel,154,2,12,168,"This March, Globalpayers celebrated Women's History Month and International",https://www.linkedin.com/feed/update/urn:li:activity:7444412384087072768/,https://www.linkedin.com/company/mineraltree-inc-/posts/
MineralTree,47,2026-03-27,171,Multi-image,420,4,9,433,We were proud to be the headline sponsor for the recent 2026 Women of the F,https://www.linkedin.com/feed/update/urn:li:activity:7443220351645306880/,https://www.linkedin.com/company/mineraltree-inc-/posts/
MineralTree,48,2026-03-23,175,Repost,67,1,5,73,Optimizing your payments strategy is no easy task. Tune in below as our hea,https://www.linkedin.com/feed/update/urn:li:activity:7441820491042091008/,https://www.linkedin.com/company/mineraltree-inc-/posts/
MineralTree,49,2026-03-19,179,Repost,85,1,9,95,You bring the spread. We’ll bring the sights. Give customers a feast for th,https://www.linkedin.com/feed/update/urn:li:activity:7440487270035468288/,https://www.linkedin.com/company/mineraltree-inc-/posts/
MineralTree,50,2026-03-19,179,Image,128,1,7,136,We recently sat down on the Payments Unfiltered Podcast hosted by our partn,https://www.linkedin.com/feed/update/urn:li:activity:7440389714374705152/,https://www.linkedin.com/company/mineraltree-inc-/posts/
Lasernet (Formpipe),1,2026-09-09,5,Image,22,0,1,23,Can you prove that a batch certificate used the right data and approved for,https://www.linkedin.com/feed/update/urn:li:activity:7503422990219497472/,https://www.linkedin.com/showcase/lasernet-formpipe/posts/
Lasernet (Formpipe),2,2026-09-08,6,Image,14,0,1,15,You may have made your website European Accessibility Act (EAA) compliant.,https://www.linkedin.com/feed/update/urn:li:activity:7503052101694996480/,https://www.linkedin.com/showcase/lasernet-formpipe/posts/
Lasernet (Formpipe),3,2026-09-02,12,Image,9,0,0,9,Could your bank use the data it already holds to make marketing messages mo,https://www.linkedin.com/feed/update/urn:li:activity:7500869915063648256/,https://www.linkedin.com/showcase/lasernet-formpipe/posts/
Lasernet (Formpipe),4,2026-09-01,13,Repost,11,1,0,12,A great example of Lasernet in action within a complex SAP environment. 💪,https://www.linkedin.com/feed/update/urn:li:activity:7500504738984058880/,https://www.linkedin.com/showcase/lasernet-formpipe/posts/
Lasernet (Formpipe),5,2026-09-01,13,Image,13,1,3,17,Rien ne vaut le témoignage d'un client qui raconte son quotidien SAP. À la,https://www.linkedin.com/feed/update/urn:li:activity:7500447906357788672/,https://www.linkedin.com/showcase/lasernet-formpipe/posts/
Lasernet (Formpipe),6,2026-08-28,17,Multi-image,39,2,0,41,"The end of an era for our Nottingham office. 🥹 For the past ten years, thi",https://www.linkedin.com/feed/update/urn:li:activity:7499085964493889536/,https://www.linkedin.com/showcase/lasernet-formpipe/posts/
Lasernet (Formpipe),7,2026-08-27,18,Link/Article,17,1,1,19,A new event is joining the Dynamics calendar 👀 Directions for Enterprise i,https://www.linkedin.com/feed/update/urn:li:activity:7498726517699411971/,https://www.linkedin.com/showcase/lasernet-formpipe/posts/
Lasernet (Formpipe),8,2026-08-26,19,Image,21,0,1,22,Why should a warehouse document follow the order Dynamics 365 happens to re,https://www.linkedin.com/feed/update/urn:li:activity:7498344525879324673/,https://www.linkedin.com/showcase/lasernet-formpipe/posts/
Lasernet (Formpipe),9,2026-08-21,24,Image,21,1,1,23,The excitement is building for Nordic Summit at Legoland! 🧱 Lasernet will,https://www.linkedin.com/feed/update/urn:li:activity:7496531033668935680/,https://www.linkedin.com/showcase/lasernet-formpipe/posts/
Lasernet (Formpipe),10,2026-08-19,26,Image,12,0,0,12,What happens when the document stage cannot keep up with your utility billi,https://www.linkedin.com/feed/update/urn:li:activity:7495793214684106753/,https://www.linkedin.com/showcase/lasernet-formpipe/posts/
Lasernet (Formpipe),11,2026-08-18,27,Repost,5,1,0,6,We can't wait to see you all in Nashville!,https://www.linkedin.com/feed/update/urn:li:activity:7495540091063414784/,https://www.linkedin.com/showcase/lasernet-formpipe/posts/
Lasernet (Formpipe),12,2026-08-18,27,Image,11,2,2,15,Join Lasernet at booth 925 at Dynamic Communities #MySummitNA (Community Su,https://www.linkedin.com/feed/update/urn:li:activity:7495524963794292736/,https://www.linkedin.com/showcase/lasernet-formpipe/posts/
Lasernet (Formpipe),13,2026-08-13,32,Multi-image,139,6,3,148,"Same office, new relationship. 💪 This week, our friends and colleagues fro",https://www.linkedin.com/feed/update/urn:li:activity:7493606135170772993/,https://www.linkedin.com/showcase/lasernet-formpipe/posts/
Lasernet (Formpipe),14,2026-08-12,33,Image,16,0,1,17,Is your document portal really self-service if staff still have to find and,https://www.linkedin.com/feed/update/urn:li:activity:7493241651356942336/,https://www.linkedin.com/showcase/lasernet-formpipe/posts/
Lasernet (Formpipe),15,2026-08-10,35,Multi-image,246,24,5,275,𝗗𝗮𝘆 #𝟭 𝗼𝗳 𝘁𝗵𝗲 𝗠𝗲𝗿𝗴𝗲𝗿 & 𝗜𝗻𝘁𝗲𝗴𝗿𝗮𝘁𝗶𝗼𝗻 𝗼𝗳 𝗟𝗮𝘀𝗲�,https://www.linkedin.com/feed/update/urn:li:activity:7492487295992803329/,https://www.linkedin.com/showcase/lasernet-formpipe/posts/
Lasernet (Formpipe),16,2026-08-05,40,Image,17,0,1,18,How many systems does your team open just to build one customer document? T,https://www.linkedin.com/feed/update/urn:li:activity:7490710675107852290/,https://www.linkedin.com/showcase/lasernet-formpipe/posts/
Lasernet (Formpipe),17,2026-07-27,49,Repost,21,0,1,22,Lasernet is heading to Billund this September as a Gold Sponsor of Nordic S,https://www.linkedin.com/feed/update/urn:li:activity:7487507123569053697/,https://www.linkedin.com/showcase/lasernet-formpipe/posts/
Lasernet (Formpipe),18,2026-07-27,49,Image,5,0,1,6,We are happy to be announcing Lasernet as a Gold sponsor of #NordicSummit 2,https://www.linkedin.com/feed/update/urn:li:activity:7487494134665035777/,https://www.linkedin.com/showcase/lasernet-formpipe/posts/
Lasernet (Formpipe),19,2026-07-24,52,Image,88,2,5,95,Today marks an exciting new chapter in the Lasernet journey. 🥳 Over the pa,https://www.linkedin.com/feed/update/urn:li:activity:7486383858687356928/,https://www.linkedin.com/showcase/lasernet-formpipe/posts/
Lasernet (Formpipe),20,2026-07-21,55,Image,9,0,1,10,How much is invoice format complexity really costing your manufacturing bus,https://www.linkedin.com/feed/update/urn:li:activity:7485273532499689472/,https://www.linkedin.com/showcase/lasernet-formpipe/posts/
Lasernet (Formpipe),21,2026-07-20,56,Repost,6,0,0,6,Password-protecting output documents is a common requirement for many Laser,https://www.linkedin.com/feed/update/urn:li:activity:7484930270433837057/,https://www.linkedin.com/showcase/lasernet-formpipe/posts/
Lasernet (Formpipe),22,2026-07-20,56,Video,7,0,1,8,One of the most common requirements we get at Lasernet is how to password p,https://www.linkedin.com/feed/update/urn:li:activity:7484904426080714753/,https://www.linkedin.com/showcase/lasernet-formpipe/posts/
Lasernet (Formpipe),23,2026-06-30,76,Image,10,0,0,10,The UK Government has announced that Peppol will serve as the core interope,https://www.linkedin.com/feed/update/urn:li:activity:7477642623382626305/,https://www.linkedin.com/showcase/lasernet-formpipe/posts/
Lasernet (Formpipe),24,2026-06-23,83,Image,7,0,0,7,"CCM, DMS, ECM and output management are often treated as competing tools, b",https://www.linkedin.com/feed/update/urn:li:activity:7475127039327559681/,https://www.linkedin.com/showcase/lasernet-formpipe/posts/
Lasernet (Formpipe),25,2026-06-18,88,Image,7,0,1,8,"☀️ Drinks, great company and a stunning venue in Paddington? We cannot wait",https://www.linkedin.com/feed/update/urn:li:activity:7473359649992445952/,https://www.linkedin.com/showcase/lasernet-formpipe/posts/
Lasernet (Formpipe),26,2026-06-10,96,Image,13,0,2,15,Many Dynamics 365 Finance & Operations teams already use Microsoft's Electr,https://www.linkedin.com/feed/update/urn:li:activity:7470441719994585088/,https://www.linkedin.com/showcase/lasernet-formpipe/posts/
Lasernet (Formpipe),27,2026-06-02,104,Image,9,0,1,10,"E-invoicing mandates are accelerating. 😯 In 2026 and 2027, new B2B e-invoi",https://www.linkedin.com/feed/update/urn:li:activity:7467516743402528768/,https://www.linkedin.com/showcase/lasernet-formpipe/posts/
Lasernet (Formpipe),28,2026-05-29,108,Multi-image,79,2,1,82,"DynamicsMinds you did it again! Portorož brought the energy, the conversati",https://www.linkedin.com/feed/update/urn:li:activity:7466094494375952384/,https://www.linkedin.com/showcase/lasernet-formpipe/posts/
Lasernet (Formpipe),29,2026-05-28,109,Repost,31,4,0,35,We’re proud to share that Lasernet won Best Booth Activation at DynamicsMin,https://www.linkedin.com/feed/update/urn:li:activity:7465772597008531456/,https://www.linkedin.com/showcase/lasernet-formpipe/posts/
Lasernet (Formpipe),30,2026-05-27,110,Multi-image,113,32,1,146,Proud is an understatement! Thrilled to say we won Best Booth Activation at,https://www.linkedin.com/feed/update/urn:li:activity:7465461218590371841/,https://www.linkedin.com/showcase/lasernet-formpipe/posts/
Lasernet (Formpipe),31,2026-05-25,112,Multi-image,55,1,1,57,"And just like that, we've transported you back to 2005. 💾 We've had a grea",https://www.linkedin.com/feed/update/urn:li:activity:7464698814805721089/,https://www.linkedin.com/showcase/lasernet-formpipe/posts/
Lasernet (Formpipe),32,2026-05-19,118,Image,22,2,3,27,"Your DynamicsMinds agenda just got a little busier.💃 In 6 days, the Lasern",https://www.linkedin.com/feed/update/urn:li:activity:7462487778497540096/,https://www.linkedin.com/showcase/lasernet-formpipe/posts/
Lasernet (Formpipe),33,2026-05-12,125,Image,32,1,0,33,"Last week, we had a fantastic two days at the European Collaboration Summit",https://www.linkedin.com/feed/update/urn:li:activity:7459897685869842432/,https://www.linkedin.com/showcase/lasernet-formpipe/posts/
Lasernet (Formpipe),34,2026-05-08,129,Image,7,1,1,9,We’re keeping things focused next week. 🎯 Lasernet will be at the Baan Inf,https://www.linkedin.com/feed/update/urn:li:activity:7458454474836135938/,https://www.linkedin.com/showcase/lasernet-formpipe/posts/
Lasernet (Formpipe),35,2026-05-06,131,Image,12,0,0,12,"Document management deserves more attention in Dynamics 365 conversations,",https://www.linkedin.com/feed/update/urn:li:activity:7457693166536716288/,https://www.linkedin.com/showcase/lasernet-formpipe/posts/
Lasernet (Formpipe),36,2026-05-05,132,Image,14,0,1,15,Viva Las Vegas. 🎲 Lasernet is heading to DynamicsCon 2026 next week. Invoi,https://www.linkedin.com/feed/update/urn:li:activity:7457370542237499392/,https://www.linkedin.com/showcase/lasernet-formpipe/posts/
Lasernet (Formpipe),37,2026-05-01,136,Image,21,1,3,25,Heading to Cologne next week for the European Collaboration Summit 2026. 🇩,https://www.linkedin.com/feed/update/urn:li:activity:7455919815128698880/,https://www.linkedin.com/showcase/lasernet-formpipe/posts/
Lasernet (Formpipe),38,2026-04-29,138,Image,19,2,0,21,Document management doesn’t usually get the spotlight it deserves in Dynami,https://www.linkedin.com/feed/update/urn:li:activity:7455248047170543616/,https://www.linkedin.com/showcase/lasernet-formpipe/posts/
Lasernet (Formpipe),39,2026-04-28,139,Image,13,1,1,15,We’re out and about a fair bit in 2026. ✈️ From community events to industr,https://www.linkedin.com/feed/update/urn:li:activity:7454832234563411968/,https://www.linkedin.com/showcase/lasernet-formpipe/posts/
Lasernet (Formpipe),40,2026-04-22,145,Image,26,0,0,26,We’re pleased to be partnering with UST FinX to support their customers wit,https://www.linkedin.com/feed/update/urn:li:activity:7452724392666624000/,https://www.linkedin.com/showcase/lasernet-formpipe/posts/
Lasernet (Formpipe),41,2026-04-21,146,Image,15,1,0,16,Do you hate managing product labels? 🏭 Standardising printed labels across,https://www.linkedin.com/feed/update/urn:li:activity:7452373758205480961/,https://www.linkedin.com/showcase/lasernet-formpipe/posts/
Lasernet (Formpipe),42,2026-04-16,151,Image,31,2,0,33,Lasernet is heading to Vegas. 🎲 We’re sponsoring Dynamics Con 2026 from 12,https://www.linkedin.com/feed/update/urn:li:activity:7450483442418491392/,https://www.linkedin.com/showcase/lasernet-formpipe/posts/
Lasernet (Formpipe),43,2026-03-26,172,Image,13,0,0,13,Supply chain visibility isn’t a nice to have anymore. It’s a priority. ‼️ 7,https://www.linkedin.com/feed/update/urn:li:activity:7442933638503116800/,https://www.linkedin.com/showcase/lasernet-formpipe/posts/
Lasernet (Formpipe),44,2026-03-24,174,Image,27,0,0,27,"When creating the new Lasernet identity, we started with one simple idea: D",https://www.linkedin.com/feed/update/urn:li:activity:7442165091623387136/,https://www.linkedin.com/showcase/lasernet-formpipe/posts/
Lasernet (Formpipe),45,2026-03-19,179,Image,42,2,0,44,We’re proud to be Platinum Sponsors of DynamicsMinds 2026. 🚀 Portorož is t,https://www.linkedin.com/feed/update/urn:li:activity:7440352402081202177/,https://www.linkedin.com/showcase/lasernet-formpipe/posts/
Lasernet (Formpipe),46,2026-03-16,182,Video,62,4,10,76,"As we close the chapter on Formpipe, we’re proud to introduce the new Laser",https://www.linkedin.com/feed/update/urn:li:activity:7439280075482681344/,https://www.linkedin.com/showcase/lasernet-formpipe/posts/
Lasernet (Formpipe),47,2026-03-13,185,Image,32,0,2,34,A premium fashion brand needs premium documents. 👔 After migrating to Dyna,https://www.linkedin.com/feed/update/urn:li:activity:7438154416014307329/,https://www.linkedin.com/showcase/lasernet-formpipe/posts/
Lasernet (Formpipe),48,2026-03-12,186,Image,40,2,1,43,We’re live at HSO Customer Day 2026 today! 🚀 It’s great to be here as a Go,https://www.linkedin.com/feed/update/urn:li:activity:7437807504790712320/,https://www.linkedin.com/showcase/lasernet-formpipe/posts/
Lasernet (Formpipe),49,2026-03-11,187,Image,12,0,3,15,Rising costs are forcing organisations to look closely at where money is re,https://www.linkedin.com/feed/update/urn:li:activity:7437498850350690322/,https://www.linkedin.com/showcase/lasernet-formpipe/posts/
Lasernet (Formpipe),50,2026-03-10,188,Image,33,0,0,33,"In celebration of Women’s History Month, we’re proud to see our CEO, Sophie",https://www.linkedin.com/feed/update/urn:li:activity:7437090658420531202/,https://www.linkedin.com/showcase/lasernet-formpipe/posts/
Dime Scheduler,1,2026-05-27,110,Image,4,0,0,4,🚀 Webinar alert: What's new in 𝐃𝐢𝐦𝐞.𝐒𝐜𝐡𝐞𝐝𝐮𝐥𝐞𝐫 We've shipped a,https://www.linkedin.com/feed/update/urn:li:activity:7465304885429796864/,https://www.linkedin.com/company/dimesoftware/posts/
Dime Scheduler,2,2026-05-19,118,Image,9,0,1,10,The latest updates to Dime.Scheduler bring a range of great new capabilitie,https://www.linkedin.com/feed/update/urn:li:activity:7462415118987857920/,https://www.linkedin.com/company/dimesoftware/posts/
Dime Scheduler,3,2026-05-13,124,Image,17,0,2,19,🚀 A new version of 𝐃𝐢𝐦𝐞.𝐒𝐜𝐡𝐞𝐝𝐮𝐥𝐞𝐫 is out now! Discover the la,https://www.linkedin.com/feed/update/urn:li:activity:7460229664289112064/,https://www.linkedin.com/company/dimesoftware/posts/
Dime Scheduler,4,2026-02-24,202,Image,16,4,1,21,🚀 New sandbox update for 𝐃𝐢𝐦𝐞.𝐒𝐜𝐡𝐞𝐝𝐮𝐥𝐞𝐫 We’ve rolled out a ne,https://www.linkedin.com/feed/update/urn:li:activity:7432006461666471937/,https://www.linkedin.com/company/dimesoftware/posts/
Dime Scheduler,5,2025-12-19,269,Image,13,3,1,17,"As the year comes to a close, we would like to thank everyone who has been",https://www.linkedin.com/feed/update/urn:li:activity:7407694867532894208/,https://www.linkedin.com/company/dimesoftware/posts/
Dime Scheduler,6,2025-11-07,311,Multi-image,33,0,0,33,🎬 That’s a wrap for Directions #EMEA2025! What a great few days filled wit,https://www.linkedin.com/feed/update/urn:li:activity:7392465089825615873/,https://www.linkedin.com/company/dimesoftware/posts/
Dime Scheduler,7,2025-11-06,312,Multi-image,33,0,0,33,"Great to see so many partners stopping by our booth, joining our session, a",https://www.linkedin.com/feed/update/urn:li:activity:7392089686221066240/,https://www.linkedin.com/company/dimesoftware/posts/
Dime Scheduler,8,2025-11-05,313,Multi-image,25,0,2,27,It’s day 2 at Directions #EMEA2025! Join Hendrik Bulens at 12:15 to see Dim,https://www.linkedin.com/feed/update/urn:li:activity:7391728177816944641/,https://www.linkedin.com/company/dimesoftware/posts/
Dime Scheduler,9,2025-11-04,314,Image,23,0,0,23,Early morning shenanigans at our booth on day 1 of Directions #EMEA2025. We,https://www.linkedin.com/feed/update/urn:li:activity:7391385991522963456/,https://www.linkedin.com/company/dimesoftware/posts/
Dime Scheduler,10,2025-11-03,315,Multi-image,22,0,0,22,Hello from beautiful Poznań! We’re all set for Directions #EMEA2025 and can,https://www.linkedin.com/feed/update/urn:li:activity:7391085002416963584/,https://www.linkedin.com/company/dimesoftware/posts/
Dime Scheduler,11,2025-10-21,328,Repost,2,0,0,2,Mark your calendars - this is going to be a good one! #EMEA2025,https://www.linkedin.com/feed/update/urn:li:activity:7386386531680399360/,https://www.linkedin.com/company/dimesoftware/posts/
Dime Scheduler,12,2025-10-16,333,Image,24,2,2,28,"AI, scheduling, and Business Central: all in one session at Directions #EME",https://www.linkedin.com/feed/update/urn:li:activity:7384622732086509569/,https://www.linkedin.com/company/dimesoftware/posts/
Dime Scheduler,13,2025-10-13,336,Carousel,4,1,1,6,"Integration comes first in Dime.Scheduler, not as an afterthought. That’s w",https://www.linkedin.com/feed/update/urn:li:activity:7383407152780050432/,https://www.linkedin.com/company/dimesoftware/posts/
Dime Scheduler,14,2025-10-06,343,Link/Article,3,0,0,3,It’s already been a couple of weeks since our webinar with Bertalan Nagy fr,https://www.linkedin.com/feed/update/urn:li:activity:7380874844252434432/,https://www.linkedin.com/company/dimesoftware/posts/
Dime Scheduler,15,2025-09-29,350,Video,9,0,1,10,"Today we welcome a new member to the Dime.Scheduler team. A robot member, t",https://www.linkedin.com/feed/update/urn:li:activity:7378364092899561472/,https://www.linkedin.com/company/dimesoftware/posts/
Dime Scheduler,16,2025-09-22,357,Video,14,0,3,17,"Last week, we unveiled the future of Dime.Scheduler in our yearly update we",https://www.linkedin.com/feed/update/urn:li:activity:7375888398516928512/,https://www.linkedin.com/company/dimesoftware/posts/
Dime Scheduler,17,2025-09-22,357,Image,4,0,1,5,"One more day until our webinar with MultiSoft Ltd., where we'll demonstrate",https://www.linkedin.com/feed/update/urn:li:activity:7375845476090327040/,https://www.linkedin.com/company/dimesoftware/posts/
Dime Scheduler,18,2025-09-19,360,Image,8,0,3,11,Field Service Reimagined with Servotion & Dime.Scheduler 🚀 Discover how to,https://www.linkedin.com/feed/update/urn:li:activity:7374827864296173569/,https://www.linkedin.com/company/dimesoftware/posts/
Acubiz,1,2026-09-11,3,Video,24,0,0,24,"En chat er fin til det simple. Når det ikke er simpelt, kan I ringe og tale",https://www.linkedin.com/feed/update/urn:li:activity:7504071749500641282/,https://www.linkedin.com/company/acubiz/posts/
Acubiz,2,2026-08-31,14,Image,76,2,0,78,I fredags løb og gik vi fra Acubiz sammen med Visma endnu engang DHL-stafet,https://www.linkedin.com/feed/update/urn:li:activity:7500152938477035520/,https://www.linkedin.com/company/acubiz/posts/
Acubiz,3,2026-08-18,27,Video,21,0,0,21,Den hyppigste grund til at blive i sit udgiftssystem er ikke prisen. Det er,https://www.linkedin.com/feed/update/urn:li:activity:7495424978331451393/,https://www.linkedin.com/company/acubiz/posts/
Acubiz,4,2026-08-06,39,Image,60,7,0,67,Vi er så glade for at byde tre nye kolleger velkommen til Acubiz her efter,https://www.linkedin.com/feed/update/urn:li:activity:7491047954363920384/,https://www.linkedin.com/company/acubiz/posts/
Acubiz,5,2026-07-29,47,Image,19,0,0,19,Bruger I stadig tid på at taste udgifter ind manuelt? Det er der en nemmere,https://www.linkedin.com/feed/update/urn:li:activity:7488157649876783105/,https://www.linkedin.com/company/acubiz/posts/
Acubiz,6,2026-07-22,54,Image,16,0,0,16,Ét overblik. Alle udgifter. Med Acubiz-appen har du og dine medarbejdere fu,https://www.linkedin.com/feed/update/urn:li:activity:7485622197252923392/,https://www.linkedin.com/company/acubiz/posts/
Acubiz,7,2026-07-16,60,Image,16,0,0,16,Udgiftshåndtering behøver ikke være besværligt. Med Acubiz registrerer dine,https://www.linkedin.com/feed/update/urn:li:activity:7483447864354902016/,https://www.linkedin.com/company/acubiz/posts/
Acubiz,8,2026-07-15,61,Link/Article,23,2,2,27,Vi søger en barselsvikar til vores seje marketingafdeling! 🌟 Er du på udki,https://www.linkedin.com/feed/update/urn:li:activity:7483073042777059328/,https://www.linkedin.com/company/acubiz/posts/
Acubiz,9,2026-07-03,73,Image,26,0,0,26,"Sommeren er her, og det er tid til at koble fra. 🌞 Acubiz holder styr på f",https://www.linkedin.com/feed/update/urn:li:activity:7478719206457430016/,https://www.linkedin.com/company/acubiz/posts/
Acubiz,10,2026-06-25,81,Image,16,0,0,16,☀️ Sommerferien nærmer sig... 🎧 Mangler du noget underholdning til liggest,https://www.linkedin.com/feed/update/urn:li:activity:7475811621542588416/,https://www.linkedin.com/company/acubiz/posts/
Acubiz,11,2026-06-16,90,Image,17,0,0,17,Sommerferien er lige om hjørnet... Har du husket at få sendt de sidste fakt,https://www.linkedin.com/feed/update/urn:li:activity:7472573713692151808/,https://www.linkedin.com/company/acubiz/posts/
Acubiz,12,2026-06-11,95,Image,94,7,1,102,Vi er simpelthen så glade for at kunne byde et varmt velkommen til vores to,https://www.linkedin.com/feed/update/urn:li:activity:7470761819876474880/,https://www.linkedin.com/company/acubiz/posts/
Acubiz,13,2026-06-10,96,Image,41,1,3,45,"Store nyheder fra Acubiz! 🚀 Vi kan med stor glæde offentliggøre, at Visma",https://www.linkedin.com/feed/update/urn:li:activity:7470369249451237377/,https://www.linkedin.com/company/acubiz/posts/
Acubiz,14,2026-06-09,97,Video,23,0,0,23,☀️ Snart er det tid til at koble af... Har du husket at få registreret alle,https://www.linkedin.com/feed/update/urn:li:activity:7470037531015749632/,https://www.linkedin.com/company/acubiz/posts/
Acubiz,15,2026-06-02,104,Image,16,0,1,17,Sommerferien nærmer sig med hastige skridt... ☀️ Men inden du trækker stikk,https://www.linkedin.com/feed/update/urn:li:activity:7467481508329570304/,https://www.linkedin.com/company/acubiz/posts/
Acubiz,16,2026-05-26,111,Carousel,18,1,0,19,Effektive økonomiske processer på tværs af afdelinger? Det har vi kigget næ,https://www.linkedin.com/feed/update/urn:li:activity:7464957540259344384/,https://www.linkedin.com/company/acubiz/posts/
Acubiz,17,2026-05-20,117,Multi-image,60,1,0,61,I formiddags holdt vi årets Finance Summit i samrbejde med Compello og efac,https://www.linkedin.com/feed/update/urn:li:activity:7462853712823226370/,https://www.linkedin.com/company/acubiz/posts/
Acubiz,18,2026-05-18,119,Carousel,20,1,0,21,Hvordan slipper man af med fysiske bilag og manuelle arbejdsprocesser? Det,https://www.linkedin.com/feed/update/urn:li:activity:7462082974910578689/,https://www.linkedin.com/company/acubiz/posts/
Acubiz,19,2026-05-12,125,Video,51,1,0,52,"Hvorfor bruge tid på papirnusseri i 2026? Vores Commercial Director, Anders",https://www.linkedin.com/feed/update/urn:li:activity:7459891966898556928/,https://www.linkedin.com/company/acubiz/posts/
Acubiz,20,2026-04-30,137,Image,56,1,1,58,"Vi holder fast i hvederne! Selvom kalenderen siger noget andet, så holder v",https://www.linkedin.com/feed/update/urn:li:activity:7455542744401461248/,https://www.linkedin.com/company/acubiz/posts/
Acubiz,21,2026-04-22,145,Carousel,17,1,0,18,Hvorfor skal du automatisere din fakturahåndtering? 🤳 Manuelle processer i,https://www.linkedin.com/feed/update/urn:li:activity:7452612184603488256/,https://www.linkedin.com/company/acubiz/posts/
Acubiz,22,2026-04-16,151,Video,22,1,1,24,"Hvorfor gøre det manuelt, når det kan ske automatisk? 🚀 Spar tid og undgå",https://www.linkedin.com/feed/update/urn:li:activity:7450498928447373312/,https://www.linkedin.com/company/acubiz/posts/
Acubiz,23,2026-04-14,153,Video,65,1,2,68,Vi håndterer dine udgifter fra a-z. Helt enkelt!,https://www.linkedin.com/feed/update/urn:li:activity:7449713326831505408/,https://www.linkedin.com/company/acubiz/posts/
Acubiz,24,2026-04-13,154,Image,180,3,0,183,Byd varmt velkommen til Daniel og Anders! 🤩 Der sker spændende ting på vor,https://www.linkedin.com/feed/update/urn:li:activity:7449350818345934848/,https://www.linkedin.com/company/acubiz/posts/
Acubiz,25,2026-04-07,160,Carousel,14,1,0,15,Bruger I for meget tid på at rette fejl i indgående fakturaer? 👀 I 'Acubiz,https://www.linkedin.com/feed/update/urn:li:activity:7447236759912017920/,https://www.linkedin.com/company/acubiz/posts/
Acubiz,26,2026-04-01,166,Image,27,0,0,27,"🐣 God påske fra hele Acubiz! Vi holder lukket torsdag, fredag og mandag, m",https://www.linkedin.com/feed/update/urn:li:activity:7445062411281203200/,https://www.linkedin.com/company/acubiz/posts/
Acubiz,27,2026-03-30,168,Image,89,1,0,90,I fredags var vi ude at spille padel 🎾💜 Sammen med teamet havde vi en vir,https://www.linkedin.com/feed/update/urn:li:activity:7444322561003393024/,https://www.linkedin.com/company/acubiz/posts/
Acubiz,28,2026-03-25,173,Carousel,26,1,0,27,Er tidsregistrering en tidsrøver hos jer? 👀 Tidsregistrering er nu et lovk,https://www.linkedin.com/feed/update/urn:li:activity:7442541215411138560/,https://www.linkedin.com/company/acubiz/posts/
Acubiz,29,2026-03-19,179,Carousel,26,2,0,28,Er fakturahåndtering stadig en tidsrøver hos jer? I 'Acubiz & Venner' sætte,https://www.linkedin.com/feed/update/urn:li:activity:7440332490197741568/,https://www.linkedin.com/company/acubiz/posts/
Acubiz,30,2026-03-17,181,Video,18,0,0,18,"Nogle ting er svære at skjule... ligesom mængden af systemer, Acubiz integr",https://www.linkedin.com/feed/update/urn:li:activity:7439596902746206209/,https://www.linkedin.com/company/acubiz/posts/
Acubiz,31,2026-03-12,186,Image,29,1,0,30,"De fleste virksomheder drukner i manuelle opgaver, der spænder ben for væks",https://www.linkedin.com/feed/update/urn:li:activity:7437768218867519488/,https://www.linkedin.com/company/acubiz/posts/
Acubiz,32,2026-03-10,188,Video,20,0,1,21,"Vidste du, at Acubiz kan integreres med de fleste systemer? Dataudveksling",https://www.linkedin.com/feed/update/urn:li:activity:7437045094261805056/,https://www.linkedin.com/company/acubiz/posts/
Acubiz,33,2026-03-06,192,Image,99,0,0,99,Fodboldtrøjefredag hos Acubiz ⚽ Sammen gør vi en forskel 💜,https://www.linkedin.com/feed/update/urn:li:activity:7435674126926635008/,https://www.linkedin.com/company/acubiz/posts/
Acubiz,34,2026-03-05,193,Image,23,2,3,28,"Ny feature i Acubiz, der gør din hverdag lettere⭐ Vi er nu live med en ny i",https://www.linkedin.com/feed/update/urn:li:activity:7435278044430225408/,https://www.linkedin.com/company/acubiz/posts/
Acubiz,35,2026-03-03,195,Image,60,0,0,60,Vi er så glade for at byde Mikaela Kihl og @Kresten de Place velkommen som,https://www.linkedin.com/feed/update/urn:li:activity:7434560737731166208/,https://www.linkedin.com/company/acubiz/posts/
Acubiz,36,2026-02-26,200,Multi-image,57,2,0,59,"I Acubiz mener vi det, når vi siger, at medarbejdernes trivsel kommer i før",https://www.linkedin.com/feed/update/urn:li:activity:7432756405956145152/,https://www.linkedin.com/company/acubiz/posts/
Acubiz,37,2026-02-25,201,Link/Article,12,0,0,12,Er det dig vi leder efter? 👀 https://lnkd.in/ebGtxyVf,https://www.linkedin.com/feed/update/urn:li:activity:7432375636045873153/,https://www.linkedin.com/company/acubiz/posts/
Acubiz,38,2026-02-24,202,Repost,8,0,0,8,Vi er mega stolte af Christian Gjerum Fredbo-Nielsen og Kasper Kruse Lange,https://www.linkedin.com/feed/update/urn:li:activity:7432017501401550849/,https://www.linkedin.com/company/acubiz/posts/
Acubiz,39,2026-02-23,203,Carousel,79,2,4,85,"Hvad sker der, når man giver talentfulde studerende friheden til at eksperi",https://www.linkedin.com/feed/update/urn:li:activity:7431612785534533632/,https://www.linkedin.com/company/acubiz/posts/
Acubiz,40,2026-02-18,208,Image,52,4,1,57,Hos Acubiz har vi taget en beslutning: Vi vil hellere give med en betydning,https://www.linkedin.com/feed/update/urn:li:activity:7429857244189581312/,https://www.linkedin.com/company/acubiz/posts/
Acubiz,41,2026-02-12,214,Image,24,0,0,24,Det er den tid på året - sæsonen for fastelavnsboller er over os! 📢 Nemt a,https://www.linkedin.com/feed/update/urn:li:activity:7427654479270948865/,https://www.linkedin.com/company/acubiz/posts/
Acubiz,42,2026-02-10,216,Multi-image,63,2,0,65,Glædelig tirsdag fra Acubiz-kontoret! 👋 Selvom kalenderen siger vinterferi,https://www.linkedin.com/feed/update/urn:li:activity:7426965734758559744/,https://www.linkedin.com/company/acubiz/posts/
Acubiz,43,2026-02-05,221,Image,33,0,0,33,"Det skal være nemt at få afsluttet ugens småopgaver, før ferieroen sænker s",https://www.linkedin.com/feed/update/urn:li:activity:7425131104958902272/,https://www.linkedin.com/company/acubiz/posts/
Acubiz,44,2026-02-03,223,Video,17,1,1,19,"Overgangen til Acubiz er lettere, end du tror ✨ Vores strømlinede onboardin",https://www.linkedin.com/feed/update/urn:li:activity:7424406379873939457/,https://www.linkedin.com/company/acubiz/posts/
Acubiz,45,2026-01-29,228,Carousel,23,1,3,27,Hos e-nettet er målet klart: Mindre manuelt arbejde og en mere effektiv inf,https://www.linkedin.com/feed/update/urn:li:activity:7422598136881225728/,https://www.linkedin.com/company/acubiz/posts/
Acubiz,46,2026-01-27,230,Image,121,8,0,129,"Vi er så begejstrede over, at byde Malene Drost Henriksen velkommen som vor",https://www.linkedin.com/feed/update/urn:li:activity:7421869613908471808/,https://www.linkedin.com/company/acubiz/posts/
Acubiz,47,2026-01-22,235,Video,18,1,1,20,Udgifter er en del af hverdagen. Men bunker af kvitteringer behøver ikke væ,https://www.linkedin.com/feed/update/urn:li:activity:7420065733956771840/,https://www.linkedin.com/company/acubiz/posts/
Acubiz,48,2026-01-19,238,Carousel,23,0,1,24,Er du også træt af at slæbe rundt på dine kvitteringer? Med Acubiz Realtime,https://www.linkedin.com/feed/update/urn:li:activity:7418925227096756225/,https://www.linkedin.com/company/acubiz/posts/
Acubiz,49,2026-01-16,241,Image,102,3,0,105,Byd varmt velkommen til Petra og Cecilie! 🤩 Vi glæder os over at kunne sta,https://www.linkedin.com/feed/update/urn:li:activity:7417838175546413056/,https://www.linkedin.com/company/acubiz/posts/
Acubiz,50,2026-01-09,248,Link/Article,14,0,1,15,"Godt nytår fra hele Acubiz-teamet! 🌟 2026 er i fuld gang, og vi glæder os",https://www.linkedin.com/feed/update/urn:li:activity:7415301595480875008/,https://www.linkedin.com/company/acubiz/posts/
