snapshot_date,snapshot_index,captured,company,ours,benchmark,title,type,reactions,comments,reposts,post_date,post_url
2026-09-10,0,2026-09-09,Continia Software,yes,no,"Thank you, Days of Knowledge ANZ It's a wrap on two...",Image,83,0,0,,
2026-09-10,0,2026-09-09,Continia Software,yes,no,Protecting the world's water shouldn't mean...,Image,17,0,2,,
2026-09-10,0,2026-09-09,Continia Software,yes,no,It's about time... we found out who's faster...,Image,98,0,0,,
2026-09-10,0,2026-09-09,Continia Software,yes,no,It's about time you stopped doing these 5...,Document/carousel,36,2,1,,
2026-09-10,0,2026-09-09,Continia Software,yes,no,12 free features your Business Central setup...,Document/carousel,41,0,5,,
2026-09-10,0,2026-09-09,Continia Software,yes,no,We've got room left on the team! If the summer break...,Document/carousel,34,0,4,,
2026-09-10,0,2026-09-09,Continia Software,yes,no,We're back from a great DynamicsCon in Ghana...,Image,63,2,2,,
2026-09-10,0,2026-09-09,Continia Software,yes,no,"More than 1,000 active Continia solutions Our...",Image,119,1,8,,
2026-09-10,0,2026-09-09,Continia Software,yes,no,Submitting expenses just got even easier! These...,Document/carousel,37,5,8,,
2026-09-10,0,2026-09-09,Continia Software,yes,no,It's about time... for an ice-cream break! It's...,Image,70,1,0,,
2026-09-10,0,2026-09-09,Continia Software,yes,no,"Our biggest team meetup yet Last week, we brought our...",Image,243,4,6,,
2026-09-10,0,2026-09-09,Continia Software,yes,no,The Elevate tour continues - this time in...,Image,71,1,0,,
2026-09-10,0,2026-09-09,Continia Software,yes,no,"It's about time... we cycled to work In May, the...",Image,69,1,0,,
2026-09-10,0,2026-09-09,Continia Software,yes,no,250 Continia-losninger er en god grund til...,Image,70,1,2,,
2026-09-10,0,2026-09-09,Continia Software,yes,no,Thanks for a great time at DynamicsMinds! It's...,Image,93,2,0,,
2026-09-10,0,2026-09-09,Continia Software,yes,no,Continia is growing - swipe to find your next...,Document/carousel,42,0,0,,
2026-09-10,0,2026-09-09,Continia Software,yes,no,That's a wrap on Directions ASIA A big thank you to...,Image,59,0,0,,
2026-09-10,0,2026-09-09,Continia Software,yes,no,Is your Accounts Receivable setup as...,Document/carousel,39,0,0,,
2026-09-10,0,2026-09-09,Continia Software,yes,no,Celebrating our very own Microsoft MVP Last week...,Image,217,17,1,,
2026-09-10,0,2026-09-09,Continia Software,yes,no,25 ars samarbejde og +500 aktive...,Image,75,2,2,,
2026-09-10,0,2026-09-09,Continia Software,yes,no,Celebrating the first release of 2026 2026 R1 is...,Image,80,0,1,,
2026-09-10,0,2026-09-09,Continia Software,yes,no,Your e-invoicing data is only as safe as your...,Image,28,0,3,,
2026-09-10,0,2026-09-09,Continia Software,yes,no,"Hopping into Easter... This week, a little Easter surprise made...",Image,61,0,2,,
2026-09-10,0,2026-09-09,Continia Software,yes,no,"Happy birthday to our CEO! Last week, we celebrated a...",Image,208,20,0,,
2026-09-10,0,2026-09-09,Continia Software,yes,no,Get a first look at 2026 R1! Continia's first release of the...,Document/carousel,31,0,3,,
2026-09-10,0,2026-09-09,Continia Software,yes,no,Your BC setup is almost there. Why not upgrade...,Video,34,0,4,,
2026-09-10,0,2026-09-09,Continia Software,yes,no,Vi fejrer +500 implementerede...,Image,77,0,3,,
2026-09-10,0,2026-09-09,Continia Software,yes,no,Where to meet Continia this spring and...,Document/carousel,34,0,3,,
2026-09-10,0,2026-09-09,Continia Software,yes,no,Lap times (almost) as quick as our invoice...,Image,53,0,1,,
2026-09-10,0,2026-09-09,Continia Software,yes,no,Every AP automation pitch this year sounds...,Image,21,0,2,,
2026-09-10,0,2026-09-09,Continia Software,yes,no,"Same Monday, two very different workdays It's...",Image,30,0,1,,
2026-09-10,0,2026-09-09,Continia Software,yes,no,Tak for to laererige dage pa Hindsgavl Slot Aret er kommet godt fra start for...,Image,107,3,4,,
2026-09-10,0,2026-09-09,Continia Software,yes,no,How far is your business in adopting...,Poll,10,2,2,,
2026-09-10,0,2026-09-09,Continia Software,yes,no,2026 R1: A big step forward for AR automation...,Video,84,2,6,,
2026-09-10,0,2026-09-09,Continia Software,yes,no,Getting ready for ViDA? Don't leave it until the last-minute...,Document/carousel,14,2,0,,
2026-09-10,0,2026-09-09,Continia Software,yes,no,The office is quiet. Why not spend the summer...,Image,23,0,0,,
2026-09-10,0,2026-09-09,Continia Software,yes,no,It's a wrap: Our biggest Company Day yet! Last...,Image,121,4,3,,
2026-09-10,0,2026-09-09,Continia Software,yes,no,If you could remove one repetitive task from...,Document/carousel,32,5,5,,
2026-09-10,0,2026-09-09,Continia Software,yes,no,Separate accounts-but it's one relationship...,Image,33,1,5,,
2026-09-10,0,2026-09-09,Continia Software,yes,no,Du er inviteret: Kom med til danske webinarer...,Document/carousel,24,0,1,,
2026-09-10,0,2026-09-09,Continia Software,yes,no,Where does your time go? Finance teams spend countless hours...,Poll,12,0,1,,
2026-09-10,0,2026-09-09,Continia Software,yes,no,Thank you for a fantastic Directions EMEA!...,Image,212,8,6,,
2026-09-10,0,2026-09-09,Continia Software,yes,no,"Continia Elevate comes to France! Today, we have the...",Image,82,1,5,,
2026-09-10,0,2026-09-09,Continia Software,yes,no,"Prost to the second release of 2025! Last week,...",Image,137,0,6,,
2026-09-10,0,2026-09-09,Continia Software,yes,no,Celebrating steady growth We're proud to share that...,Image,173,2,4,,
2026-09-10,0,2026-09-09,Continia Software,yes,no,We're investing in future talent There's no doubt that...,Image,97,1,4,,
2026-09-10,0,2026-09-09,Continia Software,yes,no,We're at the E-Invoicing Summit in Vienna! At...,Image,47,0,3,,
2026-09-10,0,2026-09-09,Continia Software,yes,no,Happy Holidays from all of us at Continia! As...,Video,64,0,0,,
2026-09-10,0,2026-09-09,Continia Software,yes,no,"See Continia in action, at your own pace Curious...",Image,36,1,4,,
2026-09-10,0,2026-09-09,Continia Software,yes,no,On the road for work? Mileage reporting...,Video,21,0,1,,
2026-09-10,0,2026-09-09,Truvio,no,no,"Today, developers from across our partner community have taken over Aarhus for the...",Image,21,0,0,,
2026-09-10,0,2026-09-09,Truvio,no,no,En hel dag vaek fra indbakken skal vaere tiden vaerd. Derfor har vi sammen med...,Image,16,0,2,,
2026-09-10,0,2026-09-09,Truvio,no,no,"For St Vincent de Paul Society NSW, modernising Accounts Payable meant more than...",Image,22,1,5,,
2026-09-10,0,2026-09-09,Truvio,no,no,Day 1 at Days of Knowledge - ANZ is well underway! We've just wrapped up our...,Image,22,0,5,,
2026-09-10,0,2026-09-09,Truvio,no,no,"Your AP dashboard might say ""automated."" Your AP team might tell a different story...",Image,13,0,2,,
2026-09-10,0,2026-09-09,Truvio,no,no,Remember when waiting was just part of the process? Waiting on approvals. Tracking...,Image,16,0,2,,
2026-09-10,0,2026-09-09,Truvio,no,no,"How do you manage more than 200,000 products across your own webshop and a growing...",Image,13,0,1,,
2026-09-10,0,2026-09-09,Truvio,no,no,"November 14, 2026. From that date, SWIFT CBPR+ will no longer accept cross-border...",Image,11,0,1,,
2026-09-10,0,2026-09-09,Truvio,no,no,"Great start to Days of Knowledge ANZ! Today, David Williams, GAICD. and I had the...",Image,66,4,2,,
2026-09-10,0,2026-09-09,Truvio,no,no,B2B-kunder begynder ikke nodvendigvis deres kobsrejse pa jeres webshop. De soger...,Image,10,2,0,,
2026-09-10,0,2026-09-09,Truvio,no,no,Invoice capture is only one part of accounts payable automation. What happens when...,Image,35,2,6,,
2026-09-10,0,2026-09-09,Truvio,no,no,"Running, walking and cheering each other on. This week, colleagues from our...",Image,78,0,1,,
2026-09-10,0,2026-09-09,Truvio,no,no,4 minutes versus 17 minutes per invoice. That was the difference measured between...,Video,16,0,3,,
2026-09-10,0,2026-09-09,Truvio,no,no,One last conversation before we officially close out summer. We're wrapping up...,Image,15,0,3,,
2026-09-10,0,2026-09-09,Truvio,no,no,"AI er allerede ved at aendre den made, B2B-kunder finder, sammenligner og vaelger...",Image,15,0,1,,
2026-09-10,0,2026-09-09,Truvio,no,no,The Commerce Product Brief is already next week. Our Product Managers are putting...,Image,17,0,5,,
2026-09-10,0,2026-09-09,Truvio,no,no,Nine steps. Zero manual touchpoints. That's what an automated payment lifecycle in...,Image,16,0,3,,
2026-09-10,0,2026-09-09,Truvio,no,no,A little sneak peek at what's coming next to Truvio Talks... We're not done with...,Image,19,0,4,,
2026-09-10,0,2026-09-09,Truvio,no,no,"When you're in the middle of a complex ERP transformation, a smooth implementation...",Image,18,0,0,,
2026-09-10,0,2026-09-09,Truvio,no,no,"Vi glaeder os til at vaere med, nar Computerworld Events saetter fokus pa vejen videre...",Image,22,0,1,,
2026-09-10,0,2026-09-09,Truvio,no,no,Hylke Britstra is taking the stage at Directions for Enterprise 2026 in Copenhagen...,Image,27,0,2,,
2026-09-10,0,2026-09-09,Truvio,no,no,"Summer isn't over yet, and neither is your chance to win! The Truvio Talks Summer...",Image,16,0,5,,
2026-09-10,0,2026-09-09,Truvio,no,no,Ready to shorten your order-to-cash cycle? Join us on August 13th to see how the...,Event,11,0,4,,
2026-09-10,0,2026-09-09,Truvio,no,no,We're excited to share that Truvio is a Gold Sponsor at Days of Knowledge - ANZ...,Image,19,0,3,,
2026-09-10,0,2026-09-09,Truvio,no,no,"Manual payments cost more than money. Every file upload, spreadsheet update, and...",Image,26,0,5,,
2026-09-10,0,2026-09-09,Truvio,no,no,Finance teams shouldn't have to spend their day chasing information. When...,Event,20,0,9,,
2026-09-10,0,2026-09-09,Truvio,no,no,Ready for a vacation... but worried your finance operations might not be? If your...,Event,22,0,6,,
2026-09-10,0,2026-09-09,Truvio,no,no,Less than one month to go until Truvio Commerce Partner Days 2026! On September...,Image,27,0,2,,
2026-09-10,0,2026-09-09,Truvio,no,no,"Tomorrow, new EU packaging rules begin to apply. From 12th of August, 2026, the...",Image,16,0,7,,
2026-09-10,0,2026-09-09,Truvio,no,no,"I am looking forward to this non-product-oriented, business-focused discussion with...",Image,8,0,2,,
2026-09-10,0,2026-09-09,Truvio,no,no,"Last week, we attended Forretning Online in Aarhus, Denmark - a full-day conference...",Image,34,2,3,,
2026-09-10,0,2026-09-09,Truvio,no,no,"When customers need a spare part, finding the right one should be simple - even when...",Video,27,0,8,,
2026-09-10,0,2026-09-09,Truvio,no,no,"Fraud risk is hiding in everyday finance workflows - emailed invoices, manual entry,...",Event,13,0,2,,
2026-09-10,0,2026-09-09,Truvio,no,no,Only 2 more days until the next episode of Truvio Talks! Vacation season has a...,Event,3,0,0,,
2026-09-10,0,2026-09-09,Truvio,no,no,This clip is just a glimpse into tomorrow's conversation. Join Chris Robbins...,Video,10,0,0,,
2026-09-10,0,2026-09-09,Truvio,no,no,"The numbers don't lie - B2B eCommerce is reshaping how manufacturers, distributors,...",Event,16,0,6,,
2026-09-10,0,2026-09-09,Truvio,no,no,Work Like You're on Vacation... and you might just win the ultimate summer prize...,Video,38,0,6,,
2026-09-10,0,2026-09-09,Truvio,no,no,"A full day of B2B eCommerce, product data, PIM, AI, and digital sales in Aarhus,...",Image,71,3,1,,
2026-09-10,0,2026-09-09,Truvio,no,no,Holiday reading doesn't have to be fiction. If you're looking for something...,Video,13,0,1,,
2026-09-10,0,2026-09-09,Truvio,no,no,"DynamicsMinds 2026. Between arcade game battles in our booth, packed sessions,...",Image,74,4,6,,
2026-09-10,0,2026-09-09,Truvio,no,no,"A great start to Truvio Commerce Customer Day in Aarhus! Today, we're gathered at...",Image,88,3,3,,
2026-09-10,0,2026-09-09,Truvio,no,no,Sidste chance for at tilmelde dig Truvio Commerce Customer Day 2026! I morgen samles...,Image,38,2,4,,
2026-09-10,0,2026-09-09,Truvio,no,no,How dependent is your business on the people who keep your ERP running? If that...,Video,13,0,3,,
2026-09-10,0,2026-09-09,Truvio,no,no,Greetings from a very sunny Portoroz! We're at DynamicsMinds kicking off day 2...,Image,105,3,1,,
2026-09-10,0,2026-09-09,Truvio,no,no,Finance teams don't need more AI for the sake of AI. They need better ways to...,Video,23,0,4,,
2026-09-10,0,2026-09-09,Truvio,no,no,"Early bird pricing for Truvio Commerce Partner Days 2026 ends tomorrow, July 15...",Video,19,0,3,,
2026-09-10,0,2026-09-09,Truvio,no,no,"This week, we're hosting two APJ Partner Training sessions for D365 F&O partners...",Image,14,0,3,,
2026-09-10,0,2026-09-09,Truvio,no,no,"How does a manufacturer with 40,000+ spare parts give 60 global dealers 24/7...",Event,15,1,10,,
2026-09-10,0,2026-09-09,Truvio,no,no,"We're live at DYNAfair in Dortmund, Germany! The Truvio team is on the floor and...",Image,62,4,3,,
2026-09-10,0,2026-09-09,Truvio,no,no,ERP success is rarely driven by a single vendor. The most successful Microsoft...,Event,21,3,3,,
2026-09-10,0,2026-09-09,Equisys,no,no,Whether you're just starting to consider a change to your processes or actively...,Image,1,0,3,,
2026-09-10,0,2026-09-09,Equisys,no,no,Join us as our panel of product experts and support specialists answer your Zetadocs...,Image,2,0,3,,
2026-09-10,0,2026-09-09,Equisys,no,no,"Our Implementation Services help Business Central partners deliver faster, smoother...",Image,4,0,3,,
2026-09-10,0,2026-09-09,Equisys,no,no,Missed our recent webinar? Catch up now! Discover the best AP automation solution...,Video,5,0,2,,
2026-09-10,0,2026-09-09,Equisys,no,no,"Manage your documents more effectively, rather than just storing them in a...",Image,3,0,4,,
2026-09-10,0,2026-09-09,Equisys,no,no,This month we're celebrating 15 years of the Equisys blog! Here's some of the...,Document/carousel,3,0,1,,
2026-09-10,0,2026-09-09,Equisys,no,no,Looking forward to being part of this great event!,Image,1,0,0,,
2026-09-10,0,2026-09-09,Equisys,no,no,Cut costs without compromising control. Discover how AP automation reduces invoice...,Image,4,0,2,,
2026-09-10,0,2026-09-09,Equisys,no,no,"With Zetadocs, you can drag and drop supporting documents against a journal entry in...",Image,4,1,2,,
2026-09-10,0,2026-09-09,Equisys,no,no,"We're just a few hours away from our webinar, 'Discover THE BEST AP Automation...",Image,0,0,1,,
2026-09-10,0,2026-09-09,Equisys,no,no,The future of accounts payable is automated. Explore expert perspectives on how AI...,Article/Link,2,0,0,,
2026-09-10,0,2026-09-09,Equisys,no,no,There's less than 24 hours left to register for our webinar - 'Discover THE BEST AP...,Image,2,0,3,,
2026-09-10,0,2026-09-09,Equisys,no,no,"Still chasing approvals and fixing errors? AP automation removes bottlenecks, speeds...",Article/Link,0,0,0,,
2026-09-10,0,2026-09-09,Equisys,no,no,"AI in ERP is accelerating fast, and ISVs are leading the way with practical,...",Article/Link,3,0,2,,
2026-09-10,0,2026-09-09,Equisys,no,no,Accounting teams in the manufacturing industry (and beyond) are facing challenges...,Article/Link,1,0,0,,
2026-09-10,0,2026-09-09,Equisys,no,no,"Join us for our webinar! On Tuesday 30 September, we will host a webinar: ""Seamless...",Article/Link,0,0,1,,
2026-09-10,0,2026-09-09,Equisys,no,no,Looking for a smarter way to manage employee expenses and ensure compliant claims?...,Image,3,0,3,,
2026-09-10,0,2026-09-09,Equisys,no,no,We had an amazing first day at Directions North America and can't wait to see what...,Image,15,0,5,,
2026-09-10,0,2026-09-09,Equisys,no,no,"We'll be in Orlando, Florida next week for Directions North America, and we'd love...",Image,5,0,3,,
2026-09-10,0,2026-09-09,Equisys,no,no,"We're headed to Directions in Orlando, Florida in 2 weeks. We'll be at Booth E-32...",Image,6,0,4,,
2026-09-10,0,2026-09-09,Equisys,no,no,"Deliver smarter, not harder! Customize how your documents reach the right people,...",Image,2,0,0,,
2026-09-10,0,2026-09-09,Equisys,no,no,"Zetadocs Expenses offers a smooth expense workflow right out-of-the-box, with...",Image,4,0,1,,
2026-09-10,0,2026-09-09,Equisys,no,no,It's not too late to reserve your space on today's Lunch & Learn event! This event...,Image,3,0,5,,
2026-09-10,0,2026-09-09,Equisys,no,no,It's not too late - join a Lunch & Learn event this week to learn how to get even...,Image,3,0,2,,
2026-09-10,0,2026-09-09,Equisys,no,no,Our Lunch & Learn series starts next week! Are you registered yet? Each session will...,Image,0,0,1,,
2026-09-10,0,2026-09-09,Equisys,no,no,"Looking for an expense management solution built for Business Central, ready to go...",Image,7,0,2,,
2026-09-10,0,2026-09-09,Equisys,no,no,Even the most well-written expense policies can prove difficult to enforce across a...,Image,7,0,4,,
2026-09-10,0,2026-09-09,Equisys,no,no,See how Zetadocs can transform the way you work. Book a demo today to explore any of...,Image,6,0,4,,
2026-09-10,0,2026-09-09,Equisys,no,no,Zetadocs Delivery helps finance teams spend less time on admin and more time on what...,Image,3,0,2,,
2026-09-10,0,2026-09-09,Equisys,no,no,Learn how to build a clear travel and entertainment expenses policy that's easy to...,Image,1,0,1,,
2026-09-10,0,2026-09-09,Equisys,no,no,"Many employees feel unsure about what they can expense, even if upper management...",Image,1,0,1,,
2026-09-10,0,2026-09-09,Equisys,no,no,Thank you to all who stopped by our booth at Directions #EMEA2025! Our team have had...,Image,11,0,2,,
2026-09-10,0,2026-09-09,Equisys,no,no,Our team is really enjoying the informative sessions and great conversations...,Image,1,0,0,,
2026-09-10,0,2026-09-09,Equisys,no,no,We're delighted to be at Directions #EMEA2025 in Poznan! Be sure to come and visit...,Image,23,0,5,,
2026-09-10,0,2026-09-09,Equisys,no,no,"We're excited to be heading to Directions EMEA next week! If you're attending, we'd...",Image,14,0,7,,
2026-09-10,0,2026-09-09,Equisys,no,no,"It's almost time for Demo Week! From October 20-24, we're offering live,...",Image,3,0,2,,
2026-09-10,0,2026-09-09,Equisys,no,no,We're excited to take part in the Expense Reporting Comparison Showcase for Business...,Image,5,0,1,,
2026-09-10,0,2026-09-09,Equisys,no,no,Our customers love how easy it is to attach documents to the right Business Central...,Image,7,0,1,,
2026-09-10,0,2026-09-09,Equisys,no,no,Zetadocs Expenses provides a powerful solution that's simple to manage. Learn more...,Image,3,0,2,,
2026-09-10,0,2026-09-09,Medius,no,no,"""Within the first days of France's e-invoicing mandate, thousands of invoices have...",Image,37,0,8,,
2026-09-10,0,2026-09-09,Medius,no,no,"Are you a leader in finance, tax, tech, or compliance? We've got the perfect event...",Image,20,0,1,,
2026-09-10,0,2026-09-09,Medius,no,no,"87% of finance leaders have personally ignored a small expense, reimbursement, or...",Document/carousel,7,0,0,,
2026-09-10,0,2026-09-09,Medius,no,no,We're thrilled to announce that Medius has earned three prestigious G2 badges in the...,Image,36,1,9,,
2026-09-10,0,2026-09-09,Medius,no,no,Finance leaders know fraud when they see it. But what happens when the line gets...,Poll,2,0,0,,
2026-09-10,0,2026-09-09,Medius,no,no,September is a good month to sort out AP. We have a full webinar lineup covering...,Document/carousel,14,0,3,,
2026-09-10,0,2026-09-09,Medius,no,no,"Not sure which AP automation features actually matter, and which are just on the...",Image,8,0,2,,
2026-09-10,0,2026-09-09,Medius,no,no,"Medius' Financial Census 2026 is officially here. Across 2,386 senior finance...",Document/carousel,38,0,15,,
2026-09-10,0,2026-09-09,Medius,no,no,What better way to close out the week than with a new edition of MediusExplains?...,Document/carousel,12,0,3,,
2026-09-10,0,2026-09-09,Medius,no,no,"Join the Medius team at the upcoming inPOWER User Conference, taking place September...",Image,12,1,0,,
2026-09-10,0,2026-09-09,Medius,no,no,Mark your calendars! Our Top Tips in Action live interactive webinar is coming up on...,Image,12,0,4,,
2026-09-10,0,2026-09-09,Medius,no,no,Invoices processed in one day. 99%+ touchless capture. Approval routing that learns...,Image,26,0,9,,
2026-09-10,0,2026-09-09,Medius,no,no,We had a great time this week at the Microsoft AI Business Solutions Partner...,Image,63,0,1,,
2026-09-10,0,2026-09-09,Medius,no,no,58% of AP teams are already using or piloting AI. The other 42% are watching the gap...,Image,12,0,1,,
2026-09-10,0,2026-09-09,Medius,no,no,Join us on August 26 for our Explore Medius: Compliance & E-invoicing live webinar...,Image,67,0,5,,
2026-09-10,0,2026-09-09,Medius,no,no,"What are the most common causes of late payments in B2B? Invoice errors, approval...",Article/Link,6,0,0,,
2026-09-10,0,2026-09-09,Medius,no,no,A failed invoice match in manufacturing isn't just an AP problem. It delays supplier...,Article/Link,7,0,2,,
2026-09-10,0,2026-09-09,Medius,no,no,"Finance and diplomacy have more in common than you'd think. Both run on trust,...",Image,137,1,7,,
2026-09-10,0,2026-09-09,Medius,no,no,"Duplicate payments in retail don't usually look like duplicates. Same invoice,...",Article/Link,7,0,0,,
2026-09-10,0,2026-09-09,Medius,no,no,"If July gives you a little breathing room, why not use it to learn something new...",Document/carousel,10,0,1,,
2026-09-10,0,2026-09-09,Medius,no,no,"A new edition of MediusExplains? Don't mind if we do! Today, we're discussing how AP...",Document/carousel,12,0,1,,
2026-09-10,0,2026-09-09,Medius,no,no,Rapid growth in logistics often masks a dangerous reality: operational complexity is...,Document/carousel,7,1,1,,
2026-09-10,0,2026-09-09,Medius,no,no,"Speed used to be the whole AP conversation. Process faster, close faster, repeat...",Image,65,0,3,,
2026-09-10,0,2026-09-09,Medius,no,no,We're excited to return with a new edition of our MediusAsks series. This series...,Video,20,0,1,,
2026-09-10,0,2026-09-09,Medius,no,no,Got 30 minutes? We've got plenty of reasons to spend them with us in June. We have...,Document/carousel,12,0,0,,
2026-09-10,0,2026-09-09,Medius,no,no,Three days. A very nice corner of Slovenia. And more AP conversations than we can...,Image,69,7,0,,
2026-09-10,0,2026-09-09,Medius,no,no,We had an amazing day 1 at the Gartner Finance Symposium/Xpo 2026! We greeted...,Image,108,0,5,,
2026-09-10,0,2026-09-09,Medius,no,no,Day one at DynamicsMinds and the Medius team has landed in Portoroz. We're here...,Image,53,4,0,,
2026-09-10,0,2026-09-09,Medius,no,no,"It was great spending time at SSOW Europe this week with customers, partners, and...",Image,52,2,0,,
2026-09-10,0,2026-09-09,Medius,no,no,Day one at Shared Services and Outsourcing Week Europe is in the books. The...,Image,55,1,3,,
2026-09-10,0,2026-09-09,Medius,no,no,"Q1 core value award winners announced! Every quarter, we recognize the people at...",Document/carousel,38,4,1,,
2026-09-10,0,2026-09-09,Medius,no,no,Looking forward to this. Hope to see you join us on July 15.,Image,25,0,5,,
2026-09-10,0,2026-09-09,Medius,no,no,The global shift to e-invoicing: are you ready? E-invoicing has revolutionized...,Document/carousel,13,1,4,,
2026-09-10,0,2026-09-09,Medius,no,no,"In construction, slow AP processes are a bottleneck. They're also a project risk...",Document/carousel,12,0,4,,
2026-09-10,0,2026-09-09,Medius,no,no,"It's a new month - and that means a new edition of MediusExplains! Today, we're...",Document/carousel,6,0,1,,
2026-09-10,0,2026-09-09,Medius,no,no,What's the ROI of accounts payable automation? It depends on where you're starting...,Document/carousel,15,0,5,,
2026-09-10,0,2026-09-09,Medius,no,no,Rapid growth in logistics often masks a dangerous reality: operational complexity is...,Document/carousel,16,1,2,,
2026-09-10,0,2026-09-09,Medius,no,no,"Join us on August 20 for our Medius Momentum: Q3 2026 Product Update, a live webinar...",Image,35,2,4,,
2026-09-10,0,2026-09-09,Medius,no,no,Excited to work with Antaras for our webinar on June 11 where finance teams using...,Image,2,1,1,,
2026-09-10,0,2026-09-09,Medius,no,no,"Great Northern Equipment: small team, big efficiency gains. As a leading wholesale...",Image,32,0,10,,
2026-09-10,0,2026-09-09,Medius,no,no,"If you are looking to sharpen your approach to finance this April, these virtual...",Document/carousel,8,0,0,,
2026-09-10,0,2026-09-09,Medius,no,no,Finance teams aren't burned out because they work too much. They're burned out...,Document/carousel,15,0,0,,
2026-09-10,0,2026-09-09,Medius,no,no,AP fraud doesn't announce itself. It hides in duplicate invoices and last-minute...,Article/Link,6,0,0,,
2026-09-10,0,2026-09-09,Medius,no,no,"The accounts payable process covers a lot of ground: purchase orders, invoice...",Article/Link,13,0,3,,
2026-09-10,0,2026-09-09,Medius,no,no,"We are back with a new edition of MediusExplains! Today, we're delving into...",Document/carousel,13,1,1,,
2026-09-10,0,2026-09-09,Medius,no,no,"Day 1 at InfoTeamdagene 2026. Always great to be here, catching up with familiar...",Image,28,0,0,,
2026-09-10,0,2026-09-09,Medius,no,no,Two inspiring days at the Future of Finance CFO Exchange in London are coming to a...,Image,40,2,3,,
2026-09-10,0,2026-09-09,Medius,no,no,"If fraud prevention and supplier headaches are on your radar, this one's worth your...",Image,10,0,1,,
2026-09-10,0,2026-09-09,Medius,no,no,We had a great time at VISUAL Focus hosted by WM Synergy this week in Las Vegas. It...,Image,40,1,3,,
2026-09-10,0,2026-09-09,Medius,no,no,"AI agents. Supplier intelligence. Autonomous finance. In our March webinars, we are...",Document/carousel,17,0,3,,
2026-09-10,0,2026-09-09,Qvalia,no,no,Peppol for developers: 10 common invoice errors and how to fix them. From recipient...,Image,8,0,1,,
2026-09-10,0,2026-09-09,Qvalia,no,no,Thank you to everyone who joined today's webinar with Julius Nilsson from Docupath...,Image,29,3,3,,
2026-09-10,0,2026-09-09,Qvalia,no,no,E-invoicing mandates are becoming infrastructure decisions. As Slovakia prepares for...,Image,5,0,1,,
2026-09-10,0,2026-09-09,Qvalia,no,no,Slovakia's eFaktura framework is another important step in Europe's transition...,Image,28,0,2,,
2026-09-10,0,2026-09-09,Qvalia,no,no,Qvalia is now certified for Slovakia e-invoicing under the eFaktura framework. We...,Image,32,1,6,,
2026-09-10,0,2026-09-09,Qvalia,no,no,"Connect is more than digital invoicing. It's your gateway to automation, compliance,...",Article/Link,4,1,0,,
2026-09-10,0,2026-09-09,Qvalia,no,no,Qvalia's Business Continuity Management System has now been certified against ISO...,Image,6,0,1,,
2026-09-10,0,2026-09-09,Qvalia,no,no,Qvalia is now listed in the Cloud Security Alliance STAR Registry. It's an...,Image,8,1,0,,
2026-09-10,0,2026-09-09,Qvalia,no,no,Qvalia is now available on iPhone and Android. Approve invoices in seconds. From...,Image,42,5,5,,
2026-09-10,0,2026-09-09,Qvalia,no,no,"In 2025, we expanded Qvalia's platform across nearly all fronts. Fredrik Forsell...",Image,13,1,2,,
2026-09-10,0,2026-09-09,Qvalia,no,no,[Peppol for developers] How to get started with Peppol API. Learn how to: Set...,Image,9,0,1,,
2026-09-10,0,2026-09-09,Qvalia,no,no,"Belgium mandates #Peppol e-invoicing for most B2B transactions on January 1,...",Image,9,0,1,,
2026-09-10,0,2026-09-09,Qvalia,no,no,"The 2026 Peppol country guide - full list, status, and coverage map. Learn where...",Image,14,0,0,,
2026-09-10,0,2026-09-09,Qvalia,no,no,[Upcoming webinar] AI-ready finance with Intelligent Document Processing. AI is...,Image,25,0,7,,
2026-09-10,0,2026-09-09,Qvalia,no,no,Great day at Qvalia together with our friends from Amazon Web Services (AWS). We...,Image,81,3,8,,
2026-09-10,0,2026-09-09,AMC Banking,no,no,Working with multiple banks shouldn't mean working with multiple banking processes...,Text,4,0,0,,
2026-09-10,0,2026-09-09,AMC Banking,no,no,What do you learn from 30+ years of working with bank integration? Probably this: No...,Image,18,1,1,,
2026-09-10,0,2026-09-09,AMC Banking,no,no,How many systems does your finance team touch just to make a payment? The ERP. A...,Article/Link,12,1,0,,
2026-09-10,0,2026-09-09,AMC Banking,no,no,Thanks to everybody who showed up for the reception in our new building! We are...,Image,29,1,0,,
2026-09-10,0,2026-09-09,AMC Banking,no,no,"AMC Banking operates under Service Provider Agreements with selected banks,...",Text,9,0,0,,
2026-09-10,0,2026-09-09,AMC Banking,no,no,We're moving and we'd love to celebrate with you. Join us for a reception where you...,Event,12,0,1,,
2026-09-10,0,2026-09-09,AMC Banking,no,no,(no text),Document/carousel,4,0,0,,
2026-09-10,0,2026-09-09,AMC Banking,no,no,Discover our new app designed to simplify and automate cash management directly...,Video,6,0,0,,
2026-09-10,0,2026-09-09,AMC Banking,no,no,Your biggest compliance risk might be a process nobody questions anymore. Not every...,Article/Link,6,0,2,,
2026-09-10,0,2026-09-09,AMC Banking,no,no,"In this webinar, we'll take you through how AMC Banking's intelligent cash sweeping...",Video,10,0,0,,
2026-09-10,0,2026-09-09,AMC Banking,no,no,Bank integration: Myth vs reality. Many finance teams treat bank connectivity like a...,Video,11,0,3,,
2026-09-10,0,2026-09-09,AMC Banking,no,no,"The AMC Banking webinar series offers: demos, new features, use cases and Q&A,...",Video,10,0,1,,
2026-09-10,0,2026-09-09,AMC Banking,no,no,AMC is expanding and we are currently looking for a java developer. If you could see...,Article/Link,12,0,3,,
2026-09-10,0,2026-09-09,AMC Banking,no,no,"Still uploading payment files manually? At some point, it stops scaling. More banks...",Article/Link,6,0,0,,
2026-09-10,0,2026-09-09,AMC Banking,no,no,"Before summer kicks off, we wanted to share a small milestone from AMC Banking. We...",Image,13,2,2,,
2026-09-10,0,2026-09-09,AMC Banking,no,no,You can still register for our reception next week if you would like to swing by and...,Event,0,0,0,,
2026-09-10,0,2026-09-09,AMC Banking,no,no,We bought The White House... at Frederiksberg. We are looking forward to moving into...,Article/Link,30,3,2,,
2026-09-10,0,2026-09-09,AMC Banking,no,no,You can still sign up for our webinar tomorrow where we take a deep dive into the...,Article/Link,4,0,0,,
2026-09-10,0,2026-09-09,AMC Banking,no,no,In case you have not yet signed up for our treasury extension webinar about cash...,Article/Link,5,0,0,,
2026-09-10,0,2026-09-09,AMC Banking,no,no,The torch has officially been passed. We're excited to move into Kobenhavns...,Image,56,4,1,,
2026-09-10,0,2026-09-09,AMC Banking,no,no,"Enterprise treasury demands structure, visibility, and control. For large...",Image,7,0,0,,
2026-09-10,0,2026-09-09,AMC Banking,no,no,ERP bank integration is rarely 'plug-and-play'. That's why AMC Banking's Consultancy...,Image,23,0,0,,
2026-09-10,0,2026-09-09,B2Brouter,no,no,Si crees que la factura electronica obligatoria es solo subir un archivo a un...,Text,0,0,0,,
2026-09-10,0,2026-09-09,B2Brouter,no,no,"France is only the beginning. For ERP teams, the real challenge isn't adapting to...",Repost,0,0,0,,
2026-09-10,0,2026-09-09,B2Brouter,no,no,Vos clients ne veulent pas changer de logiciel. Ils veulent etre conformes sans...,Text,1,0,0,,
2026-09-10,0,2026-09-09,B2Brouter,no,no,Hito alcanzado: Mas de 18 000 empresas francesas confian en @B2Brouter en la red...,Image,27,5,2,,
2026-09-10,0,2026-09-09,B2Brouter,no,no,Was werden Ihre Kunden 2027 von Ihrer Software erwarten? Seit 2025 mussen...,Text,0,0,0,,
2026-09-10,0,2026-09-09,B2Brouter,no,no,Proximos webinars | Septiembre 2026. Este junio te esperamos en dos sesiones en...,Image,3,0,1,,
2026-09-10,0,2026-09-09,B2Brouter,no,no,Upcoming webinars | September 2026. Want to integrate e-invoicing into your...,Image,2,0,2,,
2026-09-10,0,2026-09-09,B2Brouter,no,no,Diqto s'appuie sur B2Brouter pour la facturation electronique via eDocSync...,Image,9,1,2,,
2026-09-10,0,2026-09-09,B2Brouter,no,no,Nous y sommes. Le 1er septembre 2026 n'est plus une echeance: c'est aujourd'hui...,Document/carousel,8,0,1,,
2026-09-10,0,2026-09-09,B2Brouter,no,no,Comment integrer la facturation electronique a son logiciel sans complexifier...,Article/Link,6,2,2,,
2026-09-10,0,2026-09-09,B2Brouter,no,no,J-5: une facture conforme peut malgre tout echouer si vos donnees clients sont...,Text,4,0,1,,
2026-09-10,0,2026-09-09,B2Brouter,no,no,La facturation electronique n'est que la moitie de la reforme. Avez-vous prepare...,Document/carousel,3,4,1,,
2026-09-10,0,2026-09-09,B2Brouter,no,no,J-7 en France: attendre de voir ce qui se passe n'est plus une strategie. Dans...,Image,11,2,4,,
2026-09-10,0,2026-09-09,B2Brouter,no,no,"Ja no hi ha excuses per adoptar la facturacio electronica, queden molt pocs dies i...",Article/Link,20,1,2,,
2026-09-10,0,2026-09-09,B2Brouter,no,no,"J-14 avant la reforme: pour les editeurs de logiciels, le dernier moment est...",Image,12,7,2,,
2026-09-10,0,2026-09-09,B2Brouter,no,no,Die E-Rechnung in Deutschland ist bereits Realitat - trotzdem halten sich noch...,Document/carousel,2,0,0,,
2026-09-10,0,2026-09-09,B2Brouter,no,no,B2Brouter talent stands out in London! After one week of learning and just three...,Image,38,0,4,,
2026-09-10,0,2026-09-09,B2Brouter,no,no,Partner Announcement: B2Brouter. We're thrilled to...,Image,10,2,3,,
2026-09-10,0,2026-09-09,B2Brouter,no,no,Le permier Septembre est prochajn!,Article/Link,7,1,2,,
2026-09-10,0,2026-09-09,B2Brouter,no,no,Comment bien choisir sa Plateforme Agreee avant l'entree en vigueur de la...,Document/carousel,6,0,1,,
2026-09-10,0,2026-09-09,B2Brouter,no,no,La reforme francaise de la facturation electronique ne concerne pas seulement la...,Image,9,0,1,,
2026-09-10,0,2026-09-09,B2Brouter,no,no,Germany's e-invoicing rollout is not just a national compliance update. It is part...,Text,8,0,1,,
2026-09-10,0,2026-09-09,B2Brouter,no,no,"Belgium's B2B e-invoicing mandate is already in force. Since 1 January 2026,...",Document/carousel,10,1,2,,
2026-09-10,0,2026-09-09,B2Brouter,no,no,"Verifactu como el primer paso hacia el despliegue de ViDA, creo que es...",Article/Link,13,2,1,,
2026-09-10,0,2026-09-09,B2Brouter,no,no,Tienes que enviar todas tus facturas a la AEAT? La respuesta rapida es: no...,Document/carousel,5,0,2,,
2026-09-10,0,2026-09-09,B2Brouter,no,no,VeriFactu no es el unico gran cambio que viene en Espana. La Ley Crea y Crece...,Image,0,0,0,,
2026-09-10,0,2026-09-09,B2Brouter,no,no,"La reforme fiscale francaise ne se limite pas a ""envoyer des factures...",Document/carousel,14,0,4,,
2026-09-10,0,2026-09-09,B2Brouter,no,no,Meet our Sales Team. They are the people who connect businesses with the right...,Document/carousel,9,0,3,,
2026-09-10,0,2026-09-09,B2Brouter,no,no,"Electronic invoicing is accelerating across Europe, and B2Brouter is growing with...",Article/Link,5,0,0,,
2026-09-10,0,2026-09-09,B2Brouter,no,no,La factura electronica no va solo de enviar una factura en formato digital. Con la...,Document/carousel,2,0,1,,
2026-09-10,0,2026-09-09,B2Brouter,no,no,"2026 e-invoicing reality check: is your business ready? Across Europe, APAC and...",Poll,2,0,2,,
2026-09-10,0,2026-09-09,B2Brouter,no,no,La solucion publica de facturacion electronica de la AEAT sera una pieza...,Document/carousel,9,1,0,,
2026-09-10,0,2026-09-09,B2Brouter,no,no,Empfangen ist nicht gleich Verarbeiten. Genau daruber haben wir vor zwei Wochen eine...,Document/carousel,4,0,0,,
2026-09-10,0,2026-09-09,B2Brouter,no,no,El otro dia Aleix Gasset se atrevio a explicarnos en un video de dos minutos que es...,Article/Link,4,0,0,,
2026-09-10,0,2026-09-09,B2Brouter,no,no,"Vous facturez deja des administrations, hopitaux, collectivites ou organismes...",Document/carousel,6,0,2,,
2026-09-10,0,2026-09-09,B2Brouter,no,no,ERP & E-Invoicing Integration Partners - Monthly Ranking Status | July 2026. The...,Image,47,3,8,,
2026-09-10,0,2026-09-09,B2Brouter,no,no,La factura electronica es una herramienta para que Hacienda lo vea todo? Esta es...,Document/carousel,10,2,1,,
2026-09-10,0,2026-09-09,B2Brouter,no,no,"Electronic invoicing is no longer just about tax compliance, it's about data...",Document/carousel,5,0,1,,
2026-09-10,0,2026-09-09,B2Brouter,no,no,La reforme de la facturation electronique en France ne se limite pas a choisir une...,Article/Link,8,0,4,,
2026-09-10,0,2026-09-09,B2Brouter,no,no,"A few days ago, B2Brouter attended Peppol Conference Europe 2026 in Brussels...",Image,15,0,2,,
2026-09-10,0,2026-09-09,B2Brouter,no,no,"VeriFactu, Ley Crea y Crece, factura electronica B2B... demasiados conceptos y una...",Document/carousel,11,0,1,,
2026-09-10,0,2026-09-09,B2Brouter,no,no,Capde - says it exactly right: France's e-invoicing reform is not just about sending...,Image,3,0,2,,
2026-09-10,0,2026-09-09,B2Brouter,no,no,Peppol is becoming one of the most reliable ways to exchange B2B invoices...,Document/carousel,10,0,1,,
2026-09-10,0,2026-09-09,B2Brouter,no,no,Plateformes SaaS juridiques en France: 2026 n'est pas seulement une echeance de...,Document/carousel,7,0,1,,
2026-09-10,0,2026-09-09,B2Brouter,no,no,Germany's B2B e-invoicing roadmap is already moving. German businesses must be...,Document/carousel,11,2,1,,
2026-09-10,0,2026-09-09,B2Brouter,no,no,Crees que Ley Crea y Crece y VeriFactu son lo mismo? Spoiler: no. Confundirlas...,Document/carousel,8,0,1,,
2026-09-10,0,2026-09-09,B2Brouter,no,no,"In 8 days, B2Brouter will be attending Peppol Conference Europe 2026 in Brussels...",Text,6,0,2,,
2026-09-10,0,2026-09-09,B2Brouter,no,no,"Testing should not feel risky. With B2Brouter Sandbox, developers and technical...",Document/carousel,5,0,3,,
2026-09-10,0,2026-09-09,B2Brouter,no,no,Meet our Business Operations team. They are the people behind many of the areas...,Document/carousel,5,1,2,,
2026-09-10,0,2026-09-09,B2Brouter,no,no,"La factura electronica obligatoria ya tiene marco regulatorio, pero todavia quedan...",Article/Link,5,0,0,,
2026-09-10,0,2026-09-09,Dooap,no,no,We are hitting the road in a few weeks and headed to Dynamics User Group (DUG)...,Image,12,2,1,,
2026-09-10,0,2026-09-09,Dooap,no,no,Evaluating AP automation for Microsoft Dynamics 365 Finance? The shortlist gets...,Article/Link,9,0,1,,
2026-09-10,0,2026-09-09,Dooap,no,no,Dooap Studio has a new home: dooapstudio.ai. It's our agentic AI automation...,Image,9,1,6,,
2026-09-10,0,2026-09-09,Dooap,no,no,Sharing our story of Dooap Studio live from Dynamic Communities AI Business...,Video,26,2,4,,
2026-09-10,0,2026-09-09,Dooap,no,no,"Well, that's a wrap on DynamicsMinds. The Dooap team is heading back through time...",Image,70,4,0,,
2026-09-10,0,2026-09-09,Dooap,no,no,"With AP you have a lot of balls in the air at all times, let Dooap help you herd...",Image,57,1,2,,
2026-09-10,0,2026-09-09,Dooap,no,no,"We're heading to #DynamicsCon in Las Vegas next week! If you're attending, be sure...",Image,24,1,3,,
2026-09-10,0,2026-09-09,Dooap,no,no,Just think of the possibilities with Dooap Studio! Here's one for you.,Image,14,0,1,,
2026-09-10,0,2026-09-09,Dooap,no,no,We're sponsoring Dynamics User Group (DUG) DynamicsCon Regional: Ohio Valley on...,Image,9,1,1,,
2026-09-10,0,2026-09-09,Dooap,no,no,We are here and you can find the team and table next to registration. Come chat with...,Video,24,2,0,,
2026-09-10,0,2026-09-09,Dooap,no,no,Still herding invoices manually? What if your AP process could herd itself? Join...,Image,32,0,2,,
2026-09-10,0,2026-09-09,Dooap,no,no,Excited to introduce our latest Dooap Unleashed: Run With Us - Eftsure! Scott...,Video,39,2,1,,
2026-09-10,0,2026-09-09,Dooap,no,no,This is what agentic AP automation looks like. Dooap Studio gives AP teams the power...,Video,17,0,6,,
2026-09-10,0,2026-09-09,Dooap,no,no,Everyone is talking about AI in finance. Very few are talking about what's actually...,Image,6,1,1,,
2026-09-10,0,2026-09-09,Dooap,no,no,Join us at the Dynamic Communities Summit NA Roadshow in Vancouver. Built...,Image,16,0,3,,
2026-09-10,0,2026-09-09,Dooap,no,no,The biggest problem in finance isn't the system. It's that nobody trusts it. That's...,Video,21,3,1,,
2026-09-10,0,2026-09-09,Dooap,no,no,Sam Bush live here in Helsinki. The Dooap team is gearing up for DynamicsMinds next...,Video,66,4,0,,
2026-09-10,0,2026-09-09,Dooap,no,no,Run AP with AI agents. Not manual work. Today we're launching Dooap Studio - Agentic...,Video,46,6,8,,
2026-09-10,0,2026-09-09,Dooap,no,no,Welcome to Dooap Unleashed. A video series coming to your LinkedIn life all about...,Video,15,2,2,,
2026-09-10,0,2026-09-09,Dooap,no,no,"What message would you send to the future? We took DynamicsMinds' ""Message to the...",Video,40,15,1,,
2026-09-10,0,2026-09-09,Dooap,no,no,"AI is no longer ""coming"" to AP. It's redefining how finance teams lead, work, and...",Document/carousel,10,1,2,,
2026-09-10,0,2026-09-09,Dooap,no,no,"Every AP Manager knows this feeling: you spot the fix, but IT has a three-week...",Article/Link,11,0,3,,
2026-09-10,0,2026-09-09,Dooap,no,no,Looking forward to sharing more about Dooap Studio this week at AI Business Solutions...,Video,19,0,0,,
2026-09-10,0,2026-09-09,Dooap,no,no,"Five years in, and she still says it feels new every day. In this episode of Dooap...",Image,18,1,0,,
2026-09-10,0,2026-09-09,Dooap,no,no,Who is attending Dynamic Communities's AI Business Solutions Partner Executive...,Image,30,4,1,,
2026-09-10,0,2026-09-09,Dooap,no,no,"Every D365 vendor is racing to say ""agentic"" right now. Most are still figuring out...",Image,19,1,4,,
2026-09-10,0,2026-09-09,Dooap,no,no,"Invoice approvals shouldn't be a treasure hunt. With Dooap, your workflows adapt to...",Video,10,0,2,,
2026-09-10,0,2026-09-09,Dooap,no,no,Transform your AP process with automation built for Dynamics 365 Finance. Capture...,Article/Link,15,0,0,,
2026-09-10,0,2026-09-09,Dooap,no,no,What does AI literacy actually look like for a Dynamics 365 Finance team in 2026?...,Article/Link,10,0,1,,
2026-09-10,0,2026-09-09,Dooap,no,no,"PO matching is one of those tasks you can't ignore, but you definitely don't want to...",Video,13,0,1,,
2026-09-10,0,2026-09-09,Dooap,no,no,Great AP automation happens before you even know it. Dooap handles it quietly in the...,Video,16,0,1,,
2026-09-10,0,2026-09-09,Dooap,no,no,"Last time we said ""something new is coming,"" we introduced Dooap Studio - agentic AP...",Image,25,0,3,,
2026-09-10,0,2026-09-09,Dooap,no,no,"If you ask us what one word we'd like to hear to describe Dooap - it's ""easy"". Great...",Video,9,1,3,,
2026-09-10,0,2026-09-09,Dooap,no,no,Approving invoices shouldn't keep you tied to your desk. With the Dooap AP...,Article/Link,10,1,3,,
2026-09-10,0,2026-09-09,Dooap,no,no,"Thank you, Ellipse Solutions, for the highlight. We're proud of our collaboration,...",Image,6,0,0,,
2026-09-10,0,2026-09-09,Dooap,no,no,"Somewhere right now, an AP manager is refreshing their inbox hoping an approval...",Image,18,0,2,,
2026-09-10,0,2026-09-09,Dooap,no,no,Great conversations. Great community.,Video,9,1,0,,
2026-09-10,0,2026-09-09,Dooap,no,no,The Dynamics community is coming to Toronto - and so are we. Dynamics User Group...,Image,16,0,1,,
2026-09-10,0,2026-09-09,Dooap,no,no,Love spending time with our partners all year around. At Dynamics User Group (DUG)...,Video,9,0,2,,
2026-09-10,0,2026-09-09,Dooap,no,no,Thanks again Dynamic Communities for the opportunity to showcase our #APautomation...,Image,4,0,0,,
2026-09-10,0,2026-09-09,Dooap,no,no,"Set up and ready for ""Herd your AP with AI Agents"", in Sunset on level 11. Come join...",Image,28,2,3,,
2026-09-10,0,2026-09-09,Dooap,no,no,We're heading to #DynamicsMinds2026 and looking forward to being back with the...,Image,30,0,1,,
2026-09-10,0,2026-09-09,Dooap,no,no,Considering AP Automation for D365 Finance or BC? Maybe you did not have a chance to...,Article/Link,9,0,2,,
2026-09-10,0,2026-09-09,Dooap,no,no,AI is inevitably transforming Accounts Payable. Read how our Chief Product Officer...,Article/Link,11,0,2,,
2026-09-10,0,2026-09-09,Dooap,no,no,We're on a tasty streak! Check out our new customers from the food and beverage...,Article/Link,0,0,0,,
2026-09-10,0,2026-09-09,Dooap,no,no,The AP world is about to change. 5 days. #AccountsPayable #D365Finance Microsoft,Image,21,6,2,,
2026-09-10,0,2026-09-09,Dooap,no,no,Something new is coming. Stay tuned. #dooapunleashed,Image,20,1,4,,
2026-09-10,0,2026-09-09,Dooap,no,no,"Our #APautomation solution is designed for Microsoft #D365FO, and a widespread and...",Document/carousel,4,0,0,,
2026-09-10,0,2026-09-09,Dooap,no,no,We are here and ready to talk about AI and AP for Dynamics 365 Finance in Tampa for...,Image,49,3,0,,
2026-09-10,0,2026-09-09,Dooap,no,no,AI is changing Accounts Payable. But control still matters. At the Dynamic...,Image,14,3,2,,
2026-09-10,0,2026-09-09,Yavrio,no,no,A massive thank you to everyone in the ERP + Fintech community who made the Yavrio...,Image,65,7,1,,
2026-09-10,0,2026-09-09,Yavrio,no,no,"Meet James Pike, one of our Partner Success Managers at Yavrio! James sits where the...",Image,48,2,0,,
2026-09-10,0,2026-09-09,Yavrio,no,no,An embedded payments system means more than operational efficiency. It means your...,Video,12,0,2,,
2026-09-10,0,2026-09-09,Yavrio,no,no,The Yavrio team is already counting down the days till Directions for Enterprise...,Image,29,0,0,,
2026-09-10,0,2026-09-09,Yavrio,no,no,Our team just touched down in Ohio and we can't wait to meet with our partners and...,Image,28,4,0,,
2026-09-10,0,2026-09-09,Yavrio,no,no,What a day. The whole UK team got together in Paddington to celebrate the launch...,Image,84,11,1,,
2026-09-10,0,2026-09-09,Yavrio,no,no,This week we've been celebrating the return of Samantha Felling to our USA partner...,Image,32,2,1,,
2026-09-10,0,2026-09-09,Yavrio,no,no,More than 5 billion Direct Debit payments run through the UK's Bacs network every...,Image,33,2,2,,
2026-09-10,0,2026-09-09,Yavrio,no,no,What does success actually look like when banking is fully integrated into the ERP?...,Video,35,2,2,,
2026-09-10,0,2026-09-09,Yavrio,no,no,Yavrio x Wenalyze. We're building smarter fraud prevention into Yavrio - helping...,Image,21,2,0,,
2026-09-10,0,2026-09-09,Yavrio,no,no,"A brilliant afternoon at Fortnum & Mason, bringing together senior retail leaders...",Image,72,7,3,,
2026-09-10,0,2026-09-09,Yavrio,no,no,8-10 days. That's the average close when statements are still pulled manually. 3...,Document/carousel,13,1,2,,
2026-09-10,0,2026-09-09,Yavrio,no,no,"Cards on the Table. The launch of Yavrio Cards called for a proper celebration,...",Image,49,11,2,,
2026-09-10,0,2026-09-09,Yavrio,no,no,We are live now with Western Computer for our joint session on banking in Microsoft...,Text,9,0,0,,
2026-09-10,0,2026-09-09,Yavrio,no,no,For finance teams still importing bank statements by CSV into Microsoft Dynamics 365...,Document/carousel,15,0,1,,
2026-09-10,0,2026-09-09,Yavrio,no,no,What a 2026 Yavrio is having so far! It's hard to believe we're nearly halfway...,Image,110,9,0,,
2026-09-10,0,2026-09-09,Yavrio,no,no,"DynamicsMinds 2026 is done and what a week it's been. Over the last few days,...",Image,108,5,0,,
2026-09-10,0,2026-09-09,Yavrio,no,no,"Day one of DynamicsMinds wrapped and what a start its been. Our team, Margaret...",Image,82,4,0,,
2026-09-10,0,2026-09-09,Yavrio,no,no,DynamicsCon 2026 wrapped and what a few days it was! A hot week in Vegas as sponsors...,Image,55,2,0,,
2026-09-10,0,2026-09-09,Yavrio,no,no,We're excited to have our feet on the ground at Directions ASIA 2026 in Vietnam!...,Image,68,1,1,,
2026-09-10,0,2026-09-09,Yavrio,no,no,Another amazing event. Yavrio had an incredible time at this year's Node4...,Image,65,2,0,,
2026-09-10,0,2026-09-09,Yavrio,no,no,"""That's a wrap on Directions North America 2026"". It's been a great few days in...",Image,64,7,0,,
2026-09-10,0,2026-09-09,Yavrio,no,no,A full day in for the Yavrio team and it's already been a strong start at Directions...,Image,86,2,0,,
2026-09-10,0,2026-09-09,Yavrio,no,no,"Meet Phillip Dawson, our VP Sales & Partnerships! Phil has been at the heart of...",Image,64,8,0,,
2026-09-10,0,2026-09-09,Yavrio,no,no,"Microsoft's Tier 1 ERP now has modern bank connectivity, embedded payments and...",Image,40,5,0,,
2026-09-10,0,2026-09-09,Yavrio,no,no,Still moving bank data into your finance system one CSV at a time? It may be time...,Video,27,0,1,,
2026-09-10,0,2026-09-09,Yavrio,no,no,We're live at Directions Spanish BC Day and what a fantastic day it's been so...,Image,23,0,0,,
2026-09-10,0,2026-09-09,Yavrio,no,no,"Four years ago, we launched Yavrio Banking and set out on a mission to create a way...",Image,105,26,6,,
2026-09-10,0,2026-09-09,Yavrio,no,no,Great to be part of HSO's Customer Day! We had a fantastic day last month...,Image,28,1,2,,
2026-09-10,0,2026-09-09,Yavrio,no,no,Yavrio Out and About - This Week! It's been a whirlwind week for the Yavrio...,Image,66,3,0,,
2026-09-10,0,2026-09-09,Yavrio,no,no,Hello from a roasting Las Vegas. I'm at #DynamicsCon2026 this week where we've...,Image,99,10,1,,
2026-09-10,0,2026-09-09,Yavrio,no,no,"Finance teams BEFORE vs AFTER Yavrio. Before Yavrio: manual bank files,...",Video,48,5,0,,
2026-09-10,0,2026-09-09,Yavrio,no,no,Bank connectivity and payments are becoming a bigger part of the Business Central...,Video,25,3,2,,
2026-09-10,0,2026-09-09,Yavrio,no,no,It was great to attend the Dynamics 365 & Power Platform User Group National event...,Image,55,3,1,,
2026-09-10,0,2026-09-09,Yavrio,no,no,"The pace of technological change in financial services isn't slowing, and leadership...",Image,50,4,0,,
2026-09-10,0,2026-09-09,Yavrio,no,no,This week some of our team were lucky enough to attend the Microsoft #AITourLondon...,Image,66,0,0,,
2026-09-10,0,2026-09-09,Yavrio,no,no,"After a few not-so-subtle hints, it's time to make it official... We've moved...",Image,179,34,3,,
2026-09-10,0,2026-09-09,Yavrio,no,no,"We're upgrading our London HQ! The same Yavrio energy, but now with much more room...",Image,97,30,3,,
2026-09-10,0,2026-09-09,Yavrio,no,no,This summer we're opening up our London Paddington office for the first ever Yavrio...,Image,49,8,5,,
2026-09-10,0,2026-09-09,Yavrio,no,no,We're excited to welcome Samuel Price as a Sales Consultant as we continue expanding...,Image,49,9,1,,
2026-09-10,0,2026-09-09,Yavrio,no,no,"Reflecting on our company off site to wrap up the year, the Yavrio crew got together...",Image,72,8,0,,
2026-09-10,0,2026-09-09,Yavrio,no,no,We're excited to be hosting an exclusive roundtable with Microsoft and iLink...,Image,32,3,0,,
2026-09-10,0,2026-09-09,Yavrio,no,no,Big milestone for Yavrio! Today we're launching Yavrio Cards: A cards payment...,Video,145,25,9,,
2026-09-10,0,2026-09-09,Yavrio,no,no,"We were delighted to welcome Tim Chong, Co-founder and CEO of Yonder, join us at our...",Image,80,9,0,,
2026-09-10,0,2026-09-09,Yavrio,no,no,"This week at Yavrio! Partner events, customers catch ups, brainstorming and some big...",Video,56,6,1,,
2026-09-10,0,2026-09-09,Yavrio,no,no,"Today, we're launching Yavrio Cards: A cards payment solution fully embedded inside...",Image,131,9,5,,
2026-09-10,0,2026-09-09,Yavrio,no,no,Yavrio - Open Banking is the multi award-winning banking integration for Microsoft...,Image,11,0,5,,
2026-09-10,0,2026-09-09,Yavrio,no,no,Reflecting on an incredible week in Poland. We're still buzzing from Directions EMEA...,Image,74,12,1,,
2026-09-10,0,2026-09-09,Yavrio,no,no,"Day 2 at Community Summit 2025 is underway! Over 5,000 attendees have gathered...",Image,43,6,1,,
2026-09-10,0,2026-09-09,Yavrio,no,no,"Meet our Head of UK Sales, Charlotte Huang! Charlotte has led our UK sales team...",Image,176,5,0,,
2026-09-10,0,2026-09-09,Rillion,no,no,"Our CFO to CFO newsletter is live! This is a new initiative from our CFO, Johan...",Image,6,0,0,,
2026-09-10,0,2026-09-09,Rillion,no,no,One picture. Seven people. 150+ years of Rillion experience. That's a lot of...,Image,105,14,2,,
2026-09-10,0,2026-09-09,Rillion,no,no,The numbers we didn't show you. We asked 250 U.S. finance leaders how AI is actually...,Document/carousel,14,3,2,,
2026-09-10,0,2026-09-09,Rillion,no,no,Some things belong in a museum. Manual invoice entry is one of them. Copying invoice...,Image,10,0,0,,
2026-09-10,0,2026-09-09,Rillion,no,no,"Turns out our Product team is fast in more ways than one. Last week, Team...",Video,23,1,0,,
2026-09-10,0,2026-09-09,Rillion,no,no,I recently had the opportunity to share my perspective on AI in finance for...,Article/Link,132,7,5,,
2026-09-10,0,2026-09-09,Rillion,no,no,Did you know that most finance leaders expect AI to significantly change the finance...,Image,13,1,0,,
2026-09-10,0,2026-09-09,Rillion,no,no,Don't miss the LinkedIn Live we're hosting today. AI adoption in finance is moving...,Image,14,1,0,,
2026-09-10,0,2026-09-09,Rillion,no,no,68% of finance teams use AI every day. 39% of CFOs trust it to act on its own...,Image,26,2,2,,
2026-09-10,0,2026-09-09,Rillion,no,no,Launch day. We just published the US edition of Rillion's 2026 AI in Finance...,Image,27,6,1,,
2026-09-10,0,2026-09-09,Rillion,no,no,250 US finance leaders told us how they're using AI. And the numbers don't tell the...,Document/carousel,19,2,10,,
2026-09-10,0,2026-09-09,Rillion,no,no,250 U.S. CFOs told us what they really think about AI. Now we're bringing the debate...,Image,14,0,2,,
2026-09-10,0,2026-09-09,Rillion,no,no,2029. How many tasks in finance will still be done by humans? Finance leaders expect...,Video,12,2,0,,
2026-09-10,0,2026-09-09,Rillion,no,no,Dry run mode: ON. The studio is getting ready. The slides are getting their final...,Video,30,3,5,,
2026-09-10,0,2026-09-09,Rillion,no,no,The Finance AI Illusion... What is it? And is your finance team caught in it? We are...,Image,24,3,7,,
2026-09-10,0,2026-09-09,Rillion,no,no,Is there a gap between how ready finance leaders think they are for AI and what the...,Video,24,3,3,,
2026-09-10,0,2026-09-09,Rillion,no,no,"Another G2 badge drop we're extremely proud to be part of. As always, a huge shoutout...",Video,35,4,7,,
2026-09-10,0,2026-09-09,Rillion,no,no,Have you seen the latest OnlyCFO newsletter? We have and we're excited to see...,Image,14,3,4,,
2026-09-10,0,2026-09-09,Rillion,no,no,"""I love my Excel sheets."" Sean Milmoe, CFO & Co-Founder at 360 Energy, isn't alone -...",Video,21,0,2,,
2026-09-10,0,2026-09-09,Rillion,no,no,If AI is already part of your team's daily workflow... this poll probably isn't for...,Poll,6,0,3,,
2026-09-10,0,2026-09-09,Rillion,no,no,"AP teams, here's your mid-vacation reminder. (If you're checking your inbox from...",Document/carousel,8,0,1,,
2026-09-10,0,2026-09-09,Rillion,no,no,"Many finance leaders worry AI will make mistakes they can't track. Rasmus Areskoug,...",Text,13,2,0,,
2026-09-10,0,2026-09-09,Rillion,no,no,"Denmark leads AI adoption in the Nordics. Sweden lags behind. But Olli Saksa, CFO at...",Text,6,0,0,,
2026-09-10,0,2026-09-09,Rillion,no,no,"80% of finance leaders use AI daily, but only 1 in 5 trust it for strategic...",Text,8,3,1,,
2026-09-10,0,2026-09-09,Rillion,no,no,OCR vs AI invoice capture: what's the actual difference for AP automation? If your...,Document/carousel,15,1,3,,
2026-09-10,0,2026-09-09,Rillion,no,no,72% of finance teams still struggle with manual corrections despite investing in AI...,Text,36,1,2,,
2026-09-10,0,2026-09-09,Rillion,no,no,If you'd told us our favourite team events would be the ones you can track on...,Image,19,0,0,,
2026-09-10,0,2026-09-09,Rillion,no,no,48% of finance leaders say they want to be strategic advisors. So why do investments...,Text,8,0,0,,
2026-09-10,0,2026-09-09,Rillion,no,no,If you're not optimizing your vacation as much as your AP processes... we need to...,Document/carousel,10,0,0,,
2026-09-10,0,2026-09-09,Rillion,no,no,"Finance teams aren't slow to adopt AI, we just doesn't have the luxury of...",Video,16,1,1,,
2026-09-10,0,2026-09-09,Rillion,no,no,"While most finance leaders are still figuring out where AI fits, Peter Egehoved, CFO...",Text,58,8,0,,
2026-09-10,0,2026-09-09,Rillion,no,no,What's possible today wasn't possible 6 months ago. For finance leaders to succeed...,Image,45,3,4,,
2026-09-10,0,2026-09-09,Rillion,no,no,The ERP you choose today can either accelerate your next 10 years... or slow them...,Video,11,0,2,,
2026-09-10,0,2026-09-09,Rillion,no,no,"While everyone's drowning in opinions on where AI belongs in finance, Monika Pers,...",Text,12,1,0,,
2026-09-10,0,2026-09-09,Rillion,no,no,"If your finance team only talks to finance, you're leaving value on the table. The...",Video,12,1,1,,
2026-09-10,0,2026-09-09,Rillion,no,no,We asked 250 CFOs across the Nordics about AI in finance. Then put our own CFO Johan...,Document/carousel,9,0,0,,
2026-09-10,0,2026-09-09,Rillion,no,no,"The Nordic AI Finance Report had zero shortage of ""mic-drop"" quotes but this one...",Text,7,0,0,,
2026-09-10,0,2026-09-09,Rillion,no,no,Nail your ERP and CRM and you're 90% there - that used to be the rule for finance...,Video,8,1,0,,
2026-09-10,0,2026-09-09,Rillion,no,no,26% of CFOs say lack of AI competence is the single biggest barrier to broader...,Text,18,1,1,,
2026-09-10,0,2026-09-09,Rillion,no,no,Our marketing team swapped their laptops for race bibs yesterday - running...,Image,35,3,1,,
2026-09-10,0,2026-09-09,Rillion,no,no,"Rillion AI Day - LFG. On Monday, we put work aside and got our team together for a...",Image,40,4,0,,
2026-09-10,0,2026-09-09,Rillion,no,no,What's the best place to start with AI in finance? The small yes/no decisions you're...,Video,14,2,1,,
2026-09-10,0,2026-09-09,Rillion,no,no,"250 CFOs across Sweden, Denmark and Finland told us where AI in finance *actually*...",Document/carousel,19,8,3,,
2026-09-10,0,2026-09-09,Rillion,no,no,[searching...] I'm on the hunt for a US native CFO or financial executive based...,Text,33,22,4,,
2026-09-10,0,2026-09-09,Rillion,no,no,AI transformation in finance is more about getting your people onboard than it is...,Video,31,3,5,,
2026-09-10,0,2026-09-09,Rillion,no,no,"If you think AI will eliminate entry-level roles in finance, here's a fresh take on...",Document/carousel,22,1,1,,
2026-09-10,0,2026-09-09,Rillion,no,no,Rillion + Stratas: taking AP automation in the UK to the next level. We're...,Video,23,2,2,,
2026-09-10,0,2026-09-09,Rillion,no,no,Just got back from two of the most energizing days I've had in a long time!...,Image,52,8,1,,
2026-09-10,0,2026-09-09,Rillion,no,no,"Sage Intacct users, this one's for you! Rillion now has a new integration with...",Document/carousel,23,2,5,,
2026-09-10,0,2026-09-09,Rillion,no,no,We made it into Dagens Industri today with the insights from our Nordic Finance AI...,Image,120,5,1,,
2026-09-10,0,2026-09-09,Fidesic,no,no,Your AP automation was supposed to eliminate manual work. Instead your team is still...,Image,0,0,0,,
2026-09-10,0,2026-09-09,Fidesic,no,no,"Rally Day is coming to Nashville on Sunday, October 11, a Knights of GP event built...",Image,7,2,1,,
2026-09-10,0,2026-09-09,Fidesic,no,no,Checks are still the top target for payment fraud according to the 2026 AFP Payments...,Image,1,0,0,,
2026-09-10,0,2026-09-09,Fidesic,no,no,#MySummitNA,Image,0,0,0,,
2026-09-10,0,2026-09-09,Fidesic,no,no,How to Spot AP Bottlenecks Before Growth Stalls. Warning signs your AP process won't...,Image,1,0,0,,
2026-09-10,0,2026-09-09,Fidesic,no,no,Cash flow is a fact. Profit is an opinion. #WednesdayWisdom #AccountsPayable,Image,1,0,0,,
2026-09-10,0,2026-09-09,Fidesic,no,no,Did you know 8 days is how long the median finance team spends closing the books...,Image,1,0,0,,
2026-09-10,0,2026-09-09,Fidesic,no,no,Ready to rock 'n' roll in Nashville for Dynamic Communities Summit NA 2026? We're...,Image,2,0,1,,
2026-09-10,0,2026-09-09,Fidesic,no,no,In this post highlight some of the common bottlenecks that hinder scalability so you...,Article/Link,0,0,0,,
2026-09-10,0,2026-09-09,Fidesic,no,no,"Like any large financial data migration, you can expect a migration from Dynamics GP...",Article/Link,2,0,0,,
2026-09-10,0,2026-09-09,Fidesic,no,no,#LoveFriday #LoveAutomation,Image,0,0,0,,
2026-09-10,0,2026-09-09,Fidesic,no,no,"Payment behavior directly affects cash flow, supplier relationships, and access to...",Article/Link,1,0,0,,
2026-09-10,0,2026-09-09,Fidesic,no,no,Fidesic has been named Best Of AP Automation Tools for Dynamics ERP in 2026 by ERP...,Article/Link,7,0,1,,
2026-09-10,0,2026-09-09,Fidesic,no,no,"""Discipline in accounts payable is discipline in cash flow."" #WednesdayWisdom #APTeam",Image,0,0,0,,
2026-09-10,0,2026-09-09,Fidesic,no,no,This post removes some of the fear around GP end of support and offers practical...,Article/Link,2,0,0,,
2026-09-10,0,2026-09-09,Fidesic,no,no,It's comin' up quick! Looking forward to seeing everyone in Nashville for...,Image,6,2,1,,
2026-09-10,0,2026-09-09,Fidesic,no,no,Fidesic is continually renewing focus on building trust in the Dynamics Community...,Text,1,0,0,,
2026-09-10,0,2026-09-09,Fidesic,no,no,"Unsurprisingly, not all AI projects are a success. At Fidesic, we mitigate your risk...",Image,1,0,0,,
2026-09-10,0,2026-09-09,Fidesic,no,no,"Fidesic has been recognized as a High Performer on G2, and the team could not be...",Article/Link,1,0,0,,
2026-09-10,0,2026-09-09,Fidesic,no,no,"This post covers what BC handles natively for PO matching and AP automation, where...",Article/Link,0,0,0,,
2026-09-10,0,2026-09-09,Fidesic,no,no,Is running accounts payable out of Business Central missing something? AP getting in...,Article/Link,3,0,0,,
2026-09-10,0,2026-09-09,Fidesic,no,no,Still on Dynamics GP? Fidesic has deployable AI agents for your Accounts Payable...,Video,7,3,0,,
2026-09-10,0,2026-09-09,Fidesic,no,no,Kevin Pritchard talks about why we're pumped to part of Knights of GP and what that...,Video,17,8,2,,
2026-09-10,0,2026-09-09,Fidesic,no,no,"Fidesic delivers value beyond AP automation. Don't get us wrong, our software is the...",Video,6,1,1,,
2026-09-10,0,2026-09-09,Fidesic,no,no,"Fidesic has officially joined Knights of GP, and we could not be more excited about...",Image,17,2,3,,
2026-09-10,0,2026-09-09,Fidesic,no,no,Ninety-five percent (95%) of enterprise generative AI pilots fail to deliver any...,Video,9,1,2,,
2026-09-10,0,2026-09-09,Fidesic,no,no,Last day of Directions NA. Last Fidesic Yeti tumbler! Who's going to get it?...,Image,5,0,1,,
2026-09-10,0,2026-09-09,Fidesic,no,no,Attending Directions NA? Stop by booth E14 and pick up some cozy socks!...,Image,2,0,0,,
2026-09-10,0,2026-09-09,Fidesic,no,no,Remittance vs. Bank Transfer: Key Differences. These two terms are sometimes used...,Image,0,0,0,,
2026-09-10,0,2026-09-09,Fidesic,no,no,"""Every invoice tells a story. Make sure yours check out."" #WednesdayWisdom #AP",Image,0,0,0,,
2026-09-10,0,2026-09-09,Fidesic,no,no,Fidesic has been named Best Of AP Automation Tools for Dynamics ERP in 2026 by ERP...,Article/Link,7,0,1,,
2026-09-10,0,2026-09-09,Fidesic,no,no,Fidesic is the strongest AP automation choice for organizations running Microsoft...,Article/Link,0,0,0,,
2026-09-10,0,2026-09-09,Fidesic,no,no,There is no secret path to a frictionless ERP migration. But having the right AP...,Text,2,1,0,,
2026-09-10,0,2026-09-09,Fidesic,no,no,In this post we are going to assume that you know the pain points of manual paper...,Article/Link,0,0,0,,
2026-09-10,0,2026-09-09,Fidesic,no,no,The right AP automation software enables small accounting departments to manage...,Article/Link,2,0,0,,
2026-09-10,0,2026-09-09,Fidesic,no,no,Accounts Payable Stats Worth Watching in 2026. Do these numbers hold any interest...,Document/carousel,2,1,1,,
2026-09-10,0,2026-09-09,Fidesic,no,no,"I'm a little late to the Linkedin party on this one, but I did want to recap my time...",Image,35,5,1,,
2026-09-10,0,2026-09-09,Fidesic,no,no,Who to see at #DirectionsNA? Here's 4 ideas: -Data Courage for advanced analytics...,Image,55,3,1,,
2026-09-10,0,2026-09-09,Fidesic,no,no,Trying to decide what your next ERP platform will be after Microsoft Dynamics GP?...,Image,4,0,1,,
2026-09-10,0,2026-09-09,Fidesic,no,no,Stop by the booth and say Hi! Booth E14. #MyDirectionsNA #BusinessCentral,Image,18,0,2,,
2026-09-10,0,2026-09-09,Fidesic,no,no,"Trust isn't something you can claim. It's something you have to earn, over and over,...",Article/Link,0,0,0,,
2026-09-10,0,2026-09-09,Fidesic,no,no,"For startups/SMBs seeking a fully managed AP process w/ minimal internal work,...",Image,3,0,0,,
2026-09-10,0,2026-09-09,Fidesic,no,no,It's hard to believe we are almost two weeks away from #DirectionsNA. I'm looking...,Image,21,3,1,,
2026-09-10,0,2026-09-09,Fidesic,no,no,"If you are wondering how to set up your purchase order matching, keep in mind, most...",Article/Link,1,0,0,,
2026-09-10,0,2026-09-09,Fidesic,no,no,Modern AI-based invoice capture uses machine learning models trained on millions of...,Article/Link,0,0,0,,
2026-09-10,0,2026-09-09,Fidesic,no,no,Fidesic is the strongest AP automation choice for organizations running Microsoft...,Article/Link,1,0,0,,
2026-09-10,0,2026-09-09,Fidesic,no,no,What separates a successful agentic accounting project from one that fails to...,Image,1,0,0,,
2026-09-10,0,2026-09-09,Fidesic,no,no,#FunFactFriday ACH is the largest single B2B payment method by transaction value and...,Image,1,0,0,,
2026-09-10,0,2026-09-09,Fidesic,no,no,Let's talk about something that's been hiding in plain sight in Dynamics GP that...,Article/Link,0,0,0,,
2026-09-10,0,2026-09-09,Fidesic,no,no,Some strategies sit firmly within AP's direct control. These include capturing early...,Image,0,0,0,,
2026-09-10,0,2026-09-09,Tipalti,no,no,"Arthur Laykin studied philosophy at Tel Aviv University, took a part-time job at the...",Image,2,0,0,,
2026-09-10,0,2026-09-09,Tipalti,no,no,Scaling globally exposes every crack in your financial infrastructure before it...,Image,2,0,0,,
2026-09-10,0,2026-09-09,Tipalti,no,no,Chasing down W-9s is nobody's idea of a good time. Tipalti's Tax Form Scan Agent...,Image,3,0,0,,
2026-09-10,0,2026-09-09,Tipalti,no,no,Take us out to the ball game! The Tipalti Foster City team gathered their popcorn...,Image,76,4,3,,
2026-09-10,0,2026-09-09,Tipalti,no,no,"The Tipalti team was at the World Finance Forum in London this week. Travis Hughson,...",Image,49,2,1,,
2026-09-10,0,2026-09-09,Tipalti,no,no,"Our E-commerce playbook is here! As E-commerce grows, AP complexity grows with it...",Image,4,1,0,,
2026-09-10,0,2026-09-09,Tipalti,no,no,"Custom Ink was processing 1,260 invoices a month across four entities with a team...",Document/carousel,6,0,0,,
2026-09-10,0,2026-09-09,Tipalti,no,no,Getting buy-in for finance automation is harder than it should be. We've created a...,Video,8,1,1,,
2026-09-10,0,2026-09-09,Tipalti,no,no,"Tipalti Expenses automates approvals, reconciliation, and reimbursements to simplify...",Text,4,0,0,,
2026-09-10,0,2026-09-09,Tipalti,no,no,League One Volleyball (LOVB) felt stuck with their legacy system. They needed...,Document/carousel,3,1,1,,
2026-09-10,0,2026-09-09,Tipalti,no,no,"Who enjoys PO matching? It's arduous, leads to bottlenecks, and any matching errors...",Image,14,0,1,,
2026-09-10,0,2026-09-09,Tipalti,no,no,Do you know what a sunny Summer day in Vancouver calls for? A team picnic on the...,Image,98,8,3,,
2026-09-10,0,2026-09-09,Tipalti,no,no,"Before he was a product manager, Yacov Gorovoy was a lawyer. He never coded. When a...",Image,41,3,0,,
2026-09-10,0,2026-09-09,Tipalti,no,no,"20 weeks of AP work, eliminated. Every year. That's what happened when Centerfield...",Document/carousel,7,0,1,,
2026-09-10,0,2026-09-09,Tipalti,no,no,Tipalti has officially been named to the Inc. 5000 list for nine consecutive years...,Image,190,4,3,,
2026-09-10,0,2026-09-09,Tipalti,no,no,The trouble with global growth begins when you add country number 2. Now you have to...,Video,3,2,0,,
2026-09-10,0,2026-09-09,Tipalti,no,no,"A company needs to pay a supplier in Germany, a creator in Brazil, and a contractor...",Image,5,2,1,,
2026-09-10,0,2026-09-09,Tipalti,no,no,Great engineering leadership isn't just about technical expertise; it's about...,Image,4,1,1,,
2026-09-10,0,2026-09-09,Tipalti,no,no,"When Prodege's partner network grew, so did the operational complexity behind every...",Video,12,1,0,,
2026-09-10,0,2026-09-09,Tipalti,no,no,"AI is no longer a ""someday"" conversation in finance. It's a ""now"" conversation. In...",Image,17,0,0,,
2026-09-10,0,2026-09-09,Tipalti,no,no,"Hear directly from finance leaders at AG1, Lantern Community Services, and Lendable...",Video,10,0,0,,
2026-09-10,0,2026-09-09,Tipalti,no,no,New from the Tipalti Product Team. Most product teams assume you need an...,Image,101,5,0,,
2026-09-10,0,2026-09-09,Tipalti,no,no,What does it actually take to build financial infrastructure for a company scaling...,Image,7,0,0,,
2026-09-10,0,2026-09-09,Tipalti,no,no,"David Fractor, CFO at ImaginAb, has spent seven years building a finance function...",Image,9,0,0,,
2026-09-10,0,2026-09-09,Tipalti,no,no,"The Tipalti C-Suite were in Vancouver last week for their executive QBR, and they...",Image,128,3,2,,
2026-09-10,0,2026-09-09,Tipalti,no,no,Tipalti Mass Payments manages the full payout lifecycle in one platform: payee...,Text,22,0,2,,
2026-09-10,0,2026-09-09,Tipalti,no,no,Technology alone won't make finance more scalable. The biggest gains come from...,Image,7,0,0,,
2026-09-10,0,2026-09-09,Tipalti,no,no,We are thrilled to share that Tipalti has been named to the Inc. 5000 list for the...,Image,51,1,9,,
2026-09-10,0,2026-09-09,Tipalti,no,no,Most finance teams using AI today are using it as a faster way to do things they...,Article/Link,31,0,0,,
2026-09-10,0,2026-09-09,Tipalti,no,no,Tipalti Accounts Payable connects the full AP lifecycle in one system: invoice...,Text,7,0,0,,
2026-09-10,0,2026-09-09,Tipalti,no,no,"In his latest for the Forbes Tech Council, Tipalti CPTO Roby Baruch discusses how AI...",Article/Link,1,0,0,,
2026-09-10,0,2026-09-09,Tipalti,no,no,Skillshare has 5 million members and a global network of instructors and influencers...,Document/carousel,12,0,0,,
2026-09-10,0,2026-09-09,Tipalti,no,no,I'm excited to share that Tipalti has been named on CNBC's World's Top FinTech...,Image,52,2,6,,
2026-09-10,0,2026-09-09,Tipalti,no,no,"A hypothetical about manual processes. A vendor submits the same invoice twice,...",Text,6,1,0,,
2026-09-10,0,2026-09-09,Tipalti,no,no,Ask any finance team that's made the switch to automation what they regret. It's...,Text,2,0,0,,
2026-09-10,0,2026-09-09,Tipalti,no,no,"Paying 50 payees is a task. Paying 5,000 requires a system. Tipalti is that system.",Text,15,0,2,,
2026-09-10,0,2026-09-09,Tipalti,no,no,Adding a new country doesn't add one new problem. It adds several at once:...,Video,8,0,1,,
2026-09-10,0,2026-09-09,Tipalti,no,no,81% of organizations say their external partner networks are vital to business...,Video,7,0,1,,
2026-09-10,0,2026-09-09,Tipalti,no,no,"Even the best partner programs lose talent when payments are slow, complicated, or...",Video,8,1,1,,
2026-09-10,0,2026-09-09,Tipalti,no,no,The Tipalti team is heading to Minneapolis for the Dynamics Community Summit...,Video,6,0,0,,
2026-09-10,0,2026-09-09,Tipalti,no,no,"Today, Tipalti's US offices are closed in observance of Juneteenth - a day that...",Image,37,1,1,,
2026-09-10,0,2026-09-09,Tipalti,no,no,We had a great time at the #WorldFinanceForum in Amsterdam this week. The team...,Image,47,2,1,,
2026-09-10,0,2026-09-09,Tipalti,no,no,Manual payment processes don't scale. They just create more manual payments.,Text,10,0,0,,
2026-09-10,0,2026-09-09,Tipalti,no,no,The finance function is being asked to operate at a higher level. The problem is the...,Video,41,0,1,,
2026-09-10,0,2026-09-09,Tipalti,no,no,"At some point, 'this is how we've always done it' stops being a reason and starts...",Text,3,0,0,,
2026-09-10,0,2026-09-09,Tipalti,no,no,NEW RESEARCH: The payout infrastructure gap is costing businesses their top...,Video,24,0,3,,
2026-09-10,0,2026-09-09,Tipalti,no,no,We were proud to sponsor the Spring 2026 CFO Leadership Conference in Boston last...,Image,82,6,3,,
2026-09-10,0,2026-09-09,Tipalti,no,no,We're on the floor at Affiliate Summit East in New York today and tomorrow. If...,Video,9,0,0,,
2026-09-10,0,2026-09-09,Tipalti,no,no,Global payouts shouldn't require a global headache.,Text,3,0,0,,
2026-09-10,0,2026-09-09,Tipalti,no,no,"Tipalti is heading to Affiliate Summit East in New York, July 27-28. If your team is...",Video,7,0,1,,
2026-09-10,0,2026-09-09,Stampli,no,no,"When leaders have room to grow, their teams can grow with them...",Image,4,0,0,,
2026-09-10,0,2026-09-09,Stampli,no,no,An employee swipes a company card. Another pays out of pocket. Someone submits...,Article/Link,15,0,6,,
2026-09-10,0,2026-09-09,Stampli,no,no,OpenAI published a story last week about how our team at Stampli used ChatGPT for...,Article/Link,18,2,3,,
2026-09-10,0,2026-09-09,Stampli,no,no,Answering a good finance question shouldn't require a costly project. Stampli Deep...,Video,44,7,10,,
2026-09-10,0,2026-09-09,Stampli,no,no,Month-end problems rarely begin at month-end. For Advance...,Image,17,0,7,,
2026-09-10,0,2026-09-09,Stampli,no,no,Business leaders always have questions. They just don't ask all of them because...,Video,47,5,5,,
2026-09-10,0,2026-09-09,Stampli,no,no,"In finance, efficiency only matters if you can improve it without giving up control...",Article/Link,4,0,2,,
2026-09-10,0,2026-09-09,Stampli,no,no,Anyone who's launched a product knows the hard part isn't just one thing. When we...,Article/Link,26,2,13,,
2026-09-10,0,2026-09-09,Stampli,no,no,"At Quincy Recycle, connecting Procurement and AP brought clarity to daily work and...",Image,25,0,7,,
2026-09-10,0,2026-09-09,Stampli,no,no,"An invoice in manufacturing is rarely just that. There's usually a PO, a receipt, a...",Article/Link,3,0,0,,
2026-09-10,0,2026-09-09,Stampli,no,no,Finance teams don't run out of good questions. They run out of practical ways to get...,Document/carousel,32,0,12,,
2026-09-10,0,2026-09-09,Stampli,no,no,"""It's allowed basically a one-person team to do the work of a team of four or five.""...",Video,0,0,0,,
2026-09-10,0,2026-09-09,Stampli,no,no,Finance teams don't run out of useful questions. They run out of practical ways to...,Article/Link,22,1,6,,
2026-09-10,0,2026-09-09,Stampli,no,no,Every vendor relationship carries a set of important commitments. For business...,Article/Link,12,0,4,,
2026-09-10,0,2026-09-09,Stampli,no,no,"From 10 locations to more than 50, America's Group built a finance operation...",Article/Link,19,0,8,,
2026-09-10,0,2026-09-09,Stampli,no,no,"71 locations. 1,000+ monthly invoices. A two-person AP team. For Advance Financial,...",Article/Link,14,0,1,,
2026-09-10,0,2026-09-09,Stampli,no,no,We had a great time at the Nashville career fair meeting people excited about the...,Image,44,1,5,,
2026-09-10,0,2026-09-09,Stampli,no,no,Procure-to-pay breaks down fast when teams work across disconnected tools. Stampli...,Article/Link,11,0,5,,
2026-09-10,0,2026-09-09,Stampli,no,no,I spent ten years as an accountant before I ever touched marketing. So when OpenAI...,Video,63,3,5,,
2026-09-10,0,2026-09-09,Stampli,no,no,We're about to see the death of the dashboard. Here's why they'll get replaced by...,Image,83,8,23,,
2026-09-10,0,2026-09-09,Stampli,no,no,Finance leaders do not need a lesson in prompting. They need better data to prompt...,Article/Link,6,0,1,,
2026-09-10,0,2026-09-09,Stampli,no,no,New software shouldn't take years to deliver value. Stampli has the fastest...,Image,36,1,14,,
2026-09-10,0,2026-09-09,Stampli,no,no,Ask your agentic financial analyst anything. Get consultant-grade intelligence about...,Video,39,0,22,,
2026-09-10,0,2026-09-09,Stampli,no,no,"What changes when finance teams can analyze data in ways that used to be slow,...",Article/Link,13,0,1,,
2026-09-10,0,2026-09-09,Stampli,no,no,Accounts Payable is where Procure-to-Pay either works or breaks. In G2's Summer 2026...,Article/Link,18,0,6,,
2026-09-10,0,2026-09-09,Stampli,no,no,"Vendor renewal coming up? A lot can change since the last contract. Spend patterns,...",Article/Link,12,1,4,,
2026-09-10,0,2026-09-09,Stampli,no,no,"""Those little clicks add up. When you're doing that a thousand times a day, it...",Video,25,0,10,,
2026-09-10,0,2026-09-09,Stampli,no,no,Strong customer feedback on real value for finance teams to create one connected P2P...,Article/Link,37,1,16,,
2026-09-10,0,2026-09-09,Stampli,no,no,Finance teams don't run out of useful questions. They run out of practical ways to...,Article/Link,22,1,6,,
2026-09-10,0,2026-09-09,Stampli,no,no,NetSuite 3-way matching often breaks on one missing piece: the item receipt. When...,Article/Link,9,0,2,,
2026-09-10,0,2026-09-09,Stampli,no,no,ACH risks don't start at the bank portal. They often start earlier. A vendor bank...,Article/Link,17,3,7,,
2026-09-10,0,2026-09-09,Stampli,no,no,Your team is addicted to corporate card swipes and free trials they forget to...,Image,9,0,0,,
2026-09-10,0,2026-09-09,Stampli,no,no,Finance professionals paired with the right platform turn complexity into a scalable...,Image,11,0,3,,
2026-09-10,0,2026-09-09,Stampli,no,no,"Built to scale your business, not your headcount. Stampli's AI performs an average...",Article/Link,25,0,11,,
2026-09-10,0,2026-09-09,Stampli,no,no,Saving time at every step of the P2P process with one unified system built for the...,Video,25,0,11,,
2026-09-10,0,2026-09-09,Stampli,no,no,"Vendor concentration risk is hiding in your AP data. With Stampli Deep Finance, you...",Article/Link,11,0,1,,
2026-09-10,0,2026-09-09,Stampli,no,no,Day 1 of #SageFuture in the books. Partner day was fantastic. Got to connect with...,Image,91,1,5,,
2026-09-10,0,2026-09-09,Stampli,no,no,The Ollie team went from hours a day leashing wild invoices to just minutes with...,Video,23,0,5,,
2026-09-10,0,2026-09-09,Stampli,no,no,Yes... it really is easier than endless approvals hidden in email threads. Not just...,Video,14,0,5,,
2026-09-10,0,2026-09-09,Stampli,no,no,Budget variance usually doesn't start with one big decision. It builds quietly...,Article/Link,7,0,2,,
2026-09-10,0,2026-09-09,Stampli,no,no,The data moving through finance systems holds a story that teams never see. Stampli...,Article/Link,25,1,6,,
2026-09-10,0,2026-09-09,Stampli,no,no,The most valuable signals in finance are buried in places traditional BI can't...,Video,52,2,6,,
2026-09-10,0,2026-09-09,Stampli,no,no,We're launching something big: an agentic financial analyst you can ask anything...,Video,148,3,21,,
2026-09-10,0,2026-09-09,Stampli,no,no,Stampli Deep Finance transforms raw finance data into executive spend intelligence...,Article/Link,46,2,29,,
2026-09-10,0,2026-09-09,Stampli,no,no,"Instead of hiring more AP staff with every acquisition, America's Group automated...",Article/Link,14,0,6,,
2026-09-10,0,2026-09-09,Stampli,no,no,"No matter your ERP, Stampli fits right in. For America's Auto Auction, that's...",Article/Link,17,0,9,,
2026-09-10,0,2026-09-09,Stampli,no,no,Market stories become clearer when they show up in operational spend. Josh...,Video,11,1,4,,
2026-09-10,0,2026-09-09,Stampli,no,no,"Corporate cards don't have to mean losing control of spend. With the right controls,...",Article/Link,17,0,5,,
2026-09-10,0,2026-09-09,Stampli,no,no,We're grateful for all our customers. Even more grateful for those who share their...,Article/Link,65,0,35,,
2026-09-10,0,2026-09-09,Stampli,no,no,"As finance teams look toward 2026, AI is everywhere, but real impact is uneven. In...",Article/Link,40,0,7,,
2026-09-10,1,2026-09-09,Continia Software,yes,no,"Thank you, Days of Knowledge ANZ It's a wrap on two...",Image,83,0,0,,
2026-09-10,1,2026-09-09,Continia Software,yes,no,Protecting the world's water shouldn't mean...,Image,17,0,2,,
2026-09-10,1,2026-09-09,Continia Software,yes,no,It's about time... we found out who's faster...,Image,98,0,0,,
2026-09-10,1,2026-09-09,Continia Software,yes,no,It's about time you stopped doing these 5...,Document/carousel,36,2,1,,
2026-09-10,1,2026-09-09,Continia Software,yes,no,12 free features your Business Central setup...,Document/carousel,41,0,5,,
2026-09-10,1,2026-09-09,Continia Software,yes,no,We've got room left on the team! If the summer break...,Document/carousel,34,0,4,,
2026-09-10,1,2026-09-09,Continia Software,yes,no,We're back from a great DynamicsCon in Ghana...,Image,63,2,2,,
2026-09-10,1,2026-09-09,Continia Software,yes,no,"More than 1,000 active Continia solutions Our...",Image,119,1,8,,
2026-09-10,1,2026-09-09,Continia Software,yes,no,Submitting expenses just got even easier! These...,Document/carousel,37,5,8,,
2026-09-10,1,2026-09-09,Continia Software,yes,no,It's about time... for an ice-cream break! It's...,Image,70,1,0,,
2026-09-10,1,2026-09-09,Continia Software,yes,no,"Our biggest team meetup yet Last week, we brought our...",Image,243,4,6,,
2026-09-10,1,2026-09-09,Continia Software,yes,no,The Elevate tour continues - this time in...,Image,71,1,0,,
2026-09-10,1,2026-09-09,Continia Software,yes,no,"It's about time... we cycled to work In May, the...",Image,69,1,0,,
2026-09-10,1,2026-09-09,Continia Software,yes,no,250 Continia-losninger er en god grund til...,Image,70,1,2,,
2026-09-10,1,2026-09-09,Continia Software,yes,no,Thanks for a great time at DynamicsMinds! It's...,Image,93,2,0,,
2026-09-10,1,2026-09-09,Continia Software,yes,no,Continia is growing - swipe to find your next...,Document/carousel,42,0,0,,
2026-09-10,1,2026-09-09,Continia Software,yes,no,That's a wrap on Directions ASIA A big thank you to...,Image,59,0,0,,
2026-09-10,1,2026-09-09,Continia Software,yes,no,Is your Accounts Receivable setup as...,Document/carousel,39,0,0,,
2026-09-10,1,2026-09-09,Continia Software,yes,no,Celebrating our very own Microsoft MVP Last week...,Image,217,17,1,,
2026-09-10,1,2026-09-09,Continia Software,yes,no,25 ars samarbejde og +500 aktive...,Image,75,2,2,,
2026-09-10,1,2026-09-09,Continia Software,yes,no,Celebrating the first release of 2026 2026 R1 is...,Image,80,0,1,,
2026-09-10,1,2026-09-09,Continia Software,yes,no,Your e-invoicing data is only as safe as your...,Image,28,0,3,,
2026-09-10,1,2026-09-09,Continia Software,yes,no,"Hopping into Easter... This week, a little Easter surprise made...",Image,61,0,2,,
2026-09-10,1,2026-09-09,Continia Software,yes,no,"Happy birthday to our CEO! Last week, we celebrated a...",Image,208,20,0,,
2026-09-10,1,2026-09-09,Continia Software,yes,no,Get a first look at 2026 R1! Continia's first release of the...,Document/carousel,31,0,3,,
2026-09-10,1,2026-09-09,Continia Software,yes,no,Your BC setup is almost there. Why not upgrade...,Video,34,0,4,,
2026-09-10,1,2026-09-09,Continia Software,yes,no,Vi fejrer +500 implementerede...,Image,77,0,3,,
2026-09-10,1,2026-09-09,Continia Software,yes,no,Where to meet Continia this spring and...,Document/carousel,34,0,3,,
2026-09-10,1,2026-09-09,Continia Software,yes,no,Lap times (almost) as quick as our invoice...,Image,53,0,1,,
2026-09-10,1,2026-09-09,Continia Software,yes,no,Every AP automation pitch this year sounds...,Image,21,0,2,,
2026-09-10,1,2026-09-09,Continia Software,yes,no,"Same Monday, two very different workdays It's...",Image,30,0,1,,
2026-09-10,1,2026-09-09,Continia Software,yes,no,Tak for to laererige dage pa Hindsgavl Slot Aret er kommet godt fra start for...,Image,107,3,4,,
2026-09-10,1,2026-09-09,Continia Software,yes,no,How far is your business in adopting...,Poll,10,2,2,,
2026-09-10,1,2026-09-09,Continia Software,yes,no,2026 R1: A big step forward for AR automation...,Video,84,2,6,,
2026-09-10,1,2026-09-09,Continia Software,yes,no,Getting ready for ViDA? Don't leave it until the last-minute...,Document/carousel,14,2,0,,
2026-09-10,1,2026-09-09,Continia Software,yes,no,The office is quiet. Why not spend the summer...,Image,23,0,0,,
2026-09-10,1,2026-09-09,Continia Software,yes,no,It's a wrap: Our biggest Company Day yet! Last...,Image,121,4,3,,
2026-09-10,1,2026-09-09,Continia Software,yes,no,If you could remove one repetitive task from...,Document/carousel,32,5,5,,
2026-09-10,1,2026-09-09,Continia Software,yes,no,Separate accounts-but it's one relationship...,Image,33,1,5,,
2026-09-10,1,2026-09-09,Continia Software,yes,no,Du er inviteret: Kom med til danske webinarer...,Document/carousel,24,0,1,,
2026-09-10,1,2026-09-09,Continia Software,yes,no,Where does your time go? Finance teams spend countless hours...,Poll,12,0,1,,
2026-09-10,1,2026-09-09,Continia Software,yes,no,Thank you for a fantastic Directions EMEA!...,Image,212,8,6,,
2026-09-10,1,2026-09-09,Continia Software,yes,no,"Continia Elevate comes to France! Today, we have the...",Image,82,1,5,,
2026-09-10,1,2026-09-09,Continia Software,yes,no,"Prost to the second release of 2025! Last week,...",Image,137,0,6,,
2026-09-10,1,2026-09-09,Continia Software,yes,no,Celebrating steady growth We're proud to share that...,Image,173,2,4,,
2026-09-10,1,2026-09-09,Continia Software,yes,no,We're investing in future talent There's no doubt that...,Image,97,1,4,,
2026-09-10,1,2026-09-09,Continia Software,yes,no,We're at the E-Invoicing Summit in Vienna! At...,Image,47,0,3,,
2026-09-10,1,2026-09-09,Continia Software,yes,no,Happy Holidays from all of us at Continia! As...,Video,64,0,0,,
2026-09-10,1,2026-09-09,Continia Software,yes,no,"See Continia in action, at your own pace Curious...",Image,36,1,4,,
2026-09-10,1,2026-09-09,Continia Software,yes,no,On the road for work? Mileage reporting...,Video,21,0,1,,
2026-09-10,1,2026-09-09,Truvio,no,no,"Today, developers from across our partner community have taken over Aarhus for the...",Image,21,0,0,,
2026-09-10,1,2026-09-09,Truvio,no,no,En hel dag vaek fra indbakken skal vaere tiden vaerd. Derfor har vi sammen med...,Image,16,0,2,,
2026-09-10,1,2026-09-09,Truvio,no,no,"For St Vincent de Paul Society NSW, modernising Accounts Payable meant more than...",Image,22,1,5,,
2026-09-10,1,2026-09-09,Truvio,no,no,Day 1 at Days of Knowledge - ANZ is well underway! We've just wrapped up our...,Image,22,0,5,,
2026-09-10,1,2026-09-09,Truvio,no,no,"Your AP dashboard might say ""automated."" Your AP team might tell a different story...",Image,13,0,2,,
2026-09-10,1,2026-09-09,Truvio,no,no,Remember when waiting was just part of the process? Waiting on approvals. Tracking...,Image,16,0,2,,
2026-09-10,1,2026-09-09,Truvio,no,no,"How do you manage more than 200,000 products across your own webshop and a growing...",Image,13,0,1,,
2026-09-10,1,2026-09-09,Truvio,no,no,"November 14, 2026. From that date, SWIFT CBPR+ will no longer accept cross-border...",Image,11,0,1,,
2026-09-10,1,2026-09-09,Truvio,no,no,"Great start to Days of Knowledge ANZ! Today, David Williams, GAICD. and I had the...",Image,66,4,2,,
2026-09-10,1,2026-09-09,Truvio,no,no,B2B-kunder begynder ikke nodvendigvis deres kobsrejse pa jeres webshop. De soger...,Image,10,2,0,,
2026-09-10,1,2026-09-09,Truvio,no,no,Invoice capture is only one part of accounts payable automation. What happens when...,Image,35,2,6,,
2026-09-10,1,2026-09-09,Truvio,no,no,"Running, walking and cheering each other on. This week, colleagues from our...",Image,78,0,1,,
2026-09-10,1,2026-09-09,Truvio,no,no,4 minutes versus 17 minutes per invoice. That was the difference measured between...,Video,16,0,3,,
2026-09-10,1,2026-09-09,Truvio,no,no,One last conversation before we officially close out summer. We're wrapping up...,Image,15,0,3,,
2026-09-10,1,2026-09-09,Truvio,no,no,"AI er allerede ved at aendre den made, B2B-kunder finder, sammenligner og vaelger...",Image,15,0,1,,
2026-09-10,1,2026-09-09,Truvio,no,no,The Commerce Product Brief is already next week. Our Product Managers are putting...,Image,17,0,5,,
2026-09-10,1,2026-09-09,Truvio,no,no,Nine steps. Zero manual touchpoints. That's what an automated payment lifecycle in...,Image,16,0,3,,
2026-09-10,1,2026-09-09,Truvio,no,no,A little sneak peek at what's coming next to Truvio Talks... We're not done with...,Image,19,0,4,,
2026-09-10,1,2026-09-09,Truvio,no,no,"When you're in the middle of a complex ERP transformation, a smooth implementation...",Image,18,0,0,,
2026-09-10,1,2026-09-09,Truvio,no,no,"Vi glaeder os til at vaere med, nar Computerworld Events saetter fokus pa vejen videre...",Image,22,0,1,,
2026-09-10,1,2026-09-09,Truvio,no,no,Hylke Britstra is taking the stage at Directions for Enterprise 2026 in Copenhagen...,Image,27,0,2,,
2026-09-10,1,2026-09-09,Truvio,no,no,"Summer isn't over yet, and neither is your chance to win! The Truvio Talks Summer...",Image,16,0,5,,
2026-09-10,1,2026-09-09,Truvio,no,no,Ready to shorten your order-to-cash cycle? Join us on August 13th to see how the...,Event,11,0,4,,
2026-09-10,1,2026-09-09,Truvio,no,no,We're excited to share that Truvio is a Gold Sponsor at Days of Knowledge - ANZ...,Image,19,0,3,,
2026-09-10,1,2026-09-09,Truvio,no,no,"Manual payments cost more than money. Every file upload, spreadsheet update, and...",Image,26,0,5,,
2026-09-10,1,2026-09-09,Truvio,no,no,Finance teams shouldn't have to spend their day chasing information. When...,Event,20,0,9,,
2026-09-10,1,2026-09-09,Truvio,no,no,Ready for a vacation... but worried your finance operations might not be? If your...,Event,22,0,6,,
2026-09-10,1,2026-09-09,Truvio,no,no,Less than one month to go until Truvio Commerce Partner Days 2026! On September...,Image,27,0,2,,
2026-09-10,1,2026-09-09,Truvio,no,no,"Tomorrow, new EU packaging rules begin to apply. From 12th of August, 2026, the...",Image,16,0,7,,
2026-09-10,1,2026-09-09,Truvio,no,no,"I am looking forward to this non-product-oriented, business-focused discussion with...",Image,8,0,2,,
2026-09-10,1,2026-09-09,Truvio,no,no,"Last week, we attended Forretning Online in Aarhus, Denmark - a full-day conference...",Image,34,2,3,,
2026-09-10,1,2026-09-09,Truvio,no,no,"When customers need a spare part, finding the right one should be simple - even when...",Video,27,0,8,,
2026-09-10,1,2026-09-09,Truvio,no,no,"Fraud risk is hiding in everyday finance workflows - emailed invoices, manual entry,...",Event,13,0,2,,
2026-09-10,1,2026-09-09,Truvio,no,no,Only 2 more days until the next episode of Truvio Talks! Vacation season has a...,Event,3,0,0,,
2026-09-10,1,2026-09-09,Truvio,no,no,This clip is just a glimpse into tomorrow's conversation. Join Chris Robbins...,Video,10,0,0,,
2026-09-10,1,2026-09-09,Truvio,no,no,"The numbers don't lie - B2B eCommerce is reshaping how manufacturers, distributors,...",Event,16,0,6,,
2026-09-10,1,2026-09-09,Truvio,no,no,Work Like You're on Vacation... and you might just win the ultimate summer prize...,Video,38,0,6,,
2026-09-10,1,2026-09-09,Truvio,no,no,"A full day of B2B eCommerce, product data, PIM, AI, and digital sales in Aarhus,...",Image,71,3,1,,
2026-09-10,1,2026-09-09,Truvio,no,no,Holiday reading doesn't have to be fiction. If you're looking for something...,Video,13,0,1,,
2026-09-10,1,2026-09-09,Truvio,no,no,"DynamicsMinds 2026. Between arcade game battles in our booth, packed sessions,...",Image,74,4,6,,
2026-09-10,1,2026-09-09,Truvio,no,no,"A great start to Truvio Commerce Customer Day in Aarhus! Today, we're gathered at...",Image,88,3,3,,
2026-09-10,1,2026-09-09,Truvio,no,no,Sidste chance for at tilmelde dig Truvio Commerce Customer Day 2026! I morgen samles...,Image,38,2,4,,
2026-09-10,1,2026-09-09,Truvio,no,no,How dependent is your business on the people who keep your ERP running? If that...,Video,13,0,3,,
2026-09-10,1,2026-09-09,Truvio,no,no,Greetings from a very sunny Portoroz! We're at DynamicsMinds kicking off day 2...,Image,105,3,1,,
2026-09-10,1,2026-09-09,Truvio,no,no,Finance teams don't need more AI for the sake of AI. They need better ways to...,Video,23,0,4,,
2026-09-10,1,2026-09-09,Truvio,no,no,"Early bird pricing for Truvio Commerce Partner Days 2026 ends tomorrow, July 15...",Video,19,0,3,,
2026-09-10,1,2026-09-09,Truvio,no,no,"This week, we're hosting two APJ Partner Training sessions for D365 F&O partners...",Image,14,0,3,,
2026-09-10,1,2026-09-09,Truvio,no,no,"How does a manufacturer with 40,000+ spare parts give 60 global dealers 24/7...",Event,15,1,10,,
2026-09-10,1,2026-09-09,Truvio,no,no,"We're live at DYNAfair in Dortmund, Germany! The Truvio team is on the floor and...",Image,62,4,3,,
2026-09-10,1,2026-09-09,Truvio,no,no,ERP success is rarely driven by a single vendor. The most successful Microsoft...,Event,21,3,3,,
2026-09-10,1,2026-09-09,Equisys,no,no,Whether you're just starting to consider a change to your processes or actively...,Image,1,0,3,,
2026-09-10,1,2026-09-09,Equisys,no,no,Join us as our panel of product experts and support specialists answer your Zetadocs...,Image,2,0,3,,
2026-09-10,1,2026-09-09,Equisys,no,no,"Our Implementation Services help Business Central partners deliver faster, smoother...",Image,4,0,3,,
2026-09-10,1,2026-09-09,Equisys,no,no,Missed our recent webinar? Catch up now! Discover the best AP automation solution...,Video,5,0,2,,
2026-09-10,1,2026-09-09,Equisys,no,no,"Manage your documents more effectively, rather than just storing them in a...",Image,3,0,4,,
2026-09-10,1,2026-09-09,Equisys,no,no,This month we're celebrating 15 years of the Equisys blog! Here's some of the...,Document/carousel,3,0,1,,
2026-09-10,1,2026-09-09,Equisys,no,no,Looking forward to being part of this great event!,Image,1,0,0,,
2026-09-10,1,2026-09-09,Equisys,no,no,Cut costs without compromising control. Discover how AP automation reduces invoice...,Image,4,0,2,,
2026-09-10,1,2026-09-09,Equisys,no,no,"With Zetadocs, you can drag and drop supporting documents against a journal entry in...",Image,4,1,2,,
2026-09-10,1,2026-09-09,Equisys,no,no,"We're just a few hours away from our webinar, 'Discover THE BEST AP Automation...",Image,0,0,1,,
2026-09-10,1,2026-09-09,Equisys,no,no,The future of accounts payable is automated. Explore expert perspectives on how AI...,Article/Link,2,0,0,,
2026-09-10,1,2026-09-09,Equisys,no,no,There's less than 24 hours left to register for our webinar - 'Discover THE BEST AP...,Image,2,0,3,,
2026-09-10,1,2026-09-09,Equisys,no,no,"Still chasing approvals and fixing errors? AP automation removes bottlenecks, speeds...",Article/Link,0,0,0,,
2026-09-10,1,2026-09-09,Equisys,no,no,"AI in ERP is accelerating fast, and ISVs are leading the way with practical,...",Article/Link,3,0,2,,
2026-09-10,1,2026-09-09,Equisys,no,no,Accounting teams in the manufacturing industry (and beyond) are facing challenges...,Article/Link,1,0,0,,
2026-09-10,1,2026-09-09,Equisys,no,no,"Join us for our webinar! On Tuesday 30 September, we will host a webinar: ""Seamless...",Article/Link,0,0,1,,
2026-09-10,1,2026-09-09,Equisys,no,no,Looking for a smarter way to manage employee expenses and ensure compliant claims?...,Image,3,0,3,,
2026-09-10,1,2026-09-09,Equisys,no,no,We had an amazing first day at Directions North America and can't wait to see what...,Image,15,0,5,,
2026-09-10,1,2026-09-09,Equisys,no,no,"We'll be in Orlando, Florida next week for Directions North America, and we'd love...",Image,5,0,3,,
2026-09-10,1,2026-09-09,Equisys,no,no,"We're headed to Directions in Orlando, Florida in 2 weeks. We'll be at Booth E-32...",Image,6,0,4,,
2026-09-10,1,2026-09-09,Equisys,no,no,"Deliver smarter, not harder! Customize how your documents reach the right people,...",Image,2,0,0,,
2026-09-10,1,2026-09-09,Equisys,no,no,"Zetadocs Expenses offers a smooth expense workflow right out-of-the-box, with...",Image,4,0,1,,
2026-09-10,1,2026-09-09,Equisys,no,no,It's not too late to reserve your space on today's Lunch & Learn event! This event...,Image,3,0,5,,
2026-09-10,1,2026-09-09,Equisys,no,no,It's not too late - join a Lunch & Learn event this week to learn how to get even...,Image,3,0,2,,
2026-09-10,1,2026-09-09,Equisys,no,no,Our Lunch & Learn series starts next week! Are you registered yet? Each session will...,Image,0,0,1,,
2026-09-10,1,2026-09-09,Equisys,no,no,"Looking for an expense management solution built for Business Central, ready to go...",Image,7,0,2,,
2026-09-10,1,2026-09-09,Equisys,no,no,Even the most well-written expense policies can prove difficult to enforce across a...,Image,7,0,4,,
2026-09-10,1,2026-09-09,Equisys,no,no,See how Zetadocs can transform the way you work. Book a demo today to explore any of...,Image,6,0,4,,
2026-09-10,1,2026-09-09,Equisys,no,no,Zetadocs Delivery helps finance teams spend less time on admin and more time on what...,Image,3,0,2,,
2026-09-10,1,2026-09-09,Equisys,no,no,Learn how to build a clear travel and entertainment expenses policy that's easy to...,Image,1,0,1,,
2026-09-10,1,2026-09-09,Equisys,no,no,"Many employees feel unsure about what they can expense, even if upper management...",Image,1,0,1,,
2026-09-10,1,2026-09-09,Equisys,no,no,Thank you to all who stopped by our booth at Directions #EMEA2025! Our team have had...,Image,11,0,2,,
2026-09-10,1,2026-09-09,Equisys,no,no,Our team is really enjoying the informative sessions and great conversations...,Image,1,0,0,,
2026-09-10,1,2026-09-09,Equisys,no,no,We're delighted to be at Directions #EMEA2025 in Poznan! Be sure to come and visit...,Image,23,0,5,,
2026-09-10,1,2026-09-09,Equisys,no,no,"We're excited to be heading to Directions EMEA next week! If you're attending, we'd...",Image,14,0,7,,
2026-09-10,1,2026-09-09,Equisys,no,no,"It's almost time for Demo Week! From October 20-24, we're offering live,...",Image,3,0,2,,
2026-09-10,1,2026-09-09,Equisys,no,no,We're excited to take part in the Expense Reporting Comparison Showcase for Business...,Image,5,0,1,,
2026-09-10,1,2026-09-09,Equisys,no,no,Our customers love how easy it is to attach documents to the right Business Central...,Image,7,0,1,,
2026-09-10,1,2026-09-09,Equisys,no,no,Zetadocs Expenses provides a powerful solution that's simple to manage. Learn more...,Image,3,0,2,,
2026-09-10,1,2026-09-09,Medius,no,no,"""Within the first days of France's e-invoicing mandate, thousands of invoices have...",Image,37,0,8,,
2026-09-10,1,2026-09-09,Medius,no,no,"Are you a leader in finance, tax, tech, or compliance? We've got the perfect event...",Image,20,0,1,,
2026-09-10,1,2026-09-09,Medius,no,no,"87% of finance leaders have personally ignored a small expense, reimbursement, or...",Document/carousel,7,0,0,,
2026-09-10,1,2026-09-09,Medius,no,no,We're thrilled to announce that Medius has earned three prestigious G2 badges in the...,Image,36,1,9,,
2026-09-10,1,2026-09-09,Medius,no,no,Finance leaders know fraud when they see it. But what happens when the line gets...,Poll,2,0,0,,
2026-09-10,1,2026-09-09,Medius,no,no,September is a good month to sort out AP. We have a full webinar lineup covering...,Document/carousel,14,0,3,,
2026-09-10,1,2026-09-09,Medius,no,no,"Not sure which AP automation features actually matter, and which are just on the...",Image,8,0,2,,
2026-09-10,1,2026-09-09,Medius,no,no,"Medius' Financial Census 2026 is officially here. Across 2,386 senior finance...",Document/carousel,38,0,15,,
2026-09-10,1,2026-09-09,Medius,no,no,What better way to close out the week than with a new edition of MediusExplains?...,Document/carousel,12,0,3,,
2026-09-10,1,2026-09-09,Medius,no,no,"Join the Medius team at the upcoming inPOWER User Conference, taking place September...",Image,12,1,0,,
2026-09-10,1,2026-09-09,Medius,no,no,Mark your calendars! Our Top Tips in Action live interactive webinar is coming up on...,Image,12,0,4,,
2026-09-10,1,2026-09-09,Medius,no,no,Invoices processed in one day. 99%+ touchless capture. Approval routing that learns...,Image,26,0,9,,
2026-09-10,1,2026-09-09,Medius,no,no,We had a great time this week at the Microsoft AI Business Solutions Partner...,Image,63,0,1,,
2026-09-10,1,2026-09-09,Medius,no,no,58% of AP teams are already using or piloting AI. The other 42% are watching the gap...,Image,12,0,1,,
2026-09-10,1,2026-09-09,Medius,no,no,Join us on August 26 for our Explore Medius: Compliance & E-invoicing live webinar...,Image,67,0,5,,
2026-09-10,1,2026-09-09,Medius,no,no,"What are the most common causes of late payments in B2B? Invoice errors, approval...",Article/Link,6,0,0,,
2026-09-10,1,2026-09-09,Medius,no,no,A failed invoice match in manufacturing isn't just an AP problem. It delays supplier...,Article/Link,7,0,2,,
2026-09-10,1,2026-09-09,Medius,no,no,"Finance and diplomacy have more in common than you'd think. Both run on trust,...",Image,137,1,7,,
2026-09-10,1,2026-09-09,Medius,no,no,"Duplicate payments in retail don't usually look like duplicates. Same invoice,...",Article/Link,7,0,0,,
2026-09-10,1,2026-09-09,Medius,no,no,"If July gives you a little breathing room, why not use it to learn something new...",Document/carousel,10,0,1,,
2026-09-10,1,2026-09-09,Medius,no,no,"A new edition of MediusExplains? Don't mind if we do! Today, we're discussing how AP...",Document/carousel,12,0,1,,
2026-09-10,1,2026-09-09,Medius,no,no,Rapid growth in logistics often masks a dangerous reality: operational complexity is...,Document/carousel,7,1,1,,
2026-09-10,1,2026-09-09,Medius,no,no,"Speed used to be the whole AP conversation. Process faster, close faster, repeat...",Image,65,0,3,,
2026-09-10,1,2026-09-09,Medius,no,no,We're excited to return with a new edition of our MediusAsks series. This series...,Video,20,0,1,,
2026-09-10,1,2026-09-09,Medius,no,no,Got 30 minutes? We've got plenty of reasons to spend them with us in June. We have...,Document/carousel,12,0,0,,
2026-09-10,1,2026-09-09,Medius,no,no,Three days. A very nice corner of Slovenia. And more AP conversations than we can...,Image,69,7,0,,
2026-09-10,1,2026-09-09,Medius,no,no,We had an amazing day 1 at the Gartner Finance Symposium/Xpo 2026! We greeted...,Image,108,0,5,,
2026-09-10,1,2026-09-09,Medius,no,no,Day one at DynamicsMinds and the Medius team has landed in Portoroz. We're here...,Image,53,4,0,,
2026-09-10,1,2026-09-09,Medius,no,no,"It was great spending time at SSOW Europe this week with customers, partners, and...",Image,52,2,0,,
2026-09-10,1,2026-09-09,Medius,no,no,Day one at Shared Services and Outsourcing Week Europe is in the books. The...,Image,55,1,3,,
2026-09-10,1,2026-09-09,Medius,no,no,"Q1 core value award winners announced! Every quarter, we recognize the people at...",Document/carousel,38,4,1,,
2026-09-10,1,2026-09-09,Medius,no,no,Looking forward to this. Hope to see you join us on July 15.,Image,25,0,5,,
2026-09-10,1,2026-09-09,Medius,no,no,The global shift to e-invoicing: are you ready? E-invoicing has revolutionized...,Document/carousel,13,1,4,,
2026-09-10,1,2026-09-09,Medius,no,no,"In construction, slow AP processes are a bottleneck. They're also a project risk...",Document/carousel,12,0,4,,
2026-09-10,1,2026-09-09,Medius,no,no,"It's a new month - and that means a new edition of MediusExplains! Today, we're...",Document/carousel,6,0,1,,
2026-09-10,1,2026-09-09,Medius,no,no,What's the ROI of accounts payable automation? It depends on where you're starting...,Document/carousel,15,0,5,,
2026-09-10,1,2026-09-09,Medius,no,no,Rapid growth in logistics often masks a dangerous reality: operational complexity is...,Document/carousel,16,1,2,,
2026-09-10,1,2026-09-09,Medius,no,no,"Join us on August 20 for our Medius Momentum: Q3 2026 Product Update, a live webinar...",Image,35,2,4,,
2026-09-10,1,2026-09-09,Medius,no,no,Excited to work with Antaras for our webinar on June 11 where finance teams using...,Image,2,1,1,,
2026-09-10,1,2026-09-09,Medius,no,no,"Great Northern Equipment: small team, big efficiency gains. As a leading wholesale...",Image,32,0,10,,
2026-09-10,1,2026-09-09,Medius,no,no,"If you are looking to sharpen your approach to finance this April, these virtual...",Document/carousel,8,0,0,,
2026-09-10,1,2026-09-09,Medius,no,no,Finance teams aren't burned out because they work too much. They're burned out...,Document/carousel,15,0,0,,
2026-09-10,1,2026-09-09,Medius,no,no,AP fraud doesn't announce itself. It hides in duplicate invoices and last-minute...,Article/Link,6,0,0,,
2026-09-10,1,2026-09-09,Medius,no,no,"The accounts payable process covers a lot of ground: purchase orders, invoice...",Article/Link,13,0,3,,
2026-09-10,1,2026-09-09,Medius,no,no,"We are back with a new edition of MediusExplains! Today, we're delving into...",Document/carousel,13,1,1,,
2026-09-10,1,2026-09-09,Medius,no,no,"Day 1 at InfoTeamdagene 2026. Always great to be here, catching up with familiar...",Image,28,0,0,,
2026-09-10,1,2026-09-09,Medius,no,no,Two inspiring days at the Future of Finance CFO Exchange in London are coming to a...,Image,40,2,3,,
2026-09-10,1,2026-09-09,Medius,no,no,"If fraud prevention and supplier headaches are on your radar, this one's worth your...",Image,10,0,1,,
2026-09-10,1,2026-09-09,Medius,no,no,We had a great time at VISUAL Focus hosted by WM Synergy this week in Las Vegas. It...,Image,40,1,3,,
2026-09-10,1,2026-09-09,Medius,no,no,"AI agents. Supplier intelligence. Autonomous finance. In our March webinars, we are...",Document/carousel,17,0,3,,
2026-09-10,1,2026-09-09,Qvalia,no,no,Peppol for developers: 10 common invoice errors and how to fix them. From recipient...,Image,8,0,1,,
2026-09-10,1,2026-09-09,Qvalia,no,no,Thank you to everyone who joined today's webinar with Julius Nilsson from Docupath...,Image,29,3,3,,
2026-09-10,1,2026-09-09,Qvalia,no,no,E-invoicing mandates are becoming infrastructure decisions. As Slovakia prepares for...,Image,5,0,1,,
2026-09-10,1,2026-09-09,Qvalia,no,no,Slovakia's eFaktura framework is another important step in Europe's transition...,Image,28,0,2,,
2026-09-10,1,2026-09-09,Qvalia,no,no,Qvalia is now certified for Slovakia e-invoicing under the eFaktura framework. We...,Image,32,1,6,,
2026-09-10,1,2026-09-09,Qvalia,no,no,"Connect is more than digital invoicing. It's your gateway to automation, compliance,...",Article/Link,4,1,0,,
2026-09-10,1,2026-09-09,Qvalia,no,no,Qvalia's Business Continuity Management System has now been certified against ISO...,Image,6,0,1,,
2026-09-10,1,2026-09-09,Qvalia,no,no,Qvalia is now listed in the Cloud Security Alliance STAR Registry. It's an...,Image,8,1,0,,
2026-09-10,1,2026-09-09,Qvalia,no,no,Qvalia is now available on iPhone and Android. Approve invoices in seconds. From...,Image,42,5,5,,
2026-09-10,1,2026-09-09,Qvalia,no,no,"In 2025, we expanded Qvalia's platform across nearly all fronts. Fredrik Forsell...",Image,13,1,2,,
2026-09-10,1,2026-09-09,Qvalia,no,no,[Peppol for developers] How to get started with Peppol API. Learn how to: Set...,Image,9,0,1,,
2026-09-10,1,2026-09-09,Qvalia,no,no,"Belgium mandates #Peppol e-invoicing for most B2B transactions on January 1,...",Image,9,0,1,,
2026-09-10,1,2026-09-09,Qvalia,no,no,"The 2026 Peppol country guide - full list, status, and coverage map. Learn where...",Image,14,0,0,,
2026-09-10,1,2026-09-09,Qvalia,no,no,[Upcoming webinar] AI-ready finance with Intelligent Document Processing. AI is...,Image,25,0,7,,
2026-09-10,1,2026-09-09,Qvalia,no,no,Great day at Qvalia together with our friends from Amazon Web Services (AWS). We...,Image,81,3,8,,
2026-09-10,1,2026-09-09,AMC Banking,no,no,Working with multiple banks shouldn't mean working with multiple banking processes...,Text,4,0,0,,
2026-09-10,1,2026-09-09,AMC Banking,no,no,What do you learn from 30+ years of working with bank integration? Probably this: No...,Image,18,1,1,,
2026-09-10,1,2026-09-09,AMC Banking,no,no,How many systems does your finance team touch just to make a payment? The ERP. A...,Article/Link,12,1,0,,
2026-09-10,1,2026-09-09,AMC Banking,no,no,Thanks to everybody who showed up for the reception in our new building! We are...,Image,29,1,0,,
2026-09-10,1,2026-09-09,AMC Banking,no,no,"AMC Banking operates under Service Provider Agreements with selected banks,...",Text,9,0,0,,
2026-09-10,1,2026-09-09,AMC Banking,no,no,We're moving and we'd love to celebrate with you. Join us for a reception where you...,Event,12,0,1,,
2026-09-10,1,2026-09-09,AMC Banking,no,no,(no text),Document/carousel,4,0,0,,
2026-09-10,1,2026-09-09,AMC Banking,no,no,Discover our new app designed to simplify and automate cash management directly...,Video,6,0,0,,
2026-09-10,1,2026-09-09,AMC Banking,no,no,Your biggest compliance risk might be a process nobody questions anymore. Not every...,Article/Link,6,0,2,,
2026-09-10,1,2026-09-09,AMC Banking,no,no,"In this webinar, we'll take you through how AMC Banking's intelligent cash sweeping...",Video,10,0,0,,
2026-09-10,1,2026-09-09,AMC Banking,no,no,Bank integration: Myth vs reality. Many finance teams treat bank connectivity like a...,Video,11,0,3,,
2026-09-10,1,2026-09-09,AMC Banking,no,no,"The AMC Banking webinar series offers: demos, new features, use cases and Q&A,...",Video,10,0,1,,
2026-09-10,1,2026-09-09,AMC Banking,no,no,AMC is expanding and we are currently looking for a java developer. If you could see...,Article/Link,12,0,3,,
2026-09-10,1,2026-09-09,AMC Banking,no,no,"Still uploading payment files manually? At some point, it stops scaling. More banks...",Article/Link,6,0,0,,
2026-09-10,1,2026-09-09,AMC Banking,no,no,"Before summer kicks off, we wanted to share a small milestone from AMC Banking. We...",Image,13,2,2,,
2026-09-10,1,2026-09-09,AMC Banking,no,no,You can still register for our reception next week if you would like to swing by and...,Event,0,0,0,,
2026-09-10,1,2026-09-09,AMC Banking,no,no,We bought The White House... at Frederiksberg. We are looking forward to moving into...,Article/Link,30,3,2,,
2026-09-10,1,2026-09-09,AMC Banking,no,no,You can still sign up for our webinar tomorrow where we take a deep dive into the...,Article/Link,4,0,0,,
2026-09-10,1,2026-09-09,AMC Banking,no,no,In case you have not yet signed up for our treasury extension webinar about cash...,Article/Link,5,0,0,,
2026-09-10,1,2026-09-09,AMC Banking,no,no,The torch has officially been passed. We're excited to move into Kobenhavns...,Image,56,4,1,,
2026-09-10,1,2026-09-09,AMC Banking,no,no,"Enterprise treasury demands structure, visibility, and control. For large...",Image,7,0,0,,
2026-09-10,1,2026-09-09,AMC Banking,no,no,ERP bank integration is rarely 'plug-and-play'. That's why AMC Banking's Consultancy...,Image,23,0,0,,
2026-09-10,1,2026-09-09,B2Brouter,no,no,Si crees que la factura electronica obligatoria es solo subir un archivo a un...,Text,0,0,0,,
2026-09-10,1,2026-09-09,B2Brouter,no,no,"France is only the beginning. For ERP teams, the real challenge isn't adapting to...",Repost,0,0,0,,
2026-09-10,1,2026-09-09,B2Brouter,no,no,Vos clients ne veulent pas changer de logiciel. Ils veulent etre conformes sans...,Text,1,0,0,,
2026-09-10,1,2026-09-09,B2Brouter,no,no,Hito alcanzado: Mas de 18 000 empresas francesas confian en @B2Brouter en la red...,Image,27,5,2,,
2026-09-10,1,2026-09-09,B2Brouter,no,no,Was werden Ihre Kunden 2027 von Ihrer Software erwarten? Seit 2025 mussen...,Text,0,0,0,,
2026-09-10,1,2026-09-09,B2Brouter,no,no,Proximos webinars | Septiembre 2026. Este junio te esperamos en dos sesiones en...,Image,3,0,1,,
2026-09-10,1,2026-09-09,B2Brouter,no,no,Upcoming webinars | September 2026. Want to integrate e-invoicing into your...,Image,2,0,2,,
2026-09-10,1,2026-09-09,B2Brouter,no,no,Diqto s'appuie sur B2Brouter pour la facturation electronique via eDocSync...,Image,9,1,2,,
2026-09-10,1,2026-09-09,B2Brouter,no,no,Nous y sommes. Le 1er septembre 2026 n'est plus une echeance: c'est aujourd'hui...,Document/carousel,8,0,1,,
2026-09-10,1,2026-09-09,B2Brouter,no,no,Comment integrer la facturation electronique a son logiciel sans complexifier...,Article/Link,6,2,2,,
2026-09-10,1,2026-09-09,B2Brouter,no,no,J-5: une facture conforme peut malgre tout echouer si vos donnees clients sont...,Text,4,0,1,,
2026-09-10,1,2026-09-09,B2Brouter,no,no,La facturation electronique n'est que la moitie de la reforme. Avez-vous prepare...,Document/carousel,3,4,1,,
2026-09-10,1,2026-09-09,B2Brouter,no,no,J-7 en France: attendre de voir ce qui se passe n'est plus une strategie. Dans...,Image,11,2,4,,
2026-09-10,1,2026-09-09,B2Brouter,no,no,"Ja no hi ha excuses per adoptar la facturacio electronica, queden molt pocs dies i...",Article/Link,20,1,2,,
2026-09-10,1,2026-09-09,B2Brouter,no,no,"J-14 avant la reforme: pour les editeurs de logiciels, le dernier moment est...",Image,12,7,2,,
2026-09-10,1,2026-09-09,B2Brouter,no,no,Die E-Rechnung in Deutschland ist bereits Realitat - trotzdem halten sich noch...,Document/carousel,2,0,0,,
2026-09-10,1,2026-09-09,B2Brouter,no,no,B2Brouter talent stands out in London! After one week of learning and just three...,Image,38,0,4,,
2026-09-10,1,2026-09-09,B2Brouter,no,no,Partner Announcement: B2Brouter. We're thrilled to...,Image,10,2,3,,
2026-09-10,1,2026-09-09,B2Brouter,no,no,Le permier Septembre est prochajn!,Article/Link,7,1,2,,
2026-09-10,1,2026-09-09,B2Brouter,no,no,Comment bien choisir sa Plateforme Agreee avant l'entree en vigueur de la...,Document/carousel,6,0,1,,
2026-09-10,1,2026-09-09,B2Brouter,no,no,La reforme francaise de la facturation electronique ne concerne pas seulement la...,Image,9,0,1,,
2026-09-10,1,2026-09-09,B2Brouter,no,no,Germany's e-invoicing rollout is not just a national compliance update. It is part...,Text,8,0,1,,
2026-09-10,1,2026-09-09,B2Brouter,no,no,"Belgium's B2B e-invoicing mandate is already in force. Since 1 January 2026,...",Document/carousel,10,1,2,,
2026-09-10,1,2026-09-09,B2Brouter,no,no,"Verifactu como el primer paso hacia el despliegue de ViDA, creo que es...",Article/Link,13,2,1,,
2026-09-10,1,2026-09-09,B2Brouter,no,no,Tienes que enviar todas tus facturas a la AEAT? La respuesta rapida es: no...,Document/carousel,5,0,2,,
2026-09-10,1,2026-09-09,B2Brouter,no,no,VeriFactu no es el unico gran cambio que viene en Espana. La Ley Crea y Crece...,Image,0,0,0,,
2026-09-10,1,2026-09-09,B2Brouter,no,no,"La reforme fiscale francaise ne se limite pas a ""envoyer des factures...",Document/carousel,14,0,4,,
2026-09-10,1,2026-09-09,B2Brouter,no,no,Meet our Sales Team. They are the people who connect businesses with the right...,Document/carousel,9,0,3,,
2026-09-10,1,2026-09-09,B2Brouter,no,no,"Electronic invoicing is accelerating across Europe, and B2Brouter is growing with...",Article/Link,5,0,0,,
2026-09-10,1,2026-09-09,B2Brouter,no,no,La factura electronica no va solo de enviar una factura en formato digital. Con la...,Document/carousel,2,0,1,,
2026-09-10,1,2026-09-09,B2Brouter,no,no,"2026 e-invoicing reality check: is your business ready? Across Europe, APAC and...",Poll,2,0,2,,
2026-09-10,1,2026-09-09,B2Brouter,no,no,La solucion publica de facturacion electronica de la AEAT sera una pieza...,Document/carousel,9,1,0,,
2026-09-10,1,2026-09-09,B2Brouter,no,no,Empfangen ist nicht gleich Verarbeiten. Genau daruber haben wir vor zwei Wochen eine...,Document/carousel,4,0,0,,
2026-09-10,1,2026-09-09,B2Brouter,no,no,El otro dia Aleix Gasset se atrevio a explicarnos en un video de dos minutos que es...,Article/Link,4,0,0,,
2026-09-10,1,2026-09-09,B2Brouter,no,no,"Vous facturez deja des administrations, hopitaux, collectivites ou organismes...",Document/carousel,6,0,2,,
2026-09-10,1,2026-09-09,B2Brouter,no,no,ERP & E-Invoicing Integration Partners - Monthly Ranking Status | July 2026. The...,Image,47,3,8,,
2026-09-10,1,2026-09-09,B2Brouter,no,no,La factura electronica es una herramienta para que Hacienda lo vea todo? Esta es...,Document/carousel,10,2,1,,
2026-09-10,1,2026-09-09,B2Brouter,no,no,"Electronic invoicing is no longer just about tax compliance, it's about data...",Document/carousel,5,0,1,,
2026-09-10,1,2026-09-09,B2Brouter,no,no,La reforme de la facturation electronique en France ne se limite pas a choisir une...,Article/Link,8,0,4,,
2026-09-10,1,2026-09-09,B2Brouter,no,no,"A few days ago, B2Brouter attended Peppol Conference Europe 2026 in Brussels...",Image,15,0,2,,
2026-09-10,1,2026-09-09,B2Brouter,no,no,"VeriFactu, Ley Crea y Crece, factura electronica B2B... demasiados conceptos y una...",Document/carousel,11,0,1,,
2026-09-10,1,2026-09-09,B2Brouter,no,no,Capde - says it exactly right: France's e-invoicing reform is not just about sending...,Image,3,0,2,,
2026-09-10,1,2026-09-09,B2Brouter,no,no,Peppol is becoming one of the most reliable ways to exchange B2B invoices...,Document/carousel,10,0,1,,
2026-09-10,1,2026-09-09,B2Brouter,no,no,Plateformes SaaS juridiques en France: 2026 n'est pas seulement une echeance de...,Document/carousel,7,0,1,,
2026-09-10,1,2026-09-09,B2Brouter,no,no,Germany's B2B e-invoicing roadmap is already moving. German businesses must be...,Document/carousel,11,2,1,,
2026-09-10,1,2026-09-09,B2Brouter,no,no,Crees que Ley Crea y Crece y VeriFactu son lo mismo? Spoiler: no. Confundirlas...,Document/carousel,8,0,1,,
2026-09-10,1,2026-09-09,B2Brouter,no,no,"In 8 days, B2Brouter will be attending Peppol Conference Europe 2026 in Brussels...",Text,6,0,2,,
2026-09-10,1,2026-09-09,B2Brouter,no,no,"Testing should not feel risky. With B2Brouter Sandbox, developers and technical...",Document/carousel,5,0,3,,
2026-09-10,1,2026-09-09,B2Brouter,no,no,Meet our Business Operations team. They are the people behind many of the areas...,Document/carousel,5,1,2,,
2026-09-10,1,2026-09-09,B2Brouter,no,no,"La factura electronica obligatoria ya tiene marco regulatorio, pero todavia quedan...",Article/Link,5,0,0,,
2026-09-10,1,2026-09-09,Dooap,no,no,We are hitting the road in a few weeks and headed to Dynamics User Group (DUG)...,Image,12,2,1,,
2026-09-10,1,2026-09-09,Dooap,no,no,Evaluating AP automation for Microsoft Dynamics 365 Finance? The shortlist gets...,Article/Link,9,0,1,,
2026-09-10,1,2026-09-09,Dooap,no,no,Dooap Studio has a new home: dooapstudio.ai. It's our agentic AI automation...,Image,9,1,6,,
2026-09-10,1,2026-09-09,Dooap,no,no,Sharing our story of Dooap Studio live from Dynamic Communities AI Business...,Video,26,2,4,,
2026-09-10,1,2026-09-09,Dooap,no,no,"Well, that's a wrap on DynamicsMinds. The Dooap team is heading back through time...",Image,70,4,0,,
2026-09-10,1,2026-09-09,Dooap,no,no,"With AP you have a lot of balls in the air at all times, let Dooap help you herd...",Image,57,1,2,,
2026-09-10,1,2026-09-09,Dooap,no,no,"We're heading to #DynamicsCon in Las Vegas next week! If you're attending, be sure...",Image,24,1,3,,
2026-09-10,1,2026-09-09,Dooap,no,no,Just think of the possibilities with Dooap Studio! Here's one for you.,Image,14,0,1,,
2026-09-10,1,2026-09-09,Dooap,no,no,We're sponsoring Dynamics User Group (DUG) DynamicsCon Regional: Ohio Valley on...,Image,9,1,1,,
2026-09-10,1,2026-09-09,Dooap,no,no,We are here and you can find the team and table next to registration. Come chat with...,Video,24,2,0,,
2026-09-10,1,2026-09-09,Dooap,no,no,Still herding invoices manually? What if your AP process could herd itself? Join...,Image,32,0,2,,
2026-09-10,1,2026-09-09,Dooap,no,no,Excited to introduce our latest Dooap Unleashed: Run With Us - Eftsure! Scott...,Video,39,2,1,,
2026-09-10,1,2026-09-09,Dooap,no,no,This is what agentic AP automation looks like. Dooap Studio gives AP teams the power...,Video,17,0,6,,
2026-09-10,1,2026-09-09,Dooap,no,no,Everyone is talking about AI in finance. Very few are talking about what's actually...,Image,6,1,1,,
2026-09-10,1,2026-09-09,Dooap,no,no,Join us at the Dynamic Communities Summit NA Roadshow in Vancouver. Built...,Image,16,0,3,,
2026-09-10,1,2026-09-09,Dooap,no,no,The biggest problem in finance isn't the system. It's that nobody trusts it. That's...,Video,21,3,1,,
2026-09-10,1,2026-09-09,Dooap,no,no,Sam Bush live here in Helsinki. The Dooap team is gearing up for DynamicsMinds next...,Video,66,4,0,,
2026-09-10,1,2026-09-09,Dooap,no,no,Run AP with AI agents. Not manual work. Today we're launching Dooap Studio - Agentic...,Video,46,6,8,,
2026-09-10,1,2026-09-09,Dooap,no,no,Welcome to Dooap Unleashed. A video series coming to your LinkedIn life all about...,Video,15,2,2,,
2026-09-10,1,2026-09-09,Dooap,no,no,"What message would you send to the future? We took DynamicsMinds' ""Message to the...",Video,40,15,1,,
2026-09-10,1,2026-09-09,Dooap,no,no,"AI is no longer ""coming"" to AP. It's redefining how finance teams lead, work, and...",Document/carousel,10,1,2,,
2026-09-10,1,2026-09-09,Dooap,no,no,"Every AP Manager knows this feeling: you spot the fix, but IT has a three-week...",Article/Link,11,0,3,,
2026-09-10,1,2026-09-09,Dooap,no,no,Looking forward to sharing more about Dooap Studio this week at AI Business Solutions...,Video,19,0,0,,
2026-09-10,1,2026-09-09,Dooap,no,no,"Five years in, and she still says it feels new every day. In this episode of Dooap...",Image,18,1,0,,
2026-09-10,1,2026-09-09,Dooap,no,no,Who is attending Dynamic Communities's AI Business Solutions Partner Executive...,Image,30,4,1,,
2026-09-10,1,2026-09-09,Dooap,no,no,"Every D365 vendor is racing to say ""agentic"" right now. Most are still figuring out...",Image,19,1,4,,
2026-09-10,1,2026-09-09,Dooap,no,no,"Invoice approvals shouldn't be a treasure hunt. With Dooap, your workflows adapt to...",Video,10,0,2,,
2026-09-10,1,2026-09-09,Dooap,no,no,Transform your AP process with automation built for Dynamics 365 Finance. Capture...,Article/Link,15,0,0,,
2026-09-10,1,2026-09-09,Dooap,no,no,What does AI literacy actually look like for a Dynamics 365 Finance team in 2026?...,Article/Link,10,0,1,,
2026-09-10,1,2026-09-09,Dooap,no,no,"PO matching is one of those tasks you can't ignore, but you definitely don't want to...",Video,13,0,1,,
2026-09-10,1,2026-09-09,Dooap,no,no,Great AP automation happens before you even know it. Dooap handles it quietly in the...,Video,16,0,1,,
2026-09-10,1,2026-09-09,Dooap,no,no,"Last time we said ""something new is coming,"" we introduced Dooap Studio - agentic AP...",Image,25,0,3,,
2026-09-10,1,2026-09-09,Dooap,no,no,"If you ask us what one word we'd like to hear to describe Dooap - it's ""easy"". Great...",Video,9,1,3,,
2026-09-10,1,2026-09-09,Dooap,no,no,Approving invoices shouldn't keep you tied to your desk. With the Dooap AP...,Article/Link,10,1,3,,
2026-09-10,1,2026-09-09,Dooap,no,no,"Thank you, Ellipse Solutions, for the highlight. We're proud of our collaboration,...",Image,6,0,0,,
2026-09-10,1,2026-09-09,Dooap,no,no,"Somewhere right now, an AP manager is refreshing their inbox hoping an approval...",Image,18,0,2,,
2026-09-10,1,2026-09-09,Dooap,no,no,Great conversations. Great community.,Video,9,1,0,,
2026-09-10,1,2026-09-09,Dooap,no,no,The Dynamics community is coming to Toronto - and so are we. Dynamics User Group...,Image,16,0,1,,
2026-09-10,1,2026-09-09,Dooap,no,no,Love spending time with our partners all year around. At Dynamics User Group (DUG)...,Video,9,0,2,,
2026-09-10,1,2026-09-09,Dooap,no,no,Thanks again Dynamic Communities for the opportunity to showcase our #APautomation...,Image,4,0,0,,
2026-09-10,1,2026-09-09,Dooap,no,no,"Set up and ready for ""Herd your AP with AI Agents"", in Sunset on level 11. Come join...",Image,28,2,3,,
2026-09-10,1,2026-09-09,Dooap,no,no,We're heading to #DynamicsMinds2026 and looking forward to being back with the...,Image,30,0,1,,
2026-09-10,1,2026-09-09,Dooap,no,no,Considering AP Automation for D365 Finance or BC? Maybe you did not have a chance to...,Article/Link,9,0,2,,
2026-09-10,1,2026-09-09,Dooap,no,no,AI is inevitably transforming Accounts Payable. Read how our Chief Product Officer...,Article/Link,11,0,2,,
2026-09-10,1,2026-09-09,Dooap,no,no,We're on a tasty streak! Check out our new customers from the food and beverage...,Article/Link,0,0,0,,
2026-09-10,1,2026-09-09,Dooap,no,no,The AP world is about to change. 5 days. #AccountsPayable #D365Finance Microsoft,Image,21,6,2,,
2026-09-10,1,2026-09-09,Dooap,no,no,Something new is coming. Stay tuned. #dooapunleashed,Image,20,1,4,,
2026-09-10,1,2026-09-09,Dooap,no,no,"Our #APautomation solution is designed for Microsoft #D365FO, and a widespread and...",Document/carousel,4,0,0,,
2026-09-10,1,2026-09-09,Dooap,no,no,We are here and ready to talk about AI and AP for Dynamics 365 Finance in Tampa for...,Image,49,3,0,,
2026-09-10,1,2026-09-09,Dooap,no,no,AI is changing Accounts Payable. But control still matters. At the Dynamic...,Image,14,3,2,,
2026-09-10,1,2026-09-09,Yavrio,no,no,A massive thank you to everyone in the ERP + Fintech community who made the Yavrio...,Image,65,7,1,,
2026-09-10,1,2026-09-09,Yavrio,no,no,"Meet James Pike, one of our Partner Success Managers at Yavrio! James sits where the...",Image,48,2,0,,
2026-09-10,1,2026-09-09,Yavrio,no,no,An embedded payments system means more than operational efficiency. It means your...,Video,12,0,2,,
2026-09-10,1,2026-09-09,Yavrio,no,no,The Yavrio team is already counting down the days till Directions for Enterprise...,Image,29,0,0,,
2026-09-10,1,2026-09-09,Yavrio,no,no,Our team just touched down in Ohio and we can't wait to meet with our partners and...,Image,28,4,0,,
2026-09-10,1,2026-09-09,Yavrio,no,no,What a day. The whole UK team got together in Paddington to celebrate the launch...,Image,84,11,1,,
2026-09-10,1,2026-09-09,Yavrio,no,no,This week we've been celebrating the return of Samantha Felling to our USA partner...,Image,32,2,1,,
2026-09-10,1,2026-09-09,Yavrio,no,no,More than 5 billion Direct Debit payments run through the UK's Bacs network every...,Image,33,2,2,,
2026-09-10,1,2026-09-09,Yavrio,no,no,What does success actually look like when banking is fully integrated into the ERP?...,Video,35,2,2,,
2026-09-10,1,2026-09-09,Yavrio,no,no,Yavrio x Wenalyze. We're building smarter fraud prevention into Yavrio - helping...,Image,21,2,0,,
2026-09-10,1,2026-09-09,Yavrio,no,no,"A brilliant afternoon at Fortnum & Mason, bringing together senior retail leaders...",Image,72,7,3,,
2026-09-10,1,2026-09-09,Yavrio,no,no,8-10 days. That's the average close when statements are still pulled manually. 3...,Document/carousel,13,1,2,,
2026-09-10,1,2026-09-09,Yavrio,no,no,"Cards on the Table. The launch of Yavrio Cards called for a proper celebration,...",Image,49,11,2,,
2026-09-10,1,2026-09-09,Yavrio,no,no,We are live now with Western Computer for our joint session on banking in Microsoft...,Text,9,0,0,,
2026-09-10,1,2026-09-09,Yavrio,no,no,For finance teams still importing bank statements by CSV into Microsoft Dynamics 365...,Document/carousel,15,0,1,,
2026-09-10,1,2026-09-09,Yavrio,no,no,What a 2026 Yavrio is having so far! It's hard to believe we're nearly halfway...,Image,110,9,0,,
2026-09-10,1,2026-09-09,Yavrio,no,no,"DynamicsMinds 2026 is done and what a week it's been. Over the last few days,...",Image,108,5,0,,
2026-09-10,1,2026-09-09,Yavrio,no,no,"Day one of DynamicsMinds wrapped and what a start its been. Our team, Margaret...",Image,82,4,0,,
2026-09-10,1,2026-09-09,Yavrio,no,no,DynamicsCon 2026 wrapped and what a few days it was! A hot week in Vegas as sponsors...,Image,55,2,0,,
2026-09-10,1,2026-09-09,Yavrio,no,no,We're excited to have our feet on the ground at Directions ASIA 2026 in Vietnam!...,Image,68,1,1,,
2026-09-10,1,2026-09-09,Yavrio,no,no,Another amazing event. Yavrio had an incredible time at this year's Node4...,Image,65,2,0,,
2026-09-10,1,2026-09-09,Yavrio,no,no,"""That's a wrap on Directions North America 2026"". It's been a great few days in...",Image,64,7,0,,
2026-09-10,1,2026-09-09,Yavrio,no,no,A full day in for the Yavrio team and it's already been a strong start at Directions...,Image,86,2,0,,
2026-09-10,1,2026-09-09,Yavrio,no,no,"Meet Phillip Dawson, our VP Sales & Partnerships! Phil has been at the heart of...",Image,64,8,0,,
2026-09-10,1,2026-09-09,Yavrio,no,no,"Microsoft's Tier 1 ERP now has modern bank connectivity, embedded payments and...",Image,40,5,0,,
2026-09-10,1,2026-09-09,Yavrio,no,no,Still moving bank data into your finance system one CSV at a time? It may be time...,Video,27,0,1,,
2026-09-10,1,2026-09-09,Yavrio,no,no,We're live at Directions Spanish BC Day and what a fantastic day it's been so...,Image,23,0,0,,
2026-09-10,1,2026-09-09,Yavrio,no,no,"Four years ago, we launched Yavrio Banking and set out on a mission to create a way...",Image,105,26,6,,
2026-09-10,1,2026-09-09,Yavrio,no,no,Great to be part of HSO's Customer Day! We had a fantastic day last month...,Image,28,1,2,,
2026-09-10,1,2026-09-09,Yavrio,no,no,Yavrio Out and About - This Week! It's been a whirlwind week for the Yavrio...,Image,66,3,0,,
2026-09-10,1,2026-09-09,Yavrio,no,no,Hello from a roasting Las Vegas. I'm at #DynamicsCon2026 this week where we've...,Image,99,10,1,,
2026-09-10,1,2026-09-09,Yavrio,no,no,"Finance teams BEFORE vs AFTER Yavrio. Before Yavrio: manual bank files,...",Video,48,5,0,,
2026-09-10,1,2026-09-09,Yavrio,no,no,Bank connectivity and payments are becoming a bigger part of the Business Central...,Video,25,3,2,,
2026-09-10,1,2026-09-09,Yavrio,no,no,It was great to attend the Dynamics 365 & Power Platform User Group National event...,Image,55,3,1,,
2026-09-10,1,2026-09-09,Yavrio,no,no,"The pace of technological change in financial services isn't slowing, and leadership...",Image,50,4,0,,
2026-09-10,1,2026-09-09,Yavrio,no,no,This week some of our team were lucky enough to attend the Microsoft #AITourLondon...,Image,66,0,0,,
2026-09-10,1,2026-09-09,Yavrio,no,no,"After a few not-so-subtle hints, it's time to make it official... We've moved...",Image,179,34,3,,
2026-09-10,1,2026-09-09,Yavrio,no,no,"We're upgrading our London HQ! The same Yavrio energy, but now with much more room...",Image,97,30,3,,
2026-09-10,1,2026-09-09,Yavrio,no,no,This summer we're opening up our London Paddington office for the first ever Yavrio...,Image,49,8,5,,
2026-09-10,1,2026-09-09,Yavrio,no,no,We're excited to welcome Samuel Price as a Sales Consultant as we continue expanding...,Image,49,9,1,,
2026-09-10,1,2026-09-09,Yavrio,no,no,"Reflecting on our company off site to wrap up the year, the Yavrio crew got together...",Image,72,8,0,,
2026-09-10,1,2026-09-09,Yavrio,no,no,We're excited to be hosting an exclusive roundtable with Microsoft and iLink...,Image,32,3,0,,
2026-09-10,1,2026-09-09,Yavrio,no,no,Big milestone for Yavrio! Today we're launching Yavrio Cards: A cards payment...,Video,145,25,9,,
2026-09-10,1,2026-09-09,Yavrio,no,no,"We were delighted to welcome Tim Chong, Co-founder and CEO of Yonder, join us at our...",Image,80,9,0,,
2026-09-10,1,2026-09-09,Yavrio,no,no,"This week at Yavrio! Partner events, customers catch ups, brainstorming and some big...",Video,56,6,1,,
2026-09-10,1,2026-09-09,Yavrio,no,no,"Today, we're launching Yavrio Cards: A cards payment solution fully embedded inside...",Image,131,9,5,,
2026-09-10,1,2026-09-09,Yavrio,no,no,Yavrio - Open Banking is the multi award-winning banking integration for Microsoft...,Image,11,0,5,,
2026-09-10,1,2026-09-09,Yavrio,no,no,Reflecting on an incredible week in Poland. We're still buzzing from Directions EMEA...,Image,74,12,1,,
2026-09-10,1,2026-09-09,Yavrio,no,no,"Day 2 at Community Summit 2025 is underway! Over 5,000 attendees have gathered...",Image,43,6,1,,
2026-09-10,1,2026-09-09,Yavrio,no,no,"Meet our Head of UK Sales, Charlotte Huang! Charlotte has led our UK sales team...",Image,176,5,0,,
2026-09-10,1,2026-09-09,Rillion,no,no,"Our CFO to CFO newsletter is live! This is a new initiative from our CFO, Johan...",Image,6,0,0,,
2026-09-10,1,2026-09-09,Rillion,no,no,One picture. Seven people. 150+ years of Rillion experience. That's a lot of...,Image,105,14,2,,
2026-09-10,1,2026-09-09,Rillion,no,no,The numbers we didn't show you. We asked 250 U.S. finance leaders how AI is actually...,Document/carousel,14,3,2,,
2026-09-10,1,2026-09-09,Rillion,no,no,Some things belong in a museum. Manual invoice entry is one of them. Copying invoice...,Image,10,0,0,,
2026-09-10,1,2026-09-09,Rillion,no,no,"Turns out our Product team is fast in more ways than one. Last week, Team...",Video,23,1,0,,
2026-09-10,1,2026-09-09,Rillion,no,no,I recently had the opportunity to share my perspective on AI in finance for...,Article/Link,132,7,5,,
2026-09-10,1,2026-09-09,Rillion,no,no,Did you know that most finance leaders expect AI to significantly change the finance...,Image,13,1,0,,
2026-09-10,1,2026-09-09,Rillion,no,no,Don't miss the LinkedIn Live we're hosting today. AI adoption in finance is moving...,Image,14,1,0,,
2026-09-10,1,2026-09-09,Rillion,no,no,68% of finance teams use AI every day. 39% of CFOs trust it to act on its own...,Image,26,2,2,,
2026-09-10,1,2026-09-09,Rillion,no,no,Launch day. We just published the US edition of Rillion's 2026 AI in Finance...,Image,27,6,1,,
2026-09-10,1,2026-09-09,Rillion,no,no,250 US finance leaders told us how they're using AI. And the numbers don't tell the...,Document/carousel,19,2,10,,
2026-09-10,1,2026-09-09,Rillion,no,no,250 U.S. CFOs told us what they really think about AI. Now we're bringing the debate...,Image,14,0,2,,
2026-09-10,1,2026-09-09,Rillion,no,no,2029. How many tasks in finance will still be done by humans? Finance leaders expect...,Video,12,2,0,,
2026-09-10,1,2026-09-09,Rillion,no,no,Dry run mode: ON. The studio is getting ready. The slides are getting their final...,Video,30,3,5,,
2026-09-10,1,2026-09-09,Rillion,no,no,The Finance AI Illusion... What is it? And is your finance team caught in it? We are...,Image,24,3,7,,
2026-09-10,1,2026-09-09,Rillion,no,no,Is there a gap between how ready finance leaders think they are for AI and what the...,Video,24,3,3,,
2026-09-10,1,2026-09-09,Rillion,no,no,"Another G2 badge drop we're extremely proud to be part of. As always, a huge shoutout...",Video,35,4,7,,
2026-09-10,1,2026-09-09,Rillion,no,no,Have you seen the latest OnlyCFO newsletter? We have and we're excited to see...,Image,14,3,4,,
2026-09-10,1,2026-09-09,Rillion,no,no,"""I love my Excel sheets."" Sean Milmoe, CFO & Co-Founder at 360 Energy, isn't alone -...",Video,21,0,2,,
2026-09-10,1,2026-09-09,Rillion,no,no,If AI is already part of your team's daily workflow... this poll probably isn't for...,Poll,6,0,3,,
2026-09-10,1,2026-09-09,Rillion,no,no,"AP teams, here's your mid-vacation reminder. (If you're checking your inbox from...",Document/carousel,8,0,1,,
2026-09-10,1,2026-09-09,Rillion,no,no,"Many finance leaders worry AI will make mistakes they can't track. Rasmus Areskoug,...",Text,13,2,0,,
2026-09-10,1,2026-09-09,Rillion,no,no,"Denmark leads AI adoption in the Nordics. Sweden lags behind. But Olli Saksa, CFO at...",Text,6,0,0,,
2026-09-10,1,2026-09-09,Rillion,no,no,"80% of finance leaders use AI daily, but only 1 in 5 trust it for strategic...",Text,8,3,1,,
2026-09-10,1,2026-09-09,Rillion,no,no,OCR vs AI invoice capture: what's the actual difference for AP automation? If your...,Document/carousel,15,1,3,,
2026-09-10,1,2026-09-09,Rillion,no,no,72% of finance teams still struggle with manual corrections despite investing in AI...,Text,36,1,2,,
2026-09-10,1,2026-09-09,Rillion,no,no,If you'd told us our favourite team events would be the ones you can track on...,Image,19,0,0,,
2026-09-10,1,2026-09-09,Rillion,no,no,48% of finance leaders say they want to be strategic advisors. So why do investments...,Text,8,0,0,,
2026-09-10,1,2026-09-09,Rillion,no,no,If you're not optimizing your vacation as much as your AP processes... we need to...,Document/carousel,10,0,0,,
2026-09-10,1,2026-09-09,Rillion,no,no,"Finance teams aren't slow to adopt AI, we just doesn't have the luxury of...",Video,16,1,1,,
2026-09-10,1,2026-09-09,Rillion,no,no,"While most finance leaders are still figuring out where AI fits, Peter Egehoved, CFO...",Text,58,8,0,,
2026-09-10,1,2026-09-09,Rillion,no,no,What's possible today wasn't possible 6 months ago. For finance leaders to succeed...,Image,45,3,4,,
2026-09-10,1,2026-09-09,Rillion,no,no,The ERP you choose today can either accelerate your next 10 years... or slow them...,Video,11,0,2,,
2026-09-10,1,2026-09-09,Rillion,no,no,"While everyone's drowning in opinions on where AI belongs in finance, Monika Pers,...",Text,12,1,0,,
2026-09-10,1,2026-09-09,Rillion,no,no,"If your finance team only talks to finance, you're leaving value on the table. The...",Video,12,1,1,,
2026-09-10,1,2026-09-09,Rillion,no,no,We asked 250 CFOs across the Nordics about AI in finance. Then put our own CFO Johan...,Document/carousel,9,0,0,,
2026-09-10,1,2026-09-09,Rillion,no,no,"The Nordic AI Finance Report had zero shortage of ""mic-drop"" quotes but this one...",Text,7,0,0,,
2026-09-10,1,2026-09-09,Rillion,no,no,Nail your ERP and CRM and you're 90% there - that used to be the rule for finance...,Video,8,1,0,,
2026-09-10,1,2026-09-09,Rillion,no,no,26% of CFOs say lack of AI competence is the single biggest barrier to broader...,Text,18,1,1,,
2026-09-10,1,2026-09-09,Rillion,no,no,Our marketing team swapped their laptops for race bibs yesterday - running...,Image,35,3,1,,
2026-09-10,1,2026-09-09,Rillion,no,no,"Rillion AI Day - LFG. On Monday, we put work aside and got our team together for a...",Image,40,4,0,,
2026-09-10,1,2026-09-09,Rillion,no,no,What's the best place to start with AI in finance? The small yes/no decisions you're...,Video,14,2,1,,
2026-09-10,1,2026-09-09,Rillion,no,no,"250 CFOs across Sweden, Denmark and Finland told us where AI in finance *actually*...",Document/carousel,19,8,3,,
2026-09-10,1,2026-09-09,Rillion,no,no,[searching...] I'm on the hunt for a US native CFO or financial executive based...,Text,33,22,4,,
2026-09-10,1,2026-09-09,Rillion,no,no,AI transformation in finance is more about getting your people onboard than it is...,Video,31,3,5,,
2026-09-10,1,2026-09-09,Rillion,no,no,"If you think AI will eliminate entry-level roles in finance, here's a fresh take on...",Document/carousel,22,1,1,,
2026-09-10,1,2026-09-09,Rillion,no,no,Rillion + Stratas: taking AP automation in the UK to the next level. We're...,Video,23,2,2,,
2026-09-10,1,2026-09-09,Rillion,no,no,Just got back from two of the most energizing days I've had in a long time!...,Image,52,8,1,,
2026-09-10,1,2026-09-09,Rillion,no,no,"Sage Intacct users, this one's for you! Rillion now has a new integration with...",Document/carousel,23,2,5,,
2026-09-10,1,2026-09-09,Rillion,no,no,We made it into Dagens Industri today with the insights from our Nordic Finance AI...,Image,120,5,1,,
2026-09-10,1,2026-09-09,Fidesic,no,no,Your AP automation was supposed to eliminate manual work. Instead your team is still...,Image,0,0,0,,
2026-09-10,1,2026-09-09,Fidesic,no,no,"Rally Day is coming to Nashville on Sunday, October 11, a Knights of GP event built...",Image,7,2,1,,
2026-09-10,1,2026-09-09,Fidesic,no,no,Checks are still the top target for payment fraud according to the 2026 AFP Payments...,Image,1,0,0,,
2026-09-10,1,2026-09-09,Fidesic,no,no,#MySummitNA,Image,0,0,0,,
2026-09-10,1,2026-09-09,Fidesic,no,no,How to Spot AP Bottlenecks Before Growth Stalls. Warning signs your AP process won't...,Image,1,0,0,,
2026-09-10,1,2026-09-09,Fidesic,no,no,Cash flow is a fact. Profit is an opinion. #WednesdayWisdom #AccountsPayable,Image,1,0,0,,
2026-09-10,1,2026-09-09,Fidesic,no,no,Did you know 8 days is how long the median finance team spends closing the books...,Image,1,0,0,,
2026-09-10,1,2026-09-09,Fidesic,no,no,Ready to rock 'n' roll in Nashville for Dynamic Communities Summit NA 2026? We're...,Image,2,0,1,,
2026-09-10,1,2026-09-09,Fidesic,no,no,In this post highlight some of the common bottlenecks that hinder scalability so you...,Article/Link,0,0,0,,
2026-09-10,1,2026-09-09,Fidesic,no,no,"Like any large financial data migration, you can expect a migration from Dynamics GP...",Article/Link,2,0,0,,
2026-09-10,1,2026-09-09,Fidesic,no,no,#LoveFriday #LoveAutomation,Image,0,0,0,,
2026-09-10,1,2026-09-09,Fidesic,no,no,"Payment behavior directly affects cash flow, supplier relationships, and access to...",Article/Link,1,0,0,,
2026-09-10,1,2026-09-09,Fidesic,no,no,Fidesic has been named Best Of AP Automation Tools for Dynamics ERP in 2026 by ERP...,Article/Link,7,0,1,,
2026-09-10,1,2026-09-09,Fidesic,no,no,"""Discipline in accounts payable is discipline in cash flow."" #WednesdayWisdom #APTeam",Image,0,0,0,,
2026-09-10,1,2026-09-09,Fidesic,no,no,This post removes some of the fear around GP end of support and offers practical...,Article/Link,2,0,0,,
2026-09-10,1,2026-09-09,Fidesic,no,no,It's comin' up quick! Looking forward to seeing everyone in Nashville for...,Image,6,2,1,,
2026-09-10,1,2026-09-09,Fidesic,no,no,Fidesic is continually renewing focus on building trust in the Dynamics Community...,Text,1,0,0,,
2026-09-10,1,2026-09-09,Fidesic,no,no,"Unsurprisingly, not all AI projects are a success. At Fidesic, we mitigate your risk...",Image,1,0,0,,
2026-09-10,1,2026-09-09,Fidesic,no,no,"Fidesic has been recognized as a High Performer on G2, and the team could not be...",Article/Link,1,0,0,,
2026-09-10,1,2026-09-09,Fidesic,no,no,"This post covers what BC handles natively for PO matching and AP automation, where...",Article/Link,0,0,0,,
2026-09-10,1,2026-09-09,Fidesic,no,no,Is running accounts payable out of Business Central missing something? AP getting in...,Article/Link,3,0,0,,
2026-09-10,1,2026-09-09,Fidesic,no,no,Still on Dynamics GP? Fidesic has deployable AI agents for your Accounts Payable...,Video,7,3,0,,
2026-09-10,1,2026-09-09,Fidesic,no,no,Kevin Pritchard talks about why we're pumped to part of Knights of GP and what that...,Video,17,8,2,,
2026-09-10,1,2026-09-09,Fidesic,no,no,"Fidesic delivers value beyond AP automation. Don't get us wrong, our software is the...",Video,6,1,1,,
2026-09-10,1,2026-09-09,Fidesic,no,no,"Fidesic has officially joined Knights of GP, and we could not be more excited about...",Image,17,2,3,,
2026-09-10,1,2026-09-09,Fidesic,no,no,Ninety-five percent (95%) of enterprise generative AI pilots fail to deliver any...,Video,9,1,2,,
2026-09-10,1,2026-09-09,Fidesic,no,no,Last day of Directions NA. Last Fidesic Yeti tumbler! Who's going to get it?...,Image,5,0,1,,
2026-09-10,1,2026-09-09,Fidesic,no,no,Attending Directions NA? Stop by booth E14 and pick up some cozy socks!...,Image,2,0,0,,
2026-09-10,1,2026-09-09,Fidesic,no,no,Remittance vs. Bank Transfer: Key Differences. These two terms are sometimes used...,Image,0,0,0,,
2026-09-10,1,2026-09-09,Fidesic,no,no,"""Every invoice tells a story. Make sure yours check out."" #WednesdayWisdom #AP",Image,0,0,0,,
2026-09-10,1,2026-09-09,Fidesic,no,no,Fidesic has been named Best Of AP Automation Tools for Dynamics ERP in 2026 by ERP...,Article/Link,7,0,1,,
2026-09-10,1,2026-09-09,Fidesic,no,no,Fidesic is the strongest AP automation choice for organizations running Microsoft...,Article/Link,0,0,0,,
2026-09-10,1,2026-09-09,Fidesic,no,no,There is no secret path to a frictionless ERP migration. But having the right AP...,Text,2,1,0,,
2026-09-10,1,2026-09-09,Fidesic,no,no,In this post we are going to assume that you know the pain points of manual paper...,Article/Link,0,0,0,,
2026-09-10,1,2026-09-09,Fidesic,no,no,The right AP automation software enables small accounting departments to manage...,Article/Link,2,0,0,,
2026-09-10,1,2026-09-09,Fidesic,no,no,Accounts Payable Stats Worth Watching in 2026. Do these numbers hold any interest...,Document/carousel,2,1,1,,
2026-09-10,1,2026-09-09,Fidesic,no,no,"I'm a little late to the Linkedin party on this one, but I did want to recap my time...",Image,35,5,1,,
2026-09-10,1,2026-09-09,Fidesic,no,no,Who to see at #DirectionsNA? Here's 4 ideas: -Data Courage for advanced analytics...,Image,55,3,1,,
2026-09-10,1,2026-09-09,Fidesic,no,no,Trying to decide what your next ERP platform will be after Microsoft Dynamics GP?...,Image,4,0,1,,
2026-09-10,1,2026-09-09,Fidesic,no,no,Stop by the booth and say Hi! Booth E14. #MyDirectionsNA #BusinessCentral,Image,18,0,2,,
2026-09-10,1,2026-09-09,Fidesic,no,no,"Trust isn't something you can claim. It's something you have to earn, over and over,...",Article/Link,0,0,0,,
2026-09-10,1,2026-09-09,Fidesic,no,no,"For startups/SMBs seeking a fully managed AP process w/ minimal internal work,...",Image,3,0,0,,
2026-09-10,1,2026-09-09,Fidesic,no,no,It's hard to believe we are almost two weeks away from #DirectionsNA. I'm looking...,Image,21,3,1,,
2026-09-10,1,2026-09-09,Fidesic,no,no,"If you are wondering how to set up your purchase order matching, keep in mind, most...",Article/Link,1,0,0,,
2026-09-10,1,2026-09-09,Fidesic,no,no,Modern AI-based invoice capture uses machine learning models trained on millions of...,Article/Link,0,0,0,,
2026-09-10,1,2026-09-09,Fidesic,no,no,Fidesic is the strongest AP automation choice for organizations running Microsoft...,Article/Link,1,0,0,,
2026-09-10,1,2026-09-09,Fidesic,no,no,What separates a successful agentic accounting project from one that fails to...,Image,1,0,0,,
2026-09-10,1,2026-09-09,Fidesic,no,no,#FunFactFriday ACH is the largest single B2B payment method by transaction value and...,Image,1,0,0,,
2026-09-10,1,2026-09-09,Fidesic,no,no,Let's talk about something that's been hiding in plain sight in Dynamics GP that...,Article/Link,0,0,0,,
2026-09-10,1,2026-09-09,Fidesic,no,no,Some strategies sit firmly within AP's direct control. These include capturing early...,Image,0,0,0,,
2026-09-10,1,2026-09-09,Tipalti,no,no,"Arthur Laykin studied philosophy at Tel Aviv University, took a part-time job at the...",Image,2,0,0,,
2026-09-10,1,2026-09-09,Tipalti,no,no,Scaling globally exposes every crack in your financial infrastructure before it...,Image,2,0,0,,
2026-09-10,1,2026-09-09,Tipalti,no,no,Chasing down W-9s is nobody's idea of a good time. Tipalti's Tax Form Scan Agent...,Image,3,0,0,,
2026-09-10,1,2026-09-09,Tipalti,no,no,Take us out to the ball game! The Tipalti Foster City team gathered their popcorn...,Image,76,4,3,,
2026-09-10,1,2026-09-09,Tipalti,no,no,"The Tipalti team was at the World Finance Forum in London this week. Travis Hughson,...",Image,49,2,1,,
2026-09-10,1,2026-09-09,Tipalti,no,no,"Our E-commerce playbook is here! As E-commerce grows, AP complexity grows with it...",Image,4,1,0,,
2026-09-10,1,2026-09-09,Tipalti,no,no,"Custom Ink was processing 1,260 invoices a month across four entities with a team...",Document/carousel,6,0,0,,
2026-09-10,1,2026-09-09,Tipalti,no,no,Getting buy-in for finance automation is harder than it should be. We've created a...,Video,8,1,1,,
2026-09-10,1,2026-09-09,Tipalti,no,no,"Tipalti Expenses automates approvals, reconciliation, and reimbursements to simplify...",Text,4,0,0,,
2026-09-10,1,2026-09-09,Tipalti,no,no,League One Volleyball (LOVB) felt stuck with their legacy system. They needed...,Document/carousel,3,1,1,,
2026-09-10,1,2026-09-09,Tipalti,no,no,"Who enjoys PO matching? It's arduous, leads to bottlenecks, and any matching errors...",Image,14,0,1,,
2026-09-10,1,2026-09-09,Tipalti,no,no,Do you know what a sunny Summer day in Vancouver calls for? A team picnic on the...,Image,98,8,3,,
2026-09-10,1,2026-09-09,Tipalti,no,no,"Before he was a product manager, Yacov Gorovoy was a lawyer. He never coded. When a...",Image,41,3,0,,
2026-09-10,1,2026-09-09,Tipalti,no,no,"20 weeks of AP work, eliminated. Every year. That's what happened when Centerfield...",Document/carousel,7,0,1,,
2026-09-10,1,2026-09-09,Tipalti,no,no,Tipalti has officially been named to the Inc. 5000 list for nine consecutive years...,Image,190,4,3,,
2026-09-10,1,2026-09-09,Tipalti,no,no,The trouble with global growth begins when you add country number 2. Now you have to...,Video,3,2,0,,
2026-09-10,1,2026-09-09,Tipalti,no,no,"A company needs to pay a supplier in Germany, a creator in Brazil, and a contractor...",Image,5,2,1,,
2026-09-10,1,2026-09-09,Tipalti,no,no,Great engineering leadership isn't just about technical expertise; it's about...,Image,4,1,1,,
2026-09-10,1,2026-09-09,Tipalti,no,no,"When Prodege's partner network grew, so did the operational complexity behind every...",Video,12,1,0,,
2026-09-10,1,2026-09-09,Tipalti,no,no,"AI is no longer a ""someday"" conversation in finance. It's a ""now"" conversation. In...",Image,17,0,0,,
2026-09-10,1,2026-09-09,Tipalti,no,no,"Hear directly from finance leaders at AG1, Lantern Community Services, and Lendable...",Video,10,0,0,,
2026-09-10,1,2026-09-09,Tipalti,no,no,New from the Tipalti Product Team. Most product teams assume you need an...,Image,101,5,0,,
2026-09-10,1,2026-09-09,Tipalti,no,no,What does it actually take to build financial infrastructure for a company scaling...,Image,7,0,0,,
2026-09-10,1,2026-09-09,Tipalti,no,no,"David Fractor, CFO at ImaginAb, has spent seven years building a finance function...",Image,9,0,0,,
2026-09-10,1,2026-09-09,Tipalti,no,no,"The Tipalti C-Suite were in Vancouver last week for their executive QBR, and they...",Image,128,3,2,,
2026-09-10,1,2026-09-09,Tipalti,no,no,Tipalti Mass Payments manages the full payout lifecycle in one platform: payee...,Text,22,0,2,,
2026-09-10,1,2026-09-09,Tipalti,no,no,Technology alone won't make finance more scalable. The biggest gains come from...,Image,7,0,0,,
2026-09-10,1,2026-09-09,Tipalti,no,no,We are thrilled to share that Tipalti has been named to the Inc. 5000 list for the...,Image,51,1,9,,
2026-09-10,1,2026-09-09,Tipalti,no,no,Most finance teams using AI today are using it as a faster way to do things they...,Article/Link,31,0,0,,
2026-09-10,1,2026-09-09,Tipalti,no,no,Tipalti Accounts Payable connects the full AP lifecycle in one system: invoice...,Text,7,0,0,,
2026-09-10,1,2026-09-09,Tipalti,no,no,"In his latest for the Forbes Tech Council, Tipalti CPTO Roby Baruch discusses how AI...",Article/Link,1,0,0,,
2026-09-10,1,2026-09-09,Tipalti,no,no,Skillshare has 5 million members and a global network of instructors and influencers...,Document/carousel,12,0,0,,
2026-09-10,1,2026-09-09,Tipalti,no,no,I'm excited to share that Tipalti has been named on CNBC's World's Top FinTech...,Image,52,2,6,,
2026-09-10,1,2026-09-09,Tipalti,no,no,"A hypothetical about manual processes. A vendor submits the same invoice twice,...",Text,6,1,0,,
2026-09-10,1,2026-09-09,Tipalti,no,no,Ask any finance team that's made the switch to automation what they regret. It's...,Text,2,0,0,,
2026-09-10,1,2026-09-09,Tipalti,no,no,"Paying 50 payees is a task. Paying 5,000 requires a system. Tipalti is that system.",Text,15,0,2,,
2026-09-10,1,2026-09-09,Tipalti,no,no,Adding a new country doesn't add one new problem. It adds several at once:...,Video,8,0,1,,
2026-09-10,1,2026-09-09,Tipalti,no,no,81% of organizations say their external partner networks are vital to business...,Video,7,0,1,,
2026-09-10,1,2026-09-09,Tipalti,no,no,"Even the best partner programs lose talent when payments are slow, complicated, or...",Video,8,1,1,,
2026-09-10,1,2026-09-09,Tipalti,no,no,The Tipalti team is heading to Minneapolis for the Dynamics Community Summit...,Video,6,0,0,,
2026-09-10,1,2026-09-09,Tipalti,no,no,"Today, Tipalti's US offices are closed in observance of Juneteenth - a day that...",Image,37,1,1,,
2026-09-10,1,2026-09-09,Tipalti,no,no,We had a great time at the #WorldFinanceForum in Amsterdam this week. The team...,Image,47,2,1,,
2026-09-10,1,2026-09-09,Tipalti,no,no,Manual payment processes don't scale. They just create more manual payments.,Text,10,0,0,,
2026-09-10,1,2026-09-09,Tipalti,no,no,The finance function is being asked to operate at a higher level. The problem is the...,Video,41,0,1,,
2026-09-10,1,2026-09-09,Tipalti,no,no,"At some point, 'this is how we've always done it' stops being a reason and starts...",Text,3,0,0,,
2026-09-10,1,2026-09-09,Tipalti,no,no,NEW RESEARCH: The payout infrastructure gap is costing businesses their top...,Video,24,0,3,,
2026-09-10,1,2026-09-09,Tipalti,no,no,We were proud to sponsor the Spring 2026 CFO Leadership Conference in Boston last...,Image,82,6,3,,
2026-09-10,1,2026-09-09,Tipalti,no,no,We're on the floor at Affiliate Summit East in New York today and tomorrow. If...,Video,9,0,0,,
2026-09-10,1,2026-09-09,Tipalti,no,no,Global payouts shouldn't require a global headache.,Text,3,0,0,,
2026-09-10,1,2026-09-09,Tipalti,no,no,"Tipalti is heading to Affiliate Summit East in New York, July 27-28. If your team is...",Video,7,0,1,,
2026-09-10,1,2026-09-09,Stampli,no,no,"When leaders have room to grow, their teams can grow with them...",Image,4,0,0,,
2026-09-10,1,2026-09-09,Stampli,no,no,An employee swipes a company card. Another pays out of pocket. Someone submits...,Article/Link,15,0,6,,
2026-09-10,1,2026-09-09,Stampli,no,no,OpenAI published a story last week about how our team at Stampli used ChatGPT for...,Article/Link,18,2,3,,
2026-09-10,1,2026-09-09,Stampli,no,no,Answering a good finance question shouldn't require a costly project. Stampli Deep...,Video,44,7,10,,
2026-09-10,1,2026-09-09,Stampli,no,no,Month-end problems rarely begin at month-end. For Advance...,Image,17,0,7,,
2026-09-10,1,2026-09-09,Stampli,no,no,Business leaders always have questions. They just don't ask all of them because...,Video,47,5,5,,
2026-09-10,1,2026-09-09,Stampli,no,no,"In finance, efficiency only matters if you can improve it without giving up control...",Article/Link,4,0,2,,
2026-09-10,1,2026-09-09,Stampli,no,no,Anyone who's launched a product knows the hard part isn't just one thing. When we...,Article/Link,26,2,13,,
2026-09-10,1,2026-09-09,Stampli,no,no,"At Quincy Recycle, connecting Procurement and AP brought clarity to daily work and...",Image,25,0,7,,
2026-09-10,1,2026-09-09,Stampli,no,no,"An invoice in manufacturing is rarely just that. There's usually a PO, a receipt, a...",Article/Link,3,0,0,,
2026-09-10,1,2026-09-09,Stampli,no,no,Finance teams don't run out of good questions. They run out of practical ways to get...,Document/carousel,32,0,12,,
2026-09-10,1,2026-09-09,Stampli,no,no,"""It's allowed basically a one-person team to do the work of a team of four or five.""...",Video,0,0,0,,
2026-09-10,1,2026-09-09,Stampli,no,no,Finance teams don't run out of useful questions. They run out of practical ways to...,Article/Link,22,1,6,,
2026-09-10,1,2026-09-09,Stampli,no,no,Every vendor relationship carries a set of important commitments. For business...,Article/Link,12,0,4,,
2026-09-10,1,2026-09-09,Stampli,no,no,"From 10 locations to more than 50, America's Group built a finance operation...",Article/Link,19,0,8,,
2026-09-10,1,2026-09-09,Stampli,no,no,"71 locations. 1,000+ monthly invoices. A two-person AP team. For Advance Financial,...",Article/Link,14,0,1,,
2026-09-10,1,2026-09-09,Stampli,no,no,We had a great time at the Nashville career fair meeting people excited about the...,Image,44,1,5,,
2026-09-10,1,2026-09-09,Stampli,no,no,Procure-to-pay breaks down fast when teams work across disconnected tools. Stampli...,Article/Link,11,0,5,,
2026-09-10,1,2026-09-09,Stampli,no,no,I spent ten years as an accountant before I ever touched marketing. So when OpenAI...,Video,63,3,5,,
2026-09-10,1,2026-09-09,Stampli,no,no,We're about to see the death of the dashboard. Here's why they'll get replaced by...,Image,83,8,23,,
2026-09-10,1,2026-09-09,Stampli,no,no,Finance leaders do not need a lesson in prompting. They need better data to prompt...,Article/Link,6,0,1,,
2026-09-10,1,2026-09-09,Stampli,no,no,New software shouldn't take years to deliver value. Stampli has the fastest...,Image,36,1,14,,
2026-09-10,1,2026-09-09,Stampli,no,no,Ask your agentic financial analyst anything. Get consultant-grade intelligence about...,Video,39,0,22,,
2026-09-10,1,2026-09-09,Stampli,no,no,"What changes when finance teams can analyze data in ways that used to be slow,...",Article/Link,13,0,1,,
2026-09-10,1,2026-09-09,Stampli,no,no,Accounts Payable is where Procure-to-Pay either works or breaks. In G2's Summer 2026...,Article/Link,18,0,6,,
2026-09-10,1,2026-09-09,Stampli,no,no,"Vendor renewal coming up? A lot can change since the last contract. Spend patterns,...",Article/Link,12,1,4,,
2026-09-10,1,2026-09-09,Stampli,no,no,"""Those little clicks add up. When you're doing that a thousand times a day, it...",Video,25,0,10,,
2026-09-10,1,2026-09-09,Stampli,no,no,Strong customer feedback on real value for finance teams to create one connected P2P...,Article/Link,37,1,16,,
2026-09-10,1,2026-09-09,Stampli,no,no,Finance teams don't run out of useful questions. They run out of practical ways to...,Article/Link,22,1,6,,
2026-09-10,1,2026-09-09,Stampli,no,no,NetSuite 3-way matching often breaks on one missing piece: the item receipt. When...,Article/Link,9,0,2,,
2026-09-10,1,2026-09-09,Stampli,no,no,ACH risks don't start at the bank portal. They often start earlier. A vendor bank...,Article/Link,17,3,7,,
2026-09-10,1,2026-09-09,Stampli,no,no,Your team is addicted to corporate card swipes and free trials they forget to...,Image,9,0,0,,
2026-09-10,1,2026-09-09,Stampli,no,no,Finance professionals paired with the right platform turn complexity into a scalable...,Image,11,0,3,,
2026-09-10,1,2026-09-09,Stampli,no,no,"Built to scale your business, not your headcount. Stampli's AI performs an average...",Article/Link,25,0,11,,
2026-09-10,1,2026-09-09,Stampli,no,no,Saving time at every step of the P2P process with one unified system built for the...,Video,25,0,11,,
2026-09-10,1,2026-09-09,Stampli,no,no,"Vendor concentration risk is hiding in your AP data. With Stampli Deep Finance, you...",Article/Link,11,0,1,,
2026-09-10,1,2026-09-09,Stampli,no,no,Day 1 of #SageFuture in the books. Partner day was fantastic. Got to connect with...,Image,91,1,5,,
2026-09-10,1,2026-09-09,Stampli,no,no,The Ollie team went from hours a day leashing wild invoices to just minutes with...,Video,23,0,5,,
2026-09-10,1,2026-09-09,Stampli,no,no,Yes... it really is easier than endless approvals hidden in email threads. Not just...,Video,14,0,5,,
2026-09-10,1,2026-09-09,Stampli,no,no,Budget variance usually doesn't start with one big decision. It builds quietly...,Article/Link,7,0,2,,
2026-09-10,1,2026-09-09,Stampli,no,no,The data moving through finance systems holds a story that teams never see. Stampli...,Article/Link,25,1,6,,
2026-09-10,1,2026-09-09,Stampli,no,no,The most valuable signals in finance are buried in places traditional BI can't...,Video,52,2,6,,
2026-09-10,1,2026-09-09,Stampli,no,no,We're launching something big: an agentic financial analyst you can ask anything...,Video,148,3,21,,
2026-09-10,1,2026-09-09,Stampli,no,no,Stampli Deep Finance transforms raw finance data into executive spend intelligence...,Article/Link,46,2,29,,
2026-09-10,1,2026-09-09,Stampli,no,no,"Instead of hiring more AP staff with every acquisition, America's Group automated...",Article/Link,14,0,6,,
2026-09-10,1,2026-09-09,Stampli,no,no,"No matter your ERP, Stampli fits right in. For America's Auto Auction, that's...",Article/Link,17,0,9,,
2026-09-10,1,2026-09-09,Stampli,no,no,Market stories become clearer when they show up in operational spend. Josh...,Video,11,1,4,,
2026-09-10,1,2026-09-09,Stampli,no,no,"Corporate cards don't have to mean losing control of spend. With the right controls,...",Article/Link,17,0,5,,
2026-09-10,1,2026-09-09,Stampli,no,no,We're grateful for all our customers. Even more grateful for those who share their...,Article/Link,65,0,35,,
2026-09-10,1,2026-09-09,Stampli,no,no,"As finance teams look toward 2026, AI is everywhere, but real impact is uneven. In...",Article/Link,40,0,7,,
2026-09-09,2,2026-08-31,Continia Software,yes,no,It's about time... we found out who's faster,Image,85,0,0,,
2026-09-09,2,2026-08-31,Continia Software,yes,no,"Colleagues, vineyards, and a glass (or two) of wine",Image,80,2,0,,
2026-09-09,2,2026-08-31,Continia Software,yes,no,It's about time you stopped doing these 5 things,Document/carousel,33,2,1,,
2026-09-09,2,2026-08-31,Continia Software,yes,no,12 free features your Business Central setup is missing,Document/carousel,39,0,5,,
2026-09-09,2,2026-08-31,Continia Software,yes,no,We've got room left on the team!,Document/carousel,33,0,4,,
2026-09-09,2,2026-08-31,Continia Software,yes,no,Your e-invoicing data is only as safe as your vendor,Image,27,0,3,,
2026-09-09,2,2026-08-31,Continia Software,yes,no,Every AP automation pitch this year sounds the same...,Image,21,0,2,,
2026-09-09,2,2026-08-31,Continia Software,yes,no,We're back from a great DynamicsCon in Ghana,Image,63,2,2,,
2026-09-09,2,2026-08-31,Continia Software,yes,no,"Same Monday, two very different workdays",Image,30,0,1,,
2026-09-09,2,2026-08-31,Continia Software,yes,no,The office is quiet. Why not spend the summer learning?,Image,23,0,0,,
2026-09-09,2,2026-08-31,Continia Software,yes,no,Separate accounts-but it's one relationship,Image,33,1,5,,
2026-09-09,2,2026-08-31,Continia Software,yes,no,"More than 1,000 active Continia solutions",Image,119,1,8,,
2026-09-09,2,2026-08-31,Continia Software,yes,no,Submitting expenses just got even easier!,Document/carousel,37,5,8,,
2026-09-09,2,2026-08-31,Continia Software,yes,no,"See Continia in action, at your own pace",Image,36,1,4,,
2026-09-09,2,2026-08-31,Continia Software,yes,no,It's about time... for an ice-cream break!,Image,70,1,0,,
2026-09-09,2,2026-08-31,Continia Software,yes,no,Fake invoices don't always look fake,Image,23,0,3,,
2026-09-09,2,2026-08-31,Continia Software,yes,no,Our biggest team meetup yet,Image,243,4,6,,
2026-09-09,2,2026-08-31,Continia Software,yes,no,From a full-time AP person to automation in minutes,Image,23,0,3,,
2026-09-09,2,2026-08-31,Continia Software,yes,no,The Elevate tour continues - this time in Poland!,Image,71,1,0,,
2026-09-09,2,2026-08-31,Continia Software,yes,no,Kicking off Continia Elevate in the UK,Video,53,2,1,,
2026-09-09,2,2026-08-31,Continia Software,yes,no,We're ISO 27001 certified,Image,195,2,1,,
2026-09-09,2,2026-08-31,Continia Software,yes,no,It's about time ... we cycled to work,Image,69,1,0,,
2026-09-09,2,2026-08-31,Continia Software,yes,no,250 Continia-losninger er en god grund til kage,Image,70,1,2,,
2026-09-09,2,2026-08-31,Continia Software,yes,no,Thanks for a great time at DynamicsMinds!,Image,93,2,0,,
2026-09-09,2,2026-08-31,Continia Software,yes,no,Continia is growing - swipe to find your next role,Document/carousel,42,0,0,,
2026-09-09,2,2026-08-31,Continia Software,yes,no,Your BC setup is almost there. Why not upgrade it for free?,Video,34,0,4,,
2026-09-09,2,2026-08-31,Continia Software,yes,no,Continia Elevate comes to Warsaw!,Image,47,4,2,,
2026-09-09,2,2026-08-31,Continia Software,yes,no,That's a wrap on Directions ASIA,Image,59,0,0,,
2026-09-09,2,2026-08-31,Continia Software,yes,no,The Continia Expense App now supports Microsoft Intune,Image,69,0,2,,
2026-09-09,2,2026-08-31,Continia Software,yes,no,Is your Accounts Receivable setup as efficient as it could be?,Document/carousel,39,0,0,,
2026-09-09,2,2026-08-31,Continia Software,yes,no,Celebrating our very own Microsoft MVP,Image,217,17,1,,
2026-09-09,2,2026-08-31,Continia Software,yes,no,Catch up on 2026 R1 and showcase your expertise,Image,27,0,2,,
2026-09-09,2,2026-08-31,Continia Software,yes,no,Let's catch up at DynamicsMinds!,Image,66,1,1,,
2026-09-09,2,2026-08-31,Continia Software,yes,no,Spend 30 minutes learning and save hours every month,Image,32,0,1,,
2026-09-09,2,2026-08-31,Continia Software,yes,no,Did you miss our 2026 R1 'What's New' webinars?,Image,31,0,1,,
2026-09-09,2,2026-08-31,Continia Software,yes,no,25 ars samarbejde og +500 aktive Continia-losninger,Image,75,2,2,,
2026-09-09,2,2026-08-31,Continia Software,yes,no,Celebrating the first release of 2026,Image,80,0,1,,
2026-09-09,2,2026-08-31,Continia Software,yes,no,2026 R1: A big step forward for AR automation,Video,84,2,6,,
2026-09-09,2,2026-08-31,Continia Software,yes,no,Hopping into Easter...,Image,61,0,2,,
2026-09-09,2,2026-08-31,Continia Software,yes,no,"Handling 15,000 invoices every month is no small task",Image,27,0,1,,
2026-09-09,2,2026-08-31,Continia Software,yes,no,Join us at Days of Knowledge Nordic,Image,33,0,1,,
2026-09-09,2,2026-08-31,Continia Software,yes,no,Happy birthday to our CEO!,Image,208,20,0,,
2026-09-09,2,2026-08-31,Continia Software,yes,no,Get a first look at 2026 R1!,Document/carousel,31,0,3,,
2026-09-09,2,2026-08-31,Continia Software,yes,no,Football shirts for a good cause,Image,67,2,0,,
2026-09-09,2,2026-08-31,Continia Software,yes,no,Vi fejrer +500 implementerede Continia-losninger hos Twoday,Image,77,0,3,,
2026-09-09,2,2026-08-31,Continia Software,yes,no,Where to meet Continia this spring and summer,Document/carousel,34,0,3,,
2026-09-09,2,2026-08-31,Continia Software,yes,no,Lap times (almost) as quick as our invoice processing!,Image,53,0,1,,
2026-09-09,2,2026-08-31,Continia Software,yes,no,Vi inviterer til danske webinarer,Image,27,0,3,,
2026-09-09,2,2026-08-31,Continia Software,yes,no,How ivWatch reduced expense management costs by 40%,Image,36,1,5,,
2026-09-09,2,2026-08-31,Continia Software,yes,no,Simplify your credit card fee handling,Image,26,0,1,,
2026-09-09,2,2026-08-31,Truvio,no,no,4 minutes versus 17 minutes per invoice.,Video,16,0,2,,
2026-09-09,2,2026-08-31,Truvio,no,no,B2B-kunder begynder ikke nodvendigvis deres kobsrejse pa jeres webshop.,Image,10,2,0,,
2026-09-09,2,2026-08-31,Truvio,no,no,"Invoice capture is only one part of accounts payable automation. What happens when customers also need greater control over approvals, matching",Image,33,2,5,,
2026-09-09,2,2026-08-31,Truvio,no,no,One last episode. One last chance to enter!,Text,2,0,0,,
2026-09-09,2,2026-08-31,Truvio,no,no,A keynote worth joining us in Aarhus for.,Image,25,0,2,,
2026-09-09,2,2026-08-31,Truvio,no,no,Truvio is heading to Columbus for DynamicsCon Regional: Ohio Valley!,Image,20,1,2,,
2026-09-09,2,2026-08-31,Truvio,no,no,We're proud to sponsor the 4PS Customer Day 2026!,Image,27,3,1,,
2026-09-09,2,2026-08-31,Truvio,no,no,"Running, walking and cheering each other on",Image,78,0,1,,
2026-09-09,2,2026-08-31,Truvio,no,no,One last conversation before we officially close out summer.,Image,14,0,3,,
2026-09-09,2,2026-08-31,Truvio,no,no,"AI er allerede ved at aendre den made, B2B-kunder finder, sammenligner og vaelger produkter pa.",Image,14,0,1,,
2026-09-09,2,2026-08-31,Truvio,no,no,The Commerce Product Brief is already next week,Image,15,0,4,,
2026-09-09,2,2026-08-31,Truvio,no,no,Remember when waiting was just part of the process?,Text,23,0,3,,
2026-09-09,2,2026-08-31,Truvio,no,no,Nine steps. Zero manual touchpoints.,Image,15,0,3,,
2026-09-09,2,2026-08-31,Truvio,no,no,A little sneak peek at what's coming next to Truvio Talks...,Image,19,0,4,,
2026-09-09,2,2026-08-31,Truvio,no,no,Only 2 more days until the next episode of Truvio Talks!,Text,3,0,0,,
2026-09-09,2,2026-08-31,Truvio,no,no,"When you're in the middle of a complex ERP transformation, a smooth implementation can make a real difference. That was the experience at Blackwoods.",Image,18,0,0,,
2026-09-09,2,2026-08-31,Truvio,no,no,"Vi glaeder os til at vaere med, nar Computerworld Events saetter fokus pa vejen videre fra Dynamics AX den 25. august i Koge.",Image,22,0,1,,
2026-09-09,2,2026-08-31,Truvio,no,no,"Hylke Britstra is taking the stage at Directions for Enterprise 2026 in Copenhagen. His session, 'F&O is just a tool'.",Image,27,0,2,,
2026-09-09,2,2026-08-31,Truvio,no,no,"Summer isn't over yet, and neither is your chance to win!",Image,15,0,5,,
2026-09-09,2,2026-08-31,Truvio,no,no,"We're excited to share that Truvio is a Gold Sponsor at Days of Knowledge - ANZ 2026, taking place on 3-4 September in Melbourne.",Image,19,0,3,,
2026-09-09,2,2026-08-31,Truvio,no,no,"(repost) This year I started working for Truvio, currently focusing on the ExFlow AP module in D365FO.",Image,124,6,11,,
2026-09-09,2,2026-08-31,Truvio,no,no,Manual payments cost more than money.,Image,25,0,5,,
2026-09-09,2,2026-08-31,Truvio,no,no,Less than one month to go until Truvio Commerce Partner Days 2026!,Image,23,0,2,,
2026-09-09,2,2026-08-31,Truvio,no,no,"Tomorrow, new EU packaging rules begin to apply.",Image,16,0,7,,
2026-09-09,2,2026-08-31,Truvio,no,no,"This week, we're hosting two APJ Partner Training sessions for D365 F&O partners.",Image,14,0,3,,
2026-09-09,2,2026-08-31,Truvio,no,no,Truvio is heading to Directions for Enterprise 2026 in Copenhagen!,Image,52,2,2,,
2026-09-09,2,2026-08-31,Truvio,no,no,"Summer may be winding down, but there's still time to make your finance operations more resilient.",Image,8,0,2,,
2026-09-09,2,2026-08-31,Truvio,no,no,A 4.65/5 score is one thing. Understanding what drives enterprise fit is another. Avanade evaluated Truvio AP Automation.,Image,28,0,8,,
2026-09-09,2,2026-08-31,Truvio,no,no,Every quarter brings new improvements across Truvio Commerce.,Image,10,0,0,,
2026-09-09,2,2026-08-31,Truvio,no,no,Ready to shorten your order-to-cash cycle?,Text,11,0,4,,
2026-09-09,2,2026-08-31,Truvio,no,no,We are excited to be attending the Dynamics 365 ERP/CE & AI Summit NA Roadshow in Minneapolis on August 6!,Image,20,0,2,,
2026-09-09,2,2026-08-31,Truvio,no,no,"When customers need a spare part, finding the right one should be simple - even when the product catalogue contains more than 500,000 SKUs.",Video,26,0,8,,
2026-09-09,2,2026-08-31,Truvio,no,no,"This September, we're bringing the Truvio Commerce partner community together in Aarhus for three days.",Image,26,0,1,,
2026-09-09,2,2026-08-31,Truvio,no,no,"Where are the untapped opportunities within your customers' Dynamics 365 finance processes? Join Seer 365, Truvio and Xe.com for an EDGE event.",Image,19,1,2,,
2026-09-09,2,2026-08-31,Truvio,no,no,What a way to close out the educational sessions at the AI Business Solutions Partner Executive Summit.,Image,45,3,4,,
2026-09-09,2,2026-08-31,Truvio,no,no,Finance teams shouldn't have to spend their day chasing information.,Text,20,0,9,,
2026-09-09,2,2026-08-31,Truvio,no,no,We're heading to Minneapolis!,Image,28,0,1,,
2026-09-09,2,2026-08-31,Truvio,no,no,Happening today!,Text,3,0,0,,
2026-09-09,2,2026-08-31,Truvio,no,no,Where is that invoice?,Image,23,0,5,,
2026-09-09,2,2026-08-31,Truvio,no,no,The final session of Day 1 at the Partner Executive Summit didn't end with a keynote-it ended with one of the most valuable conversations.,Image,39,0,8,,
2026-09-09,2,2026-08-31,Truvio,no,no,Vendor statement reconciliation is easier when discrepancies can be identified early and financial records remain accurate.,Image,25,2,4,,
2026-09-09,2,2026-08-31,Truvio,no,no,Ready for a vacation... but worried your finance operations might not be?,Text,22,0,6,,
2026-09-09,2,2026-08-31,Truvio,no,no,Want to hear what's new in Truvio Commerce directly from the people building it?,Image,22,0,4,,
2026-09-09,2,2026-08-31,Truvio,no,no,This clip is just a glimpse into tomorrow's conversation.,Video,10,0,0,,
2026-09-09,2,2026-08-31,Truvio,no,no,How much time could AP automation actually save your finance team?,Image,24,1,11,,
2026-09-09,2,2026-08-31,Truvio,no,no,"What if AI could help your finance team decide how invoices should be coded, and which ones require closer attention?",Image,17,0,2,,
2026-09-09,2,2026-08-31,Truvio,no,no,'Out of Office' Should Mean Out of Office,Image,23,0,4,,
2026-09-09,2,2026-08-31,Truvio,no,no,Work Like You're on Vacation... and you might just win the ultimate summer prize pack!,Video,38,0,6,,
2026-09-09,2,2026-08-31,Truvio,no,no,"A lot of B2B commerce still happens through emails, spreadsheets, and manual follow-ups.",Image,17,0,1,,
2026-09-09,2,2026-08-31,Truvio,no,no,Just 1 day to go!,Text,1,0,0,,
2026-09-09,2,2026-08-31,Equisys,no,no,"Our Implementation Services help Business Central partners deliver faster, smoother Zetadocs projects for their customers with less risk and more pred",Image,3,0,3,,
2026-09-09,2,2026-08-31,Equisys,no,no,"Manage your documents more effectively, rather than just storing them in a repository. Discover why Business Central customers choose Zetadocs Capture",Image,3,0,4,,
2026-09-09,2,2026-08-31,Equisys,no,no,Cut costs without compromising control,Image,4,0,2,,
2026-09-09,2,2026-08-31,Equisys,no,no,"With Zetadocs, you can drag and drop supporting documents against a journal entry in Business Central. This provides context or justification for a tr",Image,4,1,2,,
2026-09-09,2,2026-08-31,Equisys,no,no,Missed our recent webinar? Catch up now!,Video,5,0,2,,
2026-09-09,2,2026-08-31,Equisys,no,no,"We're just a few hours away from our webinar, 'Discover THE BEST AP Automation Solution for Business Central'!",Image,1,0,1,,
2026-09-09,2,2026-08-31,Equisys,no,no,There's less than 24 hours left to register for our webinar - 'Discover THE BEST AP Automation solution for Business Central',Image,2,0,3,,
2026-09-09,2,2026-08-31,Equisys,no,no,Looking for a smarter way to manage employee expenses and ensure compliant claims? Book a demo of Zetadocs Expenses today:,Image,3,0,3,,
2026-09-09,2,2026-08-31,Equisys,no,no,"Last week, we had a great time sponsoring Directions North America 2026! Thank you to all that stopped by to chat about Zetadocs and those who entered",Image,12,0,2,,
2026-09-09,2,2026-08-31,Equisys,no,no,We had an amazing first day at Directions North America and can't wait to see what day two brings! Be sure to stop by our booth (E-32) to say hello an,Image,15,0,5,,
2026-09-09,2,2026-08-31,Equisys,no,no,"We'll be in Orlando, Florida next week for Directions North America, and we'd love to say hello. Drop by booth E-32 to meet the team, ask questions, a",Image,5,0,3,,
2026-09-09,2,2026-08-31,Equisys,no,no,"We're headed to Directions in Orlando, Florida in 2 weeks",Image,6,0,4,,
2026-09-09,2,2026-08-31,Equisys,no,no,"Deliver smarter, not harder!",Image,2,0,0,,
2026-09-09,2,2026-08-31,Equisys,no,no,We're delighted to be part of this exciting event that takes an in-depth look at AP Automation options for Microsoft Dynamics 365 Business Central.,Image,3,0,1,,
2026-09-09,2,2026-08-31,Equisys,no,no,"Zetadocs Expenses offers a smooth expense workflow right out-of-the-box, with minimal training required for both finance teams and the submitters.",Image,4,0,1,,
2026-09-09,2,2026-08-31,Equisys,no,no,It's not too late to reserve your space on today's Lunch & Learn event!,Image,3,0,5,,
2026-09-09,2,2026-08-31,Equisys,no,no,It's not too late - join a Lunch & Learn event this week to learn how to get even more out of your Zetadocs investment. Book your place now via the li,Image,3,0,2,,
2026-09-09,2,2026-08-31,Equisys,no,no,Our Lunch & Learn series starts next week! Are you registered yet? Each session will last around 15 minutes and is designed to demonstrate tricks and,Image,1,0,1,,
2026-09-09,2,2026-08-31,Equisys,no,no,Looking forward to being part of this great event!,Image,1,0,0,,
2026-09-09,2,2026-08-31,Equisys,no,no,"Looking for an expense management solution built for Business Central, ready to go straight away? Look no further than Zetadocs Expenses.",Image,7,0,2,,
2026-09-09,2,2026-08-31,Equisys,no,no,Even the most well-written expense policies can prove difficult to enforce across a company. This whitepaper discusses the hurdles finance teams face,Image,7,0,4,,
2026-09-09,2,2026-08-31,Equisys,no,no,"See how Zetadocs can transform the way you work. Book a demo today to explore any of our AP automation, document management or expense management solu",Image,6,0,4,,
2026-09-09,2,2026-08-31,Equisys,no,no,"The future of accounts payable is automated. Explore expert perspectives on how AI and accounting technology will drive efficiency, accuracy and bette",Article/Link,2,0,0,,
2026-09-09,2,2026-08-31,Equisys,no,no,Zetadocs Delivery helps finance teams spend less time on admin and more time on what really matters. Learn more about how it could help save your team,Image,3,0,2,,
2026-09-09,2,2026-08-31,Equisys,no,no,Learn how to build a clear travel and entertainment expenses policy that's easy to consistently enforce in this blog post:,Image,1,0,1,,
2026-09-09,2,2026-08-31,Equisys,no,no,"Still chasing approvals and fixing errors? AP automation removes bottlenecks, speeds up approvals and helps teams scale without the stress.",Article/Link,0,0,0,,
2026-09-09,2,2026-08-31,Equisys,no,no,"Many employees feel unsure about what they can expense, even if upper management think they have a clear expense policy. Solutions like Zetadocs Expen",Image,1,0,1,,
2026-09-09,2,2026-08-31,Equisys,no,no,"AI in ERP is accelerating fast, and ISVs are leading the way with practical, real-world innovations. Read this article to find out why AI-driven ISV s",Article/Link,3,0,2,,
2026-09-09,2,2026-08-31,Equisys,no,no,This month we're celebrating 15 years of the Equisys blog! Here's some of the highlights from along the way,Document/carousel,3,0,1,,
2026-09-09,2,2026-08-31,Equisys,no,no,Accounting teams in the manufacturing industry (and beyond) are facing challenges with manual AP workflows. Check out this article on why automating A,Article/Link,1,0,0,,
2026-09-09,2,2026-08-31,Equisys,no,no,"Thank you to all who stopped by our booth at Directions #EMEA2025! Our team have had a great few days in Poznan, and loved chatting with e",Image,11,0,2,,
2026-09-09,2,2026-08-31,Equisys,no,no,Our team is really enjoying the informative sessions and great conversations happening at Directions #EMEA2025. Come say hello at booth B-,Image,1,0,0,,
2026-09-09,2,2026-08-31,Equisys,no,no,We're delighted to be at Directions #EMEA2025 in Poznan! Be sure to come and visit our team at booth B-13 to discover the latest news abou,Image,23,0,5,,
2026-09-09,2,2026-08-31,Equisys,no,no,"We're excited to be heading to Directions EMEA next week! If you're attending, we'd love to connect and show you how Zetadocs can simplify AP automati",Image,14,0,7,,
2026-09-09,2,2026-08-31,Equisys,no,no,"It's almost time for Demo Week! From October 20-24, we're offering live, personalized demos of our expense management solution. This is a great opport",Image,3,0,2,,
2026-09-09,2,2026-08-31,Equisys,no,no,Join us for our webinar!,Article/Link,1,0,1,,
2026-09-09,2,2026-08-31,Equisys,no,no,We're delighted to partner with Z9Works Inc. and look forward to helping your customers!,Image,0,0,0,,
2026-09-09,2,2026-08-31,Equisys,no,no,"We're excited to take part in the Expense Reporting Comparison Showcase for Business Central on Tuesday, September 23rd. Join us for a demo of Zetadoc",Image,5,0,1,,
2026-09-09,2,2026-08-31,Equisys,no,no,Our customers love how easy it is to attach documents to the right Business Central record using the Zetadocs Capture FactBox. This user-friendly syst,Image,7,0,1,,
2026-09-09,2,2026-08-31,Equisys,no,no,Zetadocs Expenses provides a powerful solution that's simple to manage. Learn more about how it integrates with Business Central here: https://lnkd.in,Image,3,0,2,,
2026-09-09,2,2026-08-31,Equisys,no,no,"Zetadocs Delivery helps businesses to reduce document delivery costs and streamline processes by automating time-consuming, day-to-day jobs.",Image,3,0,3,,
2026-09-09,2,2026-08-31,Medius,no,no,September is a good month to sort out AP.,Document/carousel,4,0,0,,
2026-09-09,2,2026-08-31,Medius,no,no,"Not sure which AP automation features actually matter, and which are just on the checklist for show?",Image,7,0,1,,
2026-09-09,2,2026-08-31,Medius,no,no,Medius' Financial Census 2026 is officially here.,Document/carousel,34,0,10,,
2026-09-09,2,2026-08-31,Medius,no,no,"Join the Medius team at the upcoming inPOWER User Conference, taking place September 14-17 in Pewaukee, Wisconsin.",Image,10,1,0,,
2026-09-09,2,2026-08-31,Medius,no,no,"What better way to close out the week than with a new edition of MediusExplains? Today, we're discussing the 5 signs your AP process is costing you sp",Document/carousel,8,0,2,,
2026-09-09,2,2026-08-31,Medius,no,no,"Mark your calendars! Our Top Tips in Action live interactive webinar is coming up on September 9, 10:00 - 10:30 AM ET.",Image,11,0,4,,
2026-09-09,2,2026-08-31,Medius,no,no,Invoices processed in one day.,Image,21,0,6,,
2026-09-09,2,2026-08-31,Medius,no,no,What are the most common causes of late payments in B2B?,Article/Link,6,0,0,,
2026-09-09,2,2026-08-31,Medius,no,no,"Medius will be at JDE INFOCUS 2026, taking place September 21-23 in Denver, Colorado. This three-day event will join the JD Edwards community for hand",Image,14,0,0,,
2026-09-09,2,2026-08-31,Medius,no,no,A failed invoice match in manufacturing isn't just an AP problem.,Article/Link,7,0,2,,
2026-09-09,2,2026-08-31,Medius,no,no,58% of AP teams are already using or piloting AI. The other 42% are watching the gap widen.,Image,11,0,1,,
2026-09-09,2,2026-08-31,Medius,no,no,Join us on August 26 for our Explore Medius: Compliance & E-invoicing live webinar.,Image,66,0,5,,
2026-09-09,2,2026-08-31,Medius,no,no,Duplicate payments in retail don't usually look like duplicates.,Article/Link,6,0,0,,
2026-09-09,2,2026-08-31,Medius,no,no,"Join us on August 20 for our Medius Momentum: Q3 2026 Product Update, a live webinar featuring our own Graeme Chard, SVP, Product Marketing, as he pro",Image,34,2,4,,
2026-09-09,2,2026-08-31,Medius,no,no,Most enterprise finance teams aren't waiting on budget to modernize AP. They're waiting on IT. And IT is waiting on the ERP.,Image,4,1,0,,
2026-09-09,2,2026-08-31,Medius,no,no,"Great Northern Equipment: small team, big efficiency gains",Image,32,0,10,,
2026-09-09,2,2026-08-31,Medius,no,no,We had a great time this week at the Microsoft AI Business Solutions Partner Executive Summit.,Image,63,0,1,,
2026-09-09,2,2026-08-31,Medius,no,no,AP fraud doesn't announce itself. It hides in duplicate invoices and last-minute bank account changes.,Article/Link,6,0,0,,
2026-09-09,2,2026-08-31,Medius,no,no,"The accounts payable process covers a lot of ground: purchase orders, invoice capture, three-way matching, approvals, payment scheduling, and record-k",Article/Link,13,0,3,,
2026-09-09,2,2026-08-31,Medius,no,no,Still chasing invoice approvals and manually keying payments? There's a live demo for that.,Image,11,0,4,,
2026-09-09,2,2026-08-31,Medius,no,no,Innovation meets efficiency: Marshalls plc's AP automation journey,Image,17,0,3,,
2026-09-09,2,2026-08-31,Medius,no,no,We're excited to return with a new edition of our MediusAsks series. This series invites our team of experts at Medius to share their insights on the,Video,20,0,1,,
2026-09-09,2,2026-08-31,Medius,no,no,The industry average for invoice cycle time is 8.2 days.,Article/Link,11,0,1,,
2026-09-09,2,2026-08-31,Medius,no,no,"In the food and beverage industry, fast-moving operations require real-time invoicing and tight delivery schedules.",Image,7,0,0,,
2026-09-09,2,2026-08-31,Medius,no,no,"Choosing AP solutions can be as complex and confusing as managing AP itself, but we think analysis like this from Gartner can help clarify which solu",Image,34,0,6,,
2026-09-09,2,2026-08-31,Medius,no,no,"You're already running AP on Medius. Invoices are moving, approvals are flowing, payments are going out.",Image,44,0,6,,
2026-09-09,2,2026-08-31,Medius,no,no,Say goodbye to AP exceptions with intelligent automation,Image,15,0,1,,
2026-09-09,2,2026-08-31,Medius,no,no,"The most significant financial leaks in transportation rarely appear on the invoice header. They are buried in the line items-fuel surcharges, demurra",Image,10,0,0,,
2026-09-09,2,2026-08-31,Medius,no,no,"Late payments affect most businesses, even those using e-invoicing.",Image,15,0,2,,
2026-09-09,2,2026-08-31,Medius,no,no,Is your payment mix actually working for you - or against you?,Image,13,0,2,,
2026-09-09,2,2026-08-31,Medius,no,no,Finance and diplomacy have more in common than you'd think.,Image,137,1,7,,
2026-09-09,2,2026-08-31,Medius,no,no,"Nobody goes into a finance role thinking 'I can't wait to spend my week managing late payments.' And yet for 52% of European companies, that's the rea",Image,16,0,1,,
2026-09-09,2,2026-08-31,Medius,no,no,Thorlux Lighting's journey to AP excellence,Image,29,0,4,,
2026-09-09,2,2026-08-31,Medius,no,no,"Manual exception handling. Fragmented workflows. Decisions made after the fact. If that sounds familiar, you're not alone.",Image,26,1,2,,
2026-09-09,2,2026-08-31,Medius,no,no,"If July gives you a little breathing room, why not use it to learn something new about AP?",Document/carousel,10,0,1,,
2026-09-09,2,2026-08-31,Medius,no,no,Many legacy AP systems simply weren't built for the complexity of freight charges. The result is often a manual workaround that sacrifices both accura,Image,23,0,2,,
2026-09-09,2,2026-08-31,Medius,no,no,"A new edition of MediusExplains? Don't mind if we do! Today, we're discussing how AP automation is enabling improved productivity and faster finance.",Document/carousel,12,0,1,,
2026-09-09,2,2026-08-31,Medius,no,no,"In a recent webinar, Yvonne Gockel-Jans our Director of Global Partners joined Antaras to walk through how Infor LN users can get to touchless AP.",Text,9,0,3,,
2026-09-09,2,2026-08-31,Medius,no,no,Your working capital strategy is only as strong as your invoice execution.,Article/Link,7,0,0,,
2026-09-09,2,2026-08-31,Medius,no,no,We're proud to announce that we've been named a Leader in the 2026 Gartner Magic QuadrantTM for Accounts Payable Applications.,Image,128,2,31,,
2026-09-09,2,2026-08-31,Medius,no,no,"In 2026, why is it that most of the AI that AP teams are shipping won't pass a serious external audit? And what does a governable AI architecture actu",Article/Link,10,0,2,,
2026-09-09,2,2026-08-31,Medius,no,no,"Rapid growth in logistics often masks a dangerous reality: operational complexity is eroding your margins. When shipment volumes spike, the 'manual ta",Document/carousel,7,1,1,,
2026-09-09,2,2026-08-31,Medius,no,no,"Accounts Payable teams in construction manage hundreds, sometimes thousands, of suppliers. That means a constant flow of payment status inquiries, fol",Image,18,0,2,,
2026-09-09,2,2026-08-31,Medius,no,no,E-invoicing is no longer just a compliance checkbox - it's becoming a competitive edge.,Image,12,0,6,,
2026-09-09,2,2026-08-31,Medius,no,no,Looking forward to this. Hope to see you join us on July 15.,Image,25,0,5,,
2026-09-09,2,2026-08-31,Medius,no,no,Garment manufacturing doesn't slow down for admin.,Image,15,0,0,,
2026-09-09,2,2026-08-31,Medius,no,no,How is AI revolutionizing manufacturing AP processes?,Image,14,0,2,,
2026-09-09,2,2026-08-31,Medius,no,no,'How do I improve AP without disrupting our ERP?',Image,11,0,2,,
2026-09-09,2,2026-08-31,Medius,no,no,"Speed used to be the whole AP conversation. Process faster, close faster, repeat.",Image,65,0,3,,
2026-09-09,2,2026-08-31,Medius,no,no,Still manually chasing invoice approvals in Infor LN? There's a better way.,Image,24,0,4,,
2026-09-09,2,2026-08-31,Qvalia,no,no,E-invoicing mandates are becoming infrastructure decisions.,Image,5,0,1,,
2026-09-09,2,2026-08-31,Qvalia,no,no,The new Billentis report on the global e-invoicing market is here.,Image,8,2,0,,
2026-09-09,2,2026-08-31,Qvalia,no,no,Slovakia's eFaktura framework is another important step in Europe's transition toward structured electronic invoicing.,Image,27,0,2,,
2026-09-09,2,2026-08-31,Qvalia,no,no,Qvalia is now certified for Slovakia e-invoicing under the eFaktura framework.,Image,32,1,6,,
2026-09-09,2,2026-08-31,Qvalia,no,no,"Qvalia's Business Continuity Management System has now been certified against ISO 22301:2019, the international standard for business continuity pl",Image,6,0,1,,
2026-09-09,2,2026-08-31,Qvalia,no,no,Qvalia is now listed in the Cloud Security Alliance STAR Registry.,Image,8,1,0,,
2026-09-09,2,2026-08-31,Qvalia,no,no,Qvalia is now available on iPhone and Android.,Image,42,5,5,,
2026-09-09,2,2026-08-31,Qvalia,no,no,"In 2025, we expanded Qvalia's platform across nearly all fronts. Fredrik Forsell highlights the year's product updates - from new APIs to AI capabilit",Image,13,1,2,,
2026-09-09,2,2026-08-31,Qvalia,no,no,[Peppol for developers] How to get started with Peppol API.,Image,9,0,1,,
2026-09-09,2,2026-08-31,Qvalia,no,no,"Belgium mandates #Peppol e-invoicing for most B2B transactions on January 1, 2026. Our guide covers all you need to know and how to com",Image,9,0,1,,
2026-09-09,2,2026-08-31,Qvalia,no,no,"The 2026 Peppol country guide - full list, status, and coverage map. Learn where #Peppol is available, national connectivity, and more",Image,14,0,0,,
2026-09-09,2,2026-08-31,Qvalia,no,no,Thank you to everyone who joined today's webinar with Julius Nilsson from Docupath and Henri Taipale on #IDP - Intelligent Document Proces,Image,29,3,3,,
2026-09-09,2,2026-08-31,Qvalia,no,no,[Upcoming webinar] AI-ready finance with Intelligent Document Processing,Image,25,0,7,,
2026-09-09,2,2026-08-31,Qvalia,no,no,Great day at Qvalia together with our friends from Amazon Web Services (AWS).,Image,81,3,8,,
2026-09-09,2,2026-08-31,Qvalia,no,no,"Connect is more than digital invoicing. It's your gateway to automation, compliance, and smarter financial management.",Article/Link,4,1,0,,
2026-09-09,2,2026-08-31,Qvalia,no,no,Introducing Qvalia Connect,Video,18,1,2,,
2026-09-09,2,2026-08-31,AMC Banking,no,no,What do you learn from 30+ years of working with bank integration?,Image,16,1,1,,
2026-09-09,2,2026-08-31,AMC Banking,no,no,How many systems does your finance team touch just to make a payment?,Article/Link,12,1,0,,
2026-09-09,2,2026-08-31,AMC Banking,no,no,"Before summer kicks off, we wanted to share a small milestone from AMC Banking.",Image,13,2,2,,
2026-09-09,2,2026-08-31,AMC Banking,no,no,Your biggest compliance risk might be a process nobody questions anymore,Article/Link,6,0,2,,
2026-09-09,2,2026-08-31,AMC Banking,no,no,Thanks to everybody who showed up for the reception in our new building! We are looking forward to show it once we are done renovating it.,Image,29,1,0,,
2026-09-09,2,2026-08-31,AMC Banking,no,no,You can still register for our reception next week if you would like to swing by and say hi.,Text,0,0,0,,
2026-09-09,2,2026-08-31,AMC Banking,no,no,"AMC Banking operates under Service Provider Agreements with selected banks, providing a more structured framework for bank integration and onboarding.",Text,9,0,0,,
2026-09-09,2,2026-08-31,AMC Banking,no,no,AMC is expanding and we are currently looking for a java developer.,Article/Link,12,0,3,,
2026-09-09,2,2026-08-31,AMC Banking,no,no,Still uploading payment files manually?,Article/Link,6,0,0,,
2026-09-09,2,2026-08-31,AMC Banking,no,no,We're moving and we'd love to celebrate with you.,Text,12,0,1,,
2026-09-09,2,2026-08-31,AMC Banking,no,no,The torch has officially been passed,Image,56,4,1,,
2026-09-09,2,2026-08-31,AMC Banking,no,no,"Enterprise treasury demands structure, visibility, and control.",Image,7,0,0,,
2026-09-09,2,2026-08-31,AMC Banking,no,no,Bank integration: Myth vs reality,Video,11,0,3,,
2026-09-09,2,2026-08-31,AMC Banking,no,no,"The AMC Banking webinar series offers: demos, new features, use cases and Q&A, focused on simplifying cash management in Dynamics 365.",Video,10,0,1,,
2026-09-09,2,2026-08-31,AMC Banking,no,no,(ingen tekst),Document/carousel,4,0,0,,
2026-09-09,2,2026-08-31,AMC Banking,no,no,ERP bank integration is rarely 'plug-and-play'.,Image,24,0,0,,
2026-09-09,2,2026-08-31,AMC Banking,no,no,We bought The White House... at Frederiksberg.,Article/Link,30,3,2,,
2026-09-09,2,2026-08-31,AMC Banking,no,no,Discover our new app designed to simplify and automate cash management directly inside Microsoft Dynamics 365 Business Central. AMC Banking 365 BC cen,Video,6,0,0,,
2026-09-09,2,2026-08-31,AMC Banking,no,no,You can still sign up for our webinar tomorrow where we take a deep dive into the capabilities of our brand new Business Central app.,Article/Link,4,0,0,,
2026-09-09,2,2026-08-31,AMC Banking,no,no,"In this webinar, we'll take you through how AMC Banking's intelligent cash sweeping for Microsoft Dynamics 365 Finance helps you optimize liquidity.",Video,11,0,0,,
2026-09-09,2,2026-08-31,AMC Banking,no,no,"In case you have not yet signed up for our treasury extension webinar about cash sweeping, you can still make it.",Article/Link,5,0,0,,
2026-09-09,2,2026-08-31,AMC Banking,no,no,We're excited to team up with Columbus to show how liquidity management can be automated inside Dynamics 365 Finance.,Image,6,0,2,,
2026-09-09,2,2026-08-31,AMC Banking,no,no,Convenience is the key word for our AMC Banking app - giving you the ability to access and approve payments wherever you are from your phone.,Text,8,0,0,,
2026-09-09,2,2026-08-31,B2Brouter,no,no,J-5 : une facture conforme peut malgre tout echouer si vos donnees clients sont incorrectes.,Text,3,0,1,,
2026-09-09,2,2026-08-31,B2Brouter,no,no,J-7 en France : attendre de voir ce qui se passe n'est plus une strategie.,Image,11,2,4,,
2026-09-09,2,2026-08-31,B2Brouter,no,no,La facturation electronique n'est que la moitie de la reforme. Avez-vous prepare votre e-reporting ?,Document/carousel,3,2,1,,
2026-09-09,2,2026-08-31,B2Brouter,no,no,"J-14 avant la reforme : pour les editeurs de logiciels, le dernier moment est deja la.",Image,12,7,2,,
2026-09-09,2,2026-08-31,B2Brouter,no,no,"Electronic invoicing is accelerating across Europe, and B2Brouter is growing with it.",Article/Link,5,0,0,,
2026-09-09,2,2026-08-31,B2Brouter,no,no,"(repost: Oriol Bausa) Ja no hi ha excuses per adoptar la facturacio electronica, queden molt pocs dies i els que segueixen esperant potser no seran a temps de complir amb l",Article/Link,19,1,2,,
2026-09-09,2,2026-08-31,B2Brouter,no,no,La reforme francaise de la facturation electronique ne concerne pas seulement la France. Elle a aussi un impact sur les flux internationaux.,Image,9,0,1,,
2026-09-09,2,2026-08-31,B2Brouter,no,no,"Si la reforme francaise parait simple en septembre, ce ne sera pas parce qu'elle l'est.",Text,0,0,0,,
2026-09-09,2,2026-08-31,B2Brouter,no,no,El otro dia Aleix Gasset se atrevio a explicarnos en un video de dos minutos que es FACe y como funciona.,Article/Link,3,0,0,,
2026-09-09,2,2026-08-31,B2Brouter,no,no,(repost: e-Invoice.app) Partner Announcement: B2Brouter,Image,10,2,3,,
2026-09-09,2,2026-08-31,B2Brouter,no,no,(repost: Oriol Bausa) Le permier Septembre est prochajn!,Article/Link,7,1,2,,
2026-09-09,2,2026-08-31,B2Brouter,no,no,Die E-Rechnung in Deutschland ist bereits Realitat - trotzdem halten sich noch einige Missverstandnisse.,Document/carousel,2,0,0,,
2026-09-09,2,2026-08-31,B2Brouter,no,no,B2Brouter talent stands out in London!,Image,38,0,4,,
2026-09-09,2,2026-08-31,B2Brouter,no,no,Comment bien choisir sa Plateforme Agreee avant l'entree en vigueur de la reforme de la facturation electronique ?,Document/carousel,6,0,1,,
2026-09-09,2,2026-08-31,B2Brouter,no,no,"(repost: Oriol Bausa) Verifactu como el primer paso hacia el despliegue de ViDA, creo que es imprescindible impulsar Verifactu para estar listos para la iniciativa europea.",Article/Link,13,2,1,,
2026-09-09,2,2026-08-31,B2Brouter,no,no,"SCI, LMNP et facturation electronique : etes-vous vraiment concerne ?",Article/Link,6,0,2,,
2026-09-09,2,2026-08-31,B2Brouter,no,no,Germany's e-invoicing rollout is not just a national compliance update. It is part of a much bigger European shift.,Text,8,0,1,,
2026-09-09,2,2026-08-31,B2Brouter,no,no,"Tu ERP puede emitir facturas, pero... puede cumplir con las nuevas obligaciones de la Ley Crea y Crece?",Document/carousel,8,0,2,,
2026-09-09,2,2026-08-31,B2Brouter,no,no,Belgium's B2B e-invoicing mandate is already in force.,Document/carousel,10,1,2,,
2026-09-09,2,2026-08-31,B2Brouter,no,no,La factura electronica B2B en Espana ya no es un proyecto de futuro: el momento de prepararse es ahora.,Text,1,0,0,,
2026-09-09,2,2026-08-31,B2Brouter,no,no,Plateforme Agreee ou Solution Compatible ?,Image,13,4,4,,
2026-09-09,2,2026-08-31,B2Brouter,no,no,Can your software support both XRechnung and ZUGFeRD?,Image,5,0,2,,
2026-09-09,2,2026-08-31,B2Brouter,no,no,VeriFactu no es el unico gran cambio que viene en Espana,Image,0,0,0,,
2026-09-09,2,2026-08-31,B2Brouter,no,no,Tienes que enviar todas tus facturas a la AEAT?,Document/carousel,5,0,2,,
2026-09-09,2,2026-08-31,B2Brouter,no,no,Como puede un ERP incorporar la facturacion electronica sin asumir toda la complejidad tecnica y normativa?,Article/Link,9,4,1,,
2026-09-09,2,2026-08-31,B2Brouter,no,no,"In his latest article, Henrik Moller asks a simple question: if we could rebuild the e-invoicing market from scratch today, what would we do different",Text,3,0,0,,
2026-09-09,2,2026-08-31,B2Brouter,no,no,La reforme fiscale francaise ne se limite pas a 'envoyer des factures electroniques'.,Document/carousel,14,0,4,,
2026-09-09,2,2026-08-31,B2Brouter,no,no,Meet our Sales Team,Document/carousel,9,0,3,,
2026-09-09,2,2026-08-31,B2Brouter,no,no,La factura electronica no va solo de enviar una factura en formato digital.,Document/carousel,2,0,1,,
2026-09-09,2,2026-08-31,B2Brouter,no,no,2026 e-invoicing reality check: is your business ready?,Poll,2,0,2,,
2026-09-09,2,2026-08-31,B2Brouter,no,no,(repost: taxtech500) ERP & E-Invoicing Integration Partners Monthly Ranking Status | July 2026,Image,47,3,8,,
2026-09-09,2,2026-08-31,B2Brouter,no,no,La reforme de la facturation electronique en France ne se limite pas a choisir une Plateforme Agreee.,Article/Link,8,0,4,,
2026-09-09,2,2026-08-31,B2Brouter,no,no,"Do you have clients, suppliers or subsidiaries in Germany?",Document/carousel,7,0,2,,
2026-09-09,2,2026-08-31,B2Brouter,no,no,La reforme de la facturation electronique en France ne se limite pas a choisir une Plateforme Agreee. (dublet af #32),Article/Link,8,0,4,,
2026-09-09,2,2026-08-31,B2Brouter,no,no,"Do you have clients, suppliers or subsidiaries in Germany? (dublet af #33)",Document/carousel,7,0,2,,
2026-09-09,2,2026-08-31,B2Brouter,no,no,La solucion publica de facturacion electronica de la AEAT sera una pieza importante del nuevo sistema B2B en Espana.,Document/carousel,9,1,0,,
2026-09-09,2,2026-08-31,B2Brouter,no,no,"Capde - says it exactly right: France's e-invoicing reform is not just about sending invoices differently, it's about making sure the data is ready.",Image,3,0,2,,
2026-09-09,2,2026-08-31,B2Brouter,no,no,La facturation electronique arrive en France.,Article/Link,7,0,2,,
2026-09-09,2,2026-08-31,B2Brouter,no,no,Proximos webinars | Julio 2026,Image,2,0,1,,
2026-09-09,2,2026-08-31,B2Brouter,no,no,Upcoming webinars | July 2026,Image,3,0,1,,
2026-09-09,2,2026-08-31,B2Brouter,no,no,Empfangen ist nicht gleich Verarbeiten.,Document/carousel,4,0,0,,
2026-09-09,2,2026-08-31,B2Brouter,no,no,Tu tienda online no puede permitirse facturar 'a mano'.,Image,11,0,3,,
2026-09-09,2,2026-08-31,B2Brouter,no,no,(repost: SAP @ N We're excited to announce our partnership with B2Brouter.,Document/carousel,29,2,7,,
2026-09-09,2,2026-08-31,B2Brouter,no,no,"When people hear about Poland's mandatory KSeF, they often assume it only affects Polish companies.",Image,6,0,0,,
2026-09-09,2,2026-08-31,B2Brouter,no,no,Global e-invoicing interoperability sounds simple... until every country brings its own local dance to the floor.,Text,2,0,0,,
2026-09-09,2,2026-08-31,B2Brouter,no,no,"Vous facturez deja des administrations, hopitaux, collectivites ou organismes publics en France via Chorus Pro ?",Document/carousel,6,0,2,,
2026-09-09,2,2026-08-31,B2Brouter,no,no,Tu empresa esta preparada para la factura electronica B2B obligatoria?,Article/Link,6,0,0,,
2026-09-09,2,2026-08-31,B2Brouter,no,no,Interoperability is no longer a future objective. It is becoming the infrastructure behind e-invoicing mandates worldwide.,Text,1,0,0,,
2026-09-09,2,2026-08-31,B2Brouter,no,no,La factura electronica es una herramienta para que Hacienda lo vea todo?,Document/carousel,10,2,1,,
2026-09-09,2,2026-08-31,B2Brouter,no,no,"La factura electronica obligatoria ya tiene marco regulatorio, pero todavia quedan cuestiones juridicas importantes por resolver.",Article/Link,5,0,0,,
2026-09-09,2,2026-08-31,Dooap,no,no,Dooap Studio has a new home: https://dooapstudio.ai/,Image,8,1,6,,
2026-09-09,2,2026-08-31,Dooap,no,no,"We're sponsoring Dynamics User Group (DUG) DynamicsCon Regional: Ohio Valley on August 25-26 in Dublin, OH - and our team will be at the Dooap booth t",Image,9,1,1,,
2026-09-09,2,2026-08-31,Dooap,no,no,Everyone is talking about AI in finance. Very few are talking about what's actually working.,Image,6,1,1,,
2026-09-09,2,2026-08-31,Dooap,no,no,Sharing our story of Dooap Studio live from Dynamic Communities AI Business Applications Partner Executive Summit this morning.,Video,26,2,4,,
2026-09-09,2,2026-08-31,Dooap,no,no,Looking forward to sharing more about Dooap Studio this week at AI Business Solutions Partner Executive Summit.,Video,19,0,0,,
2026-09-09,2,2026-08-31,Dooap,no,no,We're heading to Copenhagen!,Image,10,0,1,,
2026-09-09,2,2026-08-31,Dooap,no,no,"Five years in, and she still says it feels new every day.",Image,18,1,0,,
2026-09-09,2,2026-08-31,Dooap,no,no,"Who is attending Dynamic Communities's AI Business Solutions Partner Executive Summit? Our CEO, Mikko Hytonen, will be chatting with John Siefert abou",Image,30,4,1,,
2026-09-09,2,2026-08-31,Dooap,no,no,Every D365 vendor is racing to say 'agentic' right now. Most are still figuring out what that means in practice.,Image,19,1,4,,
2026-09-09,2,2026-08-31,Dooap,no,no,"Every AP Manager knows this feeling: you spot the fix, but IT has a three-week queue.",Article/Link,11,0,3,,
2026-09-09,2,2026-08-31,Dooap,no,no,"Last time we said 'something new is coming,' we introduced Dooap Studio - agentic AP automation for D365 Finance.",Image,25,0,3,,
2026-09-09,2,2026-08-31,Dooap,no,no,"Somewhere right now, an AP manager is refreshing their inbox hoping an approval magically appeared.",Image,18,0,2,,
2026-09-09,2,2026-08-31,Dooap,no,no,We are here and you can find the team and table next to registration. Come chat with us about Agentic AP!,Video,24,2,0,,
2026-09-09,2,2026-08-31,Dooap,no,no,The Dynamics community is coming to Toronto - and so are we.,Image,16,0,1,,
2026-09-09,2,2026-08-31,Dooap,no,no,Excited to introduce our latest Dooap Unleashed: Run With Us - Eftsure!,Video,39,2,1,,
2026-09-09,2,2026-08-31,Dooap,no,no,This is what agentic AP automation looks like.,Video,17,0,6,,
2026-09-09,2,2026-08-31,Dooap,no,no,Just think of the possibilities with Dooap Studio! Here's one for you.,Image,14,0,1,,
2026-09-09,2,2026-08-31,Dooap,no,no,AP automation doesn't stop at the invoice. So why should your tech stack?,Video,71,10,3,,
2026-09-09,2,2026-08-31,Dooap,no,no,We saw a clear shift across #DynamicsCon2026 and #DynamicsMinds2026 this year. The conversation is moving from features to how,Image,21,0,0,,
2026-09-09,2,2026-08-31,Dooap,no,no,"Well, that's a wrap on DynamicsMinds. The Dooap team is heading back through time and space.",Image,70,4,0,,
2026-09-09,2,2026-08-31,Dooap,no,no,Great conversations. Great community.,Video,9,1,0,,
2026-09-09,2,2026-08-31,Dooap,no,no,"Set up and ready for 'Herd your AP with AI Agents', in Sunset on level 11. Come join us to see agents at work collecting, herding, and making AP happe",Image,28,2,3,,
2026-09-09,2,2026-08-31,Dooap,no,no,We're heading to #DynamicsMinds2026 and looking forward to being back with the community.,Image,30,0,1,,
2026-09-09,2,2026-08-31,Dooap,no,no,The biggest problem in finance isn't the system. It's that nobody trusts it.,Video,21,3,1,,
2026-09-09,2,2026-08-31,Dooap,no,no,"Transform your AP process with automation built for Dynamics 365 Finance. Capture invoices, automate approvals, and match POs seamlessly.",Article/Link,15,0,0,,
2026-09-09,2,2026-08-31,Dooap,no,no,Sam Bush live here in Helsinki. The Dooap team is gearing up for DynamicsMinds next week and we have a status update.,Video,66,4,0,,
2026-09-09,2,2026-08-31,Dooap,no,no,What does AI literacy actually look like for a Dynamics 365 Finance team in 2026?,Article/Link,10,0,1,,
2026-09-09,2,2026-08-31,Dooap,no,no,Love spending time with our partners all year around. At Dynamics User Group (DUG) with so many!,Video,9,0,2,,
2026-09-09,2,2026-08-31,Dooap,no,no,"With AP you have a lot of balls in the air at all times, let Dooap help you herd them with AI!",Image,57,1,2,,
2026-09-09,2,2026-08-31,Dooap,no,no,Run AP with AI agents. Not manual work.,Video,46,6,8,,
2026-09-09,2,2026-08-31,Dooap,no,no,The AP world is about to change.,Image,21,6,2,,
2026-09-09,2,2026-08-31,Dooap,no,no,We're heading to #DynamicsCon in Las Vegas next week!,Image,24,1,3,,
2026-09-09,2,2026-08-31,Dooap,no,no,Welcome to Dooap Unleashed.,Video,15,2,2,,
2026-09-09,2,2026-08-31,Dooap,no,no,What message would you send to the future?,Video,40,15,1,,
2026-09-09,2,2026-08-31,Dooap,no,no,Still herding invoices manually? What if your AP process could herd itself?,Image,32,0,2,,
2026-09-09,2,2026-08-31,Dooap,no,no,Something new is coming. Stay tuned. #dooapunleashed,Image,20,1,4,,
2026-09-09,2,2026-08-31,Dooap,no,no,Join us at the Dynamic Communities Summit NA Roadshow in Vancouver.,Image,16,0,3,,
2026-09-09,2,2026-08-31,Dooap,no,no,Approving invoices shouldn't keep you tied to your desk.,Article/Link,10,1,3,,
2026-09-09,2,2026-08-31,Dooap,no,no,We are here and ready to talk about AI and AP for Dynamics 365 Finance in Tampa for the Dynamic Communities roadshow!,Image,49,3,0,,
2026-09-09,2,2026-08-31,Dooap,no,no,AI is changing Accounts Payable.,Image,14,3,2,,
2026-09-09,2,2026-08-31,Dooap,no,no,"Sam Bush joins Dooap as Chief Marketing Officer, starting February 1, 2026. She brings in-depth experience in demand generation, partner marketing",Image,42,12,4,,
2026-09-09,2,2026-08-31,Dooap,no,no,"AI is no longer 'coming' to AP. It's redefining how finance teams lead, work, and make decisions.",Document/carousel,10,1,2,,
2026-09-09,2,2026-08-31,Dooap,no,no,"Happy 2026 , we're looking forward to meeting y'all in Dallas on Thursday! Scott Schlegel and Mikko Hytonen will be there.",Image,9,1,1,,
2026-09-09,2,2026-08-31,Dooap,no,no,"Invoice approvals shouldn't be a treasure hunt. With Dooap, your workflows adapt to your business, not the other way around.",Video,10,0,2,,
2026-09-09,2,2026-08-31,Dooap,no,no,"PO matching is one of those tasks you can't ignore, but you definitely don't want to babysit. With Dooap, you don't have to.",Video,13,0,1,,
2026-09-09,2,2026-08-31,Dooap,no,no,"Our #APautomation solution is designed for Microsoft #D365FO, and a widespread and easy-to-reach presence in the ecosystem is",Document/carousel,4,0,0,,
2026-09-09,2,2026-08-31,Dooap,no,no,Great AP automation happens before you even know it. Dooap handles it quietly in the background so your invoices keep moving.,Video,16,0,1,,
2026-09-09,2,2026-08-31,Dooap,no,no,"Thank you, Ellipse Solutions, for the highlight. We're proud of our collaboration, the results of which are shown in our joint customer story!",Image,6,0,0,,
2026-09-09,2,2026-08-31,Dooap,no,no,Considering AP Automation for D365 Finance or BC? Maybe you did not have a chance to go to the Community Summit this week to see all the options.,Article/Link,9,0,2,,
2026-09-09,2,2026-08-31,Dooap,no,no,"We're all set, including Dooap the Puppy at booth 1431 at #mysummitna and waiting to meet you all at the welcome party tonight at 6pm!!",Image,20,0,4,,
2026-09-09,2,2026-08-31,Yavrio,no,no,The Yavrio team is already counting down the days till Directions for Enterprise 2026!,Image,24,0,0,,
2026-09-09,2,2026-08-31,Yavrio,no,no,Our team just touched down in Ohio and we can't wait to meet with our partners and clients at the Dynamics User Group (DUG) DynamicsCon Regional event,Image,27,4,0,,
2026-09-09,2,2026-08-31,Yavrio,no,no,This week we've been celebrating the return of Samantha Felling to our USA partner team!,Image,29,2,1,,
2026-09-09,2,2026-08-31,Yavrio,no,no,More than 5 billion Direct Debit payments run through the UK's Bacs network every year.,Image,31,2,2,,
2026-09-09,2,2026-08-31,Yavrio,no,no,What does success actually look like when banking is fully integrated into the ERP?,Video,35,2,2,,
2026-09-09,2,2026-08-31,Yavrio,no,no,Yavrio x Wenalyze,Image,21,2,0,,
2026-09-09,2,2026-08-31,Yavrio,no,no,What a day,Image,77,11,1,,
2026-09-09,2,2026-08-31,Yavrio,no,no,"Meet Phillip Dawson, our VP Sales & Partnerships!",Image,64,8,0,,
2026-09-09,2,2026-08-31,Yavrio,no,no,"Microsoft's Tier 1 ERP now has modern bank connectivity, embedded payments and treasury available!",Image,40,5,0,,
2026-09-09,2,2026-08-31,Yavrio,no,no,"Four years ago, we launched Yavrio Banking and set out on a mission to create a way for businesses to connect their banks to their ERP and automate re",Image,104,26,6,,
2026-09-09,2,2026-08-31,Yavrio,no,no,"A brilliant afternoon at Fortnum & Mason, bringing together senior retail leaders for an exclusive roundtable with Microsoft.",Image,72,7,3,,
2026-09-09,2,2026-08-31,Yavrio,no,no,This summer we're opening up our London Paddington office for the first ever Yavrio Open House event!,Image,49,8,5,,
2026-09-09,2,2026-08-31,Yavrio,no,no,We're excited to welcome Samuel Price as a Sales Consultant as we continue expanding our team in North America!,Image,49,9,1,,
2026-09-09,2,2026-08-31,Yavrio,no,no,"We're excited to be hosting an exclusive roundtable with Microsoft and iLink Digital, designed for retail leaders.",Image,32,3,0,,
2026-09-09,2,2026-08-31,Yavrio,no,no,We have loved having summer interns at Yavrio this year!,Image,76,3,0,,
2026-09-09,2,2026-08-31,Yavrio,no,no,8-10 days. That's the average close when statements are still pulled manually.,Document/carousel,13,1,1,,
2026-09-09,2,2026-08-31,Yavrio,no,no,"Meet our Head of UK Sales, Charlotte Huang!",Image,176,5,0,,
2026-09-09,2,2026-08-31,Yavrio,no,no,A big couple of weeks for the Yavrio team,Image,84,1,0,,
2026-09-09,2,2026-08-31,Yavrio,no,no,Cards on the Table.,Image,49,11,2,,
2026-09-09,2,2026-08-31,Yavrio,no,no,We're delighted to announce our partnership with Sabre Limited as adoption of modern bank connectivity and ERP-embedded payments continues to grow.,Image,35,6,0,,
2026-09-09,2,2026-08-31,Yavrio,no,no,260+ hours a year. That's what manual bank reconciliation costs you per person before Dynamics 365 even starts matching.,Image,17,1,1,,
2026-09-09,2,2026-08-31,Yavrio,no,no,"For finance teams still importing bank statements by CSV into Microsoft Dynamics 365 Business Central, here are 5 things that tend to go wrong.",Document/carousel,15,0,1,,
2026-09-09,2,2026-08-31,Yavrio,no,no,We are live now with Western Computer for our joint session on banking in Microsoft Dynamics 365 Business Central.,Text,9,0,0,,
2026-09-09,2,2026-08-31,Yavrio,no,no,"Meet our amazing North America Sales Director, Joshua Wilkinson!!",Image,61,6,1,,
2026-09-09,2,2026-08-31,Yavrio,no,no,Only 18% of finance teams close their books in three days or less. The rest are still downloading bank statements by hand.,Image,17,1,1,,
2026-09-09,2,2026-08-31,Yavrio,no,no,Still moving bank data into your finance system one CSV at a time? It may be time for an upgrade.,Video,27,0,1,,
2026-09-09,2,2026-08-31,Yavrio,no,no,The payment is accepted. But is the finance work actually done?,Image,48,1,0,,
2026-09-09,2,2026-08-31,Yavrio,no,no,What a 2026 Yavrio is having so far!,Image,110,9,0,,
2026-09-09,2,2026-08-31,Yavrio,no,no,DynamicsMinds 2026 is done and what a week it's been,Image,108,5,0,,
2026-09-09,2,2026-08-31,Yavrio,no,no,Finance teams BEFORE vs AFTER Yavrio,Video,48,5,0,,
2026-09-09,2,2026-08-31,Yavrio,no,no,"Next month, in a webinar with Western Computer, we're breaking down what happens when banking and payments are fully embedded inside Dynamics 365 BC.",Image,25,2,1,,
2026-09-09,2,2026-08-31,Yavrio,no,no,Day one of DynamicsMinds wrapped and what a start its been,Image,82,4,0,,
2026-09-09,2,2026-08-31,Yavrio,no,no,We're very excited to announce a new partnership between Yavrio and Custom Systems,Image,32,3,1,,
2026-09-09,2,2026-08-31,Yavrio,no,no,DynamicsMinds 2026... we're coming,Image,61,5,2,,
2026-09-09,2,2026-08-31,Yavrio,no,no,DynamicsCon 2026 wrapped and what a few days it was!,Image,55,2,0,,
2026-09-09,2,2026-08-31,Yavrio,no,no,We're excited to have our feet on the ground at Directions ASIA 2026 in Vietnam!,Image,68,1,1,,
2026-09-09,2,2026-08-31,Yavrio,no,no,(repost: Matilda Sjoberg) Hello from a roasting Las Vegas,Image,99,10,1,,
2026-09-09,2,2026-08-31,Yavrio,no,no,Another amazing event.,Image,65,2,0,,
2026-09-09,2,2026-08-31,Yavrio,no,no,Most #ERP banking workflows are still far too manual.,Document/carousel,20,1,0,,
2026-09-09,2,2026-08-31,Yavrio,no,no,Next stop: DynamicsCon,Image,41,3,2,,
2026-09-09,2,2026-08-31,Yavrio,no,no,One of our favourite partner events of the year is back,Image,79,14,2,,
2026-09-09,2,2026-08-31,Yavrio,no,no,'That's a wrap on Directions North America 2026',Image,64,7,0,,
2026-09-09,2,2026-08-31,Yavrio,no,no,A full day in for the Yavrio team and it's already been a strong start at Directions North America,Image,86,2,0,,
2026-09-09,2,2026-08-31,Yavrio,no,no,"We're excited to be sponsoring and attending Directions North America in Orlando today with 1,400+ other innovators.",Image,62,4,1,,
2026-09-09,2,2026-08-31,Yavrio,no,no,We're proud to share that Yavrio is a WINNER of the Scaleup category at Innovate Finance Pitch360 2026,Image,160,22,1,,
2026-09-09,2,2026-08-31,Yavrio,no,no,Every card payment sets off a chain of events most people never see,Image,25,3,1,,
2026-09-09,2,2026-08-31,Yavrio,no,no,Directions North America is nearly here and the Yavrio team is ready for Orlando,Image,65,3,3,,
2026-09-09,2,2026-08-31,Yavrio,no,no,We're excited to welcome Matilda Sjoberg to Yavrio as our new Partner Success Manager,Image,104,9,0,,
2026-09-09,2,2026-08-31,Yavrio,no,no,We're excited to announce our partnership with delaware United Kingdom & Ireland,Image,63,2,2,,
2026-09-09,2,2026-08-31,Yavrio,no,no,We're live at Directions Spanish BC Day and what a fantastic day it's been so far!,Image,23,0,0,,
2026-09-09,2,2026-08-31,Rillion,no,no,(repost: CFO Alliance) 68% of finance teams use AI every day.,Image,23,1,2,,
2026-09-09,2,2026-08-31,Rillion,no,no,Don't miss the LinkedIn Live we're hosting today,Image,14,1,0,,
2026-09-09,2,2026-08-31,Rillion,no,no,Launch day,Image,24,6,1,,
2026-09-09,2,2026-08-31,Rillion,no,no,2029.,Video,12,2,0,,
2026-09-09,2,2026-08-31,Rillion,no,no,"Are you a finance bro? Sorry, we meant pro!",Video,25,1,3,,
2026-09-09,2,2026-08-31,Rillion,no,no,250 U.S. CFOs told us what they really think about AI. Now we're bringing the debate into the studio.,Image,14,0,4,,
2026-09-09,2,2026-08-31,Rillion,no,no,Dry run mode: ON,Video,29,3,6,,
2026-09-09,2,2026-08-31,Rillion,no,no,Is there a gap between how ready finance leaders think they are for AI and what the operational reality actually shows?,Video,24,3,4,,
2026-09-09,2,2026-08-31,Rillion,no,no,The Finance AI Illusion,Image,24,3,8,,
2026-09-09,2,2026-08-31,Rillion,no,no,250 US finance leaders told us how they're using AI.,Document/carousel,19,2,10,,
2026-09-09,2,2026-08-31,Rillion,no,no,Have you seen the latest OnlyCFO newsletter?,Image,14,3,4,,
2026-09-09,2,2026-08-31,Rillion,no,no,Another G2 badge drop we're extremely proud to be part of.,Video,35,4,7,,
2026-09-09,2,2026-08-31,Rillion,no,no,'I love my Excel sheets.',Video,21,0,2,,
2026-09-09,2,2026-08-31,Rillion,no,no,(repost: Frida Ahrenby) This is me and Rosanna asking uncomfortable questions to finance leaders across the US and EMEA during the spring!,Video,29,5,1,,
2026-09-09,2,2026-08-31,Rillion,no,no,"Finance teams aren't slow to adopt AI, we just don't have the luxury of experimenting like other departments.",Video,16,1,1,,
2026-09-09,2,2026-08-31,Rillion,no,no,The ERP you choose today can either accelerate your next 10 years... or slow them down tremendously,Video,11,0,2,,
2026-09-09,2,2026-08-31,Rillion,no,no,"If your finance team only talks to finance, you're leaving value on the table.",Video,12,1,1,,
2026-09-09,2,2026-08-31,Rillion,no,no,If AI is already part of your team's daily workflow... this poll probably isn't for you.,Poll,6,0,3,,
2026-09-09,2,2026-08-31,Rillion,no,no,"AP teams, here's your mid-vacation reminder",Document/carousel,8,0,1,,
2026-09-09,2,2026-08-31,Rillion,no,no,Nail your ERP and CRM and you're 90% there - that used to be the rule for finance leaders... not so much anymore,Video,8,1,0,,
2026-09-09,2,2026-08-31,Rillion,no,no,Happy Stockholm Pride !,Image,50,0,3,,
2026-09-09,2,2026-08-31,Rillion,no,no,"Many finance leaders worry AI will make mistakes they can't track. Rasmus Areskoug, CEO and co-founder of Paraglide AI, says that fear is a misconception.",Text,13,2,0,,
2026-09-09,2,2026-08-31,Rillion,no,no,What's the best place to start with AI in finance? The small yes/no decisions you're already making every day,Video,14,2,1,,
2026-09-09,2,2026-08-31,Rillion,no,no,"Denmark leads AI adoption in the Nordics. Sweden lags behind. But Olli Saksa, CFO at Sievo, thinks we're asking the wrong question.",Text,6,0,0,,
2026-09-09,2,2026-08-31,Rillion,no,no,"80% of finance leaders use AI daily, but only 1 in 5 trust it for strategic decisions.",Text,8,3,1,,
2026-09-09,2,2026-08-31,Rillion,no,no,OCR vs AI invoice capture: what's the actual difference for AP automation?,Document/carousel,15,1,3,,
2026-09-09,2,2026-08-31,Rillion,no,no,(repost: Rasmus Areskoug) What's possible today wasn't possible 6 months ago. For finance leaders to succeed with AI implementations,Image,45,3,4,,
2026-09-09,2,2026-08-31,Rillion,no,no,72% of finance teams still struggle with manual corrections despite investing in AI.,Text,36,1,2,,
2026-09-09,2,2026-08-31,Rillion,no,no,AI transformation in finance is more about getting your people onboard than it is about the tech.,Video,31,3,5,,
2026-09-09,2,2026-08-31,Rillion,no,no,If you'd told us our favourite team events would be the ones you can track on Strava... we'd probably believe you,Image,19,0,0,,
2026-09-09,2,2026-08-31,Rillion,no,no,48% of finance leaders say they want to be strategic advisors. So why do investments keep ending up in transaction-heavy processes?,Text,8,0,0,,
2026-09-09,2,2026-08-31,Rillion,no,no,Rillion + Stratas: taking AP automation in the UK to the next level,Video,23,2,2,,
2026-09-09,2,2026-08-31,Rillion,no,no,"Spotted on top of the Empire State Building: Rillion. Apparently, the best AP & payment automation platform deserves the best view",Image,36,0,1,,
2026-09-09,2,2026-08-31,Rillion,no,no,If you're not optimizing your vacation as much as your AP processes... we need to talk,Document/carousel,10,0,0,,
2026-09-09,2,2026-08-31,Rillion,no,no,"While most finance leaders are still figuring out where AI fits, Peter Egehoved, CFO at Dreamdata, already closed a quarter in a single day.",Text,58,8,0,,
2026-09-09,2,2026-08-31,Rillion,no,no,"If you recognise yourself in any of these, you're not alone.",Document/carousel,8,0,0,,
2026-09-09,2,2026-08-31,Rillion,no,no,Big news! Rillion is partnering with Pinewood.AI,Image,53,1,11,,
2026-09-09,2,2026-08-31,Rillion,no,no,"While everyone's drowning in opinions on where AI belongs in finance, Monika Pers, CFO at Alfven & Didrikson, put into words what everyone is thinking.",Text,12,1,0,,
2026-09-09,2,2026-08-31,Rillion,no,no,(repost: Frida Ahrenby) The Nordics agree on many things. Great coffee. Flat hierarchies. Long meetings about short topics. But AI? Not so much..,Image,35,1,3,,
2026-09-09,2,2026-08-31,Rillion,no,no,We asked 250 CFOs across the Nordics about AI in finance.,Document/carousel,9,0,0,,
2026-09-09,2,2026-08-31,Rillion,no,no,(repost: Frida Ahrenby) [searching... ],Text,33,22,4,,
2026-09-09,2,2026-08-31,Rillion,no,no,Something fun happens when you bring colleagues together from Sweden and the US.,Video,22,4,1,,
2026-09-09,2,2026-08-31,Rillion,no,no,"The Nordic AI Finance Report had zero shortage of 'mic-drop' quotes but this one from Marie Stierna, Head of Group Accounting at Hemnet, stood out.",Text,7,0,0,,
2026-09-09,2,2026-08-31,Rillion,no,no,Rillion's summer celebration was one for the books!,Video,42,4,0,,
2026-09-09,2,2026-08-31,Rillion,no,no,(repost: Rosanna Ryrberg) Just got back from two of the most energizing days I've had in a long time!,Image,52,8,1,,
2026-09-09,2,2026-08-31,Rillion,no,no,26% of CFOs say lack of AI competence is the single biggest barrier to broader adoption.,Text,18,1,1,,
2026-09-09,2,2026-08-31,Rillion,no,no,40% of CFOs see fraud and anomaly detection as the biggest AI opportunity in finance.,Image,17,1,1,,
2026-09-09,2,2026-08-31,Rillion,no,no,Our marketing team swapped their laptops for race bibs yesterday - running Blodomloppet Sverige,Image,35,3,1,,
2026-09-09,2,2026-08-31,Rillion,no,no,(repost: Johan Dovander) En hogre lon racker inte langre.,Image,126,2,1,,
2026-09-09,2,2026-08-31,Rillion,no,no,The Nordic Finance AI Report 2026 has been making the rounds this week!,Document/carousel,10,1,0,,
2026-09-09,2,2026-08-31,Fidesic,no,no,"Like any large financial data migration, you can expect a migration from Dynamics GP to Business Central to create some workflow disruption",Article/Link,2,0,0,,
2026-09-09,2,2026-08-31,Fidesic,no,no,#LoveFriday #LoveAutomation,Image,0,0,0,,
2026-09-09,2,2026-08-31,Fidesic,no,no,#MySummitNA,Image,0,0,0,,
2026-09-09,2,2026-08-31,Fidesic,no,no,How to Spot AP Bottlenecks Before Growth Stalls. Warning signs your AP process won't scale.,Image,1,0,0,,
2026-09-09,2,2026-08-31,Fidesic,no,no,"Payment behavior directly affects cash flow, supplier relationships, and access to credit. About 55% of all B2B invoiced sales in the U.S. are overdue",Article/Link,1,0,0,,
2026-09-09,2,2026-08-31,Fidesic,no,no,Cash flow is a fact. Profit is an opinion. #WednesdayWisdom #AccountsPayable,Image,1,0,0,,
2026-09-09,2,2026-08-31,Fidesic,no,no,Thousands of businesses will be moving from Dynamics GP in the coming years. Begin planning your migration now.,Article/Link,2,0,0,,
2026-09-09,2,2026-08-31,Fidesic,no,no,"Did you know 8 days is how long the median finance team spends closing the books each month, according to an APQC benchmarking survey.",Image,1,0,0,,
2026-09-09,2,2026-08-31,Fidesic,no,no,This post removes some of the fear around GP end of support and offers practical ways to maximize performance of your GP system.,Article/Link,2,0,0,,
2026-09-09,2,2026-08-31,Fidesic,no,no,Ready to rock 'n' roll in Nashville for Dynamic Communities Summit NA 2026? We're giving away a pair of AirPods Pro.,Image,2,0,1,,
2026-09-09,2,2026-08-31,Fidesic,no,no,#LoveFriday #LoveAutomation,Image,0,0,0,,
2026-09-09,2,2026-08-31,Fidesic,no,no,Fidesic has been recognized as a High Performer on G2.,Article/Link,1,0,0,,
2026-09-09,2,2026-08-31,Fidesic,no,no,'Discipline in accounts payable is discipline in cash flow.' #WednesdayWisdom #APTeam,Image,0,0,0,,
2026-09-09,2,2026-08-31,Fidesic,no,no,"This post covers what BC handles natively for PO matching and AP automation, where the native tools fall short.",Article/Link,0,0,0,,
2026-09-09,2,2026-08-31,Fidesic,no,no,Is running accounts payable out of Business Central missing something? AP getting in the way of month-end close?,Article/Link,3,0,0,,
2026-09-09,2,2026-08-31,Fidesic,no,no,It's comin' up quick! Looking forward to seeing everyone in Nashville for #MySummitNA.,Image,6,2,1,,
2026-09-09,2,2026-08-31,Fidesic,no,no,"When you need to update your AP processes, it makes logical sense to test drive a handful of accounts payable solutions before committing to one.",Article/Link,3,0,0,,
2026-09-09,2,2026-08-31,Fidesic,no,no,Fidesic has been named Best Of AP Automation Tools for Dynamics ERP in 2026 by ERP Software Blog.,Article/Link,7,0,1,,
2026-09-09,2,2026-08-31,Fidesic,no,no,Remittance vs. Bank Transfer: Key Differences.,Image,0,0,0,,
2026-09-09,2,2026-08-31,Fidesic,no,no,Fidesic has been named Best Of AP Automation Tools for Dynamics ERP in 2026 by ERP Software Blog. (dublet af #18),Article/Link,7,0,1,,
2026-09-09,2,2026-08-31,Fidesic,no,no,'Every invoice tells a story. Make sure yours check out.' #WednesdayWisdom #AP,Image,0,0,0,,
2026-09-09,2,2026-08-31,Fidesic,no,no,Is a migration off of Dynamics GP impossible for you right now? Here's a list of things you can do to maximize GP performance.,Image,9,0,1,,
2026-09-09,2,2026-08-31,Fidesic,no,no,Fidesic is the strongest AP automation choice for organizations running Microsoft Dynamics GP or D365 Business Central.,Article/Link,0,0,0,,
2026-09-09,2,2026-08-31,Fidesic,no,no,In this post we are going to assume that you know the pain points of manual paper processes.,Article/Link,0,0,0,,
2026-09-09,2,2026-08-31,Fidesic,no,no,The right AP automation software enables small accounting departments to manage multi-location businesses.,Article/Link,2,0,0,,
2026-09-09,2,2026-08-31,Fidesic,no,no,Still on Dynamics GP? Fidesic has deployable AI agents for your Accounts Payable process.,Video,7,3,0,,
2026-09-09,2,2026-08-31,Fidesic,no,no,What separates a successful agentic accounting project from one that fails to deliver value is a vendor who can offer human-to-human service.,Image,1,0,0,,
2026-09-09,2,2026-08-31,Fidesic,no,no,#FunFactFriday ACH is the largest single B2B payment method by transaction value and the fastest-growing.,Image,1,0,0,,
2026-09-09,2,2026-08-31,Fidesic,no,no,"Some strategies sit firmly within AP's direct control: capturing early payment discounts, eliminating late payment penalties",Image,0,0,0,,
2026-09-09,2,2026-08-31,Fidesic,no,no,A vendor discount captured is margin for which nobody had to sell anything to earn. #WednesdayWisdom,Image,1,0,0,,
2026-09-09,2,2026-08-31,Fidesic,no,no,Kevin Pritchard talks about why we're pumped to be part of Knights of GP and what that means for #DynamicsGP users and partners.,Video,17,8,2,,
2026-09-09,2,2026-08-31,Fidesic,no,no,Not so #FunFactFriday Still writing checks? You're not alone. But checks remain the payment method most frequently impacted by fraud,Image,2,1,0,,
2026-09-09,2,2026-08-31,Fidesic,no,no,Fidesic is continually renewing focus on building trust in the Dynamics Community.,Text,1,0,0,,
2026-09-09,2,2026-08-31,Fidesic,no,no,"For two decades accounts payable was where invoices got matched and paid. In 2026 it sets cash flow timing, catches payment fraud",Image,0,0,0,,
2026-09-09,2,2026-08-31,Fidesic,no,no,When you don't need 3-way matching,Image,0,0,0,,
2026-09-09,2,2026-08-31,Fidesic,no,no,Fidesic delivers value beyond AP automation.,Video,6,1,1,,
2026-09-09,2,2026-08-31,Fidesic,no,no,"Trust isn't something you can claim. It's something you have to earn, over and over.",Article/Link,0,0,0,,
2026-09-09,2,2026-08-31,Fidesic,no,no,Did you know... The first mobile robot that could think through its own actions was built in the late 1960s. They named it Shakey.,Image,2,0,0,,
2026-09-09,2,2026-08-31,Fidesic,no,no,"If you are wondering how to set up your purchase order matching, keep in mind, most businesses don't need to pick one type of matching.",Article/Link,1,0,0,,
2026-09-09,2,2026-08-31,Fidesic,no,no,'AI and human ingenuity are powering a bold new operating model that is fundamentally reimagining the finance function.' KPMG #WednesdayWisdom,Image,0,0,0,,
2026-09-09,2,2026-08-31,Fidesic,no,no,Modern AI-based invoice capture uses machine learning models trained on millions of invoice variations.,Article/Link,0,0,0,,
2026-09-09,2,2026-08-31,Fidesic,no,no,"Unsurprisingly, not all AI projects are a success. At Fidesic, we mitigate your risk.",Image,1,0,0,,
2026-09-09,2,2026-08-31,Fidesic,no,no,Fidesic is the strongest AP automation choice for organizations running Microsoft Dynamics GP or D365 Business Central. (dublet af #23),Article/Link,1,0,0,,
2026-09-09,2,2026-08-31,Fidesic,no,no,"Ninety-five percent (95%) of enterprise generative AI pilots fail to deliver any measurable financial return, according to MIT's 2025 NANDA research.",Video,9,1,2,,
2026-09-09,2,2026-08-31,Fidesic,no,no,"'Financial close is evolving from a manual, time-consuming task to an automated, continuous cycle.' Deloitte #WednesdayWisdom",Image,1,0,0,,
2026-09-09,2,2026-08-31,Fidesic,no,no,Ninety-five percent (95%) of enterprise generative AI pilots fail to deliver any measurable financial return.,Article/Link,2,0,0,,
2026-09-09,2,2026-08-31,Fidesic,no,no,Let's talk about something that's been hiding in plain sight in Dynamics GP that could make your life a whole lot easier.,Article/Link,0,0,0,,
2026-09-09,2,2026-08-31,Fidesic,no,no,"Did you know... The first chatbot was a virtual therapist named ELIZA, built in 1966.",Image,1,0,1,,
2026-09-09,2,2026-08-31,Fidesic,no,no,The Reconcile to GL tool is one of Dynamics GP's most valuable yet underutilized features.,Image,1,0,0,,
2026-09-09,2,2026-08-31,Fidesic,no,no,Wire Transfer vs ACH? Wire transfers are immediate and can be used for overseas payments.,Article/Link,0,0,0,,
2026-09-09,2,2026-08-31,Tipalti,no,no,The trouble with global growth begins when you add country number 2.,Video,2,2,0,,
2026-09-09,2,2026-08-31,Tipalti,no,no,"Tipalti Expenses automates approvals, reconciliation, and reimbursements to simplify workflows and control business costs.",Text,4,0,0,,
2026-09-09,2,2026-08-31,Tipalti,no,no,"Who enjoys PO matching? It's arduous, leads to bottlenecks, and any matching errors can cascade into serious problems.",Image,12,0,1,,
2026-09-09,2,2026-08-31,Tipalti,no,no,New Playbook,Image,3,1,0,,
2026-09-09,2,2026-08-31,Tipalti,no,no,"Before he was a product manager, Yacov Gorovoy was a lawyer. He never coded.",Image,34,3,0,,
2026-09-09,2,2026-08-31,Tipalti,no,no,League One Volleyball (LOVB) felt stuck with their legacy system.,Document/carousel,3,1,1,,
2026-09-09,2,2026-08-31,Tipalti,no,no,Do you know what a sunny Summer day in Vancouver calls for? A team picnic on the beach!,Image,97,8,3,,
2026-09-09,2,2026-08-31,Tipalti,no,no,"A company needs to pay a supplier in Germany, a creator in Brazil, and a contractor in the Philippines.",Image,3,2,1,,
2026-09-09,2,2026-08-31,Tipalti,no,no,Great engineering leadership isn't just about technical expertise; it's about creating environments where people can do their best work.,Image,4,1,1,,
2026-09-09,2,2026-08-31,Tipalti,no,no,Most finance teams using AI today are using it as a faster way to do things they already knew how to do.,Article/Link,11,0,0,,
2026-09-09,2,2026-08-31,Tipalti,no,no,"When Prodege's partner network grew, so did the operational complexity behind every payment.",Video,11,1,0,,
2026-09-09,2,2026-08-31,Tipalti,no,no,AI is no longer a 'someday' conversation in finance. It's a 'now' conversation.,Image,11,0,0,,
2026-09-09,2,2026-08-31,Tipalti,no,no,"20 weeks of AP work, eliminated. Every year.",Document/carousel,7,0,1,,
2026-09-09,2,2026-08-31,Tipalti,no,no,"In his latest for the Forbes Tech Council, Tipalti CPTO Roby Baruch discusses how AI is transforming product and engineering organizations.",Article/Link,0,0,0,,
2026-09-09,2,2026-08-31,Tipalti,no,no,New from the Tipalti Team,Image,25,4,0,,
2026-09-09,2,2026-08-31,Tipalti,no,no,New from the Tipalti Product Team,Image,101,5,0,,
2026-09-09,2,2026-08-31,Tipalti,no,no,What does it actually take to build financial infrastructure for a company scaling globally?,Image,7,0,0,,
2026-09-09,2,2026-08-31,Tipalti,no,no,"David Fractor, CFO at ImaginAb, has spent seven years building a finance function inside a biotech company.",Image,9,0,0,,
2026-09-09,2,2026-08-31,Tipalti,no,no,Technology alone won't make finance more scalable.,Image,7,0,0,,
2026-09-09,2,2026-08-31,Tipalti,no,no,(repost: Chen Amit) Tipalti has officially been named to the Inc. 5000 list for nine consecutive years.,Image,186,4,3,,
2026-09-09,2,2026-08-31,Tipalti,no,no,We are thrilled to share that Tipalti has been named to the Inc. 5000 list for the ninth consecutive year.,Image,46,1,9,,
2026-09-09,2,2026-08-31,Tipalti,no,no,"Hear directly from finance leaders at AG1, Lantern Community Services, and Lendable on how Tipalti AI agents transform their AP operations.",Video,9,0,0,,
2026-09-09,2,2026-08-31,Tipalti,no,no,The best finance leaders often bring perspectives that can't be learned from a textbook.,Image,2,2,0,,
2026-09-09,2,2026-08-31,Tipalti,no,no,Adding a new country doesn't add one new problem. It adds several at once.,Video,8,0,1,,
2026-09-09,2,2026-08-31,Tipalti,no,no,81% of organizations say their external partner networks are vital to business success.,Video,7,0,1,,
2026-09-09,2,2026-08-31,Tipalti,no,no,"Even the best partner programs lose talent when payments are slow, complicated, or hard to manage.",Video,8,1,1,,
2026-09-09,2,2026-08-31,Tipalti,no,no,"The Tipalti team is heading to Minneapolis for the Dynamics Community Summit Roadshow, and we're proud to be a sponsor!",Video,6,0,0,,
2026-09-09,2,2026-08-31,Tipalti,no,no,"There's a lot of noise around agentic AI right now, but what we're hearing from finance teams is far more practical.",Image,6,1,0,,
2026-09-09,2,2026-08-31,Tipalti,no,no,The Tipalti C-Suite were in Vancouver last week for their executive QBR.,Image,127,3,2,,
2026-09-09,2,2026-08-31,Tipalti,no,no,The finance function is being asked to operate at a higher level. The problem is the day-to-day workload hasn't changed to match.,Video,40,0,1,,
2026-09-09,2,2026-08-31,Tipalti,no,no,NEW RESEARCH: The payout infrastructure gap is costing businesses their top partners.,Video,23,0,3,,
2026-09-09,2,2026-08-31,Tipalti,no,no,Tipalti Mass Payments manages the full payout lifecycle in one platform.,Text,22,0,2,,
2026-09-09,2,2026-08-31,Tipalti,no,no,We're on the floor at Affiliate Summit East in New York today and tomorrow.,Video,9,0,0,,
2026-09-09,2,2026-08-31,Tipalti,no,no,Tonight is Powerhouse Heroes HQ at Hard Rock Cafe in New York City. Doors open at 7 PM.,Image,9,0,0,,
2026-09-09,2,2026-08-31,Tipalti,no,no,"For Mail Shark, managing a growing volume of vendor payments manually was creating a bottleneck.",Image,3,0,0,,
2026-09-09,2,2026-08-31,Tipalti,no,no,61% of finance professionals can now clearly quantify AI ROI. 95% of organizations using AI report measurable cost savings.,Image,9,0,1,,
2026-09-09,2,2026-08-31,Tipalti,no,no,(repost: Darren Upson) I'm excited to share that Tipalti has been named on CNBC's World's Top FinTech Companies of 2026 for the fourth consecutive year.,Image,51,2,6,,
2026-09-09,2,2026-08-31,Tipalti,no,no,Tipalti has been named to CNBC's World's Top FinTech Companies list for the fourth consecutive year.,Image,74,2,7,,
2026-09-09,2,2026-08-31,Tipalti,no,no,More than a third (35%) of finance professionals we surveyed for The Global Finance Outlook said their business priorities are becoming global.,Image,8,0,0,,
2026-09-09,2,2026-08-31,Tipalti,no,no,"Tipalti is heading to Affiliate Summit East in New York, July 27-28.",Video,7,0,1,,
2026-09-09,2,2026-08-31,Tipalti,no,no,Tipalti Accounts Payable connects the full AP lifecycle in one system.,Text,7,0,0,,
2026-09-09,2,2026-08-31,Tipalti,no,no,Governments aren't just setting the rules anymore. They're enforcing them inside your finance systems in real time.,Image,3,3,0,,
2026-09-09,2,2026-08-31,Tipalti,no,no,We're hiring! Swipe through to see our open roles.,Document/carousel,9,0,2,,
2026-09-09,2,2026-08-31,Tipalti,no,no,"G2's Summer 2026 report is out, and Tipalti earned three recognitions.",Video,42,0,1,,
2026-09-09,2,2026-08-31,Tipalti,no,no,Is your finance team spending more time on manual data entry than actual analysis?,Video,17,0,0,,
2026-09-09,2,2026-08-31,Tipalti,no,no,Have you noticed a shift in how finance leaders are talking about AI over the past year?,Image,13,0,1,,
2026-09-09,2,2026-08-31,Tipalti,no,no,Skillshare has 5 million members and a global network of instructors and influencers to pay.,Document/carousel,12,0,0,,
2026-09-09,2,2026-08-31,Tipalti,no,no,98% of finance professionals say AI saves them time.,Video,6,0,0,,
2026-09-09,2,2026-08-31,Tipalti,no,no,"Mechanical, performance, sync, master recording.",Image,21,0,0,,
2026-09-09,2,2026-08-31,Tipalti,no,no,"Before Tipalti, Thematic's finance team was manually managing international payments to hundreds of thousands of music creators.",Video,24,0,1,,
2026-09-09,2,2026-08-31,Stampli,no,no,(repost: Eyal Feldman) Business leaders always have questions. They just don't ask all of them because answering each one can take weeks of work.,Video,38,4,5,,
2026-09-09,2,2026-08-31,Stampli,no,no,Answering a good finance question shouldn't require a costly project.,Video,43,7,10,,
2026-09-09,2,2026-08-31,Stampli,no,no,(repost: Melad Zahedi OpenAI published a story last week about how our team at Stampli used ChatGPT for Work and Codex to launch Deep Finance.,Article/Link,16,2,3,,
2026-09-09,2,2026-08-31,Stampli,no,no,Anyone who's launched a product knows the hard part isn't just one thing.,Article/Link,26,2,13,,
2026-09-09,2,2026-08-31,Stampli,no,no,Month-end problems rarely begin at month-end,Image,17,0,7,,
2026-09-09,2,2026-08-31,Stampli,no,no,"An invoice in manufacturing is rarely just that. There's usually a PO, a receipt, a plant, a cost center, and someone who needs to make a call.",Article/Link,3,0,0,,
2026-09-09,2,2026-08-31,Stampli,no,no,"At Quincy Recycle, connecting Procurement and AP brought clarity to daily work and more team capacity.",Image,25,0,7,,
2026-09-09,2,2026-08-31,Stampli,no,no,Every vendor relationship carries a set of important commitments.,Article/Link,12,0,4,,
2026-09-09,2,2026-08-31,Stampli,no,no,"From 10 locations to more than 50, America's Group built a finance operation designed to scale with its growth.",Article/Link,18,0,8,,
2026-09-09,2,2026-08-31,Stampli,no,no,"71 locations. 1,000+ monthly invoices. A two-person AP team.",Article/Link,11,0,1,,
2026-09-09,2,2026-08-31,Stampli,no,no,New software shouldn't take years to deliver value.,Image,35,1,15,,
2026-09-09,2,2026-08-31,Stampli,no,no,Procure-to-pay breaks down fast when teams work across disconnected tools,Article/Link,11,0,5,,
2026-09-09,2,2026-08-31,Stampli,no,no,Finance leaders do not need a lesson in prompting. They need better data to prompt from.,Article/Link,6,0,1,,
2026-09-09,2,2026-08-31,Stampli,no,no,(repost: OpenAI for Business 'It's allowed basically a one-person team to do the work of a team of four or five.',Video,0,0,0,,
2026-09-09,2,2026-08-31,Stampli,no,no,(repost: Melad Zahedi) I spent ten years as an accountant before I ever touched marketing.,Video,63,3,5,,
2026-09-09,2,2026-08-31,Stampli,no,no,"What changes when finance teams can analyze data in ways that used to be slow, manual, or expensive to explore?",Article/Link,13,0,1,,
2026-09-09,2,2026-08-31,Stampli,no,no,Finance teams don't run out of good questions. They run out of practical ways to get answers.,Document/carousel,32,0,12,,
2026-09-09,2,2026-08-31,Stampli,no,no,Accounts Payable is where Procure-to-Pay either works or breaks.,Article/Link,18,0,6,,
2026-09-09,2,2026-08-31,Stampli,no,no,Vendor renewal coming up? A lot can change since the last contract.,Article/Link,12,1,4,,
2026-09-09,2,2026-08-31,Stampli,no,no,Strong customer feedback on real value for finance teams to create one connected P2P story.,Article/Link,37,1,16,,
2026-09-09,2,2026-08-31,Stampli,no,no,Finance teams don't run out of useful questions. They run out of practical ways to get answers.,Article/Link,22,1,6,,
2026-09-09,2,2026-08-31,Stampli,no,no,Strong customer feedback on real value for finance teams to create one connected P2P story. (dublet af #20),Article/Link,37,1,16,,
2026-09-09,2,2026-08-31,Stampli,no,no,Finance teams don't run out of useful questions. (dublet af #21),Article/Link,22,1,6,,
2026-09-09,2,2026-08-31,Stampli,no,no,Market stories become clearer when they show up in operational spend. Josh Constine's CNN segment adds context on SpaceX's IPO.,Video,11,1,4,,
2026-09-09,2,2026-08-31,Stampli,no,no,NetSuite 3-way matching often breaks on one missing piece: the item receipt.,Article/Link,9,0,2,,
2026-09-09,2,2026-08-31,Stampli,no,no,ACH risks don't start at the bank portal. They often start earlier.,Article/Link,17,3,7,,
2026-09-09,2,2026-08-31,Stampli,no,no,"Meaningful savings can hide in everyday finance data. For Integra Investments, Deep Finance surfaced insights worth $20K-$30K a year.",Image,32,3,10,,
2026-09-09,2,2026-08-31,Stampli,no,no,"Built to scale your business, not your headcount.",Article/Link,25,0,11,,
2026-09-09,2,2026-08-31,Stampli,no,no,Vendor concentration risk is hiding in your AP data.,Article/Link,11,0,1,,
2026-09-09,2,2026-08-31,Stampli,no,no,Day 2 at #SageFuture and the energy is still going strong! Visit us at booth 126.,Image,42,1,1,,
2026-09-09,2,2026-08-31,Stampli,no,no,(repost: Nathan Hansel) Day 1 of #SageFuture in the books. Partner day was fantastic.,Image,91,1,5,,
2026-09-09,2,2026-08-31,Stampli,no,no,(repost: Eyal Feldman) We're about to see the death of the dashboard. Here's why they'll get replaced by interactive AI visualizations.,Image,83,8,23,,
2026-09-09,2,2026-08-31,Stampli,no,no,Budget variance usually doesn't start with one big decision. It builds quietly across everyday work.,Article/Link,7,0,2,,
2026-09-09,2,2026-08-31,Stampli,no,no,Cash flow opportunities often hide in Accounts Payable.,Article/Link,18,2,4,,
2026-09-09,2,2026-08-31,Stampli,no,no,(repost: Matthew E.) Big things are happening at Stampli.,Article/Link,101,2,5,,
2026-09-09,2,2026-08-31,Stampli,no,no,The data moving through finance systems holds a story that teams never see.,Article/Link,25,1,6,,
2026-09-09,2,2026-08-31,Stampli,no,no,(repost: SignalFire) The most valuable signals in finance are buried in places traditional BI can't reach.,Video,52,2,6,,
2026-09-09,2,2026-08-31,Stampli,no,no,(repost: Eyal Feldman) We're launching something big: an agentic financial analyst you can ask anything.,Video,148,3,21,,
2026-09-09,2,2026-08-31,Stampli,no,no,Ask your agentic financial analyst anything. Get consultant-grade intelligence about your business.,Video,39,0,22,,
2026-09-09,2,2026-08-31,Stampli,no,no,We had a great time at the Nashville career fair.,Image,44,1,5,,
2026-09-09,2,2026-08-31,Stampli,no,no,Stampli Deep FinanceTM transforms raw finance data into executive spend intelligence.,Article/Link,46,2,29,,
2026-09-09,2,2026-08-31,Stampli,no,no,"Instead of hiring more AP staff with every acquisition, America's Group automated workflows with Stampli.",Article/Link,14,0,6,,
2026-09-09,2,2026-08-31,Stampli,no,no,"No matter your ERP, Stampli fits right in.",Article/Link,17,0,9,,
2026-09-09,2,2026-08-31,Stampli,no,no,Corporate cards don't have to mean losing control of spend.,Article/Link,17,0,5,,
2026-09-09,2,2026-08-31,Stampli,no,no,Your team is addicted to corporate card swipes and free trials they forget to cancel.,Image,9,0,0,,
2026-09-09,2,2026-08-31,Stampli,no,no,Finance professionals paired with the right platform turn complexity into a scalable advantage.,Image,11,0,3,,
2026-09-09,2,2026-08-31,Stampli,no,no,We're grateful for all our customers. Even more grateful for those who share their wins on G2,Article/Link,65,0,35,,
2026-09-09,2,2026-08-31,Stampli,no,no,"'Those little clicks add up. When you're doing that a thousand times a day, it matters.'",Video,25,0,10,,
2026-09-09,2,2026-08-31,Stampli,no,no,For years we've been simplifying the complexities of finance.,Article/Link,14,1,6,,
2026-09-09,2,2026-08-31,Stampli,no,no,"As finance teams look toward 2026, AI is everywhere, but real impact is uneven.",Article/Link,40,0,7,,
2026-08-31,3,2026-08-31,Continia Software,yes,no,It's about time... we found out who's faster,Image,85,0,0,,
2026-08-31,3,2026-08-31,Continia Software,yes,no,"Colleagues, vineyards, and a glass (or two) of wine",Image,80,2,0,,
2026-08-31,3,2026-08-31,Continia Software,yes,no,It's about time you stopped doing these 5 things,Document/carousel,33,2,1,,
2026-08-31,3,2026-08-31,Continia Software,yes,no,12 free features your Business Central setup is missing,Document/carousel,39,0,5,,
2026-08-31,3,2026-08-31,Continia Software,yes,no,We've got room left on the team!,Document/carousel,33,0,4,,
2026-08-31,3,2026-08-31,Continia Software,yes,no,Your e-invoicing data is only as safe as your vendor,Image,27,0,3,,
2026-08-31,3,2026-08-31,Continia Software,yes,no,Every AP automation pitch this year sounds the same...,Image,21,0,2,,
2026-08-31,3,2026-08-31,Continia Software,yes,no,We're back from a great DynamicsCon in Ghana,Image,63,2,2,,
2026-08-31,3,2026-08-31,Continia Software,yes,no,"Same Monday, two very different workdays",Image,30,0,1,,
2026-08-31,3,2026-08-31,Continia Software,yes,no,The office is quiet. Why not spend the summer learning?,Image,23,0,0,,
2026-08-31,3,2026-08-31,Continia Software,yes,no,Separate accounts-but it's one relationship,Image,33,1,5,,
2026-08-31,3,2026-08-31,Continia Software,yes,no,"More than 1,000 active Continia solutions",Image,119,1,8,,
2026-08-31,3,2026-08-31,Continia Software,yes,no,Submitting expenses just got even easier!,Document/carousel,37,5,8,,
2026-08-31,3,2026-08-31,Continia Software,yes,no,"See Continia in action, at your own pace",Image,36,1,4,,
2026-08-31,3,2026-08-31,Continia Software,yes,no,It's about time... for an ice-cream break!,Image,70,1,0,,
2026-08-31,3,2026-08-31,Continia Software,yes,no,Fake invoices don't always look fake,Image,23,0,3,,
2026-08-31,3,2026-08-31,Continia Software,yes,no,Our biggest team meetup yet,Image,243,4,6,,
2026-08-31,3,2026-08-31,Continia Software,yes,no,From a full-time AP person to automation in minutes,Image,23,0,3,,
2026-08-31,3,2026-08-31,Continia Software,yes,no,The Elevate tour continues - this time in Poland!,Image,71,1,0,,
2026-08-31,3,2026-08-31,Continia Software,yes,no,Kicking off Continia Elevate in the UK,Video,53,2,1,,
2026-08-31,3,2026-08-31,Continia Software,yes,no,We're ISO 27001 certified,Image,195,2,1,,
2026-08-31,3,2026-08-31,Continia Software,yes,no,It's about time ... we cycled to work,Image,69,1,0,,
2026-08-31,3,2026-08-31,Continia Software,yes,no,250 Continia-losninger er en god grund til kage,Image,70,1,2,,
2026-08-31,3,2026-08-31,Continia Software,yes,no,Thanks for a great time at DynamicsMinds!,Image,93,2,0,,
2026-08-31,3,2026-08-31,Continia Software,yes,no,Continia is growing - swipe to find your next role,Document/carousel,42,0,0,,
2026-08-31,3,2026-08-31,Continia Software,yes,no,Your BC setup is almost there. Why not upgrade it for free?,Video,34,0,4,,
2026-08-31,3,2026-08-31,Continia Software,yes,no,Continia Elevate comes to Warsaw!,Image,47,4,2,,
2026-08-31,3,2026-08-31,Continia Software,yes,no,That's a wrap on Directions ASIA,Image,59,0,0,,
2026-08-31,3,2026-08-31,Continia Software,yes,no,The Continia Expense App now supports Microsoft Intune,Image,69,0,2,,
2026-08-31,3,2026-08-31,Continia Software,yes,no,Is your Accounts Receivable setup as efficient as it could be?,Document/carousel,39,0,0,,
2026-08-31,3,2026-08-31,Truvio,no,no,4 minutes versus 17 minutes per invoice.,Video,16,0,2,,
2026-08-31,3,2026-08-31,Truvio,no,no,B2B-kunder begynder ikke nodvendigvis deres kobsrejse pa jeres webshop.,Image,10,2,0,,
2026-08-31,3,2026-08-31,Truvio,no,no,"Invoice capture is only one part of accounts payable automation. What happens when customers also need greater control over approvals, matching",Image,33,2,5,,
2026-08-31,3,2026-08-31,Truvio,no,no,One last episode. One last chance to enter!,Text,2,0,0,,
2026-08-31,3,2026-08-31,Truvio,no,no,A keynote worth joining us in Aarhus for.,Image,25,0,2,,
2026-08-31,3,2026-08-31,Truvio,no,no,Truvio is heading to Columbus for DynamicsCon Regional: Ohio Valley!,Image,20,1,2,,
2026-08-31,3,2026-08-31,Truvio,no,no,We're proud to sponsor the 4PS Customer Day 2026!,Image,27,3,1,,
2026-08-31,3,2026-08-31,Truvio,no,no,"Running, walking and cheering each other on",Image,78,0,1,,
2026-08-31,3,2026-08-31,Truvio,no,no,One last conversation before we officially close out summer.,Image,14,0,3,,
2026-08-31,3,2026-08-31,Truvio,no,no,"AI er allerede ved at aendre den made, B2B-kunder finder, sammenligner og vaelger produkter pa.",Image,14,0,1,,
2026-08-31,3,2026-08-31,Truvio,no,no,The Commerce Product Brief is already next week,Image,15,0,4,,
2026-08-31,3,2026-08-31,Truvio,no,no,Remember when waiting was just part of the process?,Text,23,0,3,,
2026-08-31,3,2026-08-31,Truvio,no,no,Nine steps. Zero manual touchpoints.,Image,15,0,3,,
2026-08-31,3,2026-08-31,Truvio,no,no,A little sneak peek at what's coming next to Truvio Talks...,Image,19,0,4,,
2026-08-31,3,2026-08-31,Truvio,no,no,Only 2 more days until the next episode of Truvio Talks!,Text,3,0,0,,
2026-08-31,3,2026-08-31,Truvio,no,no,"When you're in the middle of a complex ERP transformation, a smooth implementation can make a real difference. That was the experience at Blackwoods.",Image,18,0,0,,
2026-08-31,3,2026-08-31,Truvio,no,no,"Vi glaeder os til at vaere med, nar Computerworld Events saetter fokus pa vejen videre fra Dynamics AX den 25. august i Koge.",Image,22,0,1,,
2026-08-31,3,2026-08-31,Truvio,no,no,"Hylke Britstra is taking the stage at Directions for Enterprise 2026 in Copenhagen. His session, 'F&O is just a tool'.",Image,27,0,2,,
2026-08-31,3,2026-08-31,Truvio,no,no,"Summer isn't over yet, and neither is your chance to win!",Image,15,0,5,,
2026-08-31,3,2026-08-31,Truvio,no,no,"We're excited to share that Truvio is a Gold Sponsor at Days of Knowledge - ANZ 2026, taking place on 3-4 September in Melbourne.",Image,19,0,3,,
2026-08-31,3,2026-08-31,Truvio,no,no,"(repost) This year I started working for Truvio, currently focusing on the ExFlow AP module in D365FO.",Image,124,6,11,,
2026-08-31,3,2026-08-31,Truvio,no,no,Manual payments cost more than money.,Image,25,0,5,,
2026-08-31,3,2026-08-31,Truvio,no,no,Less than one month to go until Truvio Commerce Partner Days 2026!,Image,23,0,2,,
2026-08-31,3,2026-08-31,Truvio,no,no,"Tomorrow, new EU packaging rules begin to apply.",Image,16,0,7,,
2026-08-31,3,2026-08-31,Truvio,no,no,"This week, we're hosting two APJ Partner Training sessions for D365 F&O partners.",Image,14,0,3,,
2026-08-31,3,2026-08-31,Truvio,no,no,Truvio is heading to Directions for Enterprise 2026 in Copenhagen!,Image,52,2,2,,
2026-08-31,3,2026-08-31,Truvio,no,no,"Summer may be winding down, but there's still time to make your finance operations more resilient.",Image,8,0,2,,
2026-08-31,3,2026-08-31,Truvio,no,no,A 4.65/5 score is one thing. Understanding what drives enterprise fit is another. Avanade evaluated Truvio AP Automation.,Image,28,0,8,,
2026-08-31,3,2026-08-31,Truvio,no,no,Every quarter brings new improvements across Truvio Commerce.,Image,10,0,0,,
2026-08-31,3,2026-08-31,Truvio,no,no,Ready to shorten your order-to-cash cycle?,Text,11,0,4,,
2026-08-31,3,2026-08-31,Equisys,no,no,"Our Implementation Services help Business Central partners deliver faster, smoother Zetadocs projects for their customers with less risk and more pred",Image,3,0,3,,
2026-08-31,3,2026-08-31,Equisys,no,no,"Manage your documents more effectively, rather than just storing them in a repository. Discover why Business Central customers choose Zetadocs Capture",Image,3,0,4,,
2026-08-31,3,2026-08-31,Equisys,no,no,Cut costs without compromising control,Image,4,0,2,,
2026-08-31,3,2026-08-31,Equisys,no,no,"With Zetadocs, you can drag and drop supporting documents against a journal entry in Business Central. This provides context or justification for a tr",Image,4,1,2,,
2026-08-31,3,2026-08-31,Equisys,no,no,Missed our recent webinar? Catch up now!,Video,5,0,2,,
2026-08-31,3,2026-08-31,Equisys,no,no,"We're just a few hours away from our webinar, 'Discover THE BEST AP Automation Solution for Business Central'!",Image,1,0,1,,
2026-08-31,3,2026-08-31,Equisys,no,no,There's less than 24 hours left to register for our webinar - 'Discover THE BEST AP Automation solution for Business Central',Image,2,0,3,,
2026-08-31,3,2026-08-31,Equisys,no,no,Looking for a smarter way to manage employee expenses and ensure compliant claims? Book a demo of Zetadocs Expenses today:,Image,3,0,3,,
2026-08-31,3,2026-08-31,Equisys,no,no,"Last week, we had a great time sponsoring Directions North America 2026! Thank you to all that stopped by to chat about Zetadocs and those who entered",Image,12,0,2,,
2026-08-31,3,2026-08-31,Equisys,no,no,We had an amazing first day at Directions North America and can't wait to see what day two brings! Be sure to stop by our booth (E-32) to say hello an,Image,15,0,5,,
2026-08-31,3,2026-08-31,Equisys,no,no,"We'll be in Orlando, Florida next week for Directions North America, and we'd love to say hello. Drop by booth E-32 to meet the team, ask questions, a",Image,5,0,3,,
2026-08-31,3,2026-08-31,Equisys,no,no,"We're headed to Directions in Orlando, Florida in 2 weeks",Image,6,0,4,,
2026-08-31,3,2026-08-31,Equisys,no,no,"Deliver smarter, not harder!",Image,2,0,0,,
2026-08-31,3,2026-08-31,Equisys,no,no,We're delighted to be part of this exciting event that takes an in-depth look at AP Automation options for Microsoft Dynamics 365 Business Central.,Image,3,0,1,,
2026-08-31,3,2026-08-31,Equisys,no,no,"Zetadocs Expenses offers a smooth expense workflow right out-of-the-box, with minimal training required for both finance teams and the submitters.",Image,4,0,1,,
2026-08-31,3,2026-08-31,Equisys,no,no,It's not too late to reserve your space on today's Lunch & Learn event!,Image,3,0,5,,
2026-08-31,3,2026-08-31,Equisys,no,no,It's not too late - join a Lunch & Learn event this week to learn how to get even more out of your Zetadocs investment. Book your place now via the li,Image,3,0,2,,
2026-08-31,3,2026-08-31,Equisys,no,no,Our Lunch & Learn series starts next week! Are you registered yet? Each session will last around 15 minutes and is designed to demonstrate tricks and,Image,1,0,1,,
2026-08-31,3,2026-08-31,Equisys,no,no,Looking forward to being part of this great event!,Image,1,0,0,,
2026-08-31,3,2026-08-31,Equisys,no,no,"Looking for an expense management solution built for Business Central, ready to go straight away? Look no further than Zetadocs Expenses.",Image,7,0,2,,
2026-08-31,3,2026-08-31,Equisys,no,no,Even the most well-written expense policies can prove difficult to enforce across a company. This whitepaper discusses the hurdles finance teams face,Image,7,0,4,,
2026-08-31,3,2026-08-31,Equisys,no,no,"See how Zetadocs can transform the way you work. Book a demo today to explore any of our AP automation, document management or expense management solu",Image,6,0,4,,
2026-08-31,3,2026-08-31,Equisys,no,no,"The future of accounts payable is automated. Explore expert perspectives on how AI and accounting technology will drive efficiency, accuracy and bette",Article/Link,2,0,0,,
2026-08-31,3,2026-08-31,Equisys,no,no,Zetadocs Delivery helps finance teams spend less time on admin and more time on what really matters. Learn more about how it could help save your team,Image,3,0,2,,
2026-08-31,3,2026-08-31,Equisys,no,no,Learn how to build a clear travel and entertainment expenses policy that's easy to consistently enforce in this blog post:,Image,1,0,1,,
2026-08-31,3,2026-08-31,Equisys,no,no,"Still chasing approvals and fixing errors? AP automation removes bottlenecks, speeds up approvals and helps teams scale without the stress.",Article/Link,0,0,0,,
2026-08-31,3,2026-08-31,Equisys,no,no,"Many employees feel unsure about what they can expense, even if upper management think they have a clear expense policy. Solutions like Zetadocs Expen",Image,1,0,1,,
2026-08-31,3,2026-08-31,Equisys,no,no,"AI in ERP is accelerating fast, and ISVs are leading the way with practical, real-world innovations. Read this article to find out why AI-driven ISV s",Article/Link,3,0,2,,
2026-08-31,3,2026-08-31,Equisys,no,no,This month we're celebrating 15 years of the Equisys blog! Here's some of the highlights from along the way,Document/carousel,3,0,1,,
2026-08-31,3,2026-08-31,Equisys,no,no,Accounting teams in the manufacturing industry (and beyond) are facing challenges with manual AP workflows. Check out this article on why automating A,Article/Link,1,0,0,,
2026-08-31,3,2026-08-31,Medius,no,no,September is a good month to sort out AP.,Document/carousel,4,0,0,,
2026-08-31,3,2026-08-31,Medius,no,no,"Not sure which AP automation features actually matter, and which are just on the checklist for show?",Image,7,0,1,,
2026-08-31,3,2026-08-31,Medius,no,no,Medius' Financial Census 2026 is officially here.,Document/carousel,34,0,10,,
2026-08-31,3,2026-08-31,Medius,no,no,"Join the Medius team at the upcoming inPOWER User Conference, taking place September 14-17 in Pewaukee, Wisconsin.",Image,10,1,0,,
2026-08-31,3,2026-08-31,Medius,no,no,"What better way to close out the week than with a new edition of MediusExplains? Today, we're discussing the 5 signs your AP process is costing you sp",Document/carousel,8,0,2,,
2026-08-31,3,2026-08-31,Medius,no,no,"Mark your calendars! Our Top Tips in Action live interactive webinar is coming up on September 9, 10:00 - 10:30 AM ET.",Image,11,0,4,,
2026-08-31,3,2026-08-31,Medius,no,no,Invoices processed in one day.,Image,21,0,6,,
2026-08-31,3,2026-08-31,Medius,no,no,What are the most common causes of late payments in B2B?,Article/Link,6,0,0,,
2026-08-31,3,2026-08-31,Medius,no,no,"Medius will be at JDE INFOCUS 2026, taking place September 21-23 in Denver, Colorado. This three-day event will join the JD Edwards community for hand",Image,14,0,0,,
2026-08-31,3,2026-08-31,Medius,no,no,A failed invoice match in manufacturing isn't just an AP problem.,Article/Link,7,0,2,,
2026-08-31,3,2026-08-31,Medius,no,no,58% of AP teams are already using or piloting AI. The other 42% are watching the gap widen.,Image,11,0,1,,
2026-08-31,3,2026-08-31,Medius,no,no,Join us on August 26 for our Explore Medius: Compliance & E-invoicing live webinar.,Image,66,0,5,,
2026-08-31,3,2026-08-31,Medius,no,no,Duplicate payments in retail don't usually look like duplicates.,Article/Link,6,0,0,,
2026-08-31,3,2026-08-31,Medius,no,no,"Join us on August 20 for our Medius Momentum: Q3 2026 Product Update, a live webinar featuring our own Graeme Chard, SVP, Product Marketing, as he pro",Image,34,2,4,,
2026-08-31,3,2026-08-31,Medius,no,no,Most enterprise finance teams aren't waiting on budget to modernize AP. They're waiting on IT. And IT is waiting on the ERP.,Image,4,1,0,,
2026-08-31,3,2026-08-31,Medius,no,no,"Great Northern Equipment: small team, big efficiency gains",Image,32,0,10,,
2026-08-31,3,2026-08-31,Medius,no,no,We had a great time this week at the Microsoft AI Business Solutions Partner Executive Summit.,Image,63,0,1,,
2026-08-31,3,2026-08-31,Medius,no,no,AP fraud doesn't announce itself. It hides in duplicate invoices and last-minute bank account changes.,Article/Link,6,0,0,,
2026-08-31,3,2026-08-31,Medius,no,no,"The accounts payable process covers a lot of ground: purchase orders, invoice capture, three-way matching, approvals, payment scheduling, and record-k",Article/Link,13,0,3,,
2026-08-31,3,2026-08-31,Medius,no,no,Still chasing invoice approvals and manually keying payments? There's a live demo for that.,Image,11,0,4,,
2026-08-31,3,2026-08-31,Medius,no,no,Innovation meets efficiency: Marshalls plc's AP automation journey,Image,17,0,3,,
2026-08-31,3,2026-08-31,Medius,no,no,We're excited to return with a new edition of our MediusAsks series. This series invites our team of experts at Medius to share their insights on the,Video,20,0,1,,
2026-08-31,3,2026-08-31,Medius,no,no,The industry average for invoice cycle time is 8.2 days.,Article/Link,11,0,1,,
2026-08-31,3,2026-08-31,Medius,no,no,"In the food and beverage industry, fast-moving operations require real-time invoicing and tight delivery schedules.",Image,7,0,0,,
2026-08-31,3,2026-08-31,Medius,no,no,"Choosing AP solutions can be as complex and confusing as managing AP itself, but we think analysis like this from Gartner can help clarify which solu",Image,34,0,6,,
2026-08-31,3,2026-08-31,Medius,no,no,"You're already running AP on Medius. Invoices are moving, approvals are flowing, payments are going out.",Image,44,0,6,,
2026-08-31,3,2026-08-31,Medius,no,no,Say goodbye to AP exceptions with intelligent automation,Image,15,0,1,,
2026-08-31,3,2026-08-31,Medius,no,no,"The most significant financial leaks in transportation rarely appear on the invoice header. They are buried in the line items-fuel surcharges, demurra",Image,10,0,0,,
2026-08-31,3,2026-08-31,Medius,no,no,"Late payments affect most businesses, even those using e-invoicing.",Image,15,0,2,,
2026-08-31,3,2026-08-31,Medius,no,no,Is your payment mix actually working for you - or against you?,Image,13,0,2,,
2026-08-31,3,2026-08-31,Qvalia,no,no,E-invoicing mandates are becoming infrastructure decisions.,Image,5,0,1,,
2026-08-31,3,2026-08-31,Qvalia,no,no,The new Billentis report on the global e-invoicing market is here.,Image,8,2,0,,
2026-08-31,3,2026-08-31,Qvalia,no,no,Slovakia's eFaktura framework is another important step in Europe's transition toward structured electronic invoicing.,Image,27,0,2,,
2026-08-31,3,2026-08-31,Qvalia,no,no,Qvalia is now certified for Slovakia e-invoicing under the eFaktura framework.,Image,32,1,6,,
2026-08-31,3,2026-08-31,Qvalia,no,no,"Qvalia's Business Continuity Management System has now been certified against ISO 22301:2019, the international standard for business continuity pl",Image,6,0,1,,
2026-08-31,3,2026-08-31,Qvalia,no,no,Qvalia is now listed in the Cloud Security Alliance STAR Registry.,Image,8,1,0,,
2026-08-31,3,2026-08-31,Qvalia,no,no,Qvalia is now available on iPhone and Android.,Image,42,5,5,,
2026-08-31,3,2026-08-31,Qvalia,no,no,"In 2025, we expanded Qvalia's platform across nearly all fronts. Fredrik Forsell highlights the year's product updates - from new APIs to AI capabilit",Image,13,1,2,,
2026-08-31,3,2026-08-31,Qvalia,no,no,[Peppol for developers] How to get started with Peppol API.,Image,9,0,1,,
2026-08-31,3,2026-08-31,Qvalia,no,no,"Belgium mandates #Peppol e-invoicing for most B2B transactions on January 1, 2026. Our guide covers all you need to know and how to com",Image,9,0,1,,
2026-08-31,3,2026-08-31,Qvalia,no,no,"The 2026 Peppol country guide - full list, status, and coverage map. Learn where #Peppol is available, national connectivity, and more",Image,14,0,0,,
2026-08-31,3,2026-08-31,Qvalia,no,no,Thank you to everyone who joined today's webinar with Julius Nilsson from Docupath and Henri Taipale on #IDP - Intelligent Document Proces,Image,29,3,3,,
2026-08-31,3,2026-08-31,Qvalia,no,no,[Upcoming webinar] AI-ready finance with Intelligent Document Processing,Image,25,0,7,,
2026-08-31,3,2026-08-31,Qvalia,no,no,Great day at Qvalia together with our friends from Amazon Web Services (AWS).,Image,81,3,8,,
2026-08-31,3,2026-08-31,Qvalia,no,no,"Connect is more than digital invoicing. It's your gateway to automation, compliance, and smarter financial management.",Article/Link,4,1,0,,
2026-08-31,3,2026-08-31,Qvalia,no,no,Introducing Qvalia Connect,Video,18,1,2,,
2026-08-31,3,2026-08-31,AMC Banking,no,no,What do you learn from 30+ years of working with bank integration?,Image,16,1,1,,
2026-08-31,3,2026-08-31,AMC Banking,no,no,How many systems does your finance team touch just to make a payment?,Article/Link,12,1,0,,
2026-08-31,3,2026-08-31,AMC Banking,no,no,"Before summer kicks off, we wanted to share a small milestone from AMC Banking.",Image,13,2,2,,
2026-08-31,3,2026-08-31,AMC Banking,no,no,Your biggest compliance risk might be a process nobody questions anymore,Article/Link,6,0,2,,
2026-08-31,3,2026-08-31,AMC Banking,no,no,Thanks to everybody who showed up for the reception in our new building! We are looking forward to show it once we are done renovating it.,Image,29,1,0,,
2026-08-31,3,2026-08-31,AMC Banking,no,no,You can still register for our reception next week if you would like to swing by and say hi.,Text,0,0,0,,
2026-08-31,3,2026-08-31,AMC Banking,no,no,"AMC Banking operates under Service Provider Agreements with selected banks, providing a more structured framework for bank integration and onboarding.",Text,9,0,0,,
2026-08-31,3,2026-08-31,AMC Banking,no,no,AMC is expanding and we are currently looking for a java developer.,Article/Link,12,0,3,,
2026-08-31,3,2026-08-31,AMC Banking,no,no,Still uploading payment files manually?,Article/Link,6,0,0,,
2026-08-31,3,2026-08-31,AMC Banking,no,no,We're moving and we'd love to celebrate with you.,Text,12,0,1,,
2026-08-31,3,2026-08-31,AMC Banking,no,no,The torch has officially been passed,Image,56,4,1,,
2026-08-31,3,2026-08-31,AMC Banking,no,no,"Enterprise treasury demands structure, visibility, and control.",Image,7,0,0,,
2026-08-31,3,2026-08-31,AMC Banking,no,no,Bank integration: Myth vs reality,Video,11,0,3,,
2026-08-31,3,2026-08-31,AMC Banking,no,no,"The AMC Banking webinar series offers: demos, new features, use cases and Q&A, focused on simplifying cash management in Dynamics 365.",Video,10,0,1,,
2026-08-31,3,2026-08-31,AMC Banking,no,no,(ingen tekst),Document/carousel,4,0,0,,
2026-08-31,3,2026-08-31,AMC Banking,no,no,ERP bank integration is rarely 'plug-and-play'.,Image,24,0,0,,
2026-08-31,3,2026-08-31,AMC Banking,no,no,We bought The White House... at Frederiksberg.,Article/Link,30,3,2,,
2026-08-31,3,2026-08-31,AMC Banking,no,no,Discover our new app designed to simplify and automate cash management directly inside Microsoft Dynamics 365 Business Central. AMC Banking 365 BC cen,Video,6,0,0,,
2026-08-31,3,2026-08-31,AMC Banking,no,no,You can still sign up for our webinar tomorrow where we take a deep dive into the capabilities of our brand new Business Central app.,Article/Link,4,0,0,,
2026-08-31,3,2026-08-31,AMC Banking,no,no,"In this webinar, we'll take you through how AMC Banking's intelligent cash sweeping for Microsoft Dynamics 365 Finance helps you optimize liquidity.",Video,11,0,0,,
2026-08-31,3,2026-08-31,AMC Banking,no,no,"In case you have not yet signed up for our treasury extension webinar about cash sweeping, you can still make it.",Article/Link,5,0,0,,
2026-08-31,3,2026-08-31,AMC Banking,no,no,We're excited to team up with Columbus to show how liquidity management can be automated inside Dynamics 365 Finance.,Image,6,0,2,,
2026-08-31,3,2026-08-31,AMC Banking,no,no,Convenience is the key word for our AMC Banking app - giving you the ability to access and approve payments wherever you are from your phone.,Text,8,0,0,,
2026-08-31,3,2026-08-31,B2Brouter,no,no,J-5 : une facture conforme peut malgre tout echouer si vos donnees clients sont incorrectes.,Text,3,0,1,,
2026-08-31,3,2026-08-31,B2Brouter,no,no,J-7 en France : attendre de voir ce qui se passe n'est plus une strategie.,Image,11,2,4,,
2026-08-31,3,2026-08-31,B2Brouter,no,no,La facturation electronique n'est que la moitie de la reforme. Avez-vous prepare votre e-reporting ?,Document/carousel,3,2,1,,
2026-08-31,3,2026-08-31,B2Brouter,no,no,"J-14 avant la reforme : pour les editeurs de logiciels, le dernier moment est deja la.",Image,12,7,2,,
2026-08-31,3,2026-08-31,B2Brouter,no,no,"Electronic invoicing is accelerating across Europe, and B2Brouter is growing with it.",Article/Link,5,0,0,,
2026-08-31,3,2026-08-31,B2Brouter,no,no,"(repost: Oriol Bausa) Ja no hi ha excuses per adoptar la facturacio electronica, queden molt pocs dies i els que segueixen esperant potser no seran a temps de complir amb l",Article/Link,19,1,2,,
2026-08-31,3,2026-08-31,B2Brouter,no,no,La reforme francaise de la facturation electronique ne concerne pas seulement la France. Elle a aussi un impact sur les flux internationaux.,Image,9,0,1,,
2026-08-31,3,2026-08-31,B2Brouter,no,no,"Si la reforme francaise parait simple en septembre, ce ne sera pas parce qu'elle l'est.",Text,0,0,0,,
2026-08-31,3,2026-08-31,B2Brouter,no,no,El otro dia Aleix Gasset se atrevio a explicarnos en un video de dos minutos que es FACe y como funciona.,Article/Link,3,0,0,,
2026-08-31,3,2026-08-31,B2Brouter,no,no,(repost: e-Invoice.app) Partner Announcement: B2Brouter,Image,10,2,3,,
2026-08-31,3,2026-08-31,B2Brouter,no,no,(repost: Oriol Bausa) Le permier Septembre est prochajn!,Article/Link,7,1,2,,
2026-08-31,3,2026-08-31,B2Brouter,no,no,Die E-Rechnung in Deutschland ist bereits Realitat - trotzdem halten sich noch einige Missverstandnisse.,Document/carousel,2,0,0,,
2026-08-31,3,2026-08-31,B2Brouter,no,no,B2Brouter talent stands out in London!,Image,38,0,4,,
2026-08-31,3,2026-08-31,B2Brouter,no,no,Comment bien choisir sa Plateforme Agreee avant l'entree en vigueur de la reforme de la facturation electronique ?,Document/carousel,6,0,1,,
2026-08-31,3,2026-08-31,B2Brouter,no,no,"(repost: Oriol Bausa) Verifactu como el primer paso hacia el despliegue de ViDA, creo que es imprescindible impulsar Verifactu para estar listos para la iniciativa europea.",Article/Link,13,2,1,,
2026-08-31,3,2026-08-31,B2Brouter,no,no,"SCI, LMNP et facturation electronique : etes-vous vraiment concerne ?",Article/Link,6,0,2,,
2026-08-31,3,2026-08-31,B2Brouter,no,no,Germany's e-invoicing rollout is not just a national compliance update. It is part of a much bigger European shift.,Text,8,0,1,,
2026-08-31,3,2026-08-31,B2Brouter,no,no,"Tu ERP puede emitir facturas, pero... puede cumplir con las nuevas obligaciones de la Ley Crea y Crece?",Document/carousel,8,0,2,,
2026-08-31,3,2026-08-31,B2Brouter,no,no,Belgium's B2B e-invoicing mandate is already in force.,Document/carousel,10,1,2,,
2026-08-31,3,2026-08-31,B2Brouter,no,no,La factura electronica B2B en Espana ya no es un proyecto de futuro: el momento de prepararse es ahora.,Text,1,0,0,,
2026-08-31,3,2026-08-31,B2Brouter,no,no,Plateforme Agreee ou Solution Compatible ?,Image,13,4,4,,
2026-08-31,3,2026-08-31,B2Brouter,no,no,Can your software support both XRechnung and ZUGFeRD?,Image,5,0,2,,
2026-08-31,3,2026-08-31,B2Brouter,no,no,VeriFactu no es el unico gran cambio que viene en Espana,Image,0,0,0,,
2026-08-31,3,2026-08-31,B2Brouter,no,no,Tienes que enviar todas tus facturas a la AEAT?,Document/carousel,5,0,2,,
2026-08-31,3,2026-08-31,B2Brouter,no,no,Como puede un ERP incorporar la facturacion electronica sin asumir toda la complejidad tecnica y normativa?,Article/Link,9,4,1,,
2026-08-31,3,2026-08-31,B2Brouter,no,no,"In his latest article, Henrik Moller asks a simple question: if we could rebuild the e-invoicing market from scratch today, what would we do different",Text,3,0,0,,
2026-08-31,3,2026-08-31,B2Brouter,no,no,La reforme fiscale francaise ne se limite pas a 'envoyer des factures electroniques'.,Document/carousel,14,0,4,,
2026-08-31,3,2026-08-31,B2Brouter,no,no,Meet our Sales Team,Document/carousel,9,0,3,,
2026-08-31,3,2026-08-31,B2Brouter,no,no,La factura electronica no va solo de enviar una factura en formato digital.,Document/carousel,2,0,1,,
2026-08-31,3,2026-08-31,B2Brouter,no,no,2026 e-invoicing reality check: is your business ready?,Poll,2,0,2,,
2026-08-31,3,2026-08-31,Dooap,no,no,Dooap Studio has a new home: https://dooapstudio.ai/,Image,8,1,6,,
2026-08-31,3,2026-08-31,Dooap,no,no,"We're sponsoring Dynamics User Group (DUG) DynamicsCon Regional: Ohio Valley on August 25-26 in Dublin, OH - and our team will be at the Dooap booth t",Image,9,1,1,,
2026-08-31,3,2026-08-31,Dooap,no,no,Everyone is talking about AI in finance. Very few are talking about what's actually working.,Image,6,1,1,,
2026-08-31,3,2026-08-31,Dooap,no,no,Sharing our story of Dooap Studio live from Dynamic Communities AI Business Applications Partner Executive Summit this morning.,Video,26,2,4,,
2026-08-31,3,2026-08-31,Dooap,no,no,Looking forward to sharing more about Dooap Studio this week at AI Business Solutions Partner Executive Summit.,Video,19,0,0,,
2026-08-31,3,2026-08-31,Dooap,no,no,We're heading to Copenhagen!,Image,10,0,1,,
2026-08-31,3,2026-08-31,Dooap,no,no,"Five years in, and she still says it feels new every day.",Image,18,1,0,,
2026-08-31,3,2026-08-31,Dooap,no,no,"Who is attending Dynamic Communities's AI Business Solutions Partner Executive Summit? Our CEO, Mikko Hytonen, will be chatting with John Siefert abou",Image,30,4,1,,
2026-08-31,3,2026-08-31,Dooap,no,no,Every D365 vendor is racing to say 'agentic' right now. Most are still figuring out what that means in practice.,Image,19,1,4,,
2026-08-31,3,2026-08-31,Dooap,no,no,"Every AP Manager knows this feeling: you spot the fix, but IT has a three-week queue.",Article/Link,11,0,3,,
2026-08-31,3,2026-08-31,Dooap,no,no,"Last time we said 'something new is coming,' we introduced Dooap Studio - agentic AP automation for D365 Finance.",Image,25,0,3,,
2026-08-31,3,2026-08-31,Dooap,no,no,"Somewhere right now, an AP manager is refreshing their inbox hoping an approval magically appeared.",Image,18,0,2,,
2026-08-31,3,2026-08-31,Dooap,no,no,We are here and you can find the team and table next to registration. Come chat with us about Agentic AP!,Video,24,2,0,,
2026-08-31,3,2026-08-31,Dooap,no,no,The Dynamics community is coming to Toronto - and so are we.,Image,16,0,1,,
2026-08-31,3,2026-08-31,Dooap,no,no,Excited to introduce our latest Dooap Unleashed: Run With Us - Eftsure!,Video,39,2,1,,
2026-08-31,3,2026-08-31,Dooap,no,no,This is what agentic AP automation looks like.,Video,17,0,6,,
2026-08-31,3,2026-08-31,Dooap,no,no,Just think of the possibilities with Dooap Studio! Here's one for you.,Image,14,0,1,,
2026-08-31,3,2026-08-31,Dooap,no,no,AP automation doesn't stop at the invoice. So why should your tech stack?,Video,71,10,3,,
2026-08-31,3,2026-08-31,Dooap,no,no,We saw a clear shift across #DynamicsCon2026 and #DynamicsMinds2026 this year. The conversation is moving from features to how,Image,21,0,0,,
2026-08-31,3,2026-08-31,Dooap,no,no,"Well, that's a wrap on DynamicsMinds. The Dooap team is heading back through time and space.",Image,70,4,0,,
2026-08-31,3,2026-08-31,Dooap,no,no,Great conversations. Great community.,Video,9,1,0,,
2026-08-31,3,2026-08-31,Dooap,no,no,"Set up and ready for 'Herd your AP with AI Agents', in Sunset on level 11. Come join us to see agents at work collecting, herding, and making AP happe",Image,28,2,3,,
2026-08-31,3,2026-08-31,Dooap,no,no,We're heading to #DynamicsMinds2026 and looking forward to being back with the community.,Image,30,0,1,,
2026-08-31,3,2026-08-31,Dooap,no,no,The biggest problem in finance isn't the system. It's that nobody trusts it.,Video,21,3,1,,
2026-08-31,3,2026-08-31,Dooap,no,no,"Transform your AP process with automation built for Dynamics 365 Finance. Capture invoices, automate approvals, and match POs seamlessly.",Article/Link,15,0,0,,
2026-08-31,3,2026-08-31,Dooap,no,no,Sam Bush live here in Helsinki. The Dooap team is gearing up for DynamicsMinds next week and we have a status update.,Video,66,4,0,,
2026-08-31,3,2026-08-31,Dooap,no,no,What does AI literacy actually look like for a Dynamics 365 Finance team in 2026?,Article/Link,10,0,1,,
2026-08-31,3,2026-08-31,Dooap,no,no,Love spending time with our partners all year around. At Dynamics User Group (DUG) with so many!,Video,9,0,2,,
2026-08-31,3,2026-08-31,Dooap,no,no,"With AP you have a lot of balls in the air at all times, let Dooap help you herd them with AI!",Image,57,1,2,,
2026-08-31,3,2026-08-31,Dooap,no,no,Run AP with AI agents. Not manual work.,Video,46,6,8,,
2026-08-31,3,2026-08-31,Yavrio,no,no,The Yavrio team is already counting down the days till Directions for Enterprise 2026!,Image,24,0,0,,
2026-08-31,3,2026-08-31,Yavrio,no,no,Our team just touched down in Ohio and we can't wait to meet with our partners and clients at the Dynamics User Group (DUG) DynamicsCon Regional event,Image,27,4,0,,
2026-08-31,3,2026-08-31,Yavrio,no,no,This week we've been celebrating the return of Samantha Felling to our USA partner team!,Image,29,2,1,,
2026-08-31,3,2026-08-31,Yavrio,no,no,More than 5 billion Direct Debit payments run through the UK's Bacs network every year.,Image,31,2,2,,
2026-08-31,3,2026-08-31,Yavrio,no,no,What does success actually look like when banking is fully integrated into the ERP?,Video,35,2,2,,
2026-08-31,3,2026-08-31,Yavrio,no,no,Yavrio x Wenalyze,Image,21,2,0,,
2026-08-31,3,2026-08-31,Yavrio,no,no,What a day,Image,77,11,1,,
2026-08-31,3,2026-08-31,Yavrio,no,no,"Meet Phillip Dawson, our VP Sales & Partnerships!",Image,64,8,0,,
2026-08-31,3,2026-08-31,Yavrio,no,no,"Microsoft's Tier 1 ERP now has modern bank connectivity, embedded payments and treasury available!",Image,40,5,0,,
2026-08-31,3,2026-08-31,Yavrio,no,no,"Four years ago, we launched Yavrio Banking and set out on a mission to create a way for businesses to connect their banks to their ERP and automate re",Image,104,26,6,,
2026-08-31,3,2026-08-31,Yavrio,no,no,"A brilliant afternoon at Fortnum & Mason, bringing together senior retail leaders for an exclusive roundtable with Microsoft.",Image,72,7,3,,
2026-08-31,3,2026-08-31,Yavrio,no,no,This summer we're opening up our London Paddington office for the first ever Yavrio Open House event!,Image,49,8,5,,
2026-08-31,3,2026-08-31,Yavrio,no,no,We're excited to welcome Samuel Price as a Sales Consultant as we continue expanding our team in North America!,Image,49,9,1,,
2026-08-31,3,2026-08-31,Yavrio,no,no,"We're excited to be hosting an exclusive roundtable with Microsoft and iLink Digital, designed for retail leaders.",Image,32,3,0,,
2026-08-31,3,2026-08-31,Yavrio,no,no,We have loved having summer interns at Yavrio this year!,Image,76,3,0,,
2026-08-31,3,2026-08-31,Yavrio,no,no,8-10 days. That's the average close when statements are still pulled manually.,Document/carousel,13,1,1,,
2026-08-31,3,2026-08-31,Yavrio,no,no,"Meet our Head of UK Sales, Charlotte Huang!",Image,176,5,0,,
2026-08-31,3,2026-08-31,Yavrio,no,no,A big couple of weeks for the Yavrio team,Image,84,1,0,,
2026-08-31,3,2026-08-31,Yavrio,no,no,Cards on the Table.,Image,49,11,2,,
2026-08-31,3,2026-08-31,Yavrio,no,no,We're delighted to announce our partnership with Sabre Limited as adoption of modern bank connectivity and ERP-embedded payments continues to grow.,Image,35,6,0,,
2026-08-31,3,2026-08-31,Yavrio,no,no,260+ hours a year. That's what manual bank reconciliation costs you per person before Dynamics 365 even starts matching.,Image,17,1,1,,
2026-08-31,3,2026-08-31,Yavrio,no,no,"For finance teams still importing bank statements by CSV into Microsoft Dynamics 365 Business Central, here are 5 things that tend to go wrong.",Document/carousel,15,0,1,,
2026-08-31,3,2026-08-31,Yavrio,no,no,We are live now with Western Computer for our joint session on banking in Microsoft Dynamics 365 Business Central.,Text,9,0,0,,
2026-08-31,3,2026-08-31,Yavrio,no,no,"Meet our amazing North America Sales Director, Joshua Wilkinson!!",Image,61,6,1,,
2026-08-31,3,2026-08-31,Yavrio,no,no,Only 18% of finance teams close their books in three days or less. The rest are still downloading bank statements by hand.,Image,17,1,1,,
2026-08-31,3,2026-08-31,Yavrio,no,no,Still moving bank data into your finance system one CSV at a time? It may be time for an upgrade.,Video,27,0,1,,
2026-08-31,3,2026-08-31,Yavrio,no,no,The payment is accepted. But is the finance work actually done?,Image,48,1,0,,
2026-08-31,3,2026-08-31,Yavrio,no,no,What a 2026 Yavrio is having so far!,Image,110,9,0,,
2026-08-31,3,2026-08-31,Yavrio,no,no,DynamicsMinds 2026 is done and what a week it's been,Image,108,5,0,,
2026-08-31,3,2026-08-31,Yavrio,no,no,Finance teams BEFORE vs AFTER Yavrio,Video,48,5,0,,
2026-08-31,3,2026-08-31,Rillion,no,no,(repost: CFO Alliance) 68% of finance teams use AI every day.,Image,23,1,2,,
2026-08-31,3,2026-08-31,Rillion,no,no,Don't miss the LinkedIn Live we're hosting today,Image,14,1,0,,
2026-08-31,3,2026-08-31,Rillion,no,no,Launch day,Image,24,6,1,,
2026-08-31,3,2026-08-31,Rillion,no,no,2029.,Video,12,2,0,,
2026-08-31,3,2026-08-31,Rillion,no,no,"Are you a finance bro? Sorry, we meant pro!",Video,25,1,3,,
2026-08-31,3,2026-08-31,Rillion,no,no,250 U.S. CFOs told us what they really think about AI. Now we're bringing the debate into the studio.,Image,14,0,4,,
2026-08-31,3,2026-08-31,Rillion,no,no,Dry run mode: ON,Video,29,3,6,,
2026-08-31,3,2026-08-31,Rillion,no,no,Is there a gap between how ready finance leaders think they are for AI and what the operational reality actually shows?,Video,24,3,4,,
2026-08-31,3,2026-08-31,Rillion,no,no,The Finance AI Illusion,Image,24,3,8,,
2026-08-31,3,2026-08-31,Rillion,no,no,250 US finance leaders told us how they're using AI.,Document/carousel,19,2,10,,
2026-08-31,3,2026-08-31,Rillion,no,no,Have you seen the latest OnlyCFO newsletter?,Image,14,3,4,,
2026-08-31,3,2026-08-31,Rillion,no,no,Another G2 badge drop we're extremely proud to be part of.,Video,35,4,7,,
2026-08-31,3,2026-08-31,Rillion,no,no,'I love my Excel sheets.',Video,21,0,2,,
2026-08-31,3,2026-08-31,Rillion,no,no,(repost: Frida Ahrenby) This is me and Rosanna asking uncomfortable questions to finance leaders across the US and EMEA during the spring!,Video,29,5,1,,
2026-08-31,3,2026-08-31,Rillion,no,no,"Finance teams aren't slow to adopt AI, we just don't have the luxury of experimenting like other departments.",Video,16,1,1,,
2026-08-31,3,2026-08-31,Rillion,no,no,The ERP you choose today can either accelerate your next 10 years... or slow them down tremendously,Video,11,0,2,,
2026-08-31,3,2026-08-31,Rillion,no,no,"If your finance team only talks to finance, you're leaving value on the table.",Video,12,1,1,,
2026-08-31,3,2026-08-31,Rillion,no,no,If AI is already part of your team's daily workflow... this poll probably isn't for you.,Poll,6,0,3,,
2026-08-31,3,2026-08-31,Rillion,no,no,"AP teams, here's your mid-vacation reminder",Document/carousel,8,0,1,,
2026-08-31,3,2026-08-31,Rillion,no,no,Nail your ERP and CRM and you're 90% there - that used to be the rule for finance leaders... not so much anymore,Video,8,1,0,,
2026-08-31,3,2026-08-31,Rillion,no,no,Happy Stockholm Pride !,Image,50,0,3,,
2026-08-31,3,2026-08-31,Rillion,no,no,"Many finance leaders worry AI will make mistakes they can't track. Rasmus Areskoug, CEO and co-founder of Paraglide AI, says that fear is a misconception.",Text,13,2,0,,
2026-08-31,3,2026-08-31,Rillion,no,no,What's the best place to start with AI in finance? The small yes/no decisions you're already making every day,Video,14,2,1,,
2026-08-31,3,2026-08-31,Rillion,no,no,"Denmark leads AI adoption in the Nordics. Sweden lags behind. But Olli Saksa, CFO at Sievo, thinks we're asking the wrong question.",Text,6,0,0,,
2026-08-31,3,2026-08-31,Rillion,no,no,"80% of finance leaders use AI daily, but only 1 in 5 trust it for strategic decisions.",Text,8,3,1,,
2026-08-31,3,2026-08-31,Rillion,no,no,OCR vs AI invoice capture: what's the actual difference for AP automation?,Document/carousel,15,1,3,,
2026-08-31,3,2026-08-31,Rillion,no,no,(repost: Rasmus Areskoug) What's possible today wasn't possible 6 months ago. For finance leaders to succeed with AI implementations,Image,45,3,4,,
2026-08-31,3,2026-08-31,Rillion,no,no,72% of finance teams still struggle with manual corrections despite investing in AI.,Text,36,1,2,,
2026-08-31,3,2026-08-31,Rillion,no,no,AI transformation in finance is more about getting your people onboard than it is about the tech.,Video,31,3,5,,
2026-08-31,3,2026-08-31,Rillion,no,no,If you'd told us our favourite team events would be the ones you can track on Strava... we'd probably believe you,Image,19,0,0,,
2026-08-31,3,2026-08-31,Fidesic,no,no,"Like any large financial data migration, you can expect a migration from Dynamics GP to Business Central to create some workflow disruption",Article/Link,2,0,0,,
2026-08-31,3,2026-08-31,Fidesic,no,no,#LoveFriday #LoveAutomation,Image,0,0,0,,
2026-08-31,3,2026-08-31,Fidesic,no,no,#MySummitNA,Image,0,0,0,,
2026-08-31,3,2026-08-31,Fidesic,no,no,How to Spot AP Bottlenecks Before Growth Stalls. Warning signs your AP process won't scale.,Image,1,0,0,,
2026-08-31,3,2026-08-31,Fidesic,no,no,"Payment behavior directly affects cash flow, supplier relationships, and access to credit. About 55% of all B2B invoiced sales in the U.S. are overdue",Article/Link,1,0,0,,
2026-08-31,3,2026-08-31,Fidesic,no,no,Cash flow is a fact. Profit is an opinion. #WednesdayWisdom #AccountsPayable,Image,1,0,0,,
2026-08-31,3,2026-08-31,Fidesic,no,no,Thousands of businesses will be moving from Dynamics GP in the coming years. Begin planning your migration now.,Article/Link,2,0,0,,
2026-08-31,3,2026-08-31,Fidesic,no,no,"Did you know 8 days is how long the median finance team spends closing the books each month, according to an APQC benchmarking survey.",Image,1,0,0,,
2026-08-31,3,2026-08-31,Fidesic,no,no,This post removes some of the fear around GP end of support and offers practical ways to maximize performance of your GP system.,Article/Link,2,0,0,,
2026-08-31,3,2026-08-31,Fidesic,no,no,Ready to rock 'n' roll in Nashville for Dynamic Communities Summit NA 2026? We're giving away a pair of AirPods Pro.,Image,2,0,1,,
2026-08-31,3,2026-08-31,Fidesic,no,no,#LoveFriday #LoveAutomation,Image,0,0,0,,
2026-08-31,3,2026-08-31,Fidesic,no,no,Fidesic has been recognized as a High Performer on G2.,Article/Link,1,0,0,,
2026-08-31,3,2026-08-31,Fidesic,no,no,'Discipline in accounts payable is discipline in cash flow.' #WednesdayWisdom #APTeam,Image,0,0,0,,
2026-08-31,3,2026-08-31,Fidesic,no,no,"This post covers what BC handles natively for PO matching and AP automation, where the native tools fall short.",Article/Link,0,0,0,,
2026-08-31,3,2026-08-31,Fidesic,no,no,Is running accounts payable out of Business Central missing something? AP getting in the way of month-end close?,Article/Link,3,0,0,,
2026-08-31,3,2026-08-31,Fidesic,no,no,It's comin' up quick! Looking forward to seeing everyone in Nashville for #MySummitNA.,Image,6,2,1,,
2026-08-31,3,2026-08-31,Fidesic,no,no,"When you need to update your AP processes, it makes logical sense to test drive a handful of accounts payable solutions before committing to one.",Article/Link,3,0,0,,
2026-08-31,3,2026-08-31,Fidesic,no,no,Fidesic has been named Best Of AP Automation Tools for Dynamics ERP in 2026 by ERP Software Blog.,Article/Link,7,0,1,,
2026-08-31,3,2026-08-31,Fidesic,no,no,Remittance vs. Bank Transfer: Key Differences.,Image,0,0,0,,
2026-08-31,3,2026-08-31,Fidesic,no,no,Fidesic has been named Best Of AP Automation Tools for Dynamics ERP in 2026 by ERP Software Blog. (dublet af #18),Article/Link,7,0,1,,
2026-08-31,3,2026-08-31,Fidesic,no,no,'Every invoice tells a story. Make sure yours check out.' #WednesdayWisdom #AP,Image,0,0,0,,
2026-08-31,3,2026-08-31,Fidesic,no,no,Is a migration off of Dynamics GP impossible for you right now? Here's a list of things you can do to maximize GP performance.,Image,9,0,1,,
2026-08-31,3,2026-08-31,Fidesic,no,no,Fidesic is the strongest AP automation choice for organizations running Microsoft Dynamics GP or D365 Business Central.,Article/Link,0,0,0,,
2026-08-31,3,2026-08-31,Fidesic,no,no,In this post we are going to assume that you know the pain points of manual paper processes.,Article/Link,0,0,0,,
2026-08-31,3,2026-08-31,Fidesic,no,no,The right AP automation software enables small accounting departments to manage multi-location businesses.,Article/Link,2,0,0,,
2026-08-31,3,2026-08-31,Fidesic,no,no,Still on Dynamics GP? Fidesic has deployable AI agents for your Accounts Payable process.,Video,7,3,0,,
2026-08-31,3,2026-08-31,Fidesic,no,no,What separates a successful agentic accounting project from one that fails to deliver value is a vendor who can offer human-to-human service.,Image,1,0,0,,
2026-08-31,3,2026-08-31,Fidesic,no,no,#FunFactFriday ACH is the largest single B2B payment method by transaction value and the fastest-growing.,Image,1,0,0,,
2026-08-31,3,2026-08-31,Fidesic,no,no,"Some strategies sit firmly within AP's direct control: capturing early payment discounts, eliminating late payment penalties",Image,0,0,0,,
2026-08-31,3,2026-08-31,Fidesic,no,no,A vendor discount captured is margin for which nobody had to sell anything to earn. #WednesdayWisdom,Image,1,0,0,,
2026-08-31,3,2026-08-31,Tipalti,no,no,The trouble with global growth begins when you add country number 2.,Video,2,2,0,,
2026-08-31,3,2026-08-31,Tipalti,no,no,"Tipalti Expenses automates approvals, reconciliation, and reimbursements to simplify workflows and control business costs.",Text,4,0,0,,
2026-08-31,3,2026-08-31,Tipalti,no,no,"Who enjoys PO matching? It's arduous, leads to bottlenecks, and any matching errors can cascade into serious problems.",Image,12,0,1,,
2026-08-31,3,2026-08-31,Tipalti,no,no,New Playbook,Image,3,1,0,,
2026-08-31,3,2026-08-31,Tipalti,no,no,"Before he was a product manager, Yacov Gorovoy was a lawyer. He never coded.",Image,34,3,0,,
2026-08-31,3,2026-08-31,Tipalti,no,no,League One Volleyball (LOVB) felt stuck with their legacy system.,Document/carousel,3,1,1,,
2026-08-31,3,2026-08-31,Tipalti,no,no,Do you know what a sunny Summer day in Vancouver calls for? A team picnic on the beach!,Image,97,8,3,,
2026-08-31,3,2026-08-31,Tipalti,no,no,"A company needs to pay a supplier in Germany, a creator in Brazil, and a contractor in the Philippines.",Image,3,2,1,,
2026-08-31,3,2026-08-31,Tipalti,no,no,Great engineering leadership isn't just about technical expertise; it's about creating environments where people can do their best work.,Image,4,1,1,,
2026-08-31,3,2026-08-31,Tipalti,no,no,Most finance teams using AI today are using it as a faster way to do things they already knew how to do.,Article/Link,11,0,0,,
2026-08-31,3,2026-08-31,Tipalti,no,no,"When Prodege's partner network grew, so did the operational complexity behind every payment.",Video,11,1,0,,
2026-08-31,3,2026-08-31,Tipalti,no,no,AI is no longer a 'someday' conversation in finance. It's a 'now' conversation.,Image,11,0,0,,
2026-08-31,3,2026-08-31,Tipalti,no,no,"20 weeks of AP work, eliminated. Every year.",Document/carousel,7,0,1,,
2026-08-31,3,2026-08-31,Tipalti,no,no,"In his latest for the Forbes Tech Council, Tipalti CPTO Roby Baruch discusses how AI is transforming product and engineering organizations.",Article/Link,0,0,0,,
2026-08-31,3,2026-08-31,Tipalti,no,no,New from the Tipalti Team,Image,25,4,0,,
2026-08-31,3,2026-08-31,Tipalti,no,no,New from the Tipalti Product Team,Image,101,5,0,,
2026-08-31,3,2026-08-31,Tipalti,no,no,What does it actually take to build financial infrastructure for a company scaling globally?,Image,7,0,0,,
2026-08-31,3,2026-08-31,Tipalti,no,no,"David Fractor, CFO at ImaginAb, has spent seven years building a finance function inside a biotech company.",Image,9,0,0,,
2026-08-31,3,2026-08-31,Tipalti,no,no,Technology alone won't make finance more scalable.,Image,7,0,0,,
2026-08-31,3,2026-08-31,Tipalti,no,no,(repost: Chen Amit) Tipalti has officially been named to the Inc. 5000 list for nine consecutive years.,Image,186,4,3,,
2026-08-31,3,2026-08-31,Tipalti,no,no,We are thrilled to share that Tipalti has been named to the Inc. 5000 list for the ninth consecutive year.,Image,46,1,9,,
2026-08-31,3,2026-08-31,Tipalti,no,no,"Hear directly from finance leaders at AG1, Lantern Community Services, and Lendable on how Tipalti AI agents transform their AP operations.",Video,9,0,0,,
2026-08-31,3,2026-08-31,Tipalti,no,no,The best finance leaders often bring perspectives that can't be learned from a textbook.,Image,2,2,0,,
2026-08-31,3,2026-08-31,Tipalti,no,no,Adding a new country doesn't add one new problem. It adds several at once.,Video,8,0,1,,
2026-08-31,3,2026-08-31,Tipalti,no,no,81% of organizations say their external partner networks are vital to business success.,Video,7,0,1,,
2026-08-31,3,2026-08-31,Tipalti,no,no,"Even the best partner programs lose talent when payments are slow, complicated, or hard to manage.",Video,8,1,1,,
2026-08-31,3,2026-08-31,Tipalti,no,no,"The Tipalti team is heading to Minneapolis for the Dynamics Community Summit Roadshow, and we're proud to be a sponsor!",Video,6,0,0,,
2026-08-31,3,2026-08-31,Tipalti,no,no,"There's a lot of noise around agentic AI right now, but what we're hearing from finance teams is far more practical.",Image,6,1,0,,
2026-08-31,3,2026-08-31,Tipalti,no,no,The Tipalti C-Suite were in Vancouver last week for their executive QBR.,Image,127,3,2,,
2026-08-31,3,2026-08-31,Tipalti,no,no,The finance function is being asked to operate at a higher level. The problem is the day-to-day workload hasn't changed to match.,Video,40,0,1,,
2026-08-31,3,2026-08-31,Stampli,no,no,(repost: Eyal Feldman) Business leaders always have questions. They just don't ask all of them because answering each one can take weeks of work.,Video,38,4,5,,
2026-08-31,3,2026-08-31,Stampli,no,no,Answering a good finance question shouldn't require a costly project.,Video,43,7,10,,
2026-08-31,3,2026-08-31,Stampli,no,no,(repost: Melad Zahedi OpenAI published a story last week about how our team at Stampli used ChatGPT for Work and Codex to launch Deep Finance.,Article/Link,16,2,3,,
2026-08-31,3,2026-08-31,Stampli,no,no,Anyone who's launched a product knows the hard part isn't just one thing.,Article/Link,26,2,13,,
2026-08-31,3,2026-08-31,Stampli,no,no,Month-end problems rarely begin at month-end,Image,17,0,7,,
2026-08-31,3,2026-08-31,Stampli,no,no,"An invoice in manufacturing is rarely just that. There's usually a PO, a receipt, a plant, a cost center, and someone who needs to make a call.",Article/Link,3,0,0,,
2026-08-31,3,2026-08-31,Stampli,no,no,"At Quincy Recycle, connecting Procurement and AP brought clarity to daily work and more team capacity.",Image,25,0,7,,
2026-08-31,3,2026-08-31,Stampli,no,no,Every vendor relationship carries a set of important commitments.,Article/Link,12,0,4,,
2026-08-31,3,2026-08-31,Stampli,no,no,"From 10 locations to more than 50, America's Group built a finance operation designed to scale with its growth.",Article/Link,18,0,8,,
2026-08-31,3,2026-08-31,Stampli,no,no,"71 locations. 1,000+ monthly invoices. A two-person AP team.",Article/Link,11,0,1,,
2026-08-31,3,2026-08-31,Stampli,no,no,New software shouldn't take years to deliver value.,Image,35,1,15,,
2026-08-31,3,2026-08-31,Stampli,no,no,Procure-to-pay breaks down fast when teams work across disconnected tools,Article/Link,11,0,5,,
2026-08-31,3,2026-08-31,Stampli,no,no,Finance leaders do not need a lesson in prompting. They need better data to prompt from.,Article/Link,6,0,1,,
2026-08-31,3,2026-08-31,Stampli,no,no,(repost: OpenAI for Business 'It's allowed basically a one-person team to do the work of a team of four or five.',Video,0,0,0,,
2026-08-31,3,2026-08-31,Stampli,no,no,(repost: Melad Zahedi) I spent ten years as an accountant before I ever touched marketing.,Video,63,3,5,,
2026-08-31,3,2026-08-31,Stampli,no,no,"What changes when finance teams can analyze data in ways that used to be slow, manual, or expensive to explore?",Article/Link,13,0,1,,
2026-08-31,3,2026-08-31,Stampli,no,no,Finance teams don't run out of good questions. They run out of practical ways to get answers.,Document/carousel,32,0,12,,
2026-08-31,3,2026-08-31,Stampli,no,no,Accounts Payable is where Procure-to-Pay either works or breaks.,Article/Link,18,0,6,,
2026-08-31,3,2026-08-31,Stampli,no,no,Vendor renewal coming up? A lot can change since the last contract.,Article/Link,12,1,4,,
2026-08-31,3,2026-08-31,Stampli,no,no,Strong customer feedback on real value for finance teams to create one connected P2P story.,Article/Link,37,1,16,,
2026-08-31,3,2026-08-31,Stampli,no,no,Finance teams don't run out of useful questions. They run out of practical ways to get answers.,Article/Link,22,1,6,,
2026-08-31,3,2026-08-31,Stampli,no,no,Strong customer feedback on real value for finance teams to create one connected P2P story. (dublet af #20),Article/Link,37,1,16,,
2026-08-31,3,2026-08-31,Stampli,no,no,Finance teams don't run out of useful questions. (dublet af #21),Article/Link,22,1,6,,
2026-08-31,3,2026-08-31,Stampli,no,no,Market stories become clearer when they show up in operational spend. Josh Constine's CNN segment adds context on SpaceX's IPO.,Video,11,1,4,,
2026-08-31,3,2026-08-31,Stampli,no,no,NetSuite 3-way matching often breaks on one missing piece: the item receipt.,Article/Link,9,0,2,,
2026-08-31,3,2026-08-31,Stampli,no,no,ACH risks don't start at the bank portal. They often start earlier.,Article/Link,17,3,7,,
2026-08-31,3,2026-08-31,Stampli,no,no,"Meaningful savings can hide in everyday finance data. For Integra Investments, Deep Finance surfaced insights worth $20K-$30K a year.",Image,32,3,10,,
2026-08-31,3,2026-08-31,Stampli,no,no,"Built to scale your business, not your headcount.",Article/Link,25,0,11,,
2026-08-31,3,2026-08-31,Stampli,no,no,Vendor concentration risk is hiding in your AP data.,Article/Link,11,0,1,,
2026-08-31,3,2026-08-31,Stampli,no,no,Day 2 at #SageFuture and the energy is still going strong! Visit us at booth 126.,Image,42,1,1,,
2026-07-10,4,2026-07-10,Continia Software,yes,no,"See Continia in action, at your own pace",Image,34,1,4,,
2026-07-10,4,2026-07-10,Continia Software,yes,no,It's about time,Carousel,59,1,0,,
2026-07-10,4,2026-07-10,Continia Software,yes,no,Fake invoices don't always look fake,Image,22,0,2,,
2026-07-10,4,2026-07-10,Continia Software,yes,no,Our biggest team meetup yet - our entire global team together,Carousel,233,4,6,,
2026-07-10,4,2026-07-10,Continia Software,yes,no,From a full-time AP person to automation in minutes,Image,22,0,3,,
2026-07-10,4,2026-07-10,Continia Software,yes,no,The Elevate tour continues - this time in Poland,Carousel,71,1,0,,
2026-07-10,4,2026-07-10,Continia Software,yes,no,Kicking off Continia Elevate in the UK,Video,53,2,1,,
2026-07-10,4,2026-07-10,Continia Software,yes,no,We're ISO 27001 certified,Carousel,196,2,1,,
2026-07-10,4,2026-07-10,Continia Software,yes,no,It's about time ... we cycled to work (May commute),Carousel,69,1,0,,
2026-07-10,4,2026-07-10,Continia Software,yes,no,Continia is growing - swipe to find your next role,Document/carousel,42,0,0,,
2026-07-10,4,2026-07-10,Continia Software,yes,no,Your BC setup is almost there,Video,34,0,4,,
2026-07-10,4,2026-07-10,Continia Software,yes,no,Continia Elevate comes to Warsaw,Image,47,4,2,,
2026-07-10,4,2026-07-10,Continia Software,yes,no,That's a wrap on Directions ASIA,Carousel,59,0,0,,
2026-07-10,4,2026-07-10,Continia Software,yes,no,The Continia Expense App now supports Microsoft integration,Image,69,0,2,,
2026-07-10,4,2026-07-10,Continia Software,yes,no,Is your Accounts Receivable setup as efficient as it could be,Document/carousel,39,0,0,,
2026-07-10,4,2026-07-10,Continia Software,yes,no,Celebrating our very own Microsoft MVP,Carousel,217,17,1,,
2026-07-10,4,2026-07-10,Continia Software,yes,no,Catch up on 2026 R1 and showcase your expertise,Image,27,0,2,,
2026-07-10,4,2026-07-10,Continia Software,yes,no,Let's catch up at DynamicsMinds,Image,66,1,1,,
2026-07-10,4,2026-07-10,Continia Software,yes,no,Did you miss our 2026 R1 'What's New' webinars,Image,31,0,1,,
2026-07-10,4,2026-07-10,Continia Software,yes,no,25 ars samarbejde og +500 aktive Continia-losninger,Carousel,75,2,2,,
2026-07-10,4,2026-07-10,Continia Software,yes,no,Celebrating the first release of 2026 - 2026 R1 is live,Carousel,80,0,1,,
2026-07-10,4,2026-07-10,Continia Software,yes,no,2026 R1: A big step forward for AR automation,Video,84,2,6,,
2026-07-10,4,2026-07-10,Continia Software,yes,no,Hopping into Easter - a little Easter surprise,Carousel,61,0,2,,
2026-07-10,4,2026-07-10,Continia Software,yes,no,"Handling 15,000 invoices every month is no small task",Image,27,0,1,,
2026-07-10,4,2026-07-10,Continia Software,yes,no,Join us at Days of Knowledge Nordic,Image,33,0,1,,
2026-07-10,4,2026-07-10,Continia Software,yes,no,Happy birthday to our CEO,Carousel,208,20,0,,
2026-07-10,4,2026-07-10,Continia Software,yes,no,Get a first look at 2026 R1,Document/carousel,31,0,3,,
2026-07-10,4,2026-07-10,Continia Software,yes,no,Vi fejrer +500 implementerede Continia-losninger,Carousel,77,0,3,,
2026-07-10,4,2026-07-10,Continia Software,yes,no,Where to meet Continia this spring and summer,Document/carousel,34,0,3,,
2026-07-10,4,2026-07-10,Continia Software,yes,no,Lap times (almost) as quick as our invoice process,Carousel,53,0,1,,
2026-07-10,4,2026-07-10,Truvio,no,no,Better fraud detection starts with better visibility,Image,5,0,1,,
2026-07-10,4,2026-07-10,Truvio,no,no,Is your approval process keeping your finance team working,Text,10,0,2,,
2026-07-10,4,2026-07-10,Truvio,no,no,Traditional AP automation requires companies to define every invoice scenario upfront,Image,15,0,3,,
2026-07-10,4,2026-07-10,Truvio,no,no,AI adoption in B2B eCommerce moved faster than expected - 70% of companies,Image,16,0,2,,
2026-07-10,4,2026-07-10,Truvio,no,no,Is your ERP helping your business scale,Text,15,1,0,,
2026-07-10,4,2026-07-10,Truvio,no,no,Does summer seem to expose every bottleneck in your finance operations,Image,28,0,11,,
2026-07-10,4,2026-07-10,Truvio,no,no,Join us for our next Commerce Product Brief on the 26th of August,Image,14,0,1,,
2026-07-10,4,2026-07-10,Truvio,no,no,"This September, our Commerce partner community comes together in Aarhus",Image,23,0,4,,
2026-07-10,4,2026-07-10,Truvio,no,no,3 products (Truvio suite),Video,24,0,3,,
2026-07-10,4,2026-07-10,Truvio,no,no,Going live with AP automation is an important step forward,Video,21,0,5,,
2026-07-10,4,2026-07-10,Truvio,no,no,"On Thursday, we're talking about what AI really needs from your product data",Image,23,0,1,,
2026-07-10,4,2026-07-10,Truvio,no,no,"When evaluating AP automation solutions, Sinclar Group Forest Products Ltd",Image,18,1,3,,
2026-07-10,4,2026-07-10,Truvio,no,no,Your catalogue has 400 products missing SEO descriptions,Image,22,1,2,,
2026-07-10,4,2026-07-10,Truvio,no,no,Truvio Commerce Customer Day 2026 in motion,Video,51,2,3,,
2026-07-10,4,2026-07-10,Truvio,no,no,"When evaluating AP automation, AURA Energi didn't just listen to sales pitches",Image,24,0,6,,
2026-07-10,4,2026-07-10,Truvio,no,no,AI can only work with the product data you give it,Image,30,1,7,,
2026-07-10,4,2026-07-10,Truvio,no,no,The program for Truvio Commerce Partner Days 2026 is now live,Video,17,1,9,,
2026-07-10,4,2026-07-10,Truvio,no,no,Last week we attended Forretning Online in Aarhus - a full-day conference,Carousel,32,2,3,,
2026-07-10,4,2026-07-10,Truvio,no,no,"Fraud risk is hiding in everyday finance workflows - emailed invoices, manual entry",Text,13,0,2,,
2026-07-10,4,2026-07-10,Truvio,no,no,I dag er Truvio med til Forretning Online hos Novicell i Aarhus - over 500 deltagere,Image,49,1,1,,
2026-07-10,4,2026-07-10,Truvio,no,no,What does successful B2B eCommerce look like today,Image,17,1,5,,
2026-07-10,4,2026-07-10,Truvio,no,no,Truvio is heading to Toronto - Dynamics Regional event on June 18-19,Image,35,0,2,,
2026-07-10,4,2026-07-10,Truvio,no,no,Driving scalable AP automation across a multi-entity forestry business (Sinclar Group),Image,16,0,4,,
2026-07-10,4,2026-07-10,Truvio,no,no,Last chance,Video,8,0,0,,
2026-07-10,4,2026-07-10,Truvio,no,no,AI is changing the way customers discover products,Image,17,2,3,,
2026-07-10,4,2026-07-10,Truvio,no,no,"We are excited to attend the Community Summit NA Roadshow in Charlotte, June 9",Image,20,0,2,,
2026-07-10,4,2026-07-10,Truvio,no,no,88% of surveyed manufacturers and wholesalers now sell online,Image,24,0,5,,
2026-07-10,4,2026-07-10,Truvio,no,no,What if managing commerce data could start with a simple question,Image,35,0,6,,
2026-07-10,4,2026-07-10,Truvio,no,no,More than half of B2B revenue now comes from online orders,Image,23,0,5,,
2026-07-10,4,2026-07-10,Truvio,no,no,The numbers don't lie - B2B eCommerce is reshaping manufacturers and distributors,Text,16,0,6,,
2026-07-10,4,2026-07-10,Equisys,no,no,"With Zetadocs, drag and drop supporting documents against a journal entry in BC",Image,2,0,2,,
2026-07-10,4,2026-07-10,Equisys,no,no,Missed our recent webinar? Catch up now,Video,4,0,2,,
2026-07-10,4,2026-07-10,Equisys,no,no,A few hours away from our webinar 'Discover THE BEST AP Automation for Business Central',Image,0,0,1,,
2026-07-10,4,2026-07-10,Equisys,no,no,Less than 24 hours left to register for our webinar,Image,2,0,3,,
2026-07-10,4,2026-07-10,Equisys,no,no,Looking for a smarter way to manage employee expenses and ensure compliant claims,Image,3,0,3,,
2026-07-10,4,2026-07-10,Equisys,no,no,A great time sponsoring Directions North America 2026,Carousel,12,0,2,,
2026-07-10,4,2026-07-10,Equisys,no,no,An amazing first day at Directions North America,Image,14,0,5,,
2026-07-10,4,2026-07-10,Equisys,no,no,"We'll be in Orlando, Florida next week for Directions North America",Image,5,0,3,,
2026-07-10,4,2026-07-10,Equisys,no,no,Headed to Directions in Orlando in 2 weeks - Booth E-32,Image,6,0,4,,
2026-07-10,4,2026-07-10,Equisys,no,no,"Deliver smarter, not harder (Zetadocs Delivery)",Image,2,0,0,,
2026-07-10,4,2026-07-10,Equisys,no,no,Looking for an expense management solution built for Business Central,Image,7,0,2,,
2026-07-10,4,2026-07-10,Equisys,no,no,Even the most well-written expense policies can be difficult to enforce,Image,7,0,4,,
2026-07-10,4,2026-07-10,Equisys,no,no,See how Zetadocs can transform the way you work,Image,6,0,4,,
2026-07-10,4,2026-07-10,Equisys,no,no,The future of accounts payable is automated,Article/Link,2,0,0,,
2026-07-10,4,2026-07-10,Equisys,no,no,Accounting teams in manufacturing (and beyond) face challenges with manual processes,Article/Link,1,0,0,,
2026-07-10,4,2026-07-10,Equisys,no,no,Thank you to all who stopped by our booth at Directions EMEA 2025,Image,11,0,2,,
2026-07-10,4,2026-07-10,Equisys,no,no,Our team is enjoying the sessions and conversations at Directions,Image,1,0,0,,
2026-07-10,4,2026-07-10,Equisys,no,no,We're delighted to be at Directions EMEA 2025 in Poznan,Image,22,0,5,,
2026-07-10,4,2026-07-10,Equisys,no,no,Zetadocs Expenses provides a powerful solution that's simple to manage,Image,3,0,2,,
2026-07-10,4,2026-07-10,Equisys,no,no,Zetadocs Delivery helps businesses reduce document delivery costs,Image,3,0,3,,
2026-07-10,4,2026-07-10,Equisys,no,no,"AI adoption in the UK is booming, especially in finance and accounting",Article/Link,2,0,1,,
2026-07-10,4,2026-07-10,Equisys,no,no,"With reporting from Zetadocs Expenses, your finance team gets real-time insight",Image,0,0,0,,
2026-07-10,4,2026-07-10,Equisys,no,no,"How does OCR work in AP automation, and why is it so important",Article/Link,0,0,1,,
2026-07-10,4,2026-07-10,Equisys,no,no,"Recently, the team got together in London for our company-wide meet up",Carousel,5,0,0,,
2026-07-10,4,2026-07-10,Equisys,no,no,Don't miss out,Image,1,0,0,,
2026-07-10,4,2026-07-10,Equisys,no,no,What is the Zetadocs FactBox and how does it work,Video,3,0,1,,
2026-07-10,4,2026-07-10,Equisys,no,no,Read our latest whitepaper on the hidden costs often overlooked,Image,5,0,2,,
2026-07-10,4,2026-07-10,Medius,no,no,The most significant financial leaks in transportation rarely appear on the invoice header,Image,7,0,0,,
2026-07-10,4,2026-07-10,Medius,no,no,"Late payments affect most businesses, even those using e-invoicing",Image,10,0,2,,
2026-07-10,4,2026-07-10,Medius,no,no,Is your payment mix actually working for you - or against you,Image,11,0,2,,
2026-07-10,4,2026-07-10,Medius,no,no,Finance and diplomacy have more in common than you'd think,Carousel,120,1,7,,
2026-07-10,4,2026-07-10,Medius,no,no,Nobody goes into a finance role thinking 'I can't wait to manage late payments',Image,12,0,1,,
2026-07-10,4,2026-07-10,Medius,no,no,Thorlux Lighting's journey to AP excellence - from manual bottlenecks to efficiency,Image,29,0,4,,
2026-07-10,4,2026-07-10,Medius,no,no,Manual exception handling,Image,24,1,2,,
2026-07-10,4,2026-07-10,Medius,no,no,"If July gives you a little breathing room, why not learn something new about AP",Document/carousel,9,0,1,,
2026-07-10,4,2026-07-10,Medius,no,no,Many legacy AP systems weren't built for the complexity of freight charges,Image,21,0,3,,
2026-07-10,4,2026-07-10,Medius,no,no,A new edition of MediusExplains,Document/carousel,8,0,1,,
2026-07-10,4,2026-07-10,Medius,no,no,E-invoicing is no longer just a compliance checkbox - it's becoming a competitive edge,Image,11,0,5,,
2026-07-10,4,2026-07-10,Medius,no,no,Looking forward to this,Image,25,0,5,,
2026-07-10,4,2026-07-10,Medius,no,no,Garment manufacturing doesn't slow down for admin,Image,15,0,0,,
2026-07-10,4,2026-07-10,Medius,no,no,How is AI revolutionizing manufacturing AP processes,Image,14,0,2,,
2026-07-10,4,2026-07-10,Medius,no,no,"Medius has reached 30,000 LinkedIn followers",Image,76,0,0,,
2026-07-10,4,2026-07-10,Medius,no,no,Three days,Carousel,69,7,0,,
2026-07-10,4,2026-07-10,Medius,no,no,An amazing day 1 at the Gartner Finance Symposium/Xpo 2026,Carousel,108,0,5,,
2026-07-10,4,2026-07-10,Medius,no,no,This isn't a product announcement,Image,72,0,8,,
2026-07-10,4,2026-07-10,Medius,no,no,"As a gold sponsor of DynamicsMinds 2026, the Medius team will be in Portoroz, Slovenia",Image,37,3,1,,
2026-07-10,4,2026-07-10,Medius,no,no,We earned four Customer Value distinction honors in The Hackett Group,Image,25,0,3,,
2026-07-10,4,2026-07-10,Medius,no,no,Meet us at the Gartner Finance Symposium & Xpo in the UK this June,Image,19,1,3,,
2026-07-10,4,2026-07-10,Medius,no,no,E-invoicing is no longer just a compliance initiative,Image,43,2,9,,
2026-07-10,4,2026-07-10,Medius,no,no,The average non-PO invoice takes 7 days,Image,42,0,6,,
2026-07-10,4,2026-07-10,Medius,no,no,The global shift to e-invoicing: are you ready,Document/carousel,13,1,4,,
2026-07-10,4,2026-07-10,Medius,no,no,"If fraud prevention and supplier headaches are on your radar, this one's worth a lunch break",Image,10,0,1,,
2026-07-10,4,2026-07-10,Medius,no,no,"In construction, slow AP processes are a bottleneck",Document/carousel,12,0,4,,
2026-07-10,4,2026-07-10,Medius,no,no,Four things AP automation handles that your ERP was never designed for,Image,39,4,8,,
2026-07-10,4,2026-07-10,Medius,no,no,Rapid growth in logistics masks rising operational complexity,Document/carousel,16,1,2,,
2026-07-10,4,2026-07-10,Medius,no,no,"Yesterday in Utrecht, Medius hosted its very first CFO Circle Benelux",Video,76,4,7,,
2026-07-10,4,2026-07-10,Medius,no,no,Good accounts payable management isn't an afterthought in retail,Image,27,0,0,,
2026-07-10,4,2026-07-10,Qvalia,no,no,E-invoicing mandates are becoming infrastructure decisions,Image,3,0,0,,
2026-07-10,4,2026-07-10,Qvalia,no,no,The new Billentis report on the global e-invoicing market is here,Image,6,1,0,,
2026-07-10,4,2026-07-10,Qvalia,no,no,Slovakia's eFaktura framework is another step in Europe's transition to structured invoicing,Image,26,0,2,,
2026-07-10,4,2026-07-10,Qvalia,no,no,Qvalia is now certified for Slovakia e-invoicing under the eFaktura framework,Image,31,1,6,,
2026-07-10,4,2026-07-10,Qvalia,no,no,Qvalia's Business Continuity Management System certified against ISO 22301,Image,6,0,1,,
2026-07-10,4,2026-07-10,Qvalia,no,no,Qvalia is now listed in the Cloud Security Alliance STAR Registry,Image,8,1,0,,
2026-07-10,4,2026-07-10,Qvalia,no,no,Qvalia is now available on iPhone and Android,Image,42,5,5,,
2026-07-10,4,2026-07-10,Qvalia,no,no,"In 2025, we expanded Qvalia's platform across nearly all fronts",Image,13,1,2,,
2026-07-10,4,2026-07-10,Qvalia,no,no,[Peppol for developers] How to get started with Peppol API,Image,9,0,1,,
2026-07-10,4,2026-07-10,Qvalia,no,no,"Belgium mandates Peppol e-invoicing for most B2B transactions on January 1, 2026",Image,9,0,1,,
2026-07-10,4,2026-07-10,Qvalia,no,no,A timeline of finance tech: from 1940s credit scoring to modern ML,Carousel,7,0,0,,
2026-07-10,4,2026-07-10,Qvalia,no,no,Few areas are better positioned to gain more from the AI revolution than finance,Image,5,0,0,,
2026-07-10,4,2026-07-10,Qvalia,no,no,Summer reading no 4: The definitive guide to Peppol,Document/carousel,7,0,0,,
2026-07-10,4,2026-07-10,Qvalia,no,no,Summer reading no 3: Peppol e-orders - how it works & how to get started,Document/carousel,12,0,2,,
2026-07-10,4,2026-07-10,AMC Banking,no,no,Before summer kicks off - a small milestone from AMC Banking (own SWIFT BIC),Image,11,1,2,,
2026-07-10,4,2026-07-10,AMC Banking,no,no,Your biggest compliance risk might be a process nobody questions anymore,Article/Link,6,0,2,,
2026-07-10,4,2026-07-10,AMC Banking,no,no,Thanks to everybody who showed up for the reception in our new building,Carousel,29,1,0,,
2026-07-10,4,2026-07-10,AMC Banking,no,no,You can still register for our reception next week,Text,0,0,0,,
2026-07-10,4,2026-07-10,AMC Banking,no,no,AMC Banking operates under Service Provider Agreements with selected banks,Text,9,0,0,,
2026-07-10,4,2026-07-10,AMC Banking,no,no,AMC is expanding - we are currently looking for a Java developer,Article/Link,12,0,3,,
2026-07-10,4,2026-07-10,AMC Banking,no,no,Still uploading payment files manually?,Article/Link,6,0,0,,
2026-07-10,4,2026-07-10,AMC Banking,no,no,We're moving and we'd love to celebrate with you,Text,12,0,1,,
2026-07-10,4,2026-07-10,AMC Banking,no,no,The torch has officially been passed - moving into Kobenhavns Frikirke,Image,56,4,1,,
2026-07-10,4,2026-07-10,AMC Banking,no,no,"Enterprise treasury demands structure, visibility, and control",Image,7,0,0,,
2026-07-10,4,2026-07-10,AMC Banking,no,no,You can still sign up for our webinar tomorrow (treasury deep dive),Article/Link,4,0,0,,
2026-07-10,4,2026-07-10,AMC Banking,no,no,How AMC Banking's intelligent cash sweeping works for Microsoft Dynamics,Video,11,0,0,,
2026-07-10,4,2026-07-10,AMC Banking,no,no,In case you haven't signed up for our treasury extension webinar on cash sweeping,Article/Link,5,0,0,,
2026-07-10,4,2026-07-10,AMC Banking,no,no,We're excited to team up with Columbus to show how liquidity management can be automated,Image,6,0,2,,
2026-07-10,4,2026-07-10,AMC Banking,no,no,Convenience is the key word for our AMC Banking app,Text,8,0,0,,
2026-07-10,4,2026-07-10,AMC Banking,no,no,We've got two seats open at AMC Banking - a Finance & Operations Developer and more,Text,9,0,0,,
2026-07-10,4,2026-07-10,B2Brouter,no,no,La reforme de la facturation electronique en France ne se limite pas au choix d'une plateforme,Article/Link,0,0,0,,
2026-07-10,4,2026-07-10,B2Brouter,no,no,"Do you have clients, suppliers or subsidiaries in Germany?",Document/carousel,3,0,0,,
2026-07-10,4,2026-07-10,B2Brouter,no,no,La solucion publica de facturacion electronica de la AEAT,Document/carousel,7,1,0,,
2026-07-10,4,2026-07-10,B2Brouter,no,no,France's e-invoicing reform is not just about sending invoices (via Capde),Image,2,0,1,,
2026-07-10,4,2026-07-10,B2Brouter,no,no,La facturation electronique arrive en France,Article/Link,5,0,1,,
2026-07-10,4,2026-07-10,B2Brouter,no,no,Proximos webinars | Julio 2026,Image,1,0,1,,
2026-07-10,4,2026-07-10,B2Brouter,no,no,Upcoming webinars | July 2026,Image,1,0,0,,
2026-07-10,4,2026-07-10,B2Brouter,no,no,Empfangen ist nicht gleich Verarbeiten (DE),Document/carousel,3,0,0,,
2026-07-10,4,2026-07-10,B2Brouter,no,no,Tu tienda online no puede permitirse facturar 'a mano' (ES),Image,11,0,3,,
2026-07-10,4,2026-07-10,B2Brouter,no,no,We're excited to announce our partnership with B2Brouter,Document/carousel,28,2,7,,
2026-07-10,4,2026-07-10,B2Brouter,no,no,La factura electronica obligatoria ya tiene marco regulatorio (ES),Article/Link,5,0,0,,
2026-07-10,4,2026-07-10,B2Brouter,no,no,"Electronic invoicing is no longer just about tax compliance, it's about data liquidity",Document/carousel,5,0,1,,
2026-07-10,4,2026-07-10,B2Brouter,no,no,B2Brouter attended Peppol Conference Europe 2026 in Brussels,Carousel,15,0,2,,
2026-07-10,4,2026-07-10,B2Brouter,no,no,"Eine E-Rechnung zu empfangen bedeutet nicht, sie auch zu verarbeiten (DE)",Text,2,0,1,,
2026-07-10,4,2026-07-10,B2Brouter,no,no,B2Brouter shares a day with partners at ERP Summit Espana,Image,40,0,2,,
2026-07-10,4,2026-07-10,B2Brouter,no,no,Crees que Ley Crea y Crece y VeriFactu son lo mismo? (ES),Document/carousel,8,0,1,,
2026-07-10,4,2026-07-10,B2Brouter,no,no,"In 8 days, B2Brouter will attend Peppol Conference Europe 2026 in Brussels",Text,5,0,2,,
2026-07-10,4,2026-07-10,B2Brouter,no,no,Great reflection from Henrik Moller on a topic often overlooked in e-invoicing,Text,1,0,0,,
2026-07-10,4,2026-07-10,B2Brouter,no,no,Upcoming webinars | June 2026,Image,8,0,2,,
2026-07-10,4,2026-07-10,B2Brouter,no,no,Manana hablaremos sobre la Ley Crea y Crece y la nueva facturacion electronica (ES),Image,3,0,0,,
2026-07-10,4,2026-07-10,B2Brouter,no,no,"Compliance gets companies through the door, but interoperability defines the future",Text,10,0,1,,
2026-07-10,4,2026-07-10,B2Brouter,no,no,"La facturation electronique, un levier de simplification pour les PME francaises",Document/carousel,4,0,1,,
2026-07-10,4,2026-07-10,B2Brouter,no,no,Choisir sa Plateforme Agreee ne devrait pas se faire dans l'urgence (FR),Document/carousel,10,2,2,,
2026-07-10,4,2026-07-10,B2Brouter,no,no,Tu despacho ya no tiene por que perseguir facturas una y otra vez (ES),Document/carousel,9,0,1,,
2026-07-10,4,2026-07-10,B2Brouter,no,no,La factura electronica obligatoria no va solo de dejar atras el papel (ES),Document/carousel,12,0,1,,
2026-07-10,4,2026-07-10,B2Brouter,no,no,Many companies in Belgium think choosing a Peppol provider is a one-way decision,Document/carousel,7,0,0,,
2026-07-10,4,2026-07-10,B2Brouter,no,no,La JFE 2026 a confirme une chose essentielle sur la reforme de la facturation (FR),Carousel,28,2,4,,
2026-07-10,4,2026-07-10,B2Brouter,no,no,Estem molt contents que MetaData hagi posat el focus en nosaltres (CA),Article/Link,7,0,1,,
2026-07-10,4,2026-07-10,B2Brouter,no,no,Meet our Support team,Document/carousel,4,0,1,,
2026-07-10,4,2026-07-10,B2Brouter,no,no,We've launched B2Brouter's Startups Programme,Document/carousel,13,0,3,,
2026-07-10,4,2026-07-10,Dooap,no,no,"Every AP Manager knows this feeling: you spot the fix, but IT has a three-week queue",Article/Link,11,0,3,,
2026-07-10,4,2026-07-10,Dooap,no,no,"Last time we said 'something new is coming', we introduced Dooap Studio - agentic AP",Image,25,0,3,,
2026-07-10,4,2026-07-10,Dooap,no,no,Somewhere right now an AP manager is refreshing their inbox hoping an approval appeared,Image,17,0,2,,
2026-07-10,4,2026-07-10,Dooap,no,no,We are here - find the team and table next to registration,Video,24,2,0,,
2026-07-10,4,2026-07-10,Dooap,no,no,The Dynamics community is coming to Toronto - and so are we,Image,16,0,1,,
2026-07-10,4,2026-07-10,Dooap,no,no,Excited to introduce our latest Dooap Unleashed: Run With Us - Eftsure,Video,39,2,1,,
2026-07-10,4,2026-07-10,Dooap,no,no,This is what agentic AP automation looks like (Dooap Studio),Video,17,0,6,,
2026-07-10,4,2026-07-10,Dooap,no,no,AP automation doesn't stop at the invoice - so why should your tech stack?,Video,71,10,3,,
2026-07-10,4,2026-07-10,Dooap,no,no,We saw a clear shift across DynamicsCon2026 and DynamicsMinds2026,Image,21,0,0,,
2026-07-10,4,2026-07-10,Dooap,no,no,"Well, that's a wrap on DynamicsMinds",Carousel,70,4,0,,
2026-07-10,4,2026-07-10,Dooap,no,no,Great conversations,Video,9,1,0,,
2026-07-10,4,2026-07-10,Dooap,no,no,Set up and ready for 'Herd your AP with AI Agents',Image,28,2,3,,
2026-07-10,4,2026-07-10,Dooap,no,no,The biggest problem in finance isn't the system,Video,21,3,1,,
2026-07-10,4,2026-07-10,Dooap,no,no,Sam Bush live here in Helsinki,Video,66,4,0,,
2026-07-10,4,2026-07-10,Dooap,no,no,What does AI literacy actually look like for a Dynamics 365 Finance team in 2026,Article/Link,10,0,1,,
2026-07-10,4,2026-07-10,Dooap,no,no,Love spending time with our partners all year around,Video,9,0,2,,
2026-07-10,4,2026-07-10,Dooap,no,no,With AP you have a lot of balls in the air - let Dooap help you herd them,Carousel,57,1,2,,
2026-07-10,4,2026-07-10,Dooap,no,no,Something new is coming,Image,20,1,4,,
2026-07-10,4,2026-07-10,Dooap,no,no,Join us at the Dynamic Communities Summit NA Roadshow in Vancouver,Carousel,16,0,3,,
2026-07-10,4,2026-07-10,Dooap,no,no,Approving invoices shouldn't keep you tied to your desk,Article/Link,10,1,3,,
2026-07-10,4,2026-07-10,Dooap,no,no,We are here in Tampa to talk about AI and AP for Dynamics 365 Finance,Image,49,3,0,,
2026-07-10,4,2026-07-10,Dooap,no,no,Our AP automation solution is designed for Microsoft D365FO,Document/carousel,4,0,0,,
2026-07-10,4,2026-07-10,Dooap,no,no,Great AP automation happens before you even know it,Video,16,0,1,,
2026-07-10,4,2026-07-10,Dooap,no,no,"Thank you, Ellipse Solutions, for the highlight",Image,6,0,0,,
2026-07-10,4,2026-07-10,Dooap,no,no,Considering AP Automation for D365 Finance or BC,Article/Link,9,0,2,,
2026-07-10,4,2026-07-10,Dooap,no,no,Dooap the Dog and the team ready to show you AP automation,Image,10,0,1,,
2026-07-10,4,2026-07-10,Dooap,no,no,"Next week - Wonderful, wonderful Copenhagen",Image,11,1,2,,
2026-07-10,4,2026-07-10,Dooap,no,no,"Hear from one of our partners, Dana Chirieac from GraVoc",Video,8,0,2,,
2026-07-10,4,2026-07-10,Dooap,no,no,Continuing 'My one word for Dooap' - here's what Norman Maxwell said,Article/Link,15,0,2,,
2026-07-10,4,2026-07-10,Dooap,no,no,"Since we started, we have not lost a single customer",Article/Link,11,1,2,,
2026-07-10,4,2026-07-10,Yavrio,no,no,A big couple of weeks for the Yavrio team - across North America and the UK,Carousel,69,1,0,,
2026-07-10,4,2026-07-10,Yavrio,no,no,Cards on the Table (Yavrio Cards),Carousel,44,7,2,,
2026-07-10,4,2026-07-10,Yavrio,no,no,We're delighted to announce our partnership with Sabre Limited,Image,34,6,0,,
2026-07-10,4,2026-07-10,Yavrio,no,no,260+ hours a year (finance time saved),Image,15,0,1,,
2026-07-10,4,2026-07-10,Yavrio,no,no,For finance teams still importing bank statements by CSV into Dynamics 365 BC,Document/carousel,14,0,1,,
2026-07-10,4,2026-07-10,Yavrio,no,no,We are live now with Western Computer for our joint session on banking in Dynamics,Text,7,0,0,,
2026-07-10,4,2026-07-10,Yavrio,no,no,"Meet our North America Sales Director, Joshua Wilkinson",Image,59,6,1,,
2026-07-10,4,2026-07-10,Yavrio,no,no,Still moving bank data into your finance system one CSV at a time?,Video,27,0,1,,
2026-07-10,4,2026-07-10,Yavrio,no,no,The payment is accepted. But is the finance work actually done?,Image,48,1,0,,
2026-07-10,4,2026-07-10,Yavrio,no,no,What a 2026 Yavrio is having so far,Carousel,110,9,0,,
2026-07-10,4,2026-07-10,Yavrio,no,no,DynamicsMinds 2026 is done and what a week it's been,Carousel,108,5,0,,
2026-07-10,4,2026-07-10,Yavrio,no,no,Finance teams BEFORE vs AFTER Yavrio,Video,48,5,0,,
2026-07-10,4,2026-07-10,Yavrio,no,no,DynamicsMinds 2026,Image,61,5,2,,
2026-07-10,4,2026-07-10,Yavrio,no,no,DynamicsCon 2026 wrapped and what a few days it was,Carousel,55,2,0,,
2026-07-10,4,2026-07-10,Yavrio,no,no,Feet on the ground at Directions ASIA 2026 in Vietnam,Carousel,68,1,1,,
2026-07-10,4,2026-07-10,Yavrio,no,no,Hello from a roasting Las Vegas - DynamicsCon2026,Image,99,10,1,,
2026-07-10,4,2026-07-10,Yavrio,no,no,Sponsoring and attending Directions North America in Orlando,Image,62,4,1,,
2026-07-10,4,2026-07-10,Yavrio,no,no,Yavrio is a WINNER of the Scaleup category at Innovate Finance,Image,160,22,1,,
2026-07-10,4,2026-07-10,Yavrio,no,no,Every card payment sets off a chain of events most people never see,Image,25,3,1,,
2026-07-10,4,2026-07-10,Yavrio,no,no,Directions North America is nearly here and the Yavrio team is ready for Orlando,Image,65,3,3,,
2026-07-10,4,2026-07-10,Yavrio,no,no,Yavrio Out and About - This Week,Carousel,66,3,0,,
2026-07-10,4,2026-07-10,Yavrio,no,no,Finance teams shouldn't be spending their time chasing transactions,Image,24,1,0,,
2026-07-10,4,2026-07-10,Yavrio,no,no,Team Yavrio on the ground at the Microsoft AI Tour in Copenhagen,Image,53,2,1,,
2026-07-10,4,2026-07-10,Yavrio,no,no,Yavrio Out & About: one of the biggest events in global tourism,Carousel,36,3,0,,
2026-07-10,4,2026-07-10,Yavrio,no,no,Big news,Image,46,2,6,,
2026-07-10,4,2026-07-10,Yavrio,no,no,The pace of technological change in financial services isn't slowing,Carousel,50,4,0,,
2026-07-10,4,2026-07-10,Yavrio,no,no,Today we launched something special,Carousel,53,3,3,,
2026-07-10,4,2026-07-10,Yavrio,no,no,Today we're launching Yavrio Cards: a cards payment solution embedded inside Microsoft Dynamics,Image,131,9,5,,
2026-07-10,4,2026-07-10,Yavrio,no,no,More big news from Yavrio this week (leadership investment),Image,75,20,2,,
2026-07-10,4,2026-07-10,Yavrio,no,no,Proud to be sponsoring the Microsoft AI Tour in Copenhagen,Image,49,3,3,,
2026-07-10,4,2026-07-10,Rillion,no,no,AI transformation in finance is more about getting people onboard than the technology,Video,28,3,4,,
2026-07-10,4,2026-07-10,Rillion,no,no,If you'd told us our favourite team events would be the ones you track on Strava,Carousel,15,0,0,,
2026-07-10,4,2026-07-10,Rillion,no,no,48% of finance leaders say they want to be strategic advisors,Text,5,0,0,,
2026-07-10,4,2026-07-10,Rillion,no,no,Rillion + Stratas: taking AP automation in the UK to the next level,Video,22,2,2,,
2026-07-10,4,2026-07-10,Rillion,no,no,Spotted on top of the Empire State Building - Rillion,Image,35,0,1,,
2026-07-10,4,2026-07-10,Rillion,no,no,If you're not optimizing your vacation as much as your AP processes,Document/carousel,10,0,0,,
2026-07-10,4,2026-07-10,Rillion,no,no,Peter Egehoved (CFO Dreamdata) on where AI fits in finance,Text,57,8,0,,
2026-07-10,4,2026-07-10,Rillion,no,no,"If you recognise yourself in any of these, you're not alone",Document/carousel,7,0,0,,
2026-07-10,4,2026-07-10,Rillion,no,no,Big news (Rillion + Pinewood.AI),Image,49,1,11,,
2026-07-10,4,2026-07-10,Rillion,no,no,Monika Pers (CFO) on where AI belongs in finance,Text,12,1,0,,
2026-07-10,4,2026-07-10,Rillion,no,no,Just got back from two of the most energizing days I've had in a long time,Image,52,8,1,,
2026-07-10,4,2026-07-10,Rillion,no,no,26% of CFOs say lack of AI competence is the single biggest barrier to adoption,Text,18,1,1,,
2026-07-10,4,2026-07-10,Rillion,no,no,40% of CFOs see fraud and anomaly detection as the biggest AI opportunity in finance,Image,17,1,1,,
2026-07-10,4,2026-07-10,Rillion,no,no,Our marketing team swapped their laptops for race bibs - Blodomloppet,Carousel,35,3,1,,
2026-07-10,4,2026-07-10,Rillion,no,no,Last week we released The Nordic Finance AI Report 2026,Image,13,0,1,,
2026-07-10,4,2026-07-10,Rillion,no,no,Rillion AI Day,Image,53,14,1,,
2026-07-10,4,2026-07-10,Rillion,no,no,"Most companies invest in automating existing processes, not in questioning them",Document/carousel,25,1,1,,
2026-07-10,4,2026-07-10,Rillion,no,no,"250 CFOs across Sweden, Denmark and Finland told us where AI in finance actually stands",Document/carousel,18,7,3,,
2026-07-10,4,2026-07-10,Rillion,no,no,"Lots of travel these past few weeks, but it's experiences like these that make the job",Carousel,57,3,2,,
2026-07-10,4,2026-07-10,Rillion,no,no,Still reflecting on the conversations at Sage Future in San Francisco,Image,63,4,1,,
2026-07-10,4,2026-07-10,Rillion,no,no,Puppies and candy,Carousel,65,5,1,,
2026-07-10,4,2026-07-10,Rillion,no,no,Kicking off an exciting few days at DynamicsCon,Carousel,52,8,2,,
2026-07-10,4,2026-07-10,Rillion,no,no,Week two of three back-to-back industry events - ERP Summit,Image,45,0,1,,
2026-07-10,4,2026-07-10,Rillion,no,no,"When new to SaaS, you learn from the SaaSiest",Image,92,4,1,,
2026-07-10,4,2026-07-10,Rillion,no,no,We are officially live at Sage Future - swing by the Rillion booth,Image,62,4,2,,
2026-07-10,4,2026-07-10,Rillion,no,no,"Sage Intacct users, this one's for you",Document/carousel,23,2,5,,
2026-07-10,4,2026-07-10,Rillion,no,no,Our CEO Daniel de Sousa joined a conversation at the Swedish Parliament,Video,45,1,1,,
2026-07-10,4,2026-07-10,Rillion,no,no,Will we see you at CFOradar 2026 next week,Image,24,0,1,,
2026-07-10,4,2026-07-10,Rillion,no,no,There's A LOT of talk about AI in finance right now,Video,14,2,0,,
2026-07-10,4,2026-07-10,Rillion,no,no,Are you vibe coding tools for your finance team,Image,16,1,4,,
2026-07-10,4,2026-07-10,Fidesic,no,no,How to set up your purchase order matching,Article/Link,0,0,0,,
2026-07-10,4,2026-07-10,Fidesic,no,no,AI and human ingenuity are powering a bold new operating model,Image,0,0,0,,
2026-07-10,4,2026-07-10,Fidesic,no,no,Modern AI-based invoice capture uses ML models trained on millions of invoices,Article/Link,0,0,0,,
2026-07-10,4,2026-07-10,Fidesic,no,no,"Unsurprisingly, not all AI projects are a success",Carousel,1,0,0,,
2026-07-10,4,2026-07-10,Fidesic,no,no,Fidesic is the strongest AP automation choice for organizations running Microsoft Dynamics,Article/Link,0,0,0,,
2026-07-10,4,2026-07-10,Fidesic,no,no,95% of enterprise generative AI pilots fail to deliver measurable results,Video,9,1,2,,
2026-07-10,4,2026-07-10,Fidesic,no,no,"Financial close is evolving from a manual task to an automated, continuous process",Image,1,0,0,,
2026-07-10,4,2026-07-10,Fidesic,no,no,95% of enterprise generative AI pilots fail to deliver any measurable P&L impact,Article/Link,2,0,0,,
2026-07-10,4,2026-07-10,Fidesic,no,no,Something hiding in plain sight in Dynamics GP that could make a difference,Article/Link,0,0,0,,
2026-07-10,4,2026-07-10,Fidesic,no,no,Did you know... (Fidesic fun fact),Image,1,0,1,,
2026-07-10,4,2026-07-10,Fidesic,no,no,Fidesic has officially joined Knights of GP,Image,17,2,3,,
2026-07-10,4,2026-07-10,Fidesic,no,no,Why Accruals and Deferrals Matter for Financial Accuracy,Image,1,0,0,,
2026-07-10,4,2026-07-10,Fidesic,no,no,Budget pressure? It's AP's time to shine,Article/Link,0,0,0,,
2026-07-10,4,2026-07-10,Fidesic,no,no,If your team uses Microsoft Dynamics GP or BC to manage multiple locations,Image,4,0,0,,
2026-07-10,4,2026-07-10,Fidesic,no,no,Did you know...,Image,7,1,1,,
2026-07-10,4,2026-07-10,Fidesic,no,no,With only ... (post truncated in export),Article/Link,1,0,0,,
2026-07-10,4,2026-07-10,Fidesic,no,no,Turning AP into a strategic function doesn't require a massive transformation,Article/Link,1,0,0,,
2026-07-10,4,2026-07-10,Fidesic,no,no,Microsoft Dynamics 365 Business Central is built for a wide range of business sizes,Article/Link,0,0,0,,
2026-07-10,4,2026-07-10,Fidesic,no,no,Who to see at DirectionsNA,Image,55,3,1,,
2026-07-10,4,2026-07-10,Fidesic,no,no,Attending Directions NA,Carousel,2,0,0,,
2026-07-10,4,2026-07-10,Fidesic,no,no,Directions NA 2026 is in full swing in Orlando with Day 1 keynote,Image,6,1,1,,
2026-07-10,4,2026-07-10,Fidesic,no,no,Huge thanks to ERP Software Blog for including us on their Best ERP Tools list,Image,7,2,2,,
2026-07-10,4,2026-07-10,Fidesic,no,no,Stop by the booth and say Hi,Image,18,0,2,,
2026-07-10,4,2026-07-10,Fidesic,no,no,The teams from PayTrace and Fidesic AP will be at Directions North America in Orlando,Carousel,18,2,5,,
2026-07-10,4,2026-07-10,Fidesic,no,no,"When an AP tool is built natively inside Business Central, implementation looks different",Image,0,0,0,,
2026-07-10,4,2026-07-10,Fidesic,no,no,Almost two weeks away from DirectionsNA,Image,21,3,1,,
2026-07-10,4,2026-07-10,Fidesic,no,no,Have you seen Fidesic Free,Image,1,0,0,,
2026-07-10,4,2026-07-10,Fidesic,no,no,"Wire transfers are a reliable way to send and receive money, but they have limitations",Image,2,1,0,,
2026-07-10,4,2026-07-10,Fidesic,no,no,Deploying a new invoice management system across your entire vendor network at once,Article/Link,2,0,0,,
2026-07-10,4,2026-07-10,Fidesic,no,no,The AP Turnover Ratio gives you frequency,Article/Link,0,0,0,,
2026-07-10,4,2026-07-10,Tipalti,no,no,"Mechanical, performance, sync, master recording",Image,0,0,0,,
2026-07-10,4,2026-07-10,Tipalti,no,no,"Before Tipalti, Thematic's finance team manually managed international payments",Video,4,0,1,,
2026-07-10,4,2026-07-10,Tipalti,no,no,When did your team last screen a supplier for sanctions exposure?,Image,4,0,0,,
2026-07-10,4,2026-07-10,Tipalti,no,no,Brought the Israeli Design Leadership community together at the Tipalti office,Carousel,135,14,3,,
2026-07-10,4,2026-07-10,Tipalti,no,no,The Tipalti team will be in Berlin for the World Finance Forum,Image,12,1,2,,
2026-07-10,4,2026-07-10,Tipalti,no,no,Is your marketplace's payment infrastructure built to scale or just to function?,Article/Link,2,0,0,,
2026-07-10,4,2026-07-10,Tipalti,no,no,A hypothetical about manual processes,Text,4,1,0,,
2026-07-10,4,2026-07-10,Tipalti,no,no,Ask any finance team that's made the switch to automation what they regret,Text,1,0,0,,
2026-07-10,4,2026-07-10,Tipalti,no,no,"Thematic: creators get free licensed music, artists get meaningful payouts",Image,8,0,1,,
2026-07-10,4,2026-07-10,Tipalti,no,no,Prodege expanded globally and maintained compliance throughout,Video,7,0,1,,
2026-07-10,4,2026-07-10,Tipalti,no,no,"Trade fragmentation, high interest rates, tighter capital, and geopolitical uncertainty",Image,6,0,0,,
2026-07-10,4,2026-07-10,Tipalti,no,no,A 30-day close used to be normal,Image,12,3,2,,
2026-07-10,4,2026-07-10,Tipalti,no,no,Finance leaders are operating in a different environment than a few years ago,Image,10,0,1,,
2026-07-10,4,2026-07-10,Tipalti,no,no,DreamHost's finance team wanted full visibility of every transaction,Video,5,0,0,,
2026-07-10,4,2026-07-10,Tipalti,no,no,The next chapter of digital commerce is being executed by AI acting for consumers,Image,4,0,1,,
2026-07-10,4,2026-07-10,Tipalti,no,no,Cubic Games was managing over 180 vendors across global markets,Image,8,0,0,,
2026-07-10,4,2026-07-10,Tipalti,no,no,Manual payment processes don't scale,Text,10,0,0,,
2026-07-10,4,2026-07-10,Tipalti,no,no,A few days out from World Finance Forum in Amsterdam and the Tipalti team is ready,Image,7,0,0,,
2026-07-10,4,2026-07-10,Tipalti,no,no,Splice's finance team would spend two weeks every quarter on manual work,Image,9,0,0,,
2026-07-10,4,2026-07-10,Tipalti,no,no,"We're heading your way, Vancouver",Video,10,0,1,,
2026-07-10,4,2026-07-10,Tipalti,no,no,Proud to sponsor the Spring 2026 CFO Leadership Conference in Boston,Carousel,81,6,3,,
2026-07-10,4,2026-07-10,Tipalti,no,no,"Three-way matching by hand is tedious, error-prone, and slow",Image,21,0,1,,
2026-07-10,4,2026-07-10,Tipalti,no,no,The questions finance leaders are asking about AI has changed,Video,127,4,6,,
2026-07-10,4,2026-07-10,Tipalti,no,no,Approval bottlenecks don't just slow down payments,Image,17,2,2,,
2026-07-10,4,2026-07-10,Tipalti,no,no,"For a gaming studio managing over 180 active vendors, AP was a challenge",Image,9,0,0,,
2026-07-10,4,2026-07-10,Tipalti,no,no,Tariffs and trade fragmentation are reshaping the global economy,Image,6,0,0,,
2026-07-10,4,2026-07-10,Tipalti,no,no,The bar for enterprise software has been quietly reset,Image,3,0,0,,
2026-07-10,4,2026-07-10,Tipalti,no,no,Show me all unpaid invoices over $10K,Image,13,0,0,,
2026-07-10,4,2026-07-10,Tipalti,no,no,"Five years ago, Lantern Community Services ran on paper",Image,5,0,0,,
2026-07-10,4,2026-07-10,Tipalti,no,no,Technology investments are growing faster and more complex than ever,Image,5,0,0,,
2026-07-10,4,2026-07-10,Stampli,no,no,I spent ten years as an accountant before I ever touched marketing,Video,49,3,4,,
2026-07-10,4,2026-07-10,Stampli,no,no,What changes when finance teams can analyze data that used to be slow and manual,Article/Link,13,0,1,,
2026-07-10,4,2026-07-10,Stampli,no,no,Finance teams don't run out of good questions,Document/carousel,31,0,12,,
2026-07-10,4,2026-07-10,Stampli,no,no,Accounts Payable is where Procure-to-Pay either works or breaks,Article/Link,16,0,6,,
2026-07-10,4,2026-07-10,Stampli,no,no,Vendor renewal coming up? A lot can change since the last contract,Article/Link,11,1,4,,
2026-07-10,4,2026-07-10,Stampli,no,no,Strong customer feedback on real value - one connected P2P story,Article/Link,37,1,16,,
2026-07-10,4,2026-07-10,Stampli,no,no,Finance teams don't run out of useful questions,Article/Link,22,1,6,,
2026-07-10,4,2026-07-10,Stampli,no,no,ACH risks don't start at the bank portal - they often start earlier,Article/Link,17,3,7,,
2026-07-10,4,2026-07-10,Stampli,no,no,Meaningful savings can hide in everyday finance data,Image,30,3,10,,
2026-07-10,4,2026-07-10,Stampli,no,no,"Built to scale your business, not your headcount",Article/Link,25,0,11,,
2026-07-10,4,2026-07-10,Stampli,no,no,Vendor concentration risk is hiding in your AP data,Article/Link,11,0,1,,
2026-07-10,4,2026-07-10,Stampli,no,no,Day 2 at SageFuture and the energy is still going strong,Image,42,1,1,,
2026-07-10,4,2026-07-10,Stampli,no,no,Day 1 of SageFuture in the books,Carousel,91,1,5,,
2026-07-10,4,2026-07-10,Stampli,no,no,We're about to see the death of the dashboard,Image,82,8,23,,
2026-07-10,4,2026-07-10,Stampli,no,no,Budget variance usually doesn't start with one big decision,Article/Link,7,0,2,,
2026-07-10,4,2026-07-10,Stampli,no,no,Cash flow opportunities often hide in Accounts Payable,Article/Link,18,2,4,,
2026-07-10,4,2026-07-10,Stampli,no,no,The data moving through finance systems holds a story teams never see,Article/Link,25,1,6,,
2026-07-10,4,2026-07-10,Stampli,no,no,The most valuable signals in finance are buried where traditional BI can't reach,Video,52,2,6,,
2026-07-10,4,2026-07-10,Stampli,no,no,We're launching something big: an agentic financial analyst you can ask anything,Video,145,3,21,,
2026-07-10,4,2026-07-10,Stampli,no,no,Ask your agentic financial analyst anything,Video,39,0,22,,
2026-07-10,4,2026-07-10,Stampli,no,no,A great time at the Nashville career fair,Carousel,43,1,5,,
2026-07-10,4,2026-07-10,Stampli,no,no,Stampli Deep Finance transforms raw finance data into executive spend intelligence,Article/Link,46,2,29,,
2026-07-10,4,2026-07-10,Stampli,no,no,America's Group automated workflows instead of hiring more AP staff with every acquisition,Article/Link,14,0,6,,
2026-07-10,4,2026-07-10,Stampli,no,no,"No matter your ERP, Stampli fits right in",Article/Link,17,0,9,,
2026-07-10,4,2026-07-10,Stampli,no,no,Corporate cards don't have to mean losing control of spend,Article/Link,17,0,5,,
2026-07-10,4,2026-07-10,Stampli,no,no,Finance professionals paired with the right platform turn complexity into advantage,Image,11,0,3,,
2026-07-10,4,2026-07-10,Stampli,no,no,We're grateful for all our customers,Article/Link,65,0,35,,
2026-07-10,4,2026-07-10,Stampli,no,no,Those little clicks add up,Video,25,0,10,,
2026-06-29,5,2026-06-29,Continia Software,yes,no,"Our biggest team meetup yet - four days in Cascais, Portugal",Carousel,212,3,5,,
2026-06-29,5,2026-06-29,Continia Software,yes,no,From a full-time AP person to automation in minutes,Image,22,0,3,,
2026-06-29,5,2026-06-29,Continia Software,yes,no,The Elevate tour continues - this time in Poland!,Carousel,65,1,0,,
2026-06-29,5,2026-06-29,Continia Software,yes,no,Kicking off Continia Elevate in the UK,Video,50,2,1,,
2026-06-29,5,2026-06-29,Continia Software,yes,no,We're ISO 27001 certified! (Continia Delivery Network),Carousel,194,2,1,,
2026-06-29,5,2026-06-29,Continia Software,yes,no,It's about time ... we cycled to work (May commute),Carousel,69,1,0,,
2026-06-29,5,2026-06-29,Continia Software,yes,no,250 Continia-losninger er en god grund til kage (Softvaerket),Carousel,70,1,2,,
2026-06-29,5,2026-06-29,Continia Software,yes,no,Carousel post,Carousel,93,2,0,,
2026-06-29,5,2026-06-29,Continia Software,yes,no,Text post,Text,42,0,0,,
2026-06-29,5,2026-06-29,Continia Software,yes,no,Video post,Video,34,0,4,,
2026-06-29,5,2026-06-29,Truvio,no,no,Your catalogue has 400 products missing SEO descriptions (Dynamo AI),Image,20,1,0,,
2026-06-29,5,2026-06-29,Truvio,no,no,"Truvio Commerce Customer Day 2026 in motion! (Godsbanen, Aarhus, DK)",Video,46,2,3,,
2026-06-29,5,2026-06-29,Truvio,no,no,"When evaluating AP automation, AURA Energi spoke to existing customers",Image,24,0,5,,
2026-06-29,5,2026-06-29,Truvio,no,no,AI can only work with the product data you give it (webinar w/ compose'it ApS),Image,29,1,5,,
2026-06-29,5,2026-06-29,Truvio,no,no,"Program for Truvio Commerce Partner Days 2026 now live (Aarhus, Sept)",Video,17,1,8,,
2026-06-29,5,2026-06-29,Truvio,no,no,Forretning Online conference in Aarhus hosted by Novicell (500+ pros),Carousel,30,2,2,,
2026-06-29,5,2026-06-29,Truvio,no,no,"Dynamo is your AI assistant, directly inside Truvio Commerce",Image,40,1,6,,
2026-06-29,5,2026-06-29,Truvio,no,no,Text post,Text,12,0,2,,
2026-06-29,5,2026-06-29,Truvio,no,no,Image post,Image,49,1,1,,
2026-06-29,5,2026-06-29,Truvio,no,no,Video post,Video,7,0,0,,
2026-06-29,5,2026-06-29,Equisys,no,no,Missed our recent webinar? Catch up now (AP automation),Video,1,0,1,,
2026-06-29,5,2026-06-29,Equisys,no,no,A few hours away from our webinar 'Discover THE BEST AP Automation for Business Central',Image,0,0,1,,
2026-06-29,5,2026-06-29,Equisys,no,no,Less than 24 hours left to register for our webinar (Zetadocs / Business Central),Image,2,0,3,,
2026-06-29,5,2026-06-29,Equisys,no,no,Smarter way to manage employee expenses - book a Zetadocs Expenses demo,Image,3,0,3,,
2026-06-29,5,2026-06-29,Equisys,no,no,Sponsoring Directions North America 2026 - thank you,Carousel,12,0,2,,
2026-06-29,5,2026-06-29,Equisys,no,no,Amazing first day at Directions North America (booth E-32),Image,14,0,5,,
2026-06-29,5,2026-06-29,Equisys,no,no,In Orlando next week for Directions North America - drop by booth E-32,Image,5,0,3,,
2026-06-29,5,2026-06-29,Equisys,no,no,Image post,Image,6,0,4,,
2026-06-29,5,2026-06-29,Equisys,no,no,Image post,Image,2,0,0,,
2026-06-29,5,2026-06-29,Equisys,no,no,Image post,Image,3,0,2,,
2026-06-29,5,2026-06-29,Medius,no,no,"If July gives you a little breathing room, why not learn something new about AP?",Text,5,0,0,,
2026-06-29,5,2026-06-29,Medius,no,no,Many legacy AP systems weren't built for the complexity of freight charges,Image,17,0,2,,
2026-06-29,5,2026-06-29,Medius,no,no,A new edition of MediusExplains? How AP automation...,Text,6,0,1,,
2026-06-29,5,2026-06-29,Medius,no,no,"In a recent webinar, Yvonne Gockel-Jans (Director of Global Partners) joined Antaras",Text,8,0,3,,
2026-06-29,5,2026-06-29,Medius,no,no,Your working capital strategy is only as strong as your invoice execution,Article/Link,6,0,0,,
2026-06-29,5,2026-06-29,Medius,no,no,Named a Leader in the 2026 Gartner Magic Quadrant,Image,120,2,30,,
2026-06-29,5,2026-06-29,Medius,no,no,"In 2026, why won't most AP AI pass a serious external test?",Article/Link,10,0,2,,
2026-06-29,5,2026-06-29,Medius,no,no,Rapid growth in logistics masks rising operational complexity,Text,7,1,1,,
2026-06-29,5,2026-06-29,Medius,no,no,AP teams in construction manage hundreds/thousands of suppliers,Image,17,0,2,,
2026-06-29,5,2026-06-29,Medius,no,no,E-invoicing is no longer just a compliance checkbox - it's a competitive edge,Image,11,0,5,,
2026-06-29,5,2026-06-29,Qvalia,no,no,"Introducing Qvalia Connect - business transactions easier, faster, cheaper",Video,18,1,2,,
2026-06-29,5,2026-06-29,Qvalia,no,no,Timeline of finance tech: 1940s-1980s credit scoring -> 2010s+ big data/ML,Carousel,7,0,0,,
2026-06-29,5,2026-06-29,Qvalia,no,no,Few areas are better positioned to gain from the AI revolution than finance,Image,5,0,0,,
2026-06-29,5,2026-06-29,Qvalia,no,no,Summer reading no 4: The definitive guide to Peppol,Text,7,0,0,,
2026-06-29,5,2026-06-29,Qvalia,no,no,Summer reading no 3: Peppol e-orders - how it works & how to get started,Text,12,0,2,,
2026-06-29,5,2026-06-29,Qvalia,no,no,Text post,Text,5,3,0,,
2026-06-29,5,2026-06-29,Qvalia,no,no,Text post,Text,6,0,1,,
2026-06-29,5,2026-06-29,AMC Banking,no,no,Before summer kicks off - milestone: AMC Banking assigned its own SWIFT BIC,Image,9,1,2,,
2026-06-29,5,2026-06-29,AMC Banking,no,no,Thanks to everybody who showed up for the reception in our new building!,Carousel,29,1,0,,
2026-06-29,5,2026-06-29,AMC Banking,no,no,Your biggest compliance risk might be a process nobody questions anymore,Article/Link,6,0,2,,
2026-06-29,5,2026-06-29,B2Brouter,no,no,"When people hear about Poland's mandatory KSeF, they assume it only affects Polish companies. It doesn't.",Image,0,0,0,,
2026-06-29,5,2026-06-29,B2Brouter,no,no,Global e-invoicing interoperability sounds simple... until every country brings its own local dance,Text,2,0,0,,
2026-06-29,5,2026-06-29,B2Brouter,no,no,Vous facturez deja des administrations/hopitaux via Chorus Pro? (FR),Text,4,0,2,,
2026-06-29,5,2026-06-29,B2Brouter,no,no,"Tu empresa esta preparada para la factura electronica B2B obligatoria? (ES, webinar 2 jul)",Article/Link,5,0,0,,
2026-06-29,5,2026-06-29,B2Brouter,no,no,Interoperability is no longer a future objective. It is becoming the infrastructure behind e-invoicing,Text,1,0,0,,
2026-06-29,5,2026-06-29,B2Brouter,no,no,La factura electronica es una herramienta para que Hacienda lo vea todo? (ES),Text,8,2,1,,
2026-06-29,5,2026-06-29,B2Brouter,no,no,La factura electronica obligatoria ya tiene marco regulatorio (ES),Article/Link,3,0,0,,
2026-06-29,5,2026-06-29,B2Brouter,no,no,"Electronic invoicing is no longer just about tax compliance, it's about data liquidity",Text,5,0,1,,
2026-06-29,5,2026-06-29,B2Brouter,no,no,B2Brouter attended Peppol Conference Europe 2026 in Brussels,Carousel,15,0,2,,
2026-06-29,5,2026-06-29,B2Brouter,no,no,"Eine E-Rechnung zu empfangen bedeutet nicht zwangslaufig, sie auch zu verarbeiten (DE)",Text,2,0,1,,
2026-06-29,5,2026-06-29,Dooap,no,no,Somewhere right now an AP manager is refreshing their inbox hoping an approval magically appeared,Image,17,0,2,,
2026-06-29,5,2026-06-29,Dooap,no,no,We are here - find the team and table next to registration,Video,23,2,0,,
2026-06-29,5,2026-06-29,Dooap,no,no,The Dynamics community is coming to Toronto - and so are we (DUG),Image,16,0,1,,
2026-06-29,5,2026-06-29,Dooap,no,no,Excited to introduce our latest Dooap Unleashed: Run With Us - Eftsure!,Video,39,2,1,,
2026-06-29,5,2026-06-29,Dooap,no,no,This is what agentic AP automation looks like. Dooap Studio,Video,17,0,6,,
2026-06-29,5,2026-06-29,Dooap,no,no,Just think of the possibilities with Dooap Studio!,Image,13,0,1,,
2026-06-29,5,2026-06-29,Dooap,no,no,AP automation doesn't stop at the invoice. So why should your tech stack?,Video,71,10,3,,
2026-06-29,5,2026-06-29,Dooap,no,no,We saw a clear shift across #DynamicsCon2026 and #DynamicsMinds2026,Image,20,0,0,,
2026-06-29,5,2026-06-29,Dooap,no,no,That's a wrap on DynamicsMinds. The Dooap team is heading back,Carousel,70,4,0,,
2026-06-29,5,2026-06-29,Dooap,no,no,Great conversations. Great community.,Video,9,1,0,,
2026-06-29,5,2026-06-29,Yavrio,no,no,For finance teams still importing bank statements by CSV into Microsoft Dynamics,Text,12,0,1,,
2026-06-29,5,2026-06-29,Yavrio,no,no,We are live now with Western Computer for our joint session on banking in MS Dynamics,Text,6,0,0,,
2026-06-29,5,2026-06-29,Yavrio,no,no,"Meet our North America Sales Director, Joshua Wilkinson!",Image,51,5,1,,
2026-06-29,5,2026-06-29,Yavrio,no,no,Only 18% of finance teams close their books in three days or less,Image,17,1,1,,
2026-06-29,5,2026-06-29,Yavrio,no,no,Still moving bank data into your finance system one CSV at a time?,Video,26,0,1,,
2026-06-29,5,2026-06-29,Yavrio,no,no,The payment is accepted. But is the finance work actually done?,Image,47,1,0,,
2026-06-29,5,2026-06-29,Yavrio,no,no,What a 2026 Yavrio is having so far! Nearly half way through,Carousel,111,9,0,,
2026-06-29,5,2026-06-29,Yavrio,no,no,Finance teams BEFORE vs AFTER Yavrio,Video,47,4,0,,
2026-06-29,5,2026-06-29,Yavrio,no,no,DynamicsMinds 2026 is done and what a week it's been,Carousel,108,5,0,,
2026-06-29,5,2026-06-29,Yavrio,no,no,"Next month, in a webinar with Western Computer...",Image,25,2,1,,
2026-06-29,5,2026-06-29,Rillion,no,no,"While most finance leaders are still figuring out where AI fits, Peter Egehoved (CFO Dreamdata)",Text,6,0,0,,
2026-06-29,5,2026-06-29,Rillion,no,no,"If you recognise yourself in any of these, you're not alone",Text,7,0,0,,
2026-06-29,5,2026-06-29,Rillion,no,no,Big news! Rillion is partnering with Pinewood.AI,Image,43,1,10,,
2026-06-29,5,2026-06-29,Rillion,no,no,While everyone's drowning in opinions on where AI belongs in finance,Text,12,1,0,,
2026-06-29,5,2026-06-29,Rillion,no,no,The Nordics agree on many things. Great coffee. Flat hierarchies.,Carousel,33,1,3,,
2026-06-29,5,2026-06-29,Rillion,no,no,We asked 250 CFOs across the Nordics about AI in finance,Text,8,0,0,,
2026-06-29,5,2026-06-29,Rillion,no,no,[searching] I'm on the hunt for a US native CFO or financial exec,Text,33,20,4,,
2026-06-29,5,2026-06-29,Rillion,no,no,Something fun happens when you bring colleagues together from Sweden and...,Video,20,4,1,,
2026-06-29,5,2026-06-29,Rillion,no,no,The Nordic AI Finance Report had zero shortage of mic-drop quotes,Text,7,0,0,,
2026-06-29,5,2026-06-29,Rillion,no,no,Rillion's summer celebration was one for the books!,Video,42,4,0,,
2026-06-29,5,2026-06-29,Fidesic,no,no,Did you know... The first chatbot was a virtual therapist named ELIZA,Image,1,0,1,,
2026-06-29,5,2026-06-29,Fidesic,no,no,The Reconcile to GL tool is one of Dynamics GP's most valuable yet underused,Image,1,0,0,,
2026-06-29,5,2026-06-29,Fidesic,no,no,Wire Transfer vs ACH? Wire transfers are immediate...,Article/Link,0,0,0,,
2026-06-29,5,2026-06-29,Fidesic,no,no,Financial controls are not red tape. They are the guardrails,Image,0,0,0,,
2026-06-29,5,2026-06-29,Fidesic,no,no,We're making it easier to test accounting software with unlimited...,Article/Link,0,0,0,,
2026-06-29,5,2026-06-29,Fidesic,no,no,#FunFactFriday Did you know... the product we know today as Dynamics,Image,3,1,0,,
2026-06-29,5,2026-06-29,Fidesic,no,no,Fidesic has officially joined Knights of GP,Image,15,2,3,,
2026-06-29,5,2026-06-29,Fidesic,no,no,Why Accruals and Deferrals Matter for Financial Accuracy,Image,1,0,0,,
2026-06-29,5,2026-06-29,Fidesic,no,no,Budget pressure? It's AP's time to shine.,Article/Link,0,0,0,,
2026-06-29,5,2026-06-29,Tipalti,no,no,"Paying 50 payees is a task. Paying 5,000 requires a system.",Text,8,0,1,,
2026-06-29,5,2026-06-29,Tipalti,no,no,One of the reasons we've stayed with Tipalti is how fast payments are,Image,15,0,2,,
2026-06-29,5,2026-06-29,Tipalti,no,no,"Trade fragmentation, high interest rates, tighter capital...",Image,5,0,0,,
2026-06-29,5,2026-06-29,Tipalti,no,no,A 30-day close used to be normal. Now founders/finance teams have...,Image,10,1,1,,
2026-06-29,5,2026-06-29,Tipalti,no,no,Finance leaders are operating in a different environment than before,Image,9,0,1,,
2026-06-29,5,2026-06-29,Tipalti,no,no,DreamHost's finance team wanted what most AP teams want,Video,5,0,0,,
2026-06-29,5,2026-06-29,Tipalti,no,no,Some of the most impactful companies in the creator economy...,Image,8,0,1,,
2026-06-29,5,2026-06-29,Tipalti,no,no,Heading to #VidCon this week? Come kick off the week with us,Image,7,0,0,,
2026-06-29,5,2026-06-29,Tipalti,no,no,One customer used to dread pay runs. Now they don't remember when,Text,5,0,0,,
2026-06-29,5,2026-06-29,Tipalti,no,no,Tipalti's US offices closed in observance of Juneteenth,Carousel,34,1,1,,
2026-06-29,5,2026-06-29,Stampli,no,no,Accounts Payable is where Procure-to-Pay either works or breaks (G2),Article/Link,13,0,5,,
2026-06-29,5,2026-06-29,Stampli,no,no,Vendor renewal coming up? A lot can change since the last contract,Article/Link,11,1,4,,
2026-06-29,5,2026-06-29,Stampli,no,no,Strong customer feedback on real value for finance teams,Article/Link,33,1,15,,
2026-06-29,5,2026-06-29,Stampli,no,no,Finance teams don't run out of useful questions. They run out of practical...,Article/Link,22,1,6,,
2026-06-29,5,2026-06-29,Stampli,no,no,Market stories become clearer when they show up in operational spend,Video,11,1,4,,
2026-06-29,5,2026-06-29,Stampli,no,no,NetSuite 3-way matching often breaks on one missing piece: the item receipt,Article/Link,8,0,2,,
2026-06-29,5,2026-06-29,Stampli,no,no,ACH risks don't start at the bank portal. They often start earlier,Article/Link,17,3,7,,
2026-06-29,5,2026-06-29,Stampli,no,no,Meaningful savings can hide in everyday finance data (Integra Investments),Image,28,3,10,,
2026-06-19,6,2026-06-19,Continia Software,yes,no,From a full-time AP person to automation in minutes,Image,22,0,3,,
2026-06-19,6,2026-06-19,Continia Software,yes,no,The Elevate tour continues - this time in Poland!,Carousel,61,1,0,,
2026-06-19,6,2026-06-19,Continia Software,yes,no,We're ISO 27001 certified,Carousel,187,2,1,,
2026-06-19,6,2026-06-19,Continia Software,yes,no,It's about time we cycled to work,Carousel,67,1,0,,
2026-06-19,6,2026-06-19,Continia Software,yes,no,250 Continia-losninger er en god grund til kage,Carousel,68,1,2,,
2026-06-19,6,2026-06-19,Continia Software,yes,no,Thanks for a great time at DynamicsMinds!,Carousel,92,2,0,,
2026-06-19,6,2026-06-19,Continia Software,yes,no,Continia is growing - swipe to find your next role,Document,42,0,0,,
2026-06-19,6,2026-06-19,Continia Software,yes,no,Kicking off Continia Elevate in the UK,Video,49,2,1,,
2026-06-19,6,2026-06-19,Continia Software,yes,no,Your BC setup is almost there. Why not upgrade it for free?,Video,34,0,4,,
2026-06-19,6,2026-06-19,Continia Software,yes,no,That's a wrap on Directions ASIA,Carousel,59,0,0,,
2026-06-19,6,2026-06-19,Truvio,no,no,I dag er Truvio med til Forretning Online hos Novicell i Aarhus,Image,34,1,1,,
2026-06-19,6,2026-06-19,Truvio,no,no,What does successful B2B eCommerce look like today?,Image,16,0,5,,
2026-06-19,6,2026-06-19,Truvio,no,no,Fraud risk is hiding in everyday finance workflows,Event,10,0,0,,
2026-06-19,6,2026-06-19,Truvio,no,no,Truvio is heading to Toronto,Image,31,0,2,,
2026-06-19,6,2026-06-19,Truvio,no,no,Driving Scalable AP Automation Across a Multi-Entity Forestry Business,Image,16,0,4,,
2026-06-19,6,2026-06-19,Truvio,no,no,AI is changing the way customers discover products,Image,17,2,3,,
2026-06-19,6,2026-06-19,Truvio,no,no,"We're attending the Community Summit NA Roadshow in Charlotte, June 9",Image,17,0,1,,
2026-06-19,6,2026-06-19,Truvio,no,no,88% of surveyed manufacturers and wholesalers now sell online,Image,24,0,4,,
2026-06-19,6,2026-06-19,Truvio,no,no,5 Years of Reliable AP Automation!,Image,19,0,3,,
2026-06-19,6,2026-06-19,Truvio,no,no,B2B eCommerce is reshaping how manufacturers grow (Truvio + Sapio Research),Event,16,0,6,,
2026-06-19,6,2026-06-19,Equisys,no,no,Hours away from our webinar 'Discover THE BEST AP Automation Solution for Business Central',Image,1,0,1,,
2026-06-19,6,2026-06-19,Equisys,no,no,Less than 24 hours left to register for our AP Automation webinar,Image,2,0,3,,
2026-06-19,6,2026-06-19,Equisys,no,no,Last week we sponsored Directions North America 2026!,Carousel,12,0,2,,
2026-06-19,6,2026-06-19,Equisys,no,no,Looking for a smarter way to manage employee expenses? Book a Zetadocs demo,Image,3,0,3,,
2026-06-19,6,2026-06-19,Equisys,no,no,Looking forward to being part of this great event!,Image,1,0,0,,
2026-06-19,6,2026-06-19,Equisys,no,no,This month we're celebrating 15 years of the Equisys blog!,Document,3,0,1,,
2026-06-19,6,2026-06-19,Equisys,no,no,We had an amazing first day at Directions North America,Image,14,0,5,,
2026-06-19,6,2026-06-19,Equisys,no,no,Ready to streamline AP? Discover practical tips for implementation,Document,2,0,2,,
2026-06-19,6,2026-06-19,Equisys,no,no,Recently the team got together in London for our company-wide meet up!,Carousel,5,0,0,,
2026-06-19,6,2026-06-19,Equisys,no,no,"We'll be in Orlando, Florida next week for Directions North America",Image,5,0,3,,
2026-06-19,6,2026-06-19,Medius,no,no,Rapid growth in logistics often masks a dangerous reality: operational complexity,Document,6,1,1,,
2026-06-19,6,2026-06-19,Medius,no,no,Accounts Payable teams in construction manage thousands of suppliers,Image,14,0,2,,
2026-06-19,6,2026-06-19,Medius,no,no,E-invoicing is no longer just a compliance checkbox - it's a competitive edge,Image,9,0,3,,
2026-06-19,6,2026-06-19,Medius,no,no,Looking forward to this. Hope to see you join us on July 15.,Image,20,0,5,,
2026-06-19,6,2026-06-19,Medius,no,no,Why won't most of the AI that AP teams ship pass a serious external audit?,Article/Link,3,0,1,,
2026-06-19,6,2026-06-19,Medius,no,no,Garment manufacturing doesn't slow down for admin,Image,14,0,0,,
2026-06-19,6,2026-06-19,Medius,no,no,How is AI revolutionizing manufacturing AP processes?,Image,14,0,2,,
2026-06-19,6,2026-06-19,Medius,no,no,'How do I improve AP without disrupting our ERP?',Image,11,0,2,,
2026-06-19,6,2026-06-19,Medius,no,no,A webinar with Antaras (June 11): AI-driven AP automation for Infor LN,Image,2,1,1,,
2026-06-19,6,2026-06-19,Medius,no,no,Speed used to be the whole AP conversation,Carousel,59,0,3,,
2026-06-19,6,2026-06-19,Qvalia,no,no,E-invoicing mandates are becoming infrastructure decisions,Image,3,0,0,,
2026-06-19,6,2026-06-19,Qvalia,no,no,The new Billentis report on the global e-invoicing market is here,Image,6,1,0,,
2026-06-19,6,2026-06-19,Qvalia,no,no,Slovakia's eFaktura framework is another step in Europe's transition,Image,20,0,2,,
2026-06-19,6,2026-06-19,Qvalia,no,no,Qvalia is now certified for Slovakia e-invoicing under eFaktura,Image,29,1,5,,
2026-06-19,6,2026-06-19,Qvalia,no,no,Qvalia's Business Continuity Management System is now ISO 22301:2019 certified,Image,4,0,0,,
2026-06-19,6,2026-06-19,Qvalia,no,no,Thank you to everyone who joined today's webinar with Docupath,Carousel,29,3,3,,
2026-06-19,6,2026-06-19,Qvalia,no,no,Qvalia is now listed in the Cloud Security Alliance STAR Registry,Image,6,1,0,,
2026-06-19,6,2026-06-19,Qvalia,no,no,1940s-1980s: Early experiments in credit scoring and fraud detection,Carousel,7,0,0,,
2026-06-19,6,2026-06-19,Qvalia,no,no,Summer reading no 4: The definitive guide to Peppol,Document,7,0,0,,
2026-06-19,6,2026-06-19,Qvalia,no,no,Summer reading no 3: Peppol e-orders - how it works & how to get started,Document,11,0,2,,
2026-06-19,6,2026-06-19,AMC Banking,no,no,Thanks to everybody who showed up for the reception in our new building!,Carousel,29,1,0,,
2026-06-19,6,2026-06-19,AMC Banking,no,no,Your biggest compliance risk might be a process nobody questions anymore,Article/Link,6,0,2,,
2026-06-19,6,2026-06-19,AMC Banking,no,no,AMC Banking operates under Service Provider Agreements with selected banks,Text,9,0,0,,
2026-06-19,6,2026-06-19,AMC Banking,no,no,We're moving and we'd love to celebrate with you,Event,12,0,1,,
2026-06-19,6,2026-06-19,AMC Banking,no,no,Discover AMC Banking 365 BC - cash management inside Dynamics 365 Business Central,Video,6,0,0,,
2026-06-19,6,2026-06-19,AMC Banking,no,no,Bank integration: Myth vs reality,Video,10,0,3,,
2026-06-19,6,2026-06-19,AMC Banking,no,no,"The AMC Banking webinar series: demos, new features, use cases and Q&A",Video,10,0,1,,
2026-06-19,6,2026-06-19,AMC Banking,no,no,You can still register for our reception next week,Event,0,0,0,,
2026-06-19,6,2026-06-19,AMC Banking,no,no,AMC is expanding and we're looking for a Java developer,Article/Link,12,0,3,,
2026-06-19,6,2026-06-19,B2Brouter,no,no,B2Brouter attended Peppol Conference Europe 2026 in Brussels,Carousel,8,0,2,,
2026-06-19,6,2026-06-19,B2Brouter,no,no,Starting the Peppol Conference 2026!,Image,54,1,5,,
2026-06-19,6,2026-06-19,B2Brouter,no,no,"(German) Eine E-Rechnung zu empfangen bedeutet nicht, sie auch zu verarbeiten",Poll,0,0,0,,
2026-06-19,6,2026-06-19,B2Brouter,no,no,"(Spanish) VeriFactu, Ley Crea y Crece, factura electronica B2B",Document,8,0,1,,
2026-06-19,6,2026-06-19,B2Brouter,no,no,Peppol is becoming one of the most reliable ways to exchange B2B invoices globally,Document,6,0,0,,
2026-06-19,6,2026-06-19,B2Brouter,no,no,(German) Germany's e-invoicing roadmap is moving fast - legacy EDI won't be enough,Image,0,0,0,,
2026-06-19,6,2026-06-19,B2Brouter,no,no,(Spanish) Manana hablaremos sobre la Ley Crea y Crece y la nueva facturacion electronica,Image,3,0,0,,
2026-06-19,6,2026-06-19,B2Brouter,no,no,(French) Plateformes SaaS juridiques en France : 2026,Document,4,0,0,,
2026-06-19,6,2026-06-19,B2Brouter,no,no,(Spanish) B2Brouter en el ERP Summit Espana con partners,Image,40,0,2,,
2026-06-19,6,2026-06-19,B2Brouter,no,no,(German) Germany's B2B e-invoicing roadmap is already moving,Document,8,2,1,,
2026-06-19,6,2026-06-19,Dooap,no,no,"Somewhere right now, an AP manager is refreshing their inbox hoping an approval appeared",Image,8,0,1,,
2026-06-19,6,2026-06-19,Dooap,no,no,We're here - come chat with us about Agentic AP!,Video,10,2,0,,
2026-06-19,6,2026-06-19,Dooap,no,no,The Dynamics community is coming to Toronto - and so are we,Image,16,0,1,,
2026-06-19,6,2026-06-19,Dooap,no,no,Just think of the possibilities with Dooap Studio!,Image,13,0,1,,
2026-06-19,6,2026-06-19,Dooap,no,no,"Well, that's a wrap on DynamicsMinds",Carousel,69,4,0,,
2026-06-19,6,2026-06-19,Dooap,no,no,We saw a clear shift across DynamicsCon and DynamicsMinds,Image,19,0,0,,
2026-06-19,6,2026-06-19,Dooap,no,no,Excited to introduce our latest Dooap Unleashed: Run With Us - Eftsure!,Video,39,2,1,,
2026-06-19,6,2026-06-19,Dooap,no,no,This is what agentic AP automation looks like,Video,17,0,6,,
2026-06-19,6,2026-06-19,Dooap,no,no,AP automation doesn't stop at the invoice. So why should your tech stack?,Video,71,10,3,,
2026-06-19,6,2026-06-19,Dooap,no,no,The biggest problem in finance isn't the system. It's that nobody trusts it.,Video,21,3,1,,
2026-06-19,6,2026-06-19,Yavrio,no,no,Only 18% of finance teams close their books in three days or less,Image,14,1,0,,
2026-06-19,6,2026-06-19,Yavrio,no,no,Still moving bank data into your finance system one CSV at a time?,Video,21,0,1,,
2026-06-19,6,2026-06-19,Yavrio,no,no,The payment is accepted. But is the finance work actually done?,Image,44,1,0,,
2026-06-19,6,2026-06-19,Yavrio,no,no,What a 2026 Yavrio is having so far!,Carousel,102,7,0,,
2026-06-19,6,2026-06-19,Yavrio,no,no,DynamicsMinds 2026 is done and what a week it's been,Carousel,106,5,0,,
2026-06-19,6,2026-06-19,Yavrio,no,no,Day one of DynamicsMinds wrapped and what a start it's been,Carousel,81,4,0,,
2026-06-19,6,2026-06-19,Yavrio,no,no,Finance teams BEFORE vs AFTER Yavrio,Video,44,4,0,,
2026-06-19,6,2026-06-19,Yavrio,no,no,A webinar with Western Computer: banking and payments embedded inside BC,Image,18,2,1,,
2026-06-19,6,2026-06-19,Yavrio,no,no,DynamicsCon 2026 wrapped and what a few days it was!,Carousel,55,2,0,,
2026-06-19,6,2026-06-19,Yavrio,no,no,We're on the ground at Directions ASIA 2026 in Vietnam!,Carousel,68,1,1,,
2026-06-19,6,2026-06-19,Rillion,no,no,We asked 250 CFOs across the Nordics about AI in finance,Document,7,0,0,,
2026-06-19,6,2026-06-19,Rillion,no,no,[searching...],Text,30,20,4,,
2026-06-19,6,2026-06-19,Rillion,no,no,The Nordic AI Finance Report had zero shortage of 'mic-drop' quotes,Text,7,0,0,,
2026-06-19,6,2026-06-19,Rillion,no,no,Something fun happens when you bring colleagues together from Sweden and the US,Video,17,4,0,,
2026-06-19,6,2026-06-19,Rillion,no,no,40% of CFOs see fraud and anomaly detection as the biggest AI opportunity,Image,17,1,2,,
2026-06-19,6,2026-06-19,Rillion,no,no,Just got back from two of the most energizing days I've had in a long time!,Image,50,8,1,,
2026-06-19,6,2026-06-19,Rillion,no,no,26% of CFOs say lack of AI competence is the single biggest barrier to adoption,Text,18,1,1,,
2026-06-19,6,2026-06-19,Rillion,no,no,Rillion's summer celebration was one for the books!,Video,41,4,0,,
2026-06-19,6,2026-06-19,Rillion,no,no,Our marketing team swapped their laptops for race bibs - running Blodomloppet,Carousel,33,3,1,,
2026-06-19,6,2026-06-19,Rillion,no,no,(Swedish) En hogre lon racker inte langre,Image,105,2,1,,
2026-06-19,6,2026-06-19,Fidesic,no,no,Fidesic has officially joined Knights of GP,Image,5,0,2,,
2026-06-19,6,2026-06-19,Fidesic,no,no,Why Accruals and Deferrals Matter for Financial Accuracy,Image,0,0,0,,
2026-06-19,6,2026-06-19,Fidesic,no,no,If your team uses Microsoft Dynamics GP or Business Central to manage multiple locations,Image,2,0,0,,
2026-06-19,6,2026-06-19,Fidesic,no,no,Feel like you're the only person scrambling at work on Friday?,Image,2,0,0,,
2026-06-19,6,2026-06-19,Fidesic,no,no,DPO vs. AP Turnover - what the AP Turnover Ratio tells you,Image,0,0,0,,
2026-06-19,6,2026-06-19,Fidesic,no,no,'Failure to accurately manage payables makes it harder to forecast cash flows',Image,1,0,0,,
2026-06-19,6,2026-06-19,Fidesic,no,no,Think paper checks are dead? Think again...,Image,2,0,1,,
2026-06-19,6,2026-06-19,Fidesic,no,no,Does Native Integration make AP Automation easier to implement for BC?,Image,2,0,0,,
2026-06-19,6,2026-06-19,Fidesic,no,no,Budget pressure? It's AP's time to shine - 5 key strategies to get results fast,Article/Link,0,0,0,,
2026-06-19,6,2026-06-19,Fidesic,no,no,Did you know... Doug Burgum mortgaged his farmland to fund Great Plains Software,Image,7,1,1,,
2026-06-19,6,2026-06-19,Tipalti,no,no,The next chapter of digital commerce is being executed by AI on behalf of consumers,Image,3,0,1,,
2026-06-19,6,2026-06-19,Tipalti,no,no,Cubic Games was managing over 180 vendors across global markets,Image,6,0,0,,
2026-06-19,6,2026-06-19,Tipalti,no,no,A few days out from World Finance Forum in Amsterdam,Image,5,0,0,,
2026-06-19,6,2026-06-19,Tipalti,no,no,Day 1 at #IMA2026 in Tampa,Image,15,0,3,,
2026-06-19,6,2026-06-19,Tipalti,no,no,"'In periods of economic uncertainty, finance teams play a critical role'",Image,4,0,0,,
2026-06-19,6,2026-06-19,Tipalti,no,no,A massive thank you to everyone at the BAASS event,Image,37,1,0,,
2026-06-19,6,2026-06-19,Tipalti,no,no,Engineering teams are entering a fundamentally different operating model,Image,5,0,0,,
2026-06-19,6,2026-06-19,Tipalti,no,no,Manual payment processes don't scale,Text,8,0,0,,
2026-06-19,6,2026-06-19,Tipalti,no,no,'This is how we've always done it' stops being a reason and starts being an excuse,Text,2,0,0,,
2026-06-19,6,2026-06-19,Tipalti,no,no,"At quarter end, Splice's finance team spent two weeks processing royalty payments",Image,8,0,0,,
2026-06-19,6,2026-06-19,Stampli,no,no,Finance teams don't run out of useful questions. They run out of ways to get answers.,Article/Link,19,1,4,,
2026-06-19,6,2026-06-19,Stampli,no,no,Strong customer feedback on real value for finance teams - one connected P2P story,Article/Link,25,1,13,,
2026-06-19,6,2026-06-19,Stampli,no,no,"Meaningful savings can hide in everyday finance data (Integra Investments, Deep Finance)",Image,27,3,10,,
2026-06-19,6,2026-06-19,Stampli,no,no,Market stories become clearer when they show up in operational spend (CNN on SpaceX IPO),Video,11,1,4,,
2026-06-19,6,2026-06-19,Stampli,no,no,NetSuite 3-way matching often breaks on one missing piece: the item receipt,Article/Link,8,0,2,,
2026-06-19,6,2026-06-19,Stampli,no,no,ACH risks don't start at the bank portal. They often start earlier.,Article/Link,16,3,7,,
2026-06-19,6,2026-06-19,Stampli,no,no,"Built to scale your business, not your headcount",Article/Link,24,0,11,,
2026-06-19,6,2026-06-19,Stampli,no,no,We're about to see the death of the dashboard - replaced by interactive AI visualizations,Image,81,8,23,,
2026-06-19,6,2026-06-19,Stampli,no,no,We had a great time at the Nashville career fair,Carousel,43,1,5,,
2026-06-19,6,2026-06-19,Stampli,no,no,Big things are happening at Stampli,Article/Link,98,2,5,,
2026-06-18,7,2026-06-18,Continia Software,yes,no,From a full-time AP person to automation in minutes,,22,0,3,,
2026-06-18,7,2026-06-18,Continia Software,yes,no,The Elevate tour continues - this time in Poland!,,60,1,0,,
2026-06-18,7,2026-06-18,Continia Software,yes,no,Kicking off Continia Elevate in the UK,,49,2,1,,
2026-06-18,7,2026-06-18,Continia Software,yes,no,We're ISO 27001 certified,,187,2,1,,
2026-06-18,7,2026-06-18,Continia Software,yes,no,It's about time we cycled to work - May commute in Copenhagen,,67,1,0,,
2026-06-18,7,2026-06-18,Continia Software,yes,no,250 Continia solutions is a good reason for cake,,68,1,2,,
2026-06-18,7,2026-06-18,Continia Software,yes,no,Thanks for a great time at DynamicsMinds!,,92,2,0,,
2026-06-18,7,2026-06-18,Continia Software,yes,no,Continia is growing - swipe to find your next role,,42,0,0,,
2026-06-18,7,2026-06-18,Continia Software,yes,no,Your BC setup is almost there. Why not upgrade it?,,34,0,4,,
2026-06-18,7,2026-06-18,Truvio,no,no,I dag er Truvio med til Forretning Online hos Novicell i Aarhus,,14,1,1,,
2026-06-18,7,2026-06-18,Truvio,no,no,What does successful B2B eCommerce look like today?,,10,0,3,,
2026-06-18,7,2026-06-18,Truvio,no,no,Truvio is heading to Toronto - Dynamics Regional event June 18-19,,30,0,2,,
2026-06-18,7,2026-06-18,Truvio,no,no,Driving Scalable AP Automation Across a Multi-Entity Forestry Business,,16,0,4,,
2026-06-18,7,2026-06-18,Truvio,no,no,Last chance! Truvio Talks Podcast 'Beyond the Platform' with Parkfield Collective,,5,0,0,,
2026-06-18,7,2026-06-18,Truvio,no,no,AI is changing how customers discover products (Webinar July 2nd on PIM & AI),,16,2,2,,
2026-06-18,7,2026-06-18,Truvio,no,no,"We're attending the Community Summit NA Roadshow in Charlotte, June 9",,16,0,1,,
2026-06-18,7,2026-06-18,Truvio,no,no,88% of surveyed manufacturers and wholesalers now sell online,,23,0,4,,
2026-06-18,7,2026-06-18,Truvio,no,no,5 Years of Reliable AP Automation! (recucare GmbH / ExFlow case),,19,0,3,,
2026-06-18,7,2026-06-18,Truvio,no,no,B2B eCommerce is reshaping how manufacturers grow (Truvio + Sapio Research),,16,0,6,,
2026-06-18,7,2026-06-18,Equisys,no,no,Hours away from our webinar 'Discover THE BEST AP Automation Solution for Business Central',,0,0,1,,
2026-06-18,7,2026-06-18,Equisys,no,no,Less than 24 hours left to register for our AP Automation webinar,,2,0,3,,
2026-06-18,7,2026-06-18,Equisys,no,no,Looking for a smarter way to manage employee expenses? Book a Zetadocs demo,,3,0,3,,
2026-06-18,7,2026-06-18,Equisys,no,no,Last week we sponsored Directions North America 2026!,,12,0,2,,
2026-06-18,7,2026-06-18,Equisys,no,no,An amazing first day at Directions North America,,14,0,5,,
2026-06-18,7,2026-06-18,Equisys,no,no,"We'll be in Orlando, Florida next week for Directions North America",,5,0,3,,
2026-06-18,7,2026-06-18,Equisys,no,no,We're headed to Directions in Orlando in 2 weeks,,6,0,4,,
2026-06-18,7,2026-06-18,Equisys,no,no,"Deliver smarter, not harder! Customize how your documents reach the right people",,2,0,0,,
2026-06-18,7,2026-06-18,Equisys,no,no,We're delighted to be part of this exciting event,,3,0,1,,
2026-06-18,7,2026-06-18,Equisys,no,no,Zetadocs Expenses offers a smooth expense workflow out-of-the-box,,4,0,1,,
2026-06-18,7,2026-06-18,Medius,no,no,Rapid growth in logistics often masks operational complexity,,3,1,0,,
2026-06-18,7,2026-06-18,Medius,no,no,AP teams in construction manage thousands of invoices,,14,0,2,,
2026-06-18,7,2026-06-18,Medius,no,no,E-invoicing is no longer just a compliance checkbox,,9,0,3,,
2026-06-18,7,2026-06-18,Medius,no,no,Looking forward to this. Hope to see you join us on July 15.,,19,0,5,,
2026-06-18,7,2026-06-18,Medius,no,no,Garment manufacturing doesn't slow down for admin,,14,0,0,,
2026-06-18,7,2026-06-18,Medius,no,no,How is AI revolutionizing manufacturing AP processes?,,14,0,2,,
2026-06-18,7,2026-06-18,Medius,no,no,'How do I improve AP without disrupting our ERP?',,11,0,2,,
2026-06-18,7,2026-06-18,Medius,no,no,Speed used to be the whole AP conversation,,58,0,3,,
2026-06-18,7,2026-06-18,Medius,no,no,Still manually chasing invoice approvals in Infor LN?,,23,0,4,,
2026-06-18,7,2026-06-18,Medius,no,no,'AI-powered' has become the default claim in AP automation,,10,0,0,,
2026-06-18,7,2026-06-18,Qvalia,no,no,E-invoicing mandates are becoming infrastructure decisions (Slovakia),,3,0,0,,
2026-06-18,7,2026-06-18,Qvalia,no,no,The new Billentis report on the global e-invoicing market is here,,6,1,0,,
2026-06-18,7,2026-06-18,Qvalia,no,no,Slovakia's eFaktura framework is another step in Europe's transition,,20,0,2,,
2026-06-18,7,2026-06-18,Qvalia,no,no,Qvalia is now certified for Slovakia e-invoicing under eFaktura,,29,1,5,,
2026-06-18,7,2026-06-18,Qvalia,no,no,Qvalia's Business Continuity Management System is now certified,,4,0,0,,
2026-06-18,7,2026-06-18,Qvalia,no,no,Qvalia is now listed in the Cloud Security Alliance STAR Registry,,6,1,0,,
2026-06-18,7,2026-06-18,Qvalia,no,no,Qvalia is now available on iPhone and Android,,42,5,5,,
2026-06-18,7,2026-06-18,Qvalia,no,no,"In 2025, we expanded Qvalia's platform across nearly all fronts",,13,1,2,,
2026-06-18,7,2026-06-18,Qvalia,no,no,[Peppol for developers] How to get started with Peppol API,,9,0,1,,
2026-06-18,7,2026-06-18,Qvalia,no,no,Belgium mandates Peppol e-invoicing for most B2B transactions,,9,0,1,,
2026-06-18,7,2026-06-18,AMC Banking,no,no,Your biggest compliance risk might be a process nobody questions,,6,0,2,,
2026-06-18,7,2026-06-18,AMC Banking,no,no,Thanks to everybody who showed up for the reception in our new building!,,29,1,0,,
2026-06-18,7,2026-06-18,AMC Banking,no,no,You can still register for our reception next week,,0,0,0,,
2026-06-18,7,2026-06-18,AMC Banking,no,no,AMC Banking operates under Service Provider Agreements with selected banks,,9,0,0,,
2026-06-18,7,2026-06-18,AMC Banking,no,no,AMC is expanding - we're looking for a Java developer,,12,0,3,,
2026-06-18,7,2026-06-18,AMC Banking,no,no,"Still uploading payment files manually? At some point, it stops scaling.",,6,0,0,,
2026-06-18,7,2026-06-18,AMC Banking,no,no,We're moving - join us for a reception,,12,0,1,,
2026-06-18,7,2026-06-18,AMC Banking,no,no,The torch has officially been passed - moving into Kobenhavn,,56,4,1,,
2026-06-18,7,2026-06-18,AMC Banking,no,no,"Enterprise treasury demands structure, visibility, and control",,7,0,0,,
2026-06-18,7,2026-06-18,AMC Banking,no,no,Bank integration: Myth vs reality,,10,0,3,,
2026-06-18,7,2026-06-18,B2Brouter,no,no,B2Brouter attended Peppol Conference Europe 2026 in Brussels,,6,0,1,,
2026-06-18,7,2026-06-18,B2Brouter,no,no,"(German) Eine E-Rechnung zu empfangen bedeutet nicht, sie auch zu verarbeiten",,0,0,0,,
2026-06-18,7,2026-06-18,B2Brouter,no,no,"(Spanish) VeriFactu, Ley Crea y Crece, factura electronica B2B",,8,0,1,,
2026-06-18,7,2026-06-18,B2Brouter,no,no,Starting the Peppol Conference 2026! More than 40 countries embracing Peppol,,52,1,4,,
2026-06-18,7,2026-06-18,B2Brouter,no,no,Peppol is becoming one of the most reliable ways to exchange B2B invoices,,5,0,0,,
2026-06-18,7,2026-06-18,B2Brouter,no,no,A standard should make e-invoicing simpler,,1,0,0,,
2026-06-18,7,2026-06-18,B2Brouter,no,no,(French) Plateformes SaaS juridiques en France : 2026,,4,0,0,,
2026-06-18,7,2026-06-18,B2Brouter,no,no,Germany's B2B e-invoicing roadmap is already moving,,8,2,1,,
2026-06-18,7,2026-06-18,B2Brouter,no,no,(Spanish) B2Brouter en el ERP Summit Espana con partners,,40,0,2,,
2026-06-18,7,2026-06-18,B2Brouter,no,no,(Spanish) Crees que Ley Crea y Crece y VeriFactu son lo mismo?,,8,0,1,,
2026-06-18,7,2026-06-18,Dooap,no,no,The Dynamics community is coming to Toronto - and so are we,,16,0,1,,
2026-06-18,7,2026-06-18,Dooap,no,no,Excited to introduce our latest Dooap Unleashed: Run With Us - Eftsure!,,39,2,1,,
2026-06-18,7,2026-06-18,Dooap,no,no,This is what agentic AP automation looks like. Dooap Studio,,17,0,6,,
2026-06-18,7,2026-06-18,Dooap,no,no,Just think of the possibilities with Dooap Studio!,,12,0,1,,
2026-06-18,7,2026-06-18,Dooap,no,no,AP automation doesn't stop at the invoice. So why should your tech stack?,,71,10,3,,
2026-06-18,7,2026-06-18,Dooap,no,no,We saw a clear shift across #DynamicsCon2026 and #DynamicsMinds,,19,0,0,,
2026-06-18,7,2026-06-18,Dooap,no,no,"Well, that's a wrap on DynamicsMinds",,69,4,0,,
2026-06-18,7,2026-06-18,Dooap,no,no,Great conversations. Great community.,,9,1,0,,
2026-06-18,7,2026-06-18,Dooap,no,no,Set up and ready for 'Herd your AP with AI Agents',,28,2,3,,
2026-06-18,7,2026-06-18,Dooap,no,no,We're heading to #DynamicsMinds2026,,30,0,1,,
2026-06-18,7,2026-06-18,Yavrio,no,no,Only 18% of finance teams close their books in three days or less,,12,1,0,,
2026-06-18,7,2026-06-18,Yavrio,no,no,Still moving bank data into your finance system one CSV at a time?,,19,0,1,,
2026-06-18,7,2026-06-18,Yavrio,no,no,The payment is accepted. But is the finance work actually done?,,44,1,0,,
2026-06-18,7,2026-06-18,Yavrio,no,no,What a 2026 Yavrio is having so far!,,102,7,0,,
2026-06-18,7,2026-06-18,Yavrio,no,no,DynamicsMinds 2026 is done and what a week it's been,,105,5,0,,
2026-06-18,7,2026-06-18,Yavrio,no,no,Finance teams BEFORE vs AFTER Yavrio,,44,4,0,,
2026-06-18,7,2026-06-18,Yavrio,no,no,"Next month, a webinar with Western Computer",,14,1,1,,
2026-06-18,7,2026-06-18,Yavrio,no,no,Day one of DynamicsMinds wrapped,,81,4,0,,
2026-06-18,7,2026-06-18,Yavrio,no,no,A new partnership between Yavrio and Custom...,,32,3,1,,
2026-06-18,7,2026-06-18,Yavrio,no,no,"DynamicsMinds 2026... we're coming, teaming up with...",,61,5,2,,
2026-06-18,7,2026-06-18,Rillion,no,no,We asked 250 CFOs across the Nordics about AI in finance,,6,0,0,,
2026-06-18,7,2026-06-18,Rillion,no,no,I'm on the hunt for a US native CFO or financial executive,,28,19,4,,
2026-06-18,7,2026-06-18,Rillion,no,no,Something fun happens when you bring colleagues together from Sweden and the US,,16,4,0,,
2026-06-18,7,2026-06-18,Rillion,no,no,The Nordic AI Finance Report had zero shortage of 'mic-drop' quotes,,7,0,0,,
2026-06-18,7,2026-06-18,Rillion,no,no,Rillion's summer celebration was one for the books!,,41,4,0,,
2026-06-18,7,2026-06-18,Rillion,no,no,Just got back from two of the most energizing days,,50,8,1,,
2026-06-18,7,2026-06-18,Rillion,no,no,26% of CFOs say lack of AI competence is the single biggest barrier,,18,1,1,,
2026-06-18,7,2026-06-18,Rillion,no,no,40% of CFOs see fraud and anomaly detection as the biggest AI opportunity,,17,1,2,,
2026-06-18,7,2026-06-18,Rillion,no,no,Our marketing team swapped their laptops for race bibs,,33,3,1,,
2026-06-18,7,2026-06-18,Rillion,no,no,(Swedish) En hogre lon racker inte langre,,105,2,1,,
2026-06-18,7,2026-06-18,Fidesic,no,no,Fidesic has officially joined Knights of GP,,4,0,2,,
2026-06-18,7,2026-06-18,Fidesic,no,no,We're excited to share Fidesic has joined Knights of GP,,4,0,2,,
2026-06-18,7,2026-06-18,Fidesic,no,no,Why Accruals and Deferrals Matter for Financial Accuracy,,0,0,0,,
2026-06-18,7,2026-06-18,Fidesic,no,no,Budget pressure? It's AP's time to shine,,0,0,0,,
2026-06-18,7,2026-06-18,Fidesic,no,no,If your team uses Microsoft Dynamics GP or Business Central for multi-entity,,2,0,0,,
2026-06-18,7,2026-06-18,Fidesic,no,no,Feel like you're the only person scrambling at work on Friday?,,2,0,0,,
2026-06-18,7,2026-06-18,Fidesic,no,no,DPO vs. AP Turnover - what the AP Turnover Ratio tells you,,0,0,0,,
2026-06-18,7,2026-06-18,Fidesic,no,no,'Failure to accurately manage payables makes it harder to forecast',,1,0,0,,
2026-06-18,7,2026-06-18,Fidesic,no,no,Think paper checks are dead? Think again...,,2,0,1,,
2026-06-18,7,2026-06-18,Fidesic,no,no,Does Native Integration make AP Automation easier for BC?,,2,0,0,,
2026-06-18,7,2026-06-18,Tipalti,no,no,Cubic Games was managing over 180 vendors across global markets,,6,0,0,,
2026-06-18,7,2026-06-18,Tipalti,no,no,Manual payment processes don't scale,,8,0,0,,
2026-06-18,7,2026-06-18,Tipalti,no,no,A few days out from World Finance Forum in Amsterdam,,4,0,0,,
2026-06-18,7,2026-06-18,Tipalti,no,no,Day 1 at #IMA2026 in Tampa is in the books,,15,0,3,,
2026-06-18,7,2026-06-18,Tipalti,no,no,"'In periods of economic uncertainty, finance teams play a critical role'",,4,0,0,,
2026-06-18,7,2026-06-18,Tipalti,no,no,Hello Tampa! The Tipalti team is on the ground,,7,0,0,,
2026-06-18,7,2026-06-18,Tipalti,no,no,'This is how we've always done it' stops being a reason,,2,0,0,,
2026-06-18,7,2026-06-18,Tipalti,no,no,A massive thank you to everyone at the #BAASS event,,37,1,0,,
2026-06-18,7,2026-06-18,Tipalti,no,no,Engineering teams are entering a fundamentally different operating model,,5,0,0,,
2026-06-18,7,2026-06-18,Tipalti,no,no,"At quarter end, Splice's finance team would spend two weeks...",,8,0,0,,
2026-06-18,7,2026-06-18,Stampli,no,no,Strong customer feedback on real value for finance teams,,4,0,3,,
2026-06-18,7,2026-06-18,Stampli,no,no,Finance teams don't run out of useful questions,,18,1,3,,
2026-06-18,7,2026-06-18,Stampli,no,no,Market stories become clearer when they show up in operational spend,,11,1,4,,
2026-06-18,7,2026-06-18,Stampli,no,no,NetSuite 3-way matching often breaks on the item receipt,,8,0,2,,
2026-06-18,7,2026-06-18,Stampli,no,no,ACH risks don't start at the bank portal,,16,3,7,,
2026-06-18,7,2026-06-18,Stampli,no,no,Meaningful savings can hide in everyday finance data (Integra Investments),,27,3,10,,
2026-06-18,7,2026-06-18,Stampli,no,no,"Built to scale your business, not your headcount",,24,0,11,,
2026-06-18,7,2026-06-18,Stampli,no,no,Vendor concentration risk is hiding in your AP data (Stampli Deep Financials),,11,0,1,,
2026-06-18,7,2026-06-18,Stampli,no,no,Day 2 at #SageFuture and the energy is still going strong!,,42,1,1,,
2026-06-18,7,2026-06-18,Stampli,no,no,Day 1 of #SageFuture in the books,,91,1,5,,
